obs_wl_vac(nm)	unc_obs_wl	ritz_wl_vac(nm)	unc_ritz_wl	intens	Aki(s^-1)	fik	log_gf	Acc	Ei(cm-1)	Ek(cm-1)	conf_i	term_i	J_i	conf_k	term_k	J_k	Type	tp_ref	line_ref	
"115.0265"	"0.0005"	"115.025786"	"0.000005"	"1900"	"8.e+06"	"1.3e-03"	"-1.9"	D	"21581.6151"	"108518.643"	"3d6.(3H).4s"	"a 4H"	"9/2"	"3d5.(2F1).4s.4p.(3P*)"	"4F*"	"7/2"		"T6892c83"	"L18349c141"	
"115.0278"	"0.0002"	"115.028930"	"0.000007"	"10000"	"4.3e+07"	"6.e-03"	"-1.5"	D	"667.6829"	"87602.335"	"3d6.(5D).4s"	"a 6D"	"5/2"	"3d5.(4P).4s.4p.(3P*)"	"6D*"	"3/2"		"T6892c83"	"L18349c140"	
"115.0463"	"0.0002"	"115.046827"	"0.000007"	"10000"	"3.1e+08"	"6.2e-02"	"-0.91"	D+	"977.0498"	"87898.178"	"3d6.(5D).4s"	"a 6D"	"1/2"	"3d5.(4G).4s.4p.(3P*)"	"y 6F*"	"1/2"		"T6892c83"	"L18349c140"	
"115.0517"	"0.0002"	"115.051922"	"0.000005"	"5000"	"6.e+07"	"9.e-03"	"-1.1"	E	"21711.8963"	"108629.175"	"3d6.(3H).4s"	"a 4H"	"7/2"	"3d5.(4G).4s.4p.(1P*)"	"4G*"	"5/2"		"T6892c83"	"L18349c140"	
"115.0677"	"0.0002"	"115.067812"	"0.000005"	"10000bl(Fe II)*"	"1.1e+08"	"2.1e-02"	"-0.89"	D+	"667.6829"	"87572.959"	"3d6.(5D).4s"	"a 6D"	"5/2"	"3d5.(4G).4s.4p.(3P*)"	"y 6F*"	"5/2"		"T6892c83"	"L18349c140"	
"115.1136"	"0.0002"	"115.114588"	"0.000007"	"11000"	"2.2e+08"	"5.9e-02"	"-0.45"	D+	"667.6829"	"87537.646"	"3d6.(5D).4s"	"a 6D"	"5/2"	"3d5.(4G).4s.4p.(3P*)"	"y 6F*"	"7/2"		"T6892c83"	"L18349c140"	
"115.2422"	"0.0002"	"115.24231"	"0.00005"	"8000bl(Fe II)*"	"2.3e+07"	"2.3e-03"	"-2.0"	D	"862.6118"	"87636.30"	"3d6.(5D).4s"	"a 6D"	"3/2"	"3d5.(4P).4s.4p.(3P*)"	"6D*"	"1/2"		"T6892c83"	"L18349c140"	
"115.2867"	"0.0002"	"115.287433"	"0.000007"	"6000"	"6.6e+07"	"1.3e-02"	"-1.28"	D+	"862.6118"	"87602.335"	"3d6.(5D).4s"	"a 6D"	"3/2"	"3d5.(4P).4s.4p.(3P*)"	"6D*"	"3/2"		"T6892c83"	"L18349c140"	
"115.3037"	"0.0002"	"115.303777"	"0.000005"	"8000bl(Fe II)*"	"4.5e+07"	"1.3e-02"	"-1.3"	E	"21812.0454"	"108539.473"	"3d6.(3P2).4s"	"b 4P"	"3/2"	"3d5.(2F1).4s.4p.(3P*)"	"4F*"	"5/2"		"T6892c83"	"L18349c140"	
"115.3265"	"0.0002"	"115.326490"	"0.000005"	"9000"	"1.2e+08"	"3.7e-02"	"-0.83"	D+	"862.6118"	"87572.959"	"3d6.(5D).4s"	"a 6D"	"3/2"	"3d5.(4G).4s.4p.(3P*)"	"y 6F*"	"5/2"		"T6892c83"	"L18349c140"	
"115.3413"	"0.0002"	"115.341191"	"0.000005"	"5000"	"2.1e+07"	"5.e-03"	"-1.5"	D	"20830.5534"	"107529.849"	"3d6.(3P2).4s"	"b 4P"	"5/2"	"3d6.(5D).6p"	"6F*"	"7/2"		"T6892c83"	"L18349c140"	
"115.3945"	"0.0002"	"115.39449"	"0.00005"	"8000"	"2.7e+07"	"5.e-03"	"-2.0"	D	"977.0498"	"87636.30"	"3d6.(5D).4s"	"a 6D"	"1/2"	"3d5.(4P).4s.4p.(3P*)"	"6D*"	"1/2"		"T6892c83"	"L18349c140"	
"115.4396"	"0.0002"	"115.439735"	"0.000007"	"8000"	"4.6e+07"	"1.8e-02"	"-1.4"	D	"977.0498"	"87602.335"	"3d6.(5D).4s"	"a 6D"	"1/2"	"3d5.(4P).4s.4p.(3P*)"	"6D*"	"3/2"		"T6892c83"	"L18349c140"	
"115.4817"	"0.0002"	"115.481705"	"0.000005"	"7000"	"1.1e+08"	"4.3e-02"	"-1.1"	E	"22409.8178"	"109003.621"	"3d6.(3P2).4s"	"b 4P"	"1/2"	"3d5.(2F1).4s.4p.(3P*)"	"4D*"	"3/2"		"T6892c83"	"L18349c140"	
"115.5263"	"0.0002"	"115.526544"	"0.000005"	"9000"	"5.e+07"	"1.0e-02"	"-1.4"	E	"21812.0454"	"108372.239"	"3d6.(3P2).4s"	"b 4P"	"3/2"	"3d6.(3P2).5p"	"4S*"	"3/2"		"T6892c83"	"L18349c140"	
"115.7630"	"0.0002"	"115.763128"	"0.000005"	"8000"	"2.5e+08"	"5.e-02"	"-1.0"	E	"22409.8178"	"108793.109"	"3d6.(3P2).4s"	"b 4P"	"1/2"	"3d5.(2F1).4s.4p.(3P*)"	"4D*"	"1/2"		"T6892c83"	"L18349c140"	
"115.7678"	"0.0002"	"115.767742"	"0.000005"	"6000"	"5.e+07"	"9.e-03"	"-1.4"	E	"21812.0454"	"108191.894"	"3d6.(3P2).4s"	"b 4P"	"3/2"	"3d5.(4F).4s.4p.(3P*)"	"6D*"	"3/2"		"T6892c83"	"L18349c140"	
"115.7821"	"0.0002"	"115.782188"	"0.000005"	"8000"	"6.e+07"	"2.6e-02"	"-1.3"	E	"22409.8178"	"108778.889"	"3d6.(3P2).4s"	"b 4P"	"1/2"	"3d5.(2F1).4s.4p.(3P*)"	"4F*"	"3/2"		"T6892c83"	"L18349c140"	
"115.8115"	"0.0002"	"115.811540"	"0.000005"	"4000"	"2.2e+07"	"3.0e-03"	"-1.8"	D	"8391.9554"	"94739.136"	"3d6.(5D).4s"	"a 4D"	"5/2"	"3d5.(4P).4s.4p.(3P*)"	"4P*"	"3/2"		"T6892c83"	"L18349c140"	
"115.8497"	"0.0002"	"115.850025"	"0.000005"	"8000"	"6.e+07"	"1.7e-02"	"-1.2"	E	"21812.0454"	"108130.542"	"3d6.(3P2).4s"	"b 4P"	"3/2"	"3d5.(4F).4s.4p.(3P*)"	"6D*"	"5/2"		"T6892c83"	"L18349c140"	
"115.9331"	"0.0002"	"115.933877"	"0.000005"	"8000"	"6.1e+07"	"9.e-03"	"-1.14"	D+	"7955.3186"	"94211.383"	"3d6.(5D).4s"	"a 4D"	"7/2"	"3d5.(4P).4s.4p.(3P*)"	"4P*"	"5/2"		"T6892c83"	"L18349c140"	
"115.9986"	"0.0002"	"115.998755"	"0.000005"	"7000"	"1.4e+08"	"3.7e-02"	"-0.7"	E	"20830.5534"	"107038.375"	"3d6.(3P2).4s"	"b 4P"	"5/2"	"3d5.(2D3).4s.4p.(3P*)"	"4D*"	"7/2"		"T6892c83"	"L18349c140"	
"116.0087"	"0.0002"	"116.00913"	"0.00003"	"1700bl(Fe II)*"	"3.6e+07"	"3.6e-03"	"-1.8"	D	"8680.4706"	"94880.585"	"3d6.(5D).4s"	"a 4D"	"3/2"	"3d5.(4P).4s.4p.(3P*)"	"4P*"	"1/2"		"T6892c83"	"L18349c140"	
"116.0263"	"0.0002"	"116.026269"	"0.000005"	"6000"	"3.2e+07"	"6.e-03"	"-1.4"	E	"20830.5534"	"107017.932"	"3d6.(3P2).4s"	"b 4P"	"5/2"	"3d5.(2D3).4s.4p.(3P*)"	"4D*"	"5/2"		"T6892c83"	"L18349c140"	
"116.2340"	"0.0002"	"116.23339"	"0.00003"	"6000bl(Fe II)*"	"3.3e+07"	"7.e-03"	"-1.9"	D	"8846.7837"	"94880.585"	"3d6.(5D).4s"	"a 4D"	"1/2"	"3d5.(4P).4s.4p.(3P*)"	"4P*"	"1/2"		"T6892c83"	"L18349c140"	
"116.2641"	"0.0002"	"116.264017"	"0.000014"	"7000"	"1.0e+08"	"1.4e-02"	"-1.1"	E	"20830.5534"	"106841.688"	"3d6.(3P2).4s"	"b 4P"	"5/2"	"3d5.(2D3).4s.4p.(3P*)"	"4P*"	"3/2"		"T6892c83"	"L18349c140"	
"116.2881"	"0.0002"	"116.288177"	"0.000005"	"6000bl(Fe II)*"	"1.4e+07"	"2.8e-03"	"-1.8"	D	"22939.3512"	"108932.616"	"3d6.(3F2).4s"	"b 4F"	"5/2"	"3d6.(3P2).5p"	"2D*"	"5/2"		"T6892c83"	"L18349c140"	
"116.3164"	"0.0002"	"116.316483"	"0.000005"	"6000"	"3.0e+07"	"6.e-03"	"-1.6"	D	"23031.2829"	"109003.621"	"3d6.(3F2).4s"	"b 4F"	"3/2"	"3d5.(2F1).4s.4p.(3P*)"	"4D*"	"3/2"		"T6892c83"	"L18349c140"	
"116.3491"	"0.0002"	"116.349104"	"0.000005"	"1900"	"6.e+06"	"9.e-04"	"-2.0"	D	"21581.6151"	"107529.849"	"3d6.(3H).4s"	"a 4H"	"9/2"	"3d6.(5D).6p"	"6F*"	"7/2"		"T6892c83"	"L18349c140"	
"116.4470"	"0.0002"	"116.447455"	"0.000005"	"7000"	"3.3e+07"	"5.1e-03"	"-1.39"	D+	"7955.3186"	"93830.961"	"3d6.(5D).4s"	"a 4D"	"7/2"	"3d5.(4D).4s.4p.(3P*)"	"6D*"	"5/2"		"T6892c83"	"L18349c140"	
"116.4866"	"0.0002"	"116.486739"	"0.000005"	"7000"	"1.0e+08"	"2.6e-02"	"-0.6"	E	"22637.1950"	"108483.877"	"3d6.(3F2).4s"	"b 4F"	"9/2"	"3d6.(3H).5p"	"4G*"	"11/2"		"T6892c83"	"L18349c140"	
"116.5235"	"0.0002"	"116.523732"	"0.000005"	"6000"	"1.2e+07"	"2.5e-03"	"-1.8"	D	"8391.9554"	"94211.383"	"3d6.(5D).4s"	"a 4D"	"5/2"	"3d5.(4P).4s.4p.(3P*)"	"4P*"	"5/2"		"T6892c83"	"L18349c140"	
"116.5743"	"0.0002"	"116.574469"	"0.000005"	"6000"	"2.4e+07"	"1.0e-02"	"-1.7"	D	"22409.8178"	"108191.894"	"3d6.(3P2).4s"	"b 4P"	"1/2"	"3d5.(4F).4s.4p.(3P*)"	"6D*"	"3/2"		"T6892c83"	"L18349c140"	
"116.6020"	"0.0002"	"116.602111"	"0.000005"	"8000bl(Fe II)*"	"2.6e+08"	"5.e-02"	"-0.5"	E	"20830.5534"	"106592.294"	"3d6.(3P2).4s"	"b 4P"	"5/2"	"3d5.(2D3).4s.4p.(3P*)"	"4P*"	"5/2"		"T6892c83"	"L18349c140"	
"116.6210"	"0.0002"	"116.621332"	"0.000005"	"6000bl(Fe II)*"	"5.e+07"	"1.1e-02"	"-1.4"	E	"23031.2829"	"108778.889"	"3d6.(3F2).4s"	"b 4F"	"3/2"	"3d5.(2F1).4s.4p.(3P*)"	"4F*"	"3/2"		"T6892c83"	"L18349c140"	
"116.6460"	"0.0005"	"116.646469"	"0.000005"	"1900"	"2.2e+07"	"3.3e-03"	"-1.6"	D	"22810.3459"	"108539.473"	"3d6.(3F2).4s"	"b 4F"	"7/2"	"3d5.(2F1).4s.4p.(3P*)"	"4F*"	"5/2"		"T6892c83"	"L18349c141"	
"116.6739"	"0.0002"	"116.674818"	"0.000005"	"7000"	"6.e+07"	"1.2e-02"	"-1.0"	E	"22810.3459"	"108518.643"	"3d6.(3F2).4s"	"b 4F"	"7/2"	"3d5.(2F1).4s.4p.(3P*)"	"4F*"	"7/2"		"T6892c83"	"L18349c140"	
"116.6963"	"0.0002"	"116.697415"	"0.000005"	"6000"	"1.3e+08"	"3.6e-02"	"-0.7"	E	"22939.3512"	"108631.052"	"3d6.(3F2).4s"	"b 4F"	"5/2"	"3d5.(4G).4s.4p.(1P*)"	"4G*"	"7/2"		"T6892c83"	"L18349c140"	
"116.8201"	"0.0002"	"116.819455"	"0.000005"	"7000"	"1.1e+07"	"1.8e-03"	"-1.7"	D	"22637.1950"	"108239.375"	"3d6.(3F2).4s"	"b 4F"	"9/2"	"3d5.(2F1).4s.4p.(3P*)"	"4D*"	"7/2"		"T6892c83"	"L18349c140"	
"116.8225"	"0.0005"	"116.822264"	"0.000005"	"1900"	"4.4e+07"	"9.e-03"	"-1.3"	E	"22939.3512"	"108539.473"	"3d6.(3F2).4s"	"b 4F"	"5/2"	"3d5.(2F1).4s.4p.(3P*)"	"4F*"	"5/2"		"T6892c83"	"L18349c141"	
"116.8498"	"0.0002"	"116.849184"	"0.000005"	"8000bl(Fe II)*"	"8.e+07"	"1.7e-02"	"-0.8"	E	"22637.1950"	"108217.596"	"3d6.(3F2).4s"	"b 4F"	"9/2"	"3d5.(2F1).4s.4p.(3P*)"	"4F*"	"9/2"		"T6892c83"	"L18349c140"	
"117.0557"	"0.0002"	"117.056229"	"0.000005"	"5000"	"3.2e+07"	"7.e-03"	"-1.3"	E	"22810.3459"	"108239.375"	"3d6.(3F2).4s"	"b 4F"	"7/2"	"3d5.(2F1).4s.4p.(3P*)"	"4D*"	"7/2"		"T6892c83"	"L18349c140"	
"117.0868"	"0.0005"	"117.086079"	"0.000005"	"1900"	"9.e+06"	"2.3e-03"	"-1.7"	D	"22810.3459"	"108217.596"	"3d6.(3F2).4s"	"b 4F"	"7/2"	"3d5.(2F1).4s.4p.(3P*)"	"4F*"	"9/2"		"T6892c83"	"L18349c141"	
"117.2262"	"0.0005"	"117.225000"	"0.000005"	"2100"	"8.e+06"	"1.2e-03"	"-2.0"	D	"21711.8963"	"107017.932"	"3d6.(3H).4s"	"a 4H"	"7/2"	"3d5.(2D3).4s.4p.(3P*)"	"4D*"	"5/2"		"T6892c83"	"L18349c141"	
"117.2322"	"0.0005"	"117.233262"	"0.000005"	"1900"	"8.e+06"	"2.3e-03"	"-1.9"	D	"22939.3512"	"108239.375"	"3d6.(3F2).4s"	"b 4F"	"5/2"	"3d5.(2F1).4s.4p.(3P*)"	"4D*"	"7/2"		"T6892c83"	"L18349c141"	
"117.3151"	"0.0002"	"117.315623"	"0.000006"	"4000"	"7.e+06"	"1.4e-03"	"-1.8"	D	"25428.7893"	"110668.928"	"3d6.(3G).4s"	"a 4G"	"11/2"	"3d6.(3H).5p"	"2H*"	"11/2"		"T6892c83"	"L18349c140"	
"117.3631"	"0.0005"	"117.362783"	"0.000006"	"2100"	"5.e+07"	"1.5e-02"	"-1.2"	E	"21812.0454"	"107017.932"	"3d6.(3P2).4s"	"b 4P"	"3/2"	"3d5.(2D3).4s.4p.(3P*)"	"4D*"	"5/2"		"T6892c83"	"L18349c141"	
"117.3827"	"0.0002"	"117.383029"	"0.000006"	"5000"	"1.1e+07"	"2.2e-03"	"-1.9"	D	"22939.3512"	"108130.542"	"3d6.(3F2).4s"	"b 4F"	"5/2"	"3d5.(4F).4s.4p.(3P*)"	"6D*"	"5/2"		"T6892c83"	"L18349c140"	
"117.3920"	"0.0002"	"117.392130"	"0.000006"	"1800"	"2.5e+07"	"5.e-03"	"-2.0"	D	"8846.7837"	"94031.370"	"3d6.(5D).4s"	"a 4D"	"1/2"	"3d5.(4D).4s.4p.(3P*)"	"6D*"	"1/2"		"T6892c83"	"L18349c140"	
"117.5143"	"0.0002"	"117.514754"	"0.000006"	"6000"	"2.6e+07"	"7.3e-03"	"-1.36"	D+	"8391.9554"	"93487.653"	"3d6.(5D).4s"	"a 4D"	"5/2"	"3d6.(3F1).4p"	"u 4F*"	"7/2"		"T6892c83"	"L18349c140"	
"117.5411"	"0.0002"	"117.541241"	"0.000006"	"1300"	"8.e+06"	"1.6e-03"	"-1.9"	D	"22810.3459"	"107886.868"	"3d6.(3F2).4s"	"b 4F"	"7/2"	"3d5.(4F).4s.4p.(3P*)"	"6D*"	"7/2"		"T6892c83"	"L18349c140"	
"117.5677"	"0.0002"	"117.568130"	"0.000008"	"7000"	"2.2e+07"	"3.7e-03"	"-1.43"	D+	"1872.5998"	"86929.664"	"3d7"	"a 4F"	"9/2"	"3d6.(3P1).4p"	"v 4D*"	"7/2"		"T6892c83"	"L18349c140"	
"117.5958"	"0.0002"	"117.595946"	"0.000006"	"4000"	"1.7e+07"	"3.4e-03"	"-1.5"	D	"22637.1950"	"107674.140"	"3d6.(3F2).4s"	"b 4F"	"9/2"	"3d5.(2F1).4s.4p.(3P*)"	"4G*"	"9/2"		"T6892c83"	"L18349c140"	
"117.6060"	"0.0002"	"117.606045"	"0.000014"	"5000"	"9.e+07"	"1.9e-02"	"-1.1"	E	"21812.0454"	"106841.688"	"3d6.(3P2).4s"	"b 4P"	"3/2"	"3d5.(2D3).4s.4p.(3P*)"	"4P*"	"3/2"		"T6892c83"	"L18349c140"	
"117.6421"	"0.0002"	"117.64228"	"0.00004"	"3500"	"1.1e+07"	"2.3e-03"	"-1.9"	D	"8391.9554"	"93395.407"	"3d6.(5D).4s"	"a 4D"	"5/2"	"3d6.(3F1).4p"	"u 4F*"	"5/2"		"T6892c83"	"L18349c140"	
"118.0107"	"0.0002"	"118.010916"	"0.000008"	"6000bl(Fe II)*"	"1.2e+07"	"3.3e-03"	"-1.7"	D	"8391.9554"	"93129.879"	"3d6.(5D).4s"	"a 4D"	"5/2"	"3d6.(3F1).4p"	"4D*"	"7/2"		"T6892c83"	"L18349c140"	
"118.0107"	"0.0002"	"118.011165"	"0.000006"	"6000bl(Fe II)*"	"1.6e+07"	"2.7e-03"	"-1.5"	D	"25428.7893"	"110166.534"	"3d6.(3G).4s"	"a 4G"	"11/2"	"3d6.(3F2).5p"	"4F*"	"9/2"		"T6892c83"	"L18349c140"	
"118.0367"	"0.0002"	"118.036575"	"0.000006"	"4000bl(Fe II)*"	"2.3e+07"	"5.e-03"	"-1.4"	E	"22810.3459"	"107529.849"	"3d6.(3F2).4s"	"b 4F"	"7/2"	"3d6.(5D).6p"	"6F*"	"7/2"		"T6892c83"	"L18349c140"	
"118.0426"	"0.0002"	"118.04294"	"0.00004"	"6000"	"3.4e+07"	"1.1e-02"	"-1.37"	D+	"8680.4706"	"93395.407"	"3d6.(5D).4s"	"a 4D"	"3/2"	"3d6.(3F1).4p"	"u 4F*"	"5/2"		"T6892c83"	"L18349c140"	
"118.0930"	"0.0002"	"118.092971"	"0.000006"	"1100"	"7.e+06"	"1.9e-03"	"-1.8"	D	"25981.6451"	"110660.690"	"3d6.(3G).4s"	"a 4G"	"7/2"	"3d5.(2F1).4s.4p.(3P*)"	"2G*"	"9/2"		"T6892c83"	"L18349c140"	
"118.1359"	"0.0002"	"118.136167"	"0.000006"	"4000"	"1.5e+07"	"3.2e-03"	"-1.9"	D	"8680.4706"	"93328.553"	"3d6.(5D).4s"	"a 4D"	"3/2"	"3d6.(3F1).4p"	"u 4F*"	"3/2"		"T6892c83"	"L18349c140"	
"118.3439"	"0.0002"	"118.344950"	"0.000006"	"5000bl(Fe II)*"	"1.2e+07"	"2.6e-03"	"-1.5"	D	"26170.1810"	"110668.928"	"3d6.(3H).4s"	"b 2H"	"11/2"	"3d6.(3H).5p"	"2H*"	"11/2"		"T6892c83"	"L18349c140"	
"118.3601"	"0.0002"	"118.360117"	"0.000006"	"6000bl(Fe II)*"	"3.6e+07"	"6.e-03"	"-1.3"	E	"22810.3459"	"107298.265"	"3d6.(3F2).4s"	"b 4F"	"7/2"	"3d5.(2F1).4s.4p.(3P*)"	"4G*"	"5/2"		"T6892c83"	"L18349c140"	
"118.3601"	"0.0002"	"118.360766"	"0.000006"	"6000bl(Fe II)*"	"2.5e+07"	"5.e-03"	"-1.4"	E	"25981.6451"	"110469.101"	"3d6.(3G).4s"	"a 4G"	"7/2"	"3d6.(3F2).5p"	"4D*"	"7/2"		"T6892c83"	"L18349c140"	
"118.3688"	"0.0002"	"118.368733"	"0.000006"	"6000"	"3.8e+07"	"1.6e-02"	"-1.5"	D	"8846.7837"	"93328.553"	"3d6.(5D).4s"	"a 4D"	"1/2"	"3d6.(3F1).4p"	"u 4F*"	"3/2"		"T6892c83"	"L18349c140"	
"118.3825"	"0.0002"	"118.382915"	"0.000006"	"7000"	"4.9e+07"	"1.3e-02"	"-0.99"	D+	"7955.3186"	"92426.967"	"3d6.(5D).4s"	"a 4D"	"7/2"	"3d5.(4G).4s.4p.(3P*)"	"v 4F*"	"9/2"		"T6892c83"	"L18349c140"	
"118.3889"	"0.0002"	"118.389033"	"0.000006"	"4000bl(Fe II)*"	"2.6e+07"	"8.e-03"	"-1.5"	D	"21812.0454"	"106279.329"	"3d6.(3P2).4s"	"b 4P"	"3/2"	"3d5.(4F).4s.4p.(3P*)"	"6F*"	"5/2"		"T6892c83"	"L18349c140"	
"118.4387"	"0.0002"	"118.438689"	"0.000014"	"5000bl(Fe II)*"	"3.5e+07"	"1.5e-02"	"-1.5"	D	"22409.8178"	"106841.688"	"3d6.(3P2).4s"	"b 4P"	"1/2"	"3d5.(2D3).4s.4p.(3P*)"	"4P*"	"3/2"		"T6892c83"	"L18349c147"	
"118.4506"	"0.0002"	"118.450755"	"0.000006"	"2700"	"1.8e+08"	"1.9e-02"	"-1.1"	E	"23031.2829"	"107454.552"	"3d6.(3F2).4s"	"b 4F"	"3/2"	"3d5.(2D3).4s.4p.(3P*)"	"4D*"	"1/2"		"T6892c83"	"L18349c140"	
"118.4821"	"0.0002"	"118.481756"	"0.000006"	"7000"	"1.1e+08"	"1.8e-02"	"-0.7"	E	"22637.1950"	"107038.375"	"3d6.(3F2).4s"	"b 4F"	"9/2"	"3d5.(2D3).4s.4p.(3P*)"	"4D*"	"7/2"		"T6892c83"	"L18349c140"	
"118.5410"	"0.0002"	"118.541119"	"0.000006"	"1100bl(Fe II)*"	"2.3e+07"	"5.e-03"	"-1.5"	D	"22939.3512"	"107298.265"	"3d6.(3F2).4s"	"b 4F"	"5/2"	"3d5.(2F1).4s.4p.(3P*)"	"4G*"	"5/2"		"T6892c83"	"L18349c140"	
"118.5710"	"0.0002"	"118.571249"	"0.000006"	"7000"	"1.8e+07"	"2.8e-03"	"-1.6"	D	"2430.1369"	"86767.614"	"3d7"	"a 4F"	"7/2"	"3d6.(3P1).4p"	"v 4D*"	"5/2"		"T6892c83"	"L18349c140"	
"118.5857"	"0.0002"	"118.585768"	"0.000006"	"5000"	"7.e+06"	"1.5e-03"	"-1.9"	D	"7955.3186"	"92282.470"	"3d6.(5D).4s"	"a 4D"	"7/2"	"3d5.(4G).4s.4p.(3P*)"	"v 4F*"	"7/2"		"T6892c83"	"L18349c140"	
"118.7414"	"0.0002"	"118.741758"	"0.000006"	"6000"	"1.9e+07"	"5.0e-03"	"-1.40"	D+	"7955.3186"	"92171.690"	"3d6.(5D).4s"	"a 4D"	"7/2"	"3d6.(3F1).4p"	"u 2G*"	"9/2"		"T6892c83"	"L18349c140"	
"118.7498"	"0.0002"	"118.749677"	"0.000006"	"5000"	"9.e+06"	"2.6e-03"	"-1.8"	D	"8391.9554"	"92602.711"	"3d6.(5D).4s"	"a 4D"	"5/2"	"3d6.(3F1).4p"	"u 2G*"	"7/2"		"T6892c83"	"L18349c140"	
"118.7541"	"0.0002"	"118.754146"	"0.000006"	"6000bl(Fe II)*"	"9.e+07"	"1.5e-02"	"-0.9"	E	"22810.3459"	"107017.932"	"3d6.(3F2).4s"	"b 4F"	"7/2"	"3d5.(2D3).4s.4p.(3P*)"	"4D*"	"5/2"		"T6892c83"	"L18349c140"	
"118.8966"	"0.0002"	"118.896364"	"0.000006"	"2100"	"5.e+06"	"1.1e-03"	"-1.9"	D	"25805.3270"	"109912.188"	"3d6.(3G).4s"	"a 4G"	"9/2"	"3d6.(3H).5p"	"4I*"	"9/2"		"T6892c83"	"L18349c140"	
"118.9722"	"0.0002"	"118.972322"	"0.000006"	"2100bl(Fe II)*"	"1.9e+07"	"5.e-03"	"-1.3"	E	"22637.1950"	"106690.358"	"3d6.(3F2).4s"	"b 4F"	"9/2"	"3d5.(2I).4s.4p.(3P*)"	"2H*"	"11/2"		"T6892c83"	"L18349c140"	
"119.0560"	"0.0002"	"119.055990"	"0.000006"	"2000"	"8.e+07"	"1.8e-02"	"-0.8"	E	"25981.6451"	"109975.739"	"3d6.(3G).4s"	"a 4G"	"7/2"	"3d6.(3H).5p"	"4G*"	"7/2"		"T6892c83"	"L18349c140"	
"119.1021"	"0.0002"	"119.102203"	"0.000006"	"3600"	"7.e+07"	"1.5e-02"	"-1.0"	E	"26055.4120"	"110016.915"	"3d6.(3G).4s"	"a 4G"	"5/2"	"3d6.(3H).5p"	"4G*"	"5/2"		"T6892c83"	"L18349c140"	
"119.2026"	"0.0002"	"119.202988"	"0.000006"	"7000"	"3.7e+07"	"1.0e-02"	"-1.20"	D+	"8391.9554"	"92282.470"	"3d6.(5D).4s"	"a 4D"	"5/2"	"3d5.(4G).4s.4p.(3P*)"	"v 4F*"	"7/2"		"T6892c83"	"L18349c140"	
"119.2737"	"0.0002"	"119.273569"	"0.000006"	"3600"	"9.e+07"	"1.6e-02"	"-0.8"	E	"22637.1950"	"106478.067"	"3d6.(3F2).4s"	"b 4F"	"9/2"	"3d5.(4F).4s.4p.(3P*)"	"6F*"	"7/2"		"T6892c83"	"L18349c140"	
"119.4445"	"0.0002"	"119.444599"	"0.000006"	"3000"	"1.7e+07"	"4.3e-03"	"-1.3"	E	"25428.7893"	"109149.611"	"3d6.(3G).4s"	"a 4G"	"11/2"	"3d5.(2I).4s.4p.(3P*)"	"2I*"	"13/2"		"T6892c83"	"L18349c140"	
"119.4656"	"0.0002"	"119.465861"	"0.000011"	"6000"	"1.9e+07"	"2.7e-03"	"-1.8"	D	"2837.9807"	"86543.902"	"3d7"	"a 4F"	"5/2"	"3d6.(3P1).4p"	"v 4D*"	"3/2"		"T6892c83"	"L18349c140"	
"119.5464"	"0.0002"	"119.546535"	"0.000006"	"6000bl(Fe II)*"	"1.8e+07"	"6.e-03"	"-1.6"	D	"8680.4706"	"92329.905"	"3d6.(5D).4s"	"a 4D"	"3/2"	"3d5.(4G).4s.4p.(3P*)"	"v 4F*"	"5/2"		"T6892c83"	"L18349c140"	
"119.5780"	"0.0005"	"119.577364"	"0.000004"	"1800bl(Fe II)*"	"6.e+06"	"1.5e-03"	"-1.8"	D	"26352.7671"	"109980.635"	"3d6.(3H).4s"	"b 2H"	"9/2"	"3d5.(2H).4s.4p.(3P*)"	"4H*"	"11/2"		"T6892c83"	"L18349c141"	
"119.6263"	"0.0002"	"119.626308"	"0.000004"	"5000"	"1.2e+07"	"3.8e-03"	"-1.8"	D	"8680.4706"	"92274.123"	"3d6.(5D).4s"	"a 4D"	"3/2"	"3d6.(3P1).4p"	"4P*"	"5/2"		"T6892c83"	"L18349c140"	
"119.6671"	"0.0002"	"119.667155"	"0.000009"	"4000"	"2.1e+07"	"3.8e-03"	"-1.27"	D+	"21251.5833"	"104816.702"	"3d6.(3H).4s"	"a 4H"	"13/2"	"3d5.(2I).4s.4p.(3P*)"	"4H*"	"11/2"		"T6892c83"	"L18349c140"	
"119.7434"	"0.0002"	"119.743498"	"0.000004"	"6000"	"1.4e+07"	"6.e-03"	"-1.9"	D	"8846.7837"	"92358.625"	"3d6.(5D).4s"	"a 4D"	"1/2"	"3d5.(4G).4s.4p.(3P*)"	"v 4F*"	"3/2"		"T6892c83"	"L18349c140"	
"119.7499"	"0.0002"	"119.74993"	"0.00003"	"4000"	"3.0e+07"	"5.3e-03"	"-1.19"	D+	"21430.3564"	"104937.71"	"3d6.(3H).4s"	"a 4H"	"11/2"	"3d5.(2I).4s.4p.(3P*)"	"4H*"	"9/2"		"T6892c83"	"L18349c140"	
"119.8051"	"0.0002"	"119.804982"	"0.000004"	"3000"	"6.e+07"	"9.e-03"	"-1.1"	E	"22810.3459"	"106279.329"	"3d6.(3F2).4s"	"b 4F"	"7/2"	"3d5.(4F).4s.4p.(3P*)"	"6F*"	"5/2"		"T6892c83"	"L18349c140"	
"119.8194"	"0.0002"	"119.819235"	"0.000006"	"4000"	"3.6e+07"	"5.e-03"	"-1.5"	D	"22939.3512"	"106398.405"	"3d6.(3F2).4s"	"b 4F"	"5/2"	"3d5.(4D).4s.4p.(3P*)"	"2P*"	"3/2"		"T6892c83"	"L18349c140"	
"119.8368"	"0.0002"	"119.836655"	"0.000004"	"4000"	"2.5e+07"	"4.3e-03"	"-1.37"	D+	"21581.6151"	"105028.537"	"3d6.(3H).4s"	"a 4H"	"9/2"	"3d5.(2I).4s.4p.(3P*)"	"4H*"	"7/2"		"T6892c83"	"L18349c140"	
"119.8398"	"0.0002"	"119.839540"	"0.000011"	"3500"	"5.e+07"	"6.e-03"	"-1.6"	D	"23031.2829"	"106476.196"	"3d6.(3F2).4s"	"b 4F"	"3/2"	"3d5.(4F).4s.4p.(3P*)"	"6F*"	"1/2"		"T6892c83"	"L18349c140"	
"119.8924"	"0.0002"	"119.893205"	"0.000004"	"6000"	"3.4e+08"	"7.2e-02"	"0.01"	C+	"21251.5833"	"104659.146"	"3d6.(3H).4s"	"a 4H"	"13/2"	"3d5.(2I).4s.4p.(3P*)"	"4H*"	"13/2"		"T6892c83"	"L18349c140"	
"119.9231"	"0.0002"	"119.923711"	"0.000009"	"5000"	"2.8e+08"	"6.1e-02"	"-0.13"	D+	"21430.3564"	"104816.702"	"3d6.(3H).4s"	"a 4H"	"11/2"	"3d5.(2I).4s.4p.(3P*)"	"4H*"	"11/2"		"T6892c83"	"L18349c140"	
"119.9681"	"0.0005"	"119.96723"	"0.00003"	"2400"	"2.6e+08"	"5.5e-02"	"-0.26"	D+	"21581.6151"	"104937.71"	"3d6.(3H).4s"	"a 4H"	"9/2"	"3d5.(2I).4s.4p.(3P*)"	"4H*"	"9/2"		"T6892c83"	"L18349c141"	
"120.0477"	"0.0002"	"120.047482"	"0.000004"	"500"	"5.e+06"	"1.3e-03"	"-1.8"	D	"25428.7893"	"108729.162"	"3d6.(3G).4s"	"a 4G"	"11/2"	"3d6.(3H).5p"	"4H*"	"13/2"		"T6892c83"	"L18349c140"	
"120.0889"	"0.0002"	"120.089397"	"0.000020"	"3500"	"2.3e+07"	"2.5e-03"	"-2.0"	D	"3117.4877"	"86388.786"	"3d7"	"a 4F"	"3/2"	"3d6.(3P1).4p"	"v 4D*"	"1/2"		"T6892c83"	"L18349c140"	
"120.1415"	"0.0002"	"120.141642"	"0.000009"	"4000"	"1.6e+07"	"4.1e-03"	"-1.38"	D+	"21581.6151"	"104816.702"	"3d6.(3H).4s"	"a 4H"	"9/2"	"3d5.(2I).4s.4p.(3P*)"	"4H*"	"11/2"		"T6892c83"	"L18349c140"	
"120.1506"	"0.0002"	"120.150732"	"0.000004"	"1000"	"9.e+06"	"2.4e-03"	"-1.5"	D	"21430.3564"	"104659.146"	"3d6.(3H).4s"	"a 4H"	"11/2"	"3d5.(2I).4s.4p.(3P*)"	"4H*"	"13/2"		"T6892c83"	"L18349c140"	
"120.1548"	"0.0002"	"120.15503"	"0.00003"	"1500"	"1.4e+07"	"3.9e-03"	"-1.5"	D	"21711.8963"	"104937.71"	"3d6.(3H).4s"	"a 4H"	"7/2"	"3d5.(2I).4s.4p.(3P*)"	"4H*"	"9/2"		"T6892c83"	"L18349c140"	
"120.1651"	"0.0002"	"120.165051"	"0.000004"	"4000"	"8.e+06"	"1.3e-03"	"-1.9"	D	"26352.7671"	"109571.639"	"3d6.(3H).4s"	"b 2H"	"9/2"	"3d5.(2G2).4s.4p.(3P*)"	"4H*"	"7/2"		"T6892c83"	"L18349c140"	
"120.4029"	"0.0002"	"120.402016"	"0.000004"	"5000bl(Fe II)*"	"1.0e+07"	"2.1e-03"	"-1.6"	D	"25428.7893"	"108483.877"	"3d6.(3G).4s"	"a 4G"	"11/2"	"3d6.(3H).5p"	"4G*"	"11/2"		"T6892c83"	"L18349c140"	
"120.4029"	"0.0002"	"120.403676"	"0.000012"	"5000bl(Fe II)*"	"1.1e+07"	"1.8e-03"	"-1.7"	D	"15844.6485"	"98898.591"	"3d7"	"a 2G"	"9/2"	"3d6.(1G1).4p"	"2F*"	"7/2"		"T6892c83"	"L18349c140"	
"120.4755"	"0.0002"	"120.475421"	"0.000004"	"340"	"7.e+06"	"1.7e-03"	"-1.8"	D	"25805.3270"	"108809.810"	"3d6.(3G).4s"	"a 4G"	"9/2"	"3d5.(4G).4s.(5G).4p"	"4H*"	"11/2"		"T6892c83"	"L18349c140"	
"120.5118"	"0.0002"	"120.511794"	"0.000004"	"5000"	"3.6e+07"	"9.e-03"	"-1.0"	E	"26170.1810"	"109149.611"	"3d6.(3H).4s"	"b 2H"	"11/2"	"3d5.(2I).4s.4p.(3P*)"	"2I*"	"13/2"		"T6892c83"	"L18349c140"	
"120.5533"	"0.0002"	"120.553140"	"0.000004"	"4000"	"7.e+06"	"1.2e-03"	"-2.0"	D	"25981.6451"	"108932.616"	"3d6.(3G).4s"	"a 4G"	"7/2"	"3d6.(3P2).5p"	"2D*"	"5/2"		"T6892c83"	"L18349c140"	
"120.5994"	"0.0002"	"120.599381"	"0.000004"	"5000"	"4.1e+07"	"1.1e-02"	"-1.0"	E	"26352.7671"	"109271.932"	"3d6.(3H).4s"	"b 2H"	"9/2"	"3d5.(2I).4s.4p.(3P*)"	"2I*"	"11/2"		"T6892c83"	"L18349c140"	
"120.7355"	"0.0002"	"120.735436"	"0.000004"	"1400bl(Fe II)*"	"5.e+06"	"9.e-04"	"-2.1"	D	"25805.3270"	"108631.052"	"3d6.(3G).4s"	"a 4G"	"9/2"	"3d5.(4G).4s.4p.(1P*)"	"4G*"	"7/2"		"T6892c83"	"L18349c140"	
"120.7889"	"0.0002"	"120.789276"	"0.000004"	"6000"	"7.e+07"	"1.3e-02"	"-0.8"	E	"25428.7893"	"108217.596"	"3d6.(3G).4s"	"a 4G"	"11/2"	"3d5.(2F1).4s.4p.(3P*)"	"4F*"	"9/2"		"T6892c83"	"L18349c140"	
"120.8230"	"0.0002"	"120.822950"	"0.000004"	"2800"	"5.e+06"	"1.2e-03"	"-1.9"	D	"25805.3270"	"108571.060"	"3d6.(3G).4s"	"a 4G"	"9/2"	"3d6.(3H).5p"	"4G*"	"9/2"		"T6892c83"	"L18349c140"	
"120.8847"	"0.0002"	"120.884667"	"0.000004"	"2800"	"2.1e+07"	"3.1e-03"	"-1.7"	D	"26055.4120"	"108778.889"	"3d6.(3G).4s"	"a 4G"	"5/2"	"3d5.(2F1).4s.4p.(3P*)"	"4F*"	"3/2"		"T6892c83"	"L18349c140"	
"120.8995"	"0.0002"	"120.899518"	"0.000004"	"6000"	"2.3e+07"	"4.1e-03"	"-1.4"	E	"25805.3270"	"108518.643"	"3d6.(3G).4s"	"a 4G"	"9/2"	"3d5.(2F1).4s.4p.(3P*)"	"4F*"	"7/2"		"T6892c83"	"L18349c140"	
"120.9508"	"0.0002"	"120.950355"	"0.000004"	"400bl(Fe II)*"	"5.e+06"	"1.2e-03"	"-1.9"	D	"25805.3270"	"108483.877"	"3d6.(3G).4s"	"a 4G"	"9/2"	"3d6.(3H).5p"	"4G*"	"11/2"		"T6892c83"	"L18349c140"	
"120.9930"	"0.0002"	"120.993004"	"0.000004"	"3300"	"6.e+06"	"1.2e-03"	"-2.0"	D	"25981.6451"	"108631.052"	"3d6.(3G).4s"	"a 4G"	"7/2"	"3d5.(4G).4s.4p.(1P*)"	"4G*"	"7/2"		"T6892c83"	"L18349c140"	
"121.0811"	"0.0002"	"121.080892"	"0.000004"	"1000"	"4.7e+06"	"1.3e-03"	"-2.0"	D	"25981.6451"	"108571.060"	"3d6.(3G).4s"	"a 4G"	"7/2"	"3d6.(3H).5p"	"4G*"	"9/2"		"T6892c83"	"L18349c140"	
"121.1272"	"0.0002"	"121.127218"	"0.000004"	"6000"	"3.1e+07"	"5.e-03"	"-1.4"	E	"25981.6451"	"108539.473"	"3d6.(3G).4s"	"a 4G"	"7/2"	"3d5.(2F1).4s.4p.(3P*)"	"4F*"	"5/2"		"T6892c83"	"L18349c140"	
"121.1986"	"0.0002"	"121.198643"	"0.000004"	"5000"	"7.e+06"	"1.4e-03"	"-2.1"	D	"8391.9554"	"90901.130"	"3d6.(5D).4s"	"a 4D"	"5/2"	"3d6.(5D).5p"	"4P*"	"5/2"		"T6892c83"	"L18349c140"	
"121.2961"	"0.0002"	"121.296581"	"0.000004"	"6000"	"5.e+06"	"1.2e-03"	"-2.0"	D	"7955.3186"	"90397.873"	"3d6.(5D).4s"	"a 4D"	"7/2"	"3d6.(5D).5p"	"4D*"	"7/2"		"T6892c83"	"L18349c140"	
"121.3090"	"0.0002"	"121.309098"	"0.000004"	"6000bl(Fe II)*"	"3.7e+07"	"7.e-03"	"-1.2"	E	"25805.3270"	"108239.375"	"3d6.(3G).4s"	"a 4G"	"9/2"	"3d5.(2F1).4s.4p.(3P*)"	"4D*"	"7/2"		"T6892c83"	"L18349c140"	
"121.3132"	"0.0002"	"121.313268"	"0.000004"	"5000"	"1.1e+07"	"3.0e-03"	"-1.6"	D	"7955.3186"	"90386.533"	"3d6.(5D).4s"	"a 4D"	"7/2"	"3d6.(5D).5p"	"6F*"	"9/2"		"T6892c83"	"L18349c140"	
"121.3412"	"0.0002"	"121.341156"	"0.000004"	"4000"	"6.e+06"	"1.2e-03"	"-1.9"	D	"25805.3270"	"108217.596"	"3d6.(3G).4s"	"a 4G"	"9/2"	"3d5.(2F1).4s.4p.(3P*)"	"4F*"	"9/2"		"T6892c83"	"L18349c140"	
"121.3749"	"0.0002"	"121.373813"	"0.000004"	"6000bl(Fe II)*"	"1.7e+07"	"6.e-03"	"-1.6"	D	"8680.4706"	"91070.566"	"3d6.(5D).4s"	"a 4D"	"3/2"	"3d6.(5D).5p"	"4F*"	"5/2"		"T6892c83"	"L18349c140"	
"121.3749"	"0.0002"	"121.375916"	"0.000004"	"6000bl(Fe II)*"	"1.7e+07"	"5.e-03"	"-1.5"	D	"8391.9554"	"90780.623"	"3d6.(5D).4s"	"a 4D"	"5/2"	"3d6.(5D).5p"	"4F*"	"7/2"		"T6892c83"	"L18349c140"	
"121.4150"	"0.0002"	"121.415056"	"0.000004"	"5000"	"2.0e+07"	"9.e-03"	"-1.7"	D	"8846.7837"	"91208.892"	"3d6.(5D).4s"	"a 4D"	"1/2"	"3d6.(5D).5p"	"4F*"	"3/2"		"T6892c83"	"L18349c140"	
"121.4398"	"0.0002"	"121.439825"	"0.000004"	"2800"	"6.e+06"	"1.3e-03"	"-2.0"	D	"7955.3186"	"90300.628"	"3d6.(5D).4s"	"a 4D"	"7/2"	"3d6.(5D).5p"	"6F*"	"7/2"		"T6892c83"	"L18349c140"	
"121.6844"	"0.0002"	"121.684838"	"0.000010"	"900"	"7.e+06"	"2.0e-03"	"-1.7"	D	"22637.1950"	"104816.702"	"3d6.(3F2).4s"	"b 4F"	"9/2"	"3d5.(2I).4s.4p.(3P*)"	"4H*"	"11/2"		"T6892c83"	"L18349c140"	
"121.8212"	"0.0002"	"121.821249"	"0.000004"	"5000"	"9.e+06"	"2.6e-03"	"-1.7"	D	"7955.3186"	"90042.804"	"3d6.(5D).4s"	"a 4D"	"7/2"	"3d6.(5D).5p"	"4F*"	"9/2"		"T6892c83"	"L18349c140"	
"121.8460"	"0.0002"	"121.845888"	"0.000004"	"1800"	"1.0e+07"	"4.6e-03"	"-2.0"	D	"26932.7348"	"109003.621"	"3d6.(3P2).4s"	"b 2P"	"1/2"	"3d5.(2F1).4s.4p.(3P*)"	"4D*"	"3/2"		"T6892c83"	"L18349c140"	
"121.8808"	"0.0002"	"121.880744"	"0.000004"	"2200"	"7.e+06"	"1.4e-03"	"-1.8"	D	"26170.1810"	"108217.596"	"3d6.(3H).4s"	"b 2H"	"11/2"	"3d5.(2F1).4s.4p.(3P*)"	"4F*"	"9/2"		"T6892c83"	"L18349c140"	
"121.9798"	"0.0002"	"121.979797"	"0.000004"	"5000"	"1.1e+08"	"2.9e-02"	"-0.39"	D+	"21251.5833"	"103232.372"	"3d6.(3H).4s"	"a 4H"	"13/2"	"3d5.(2I).4s.4p.(3P*)"	"4I*"	"15/2"		"T6892c83"	"L18349c140"	
"122.3624"	"0.0002"	"122.362294"	"0.000004"	"500"	"5.e+06"	"9.e-04"	"-2.0"	D	"25805.3270"	"107529.849"	"3d6.(3G).4s"	"a 4G"	"9/2"	"3d6.(5D).6p"	"6F*"	"7/2"		"T6892c83"	"L18349c140"	
"122.4130"	"0.0002"	"122.41304"	"0.00013"	"5000"	"1.3e+08"	"3.3e-02"	"-0.40"	D+	"21430.3564"	"103121.00"	"3d6.(3H).4s"	"a 4H"	"11/2"	"3d5.(2I).4s.4p.(3P*)"	"4I*"	"13/2"		"T6892c83"	"L18349c140"	
"122.8521"	"0.0002"	"122.85211"	"0.00005"	"5000"	"1.4e+08"	"3.7e-02"	"-0.44"	D+	"21581.6151"	"102980.30"	"3d6.(3H).4s"	"a 4H"	"9/2"	"3d5.(2I).4s.4p.(3P*)"	"4I*"	"11/2"		"T6892c83"	"L18349c140"	
"122.8756"	"0.0002"	"122.875456"	"0.000005"	"3000"	"1.3e+07"	"2.0e-03"	"-1.9"	D	"27620.4033"	"109003.621"	"3d6.(3F2).4s"	"a 2F"	"5/2"	"3d5.(2F1).4s.4p.(3P*)"	"4D*"	"3/2"		"T6892c83"	"L18349c140"	
"123.0594"	"0.0002"	"123.059401"	"0.000005"	"5000"	"2.8e+07"	"6.e-03"	"-1.1"	E	"25428.7893"	"106690.358"	"3d6.(3G).4s"	"a 4G"	"11/2"	"3d5.(2I).4s.4p.(3P*)"	"2H*"	"11/2"		"T6892c83"	"L18349c140"	
"123.1165"	"0.0002"	"123.115480"	"0.000005"	"600"	"1.2e+07"	"2.0e-03"	"-1.8"	D	"27314.9183"	"108539.473"	"3d6.(3F2).4s"	"a 2F"	"7/2"	"3d5.(2F1).4s.4p.(3P*)"	"4F*"	"5/2"		"T6892c83"	"L18349c140"	
"123.1504"	"0.0002"	"123.150651"	"0.000008"	"600"	"1.0e+07"	"2.2e-03"	"-1.7"	D	"25805.3270"	"107006.684"	"3d6.(3G).4s"	"a 4G"	"9/2"	"3d5.(2I).4s.4p.(3P*)"	"2H*"	"9/2"		"T6892c83"	"L18349c140"	
"123.2158"	"0.0002"	"123.215705"	"0.000005"	"600"	"2.4e+07"	"3.6e-03"	"-1.7"	D	"27620.4033"	"108778.889"	"3d6.(3F2).4s"	"a 2F"	"5/2"	"3d5.(2F1).4s.4p.(3P*)"	"4F*"	"3/2"		"T6892c83"	"L18349c140"	
"123.3658"	"0.0002"	"123.365774"	"0.000008"	"5000"	"3.8e+07"	"1.0e-02"	"-0.92"	D+	"21430.3564"	"102490.116"	"3d6.(3H).4s"	"a 4H"	"11/2"	"3d5.(2I).4s.4p.(3P*)"	"4K*"	"13/2"		"T6892c83"	"L18349c140"	
"123.6462"	"0.0002"	"123.646160"	"0.000020"	"2000"	"8.e+06"	"1.8e-03"	"-2.0"	D	"20830.5534"	"101706.498"	"3d6.(3P2).4s"	"b 4P"	"5/2"	"3d5.(4D).4s.4p.(3P*)"	"4P*"	"5/2"		"T6892c83"	"L18349c140"	
"123.8255"	"0.0002"	"123.825440"	"0.000008"	"5000"	"2.3e+07"	"6.2e-03"	"-1.21"	D+	"21581.6151"	"102340.464"	"3d6.(3H).4s"	"a 4H"	"9/2"	"3d5.(2I).4s.4p.(3P*)"	"4K*"	"11/2"		"T6892c83"	"L18349c140"	
"123.9255"	"0.0002"	"123.925339"	"0.000015"	"3500"	"1.7e+07"	"4.0e-03"	"-1.8"	D	"25787.5816"	"106481.329"	"3d6.(3P2).4s"	"b 2P"	"3/2"	"3d5.(4F).4s.4p.(3P*)"	"6F*"	"3/2"		"T6892c83"	"L18349c140"	
"123.9868"	"0.0002"	"123.986539"	"0.000009"	"5000"	"7.e+07"	"1.5e-02"	"-0.8"	E	"26352.7671"	"107006.684"	"3d6.(3H).4s"	"b 2H"	"9/2"	"3d5.(2I).4s.4p.(3P*)"	"2H*"	"9/2"		"T6892c83"	"L18349c140"	
"124.0531"	"0.0002"	"124.052820"	"0.000006"	"1200bl(Fe II)*"	"2.4e+07"	"6.e-03"	"-1.7"	D	"25787.5816"	"106398.405"	"3d6.(3P2).4s"	"b 2P"	"3/2"	"3d5.(4D).4s.4p.(3P*)"	"2P*"	"3/2"		"T6892c83"	"L18349c140"	
"124.1923"	"0.0002"	"124.192474"	"0.000005"	"5000"	"5.e+07"	"1.1e-02"	"-0.9"	E	"26170.1810"	"106690.358"	"3d6.(3H).4s"	"b 2H"	"11/2"	"3d5.(2I).4s.4p.(3P*)"	"2H*"	"11/2"		"T6892c83"	"L18349c140"	
"124.4748"	"0.0002"	"124.474731"	"0.000005"	"2600"	"1.1e+07"	"3.0e-03"	"-1.5"	D	"26352.7671"	"106690.358"	"3d6.(3H).4s"	"b 2H"	"9/2"	"3d5.(2I).4s.4p.(3P*)"	"2H*"	"11/2"		"T6892c83"	"L18349c140"	
"124.5764"	"0.0002"	"124.576215"	"0.000005"	"2200"	"2.2e+07"	"5.e-03"	"-1.3"	E	"30388.5451"	"110660.690"	"3d6.(3G).4s"	"b 2G"	"9/2"	"3d5.(2F1).4s.4p.(3P*)"	"2G*"	"9/2"		"T6892c83"	"L18349c140"	
"124.9794"	"0.0002"	"124.979370"	"0.000006"	"4000bl(Fe II)*"	"1.1e+07"	"3.4e-03"	"-1.7"	D	"13474.4474"	"93487.653"	"3d7"	"a 4P"	"5/2"	"3d6.(3F1).4p"	"u 4F*"	"7/2"		"T6892c83"	"L18349c140"	
"125.5404"	"0.0002"	"125.540717"	"0.000009"	"4000bl(Fe II)*"	"3.4e+07"	"1.1e-02"	"-1.19"	D+	"13474.4474"	"93129.879"	"3d7"	"a 4P"	"5/2"	"3d6.(3F1).4p"	"4D*"	"7/2"		"T6892c83"	"L18349c140"	
"125.5502"	"0.0002"	"125.550230"	"0.000005"	"1900"	"6.e+06"	"1.4e-03"	"-2.0"	D	"30764.4737"	"110413.870"	"3d6.(3G).4s"	"b 2G"	"7/2"	"3d6.(3H).5p"	"2G*"	"7/2"		"T6892c83"	"L18349c140"	
"125.6435"	"0.0002"	"125.64341"	"0.00005"	"2200"	"3.0e+07"	"3.5e-03"	"-1.8"	D	"21812.0454"	"101402.37"	"3d6.(3P2).4s"	"b 4P"	"3/2"	"3d5.(4D).4s.4p.(3P*)"	"4P*"	"1/2"		"T6892c83"	"L18349c140"	
"125.9055"	"0.0002"	"125.905166"	"0.000005"	"9000"	"2.6e+07"	"6.1e-03"	"-1.44"	D+	"13474.4474"	"92899.306"	"3d7"	"a 4P"	"5/2"	"3d6.(3F1).4p"	"4D*"	"5/2"		"T6892c83"	"L18349c140"	
"125.9178"	"0.0002"	"125.917680"	"0.000016"	"8000"	"1.6e+07"	"3.1e-03"	"-1.43"	D+	"20340.2461"	"99757.211"	"3d7"	"a 2H"	"11/2"	"3d5.(4G).4s.4p.(3P*)"	"2G*"	"9/2"		"T6892c83"	"L18349c140"	
"125.9636"	"0.0002"	"125.963760"	"0.000010"	"3500"	"9.e+06"	"2.1e-03"	"-1.6"	D	"25428.7893"	"104816.702"	"3d6.(3G).4s"	"a 4G"	"11/2"	"3d5.(2I).4s.4p.(3P*)"	"4H*"	"11/2"		"T6892c83"	"L18349c140"	
"126.0525"	"0.0002"	"126.053554"	"0.000006"	"9000"	"1.1e+08"	"2.0e-02"	"-0.70"	D+	"0.0000"	"79331.361"	"3d6.(5D).4s"	"a 6D"	"9/2"	"3d5.(6S).4s.4p.(1P*)"	"x 6P*"	"7/2"		"T6892c83"	"L18349c140"	
"126.0830"	"0.0002"	"126.082718"	"0.000021"	"8000"	"1.0e+08"	"2.0e-02"	"-0.62"	D+	"20340.2461"	"99653.257"	"3d7"	"a 2H"	"11/2"	"3d6.(1G1).4p"	"2G*"	"9/2"		"T6892c83"	"L18349c140"	
"126.2081"	"0.0002"	"126.207341"	"0.000008"	"3400"	"5.e+06"	"1.0e-03"	"-2.0"	D	"15844.6485"	"95079.342"	"3d7"	"a 2G"	"9/2"	"3d6.(3F1).4p"	"2F*"	"7/2"		"T6892c83"	"L18349c140"	
"126.2141"	"0.0002"	"126.214249"	"0.000005"	"8000"	"1.3e+08"	"3.7e-02"	"-0.35"	D+	"25428.7893"	"104659.146"	"3d6.(3G).4s"	"a 4G"	"11/2"	"3d5.(2I).4s.4p.(3P*)"	"4H*"	"13/2"		"T6892c83"	"L18349c140"	
"126.2211"	"0.0002"	"126.221028"	"0.000005"	"7000"	"8.e+06"	"3.0e-03"	"-1.9"	D	"13673.2045"	"92899.306"	"3d7"	"a 4P"	"3/2"	"3d6.(3F1).4p"	"4D*"	"5/2"		"T6892c83"	"L18349c140"	
"126.2823"	"0.0002"	"126.28221"	"0.00003"	"7000"	"6.e+07"	"1.6e-02"	"-1.5"	D	"26932.7348"	"106120.45"	"3d6.(3P2).4s"	"b 2P"	"1/2"	"3d5.(4D).4s.4p.(3P*)"	"2P*"	"1/2"		"T6892c83"	"L18349c140"	
"126.3198"	"0.0002"	"126.319790"	"0.000021"	"2700"	"1.1e+07"	"5.e-03"	"-2.0"	D	"22409.8178"	"101573.977"	"3d6.(3P2).4s"	"b 4P"	"1/2"	"3d5.(4D).4s.4p.(3P*)"	"4P*"	"3/2"		"T6892c83"	"L18349c140"	
"126.3706"	"0.0002"	"126.37052"	"0.00003"	"5000"	"1.5e+07"	"3.7e-03"	"-1.43"	D+	"25805.3270"	"104937.71"	"3d6.(3G).4s"	"a 4G"	"9/2"	"3d5.(2I).4s.4p.(3P*)"	"4H*"	"9/2"		"T6892c83"	"L18349c140"	
"126.5074"	"0.0002"	"126.507188"	"0.000006"	"4000"	"1.6e+07"	"3.8e-03"	"-1.5"	D	"25981.6451"	"105028.537"	"3d6.(3G).4s"	"a 4G"	"7/2"	"3d5.(2I).4s.4p.(3P*)"	"4H*"	"7/2"		"T6892c83"	"L18349c140"	
"126.5464"	"0.0002"	"126.546728"	"0.000011"	"1000"	"9.e+06"	"3.4e-03"	"-1.9"	D	"13673.2045"	"92695.398"	"3d7"	"a 4P"	"3/2"	"3d6.(3P1).4p"	"u 2D*"	"5/2"		"T6892c83"	"L18349c140"	
"126.5641"	"0.0002"	"126.564055"	"0.000010"	"8000"	"1.4e+08"	"4.0e-02"	"-0.40"	D+	"25805.3270"	"104816.702"	"3d6.(3G).4s"	"a 4G"	"9/2"	"3d5.(2I).4s.4p.(3P*)"	"4H*"	"11/2"		"T6892c83"	"L18349c140"	
"126.5776"	"0.0002"	"126.577815"	"0.000010"	"9000"	"6.0e+07"	"1.2e-02"	"-0.94"	D+	"20805.7632"	"99808.549"	"3d7"	"a 2H"	"9/2"	"3d6.(1G1).4p"	"2G*"	"7/2"		"T6892c83"	"L18349c140"	
"126.6245"	"0.0002"	"126.623332"	"0.000005"	"8000bl(Fe II)*"	"4.1e+07"	"1.0e-02"	"-1.41"	D+	"13673.2045"	"92647.591"	"3d7"	"a 4P"	"3/2"	"3d6.(3F1).4p"	"4D*"	"3/2"		"T6892c83"	"L18349c140"	
"126.6245"	"0.0002"	"126.625355"	"0.000006"	"8000bl(Fe II)*"	"1.5e+08"	"4.9e-02"	"-0.54"	D+	"26055.4120"	"105028.537"	"3d6.(3G).4s"	"a 4G"	"5/2"	"3d5.(2I).4s.4p.(3P*)"	"4H*"	"7/2"		"T6892c83"	"L18349c140"	
"126.6526"	"0.0002"	"126.65272"	"0.00003"	"8000bl(Fe II)*"	"1.4e+08"	"4.3e-02"	"-0.46"	D+	"25981.6451"	"104937.71"	"3d6.(3G).4s"	"a 4G"	"7/2"	"3d5.(2I).4s.4p.(3P*)"	"4H*"	"9/2"		"T6892c83"	"L18349c140"	
"126.6675"	"0.0005"	"126.667942"	"0.000006"	"32000"	"3.1e+07"	"7.4e-03"	"-1.23"	D+	"384.7872"	"79331.361"	"3d6.(5D).4s"	"a 6D"	"7/2"	"3d5.(6S).4s.4p.(1P*)"	"x 6P*"	"7/2"		"T6892c83"	"L18349c144"	
"126.7416"	"0.0005"	"126.742501"	"0.000006"	"32000"	"8.e+07"	"1.4e-02"	"-0.95"	D+	"384.7872"	"79284.919"	"3d6.(5D).4s"	"a 6D"	"7/2"	"3d5.(6S).4s.4p.(1P*)"	"x 6P*"	"5/2"		"T6892c83"	"L18349c144"	
"126.8143"	"0.0002"	"126.814304"	"0.000005"	"7000"	"2.9e+07"	"6.9e-03"	"-1.38"	D+	"13474.4474"	"92329.905"	"3d7"	"a 4P"	"5/2"	"3d5.(4G).4s.4p.(3P*)"	"v 4F*"	"5/2"		"T6892c83"	"L18349c140"	
"126.8559"	"0.0002"	"126.855810"	"0.000006"	"6000"	"4.5e+07"	"9.e-03"	"-1.06"	D+	"20805.7632"	"99635.420"	"3d7"	"a 2H"	"9/2"	"3d5.(4G).4s.4p.(3P*)"	"2G*"	"7/2"		"T6892c83"	"L18349c140"	
"126.9041"	"0.0002"	"126.904076"	"0.000005"	"7000"	"2.2e+07"	"5.e-03"	"-1.5"	D	"13474.4474"	"92274.123"	"3d7"	"a 4P"	"5/2"	"3d6.(3P1).4p"	"4P*"	"5/2"		"T6892c83"	"L18349c140"	
"126.9356"	"0.0002"	"126.935512"	"0.000008"	"6000"	"2.2e+07"	"2.7e-03"	"-2.0"	D	"13673.2045"	"92453.365"	"3d7"	"a 4P"	"3/2"	"3d6.(3F1).4p"	"4D*"	"1/2"		"T6892c83"	"L18349c140"	
"126.9823"	"0.0002"	"126.982351"	"0.000005"	"6000"	"2.4e+07"	"3.8e-03"	"-1.6"	D	"13474.4474"	"92225.549"	"3d7"	"a 4P"	"5/2"	"3d6.(5D).5p"	"4P*"	"3/2"		"T6892c83"	"L18349c140"	
"127.1234"	"0.0002"	"127.123474"	"0.000006"	"8000"	"5.e+06"	"1.7e-03"	"-2.0"	D	"667.6829"	"79331.361"	"3d6.(5D).4s"	"a 6D"	"5/2"	"3d5.(6S).4s.4p.(1P*)"	"x 6P*"	"7/2"		"T6892c83"	"L18349c140"	
"127.1348"	"0.0002"	"127.134751"	"0.000005"	"6000"	"1.8e+07"	"7.e-03"	"-1.6"	D	"13673.2045"	"92329.905"	"3d7"	"a 4P"	"3/2"	"3d5.(4G).4s.4p.(3P*)"	"v 4F*"	"5/2"		"T6892c83"	"L18349c140"	
"127.1592"	"0.0002"	"127.159228"	"0.000005"	"8000"	"7.e+07"	"8.e-03"	"-1.5"	D	"13673.2045"	"92314.764"	"3d7"	"a 4P"	"3/2"	"3d6.(5D).5p"	"4P*"	"1/2"		"T6892c83"	"L18349c140"	
"127.1974"	"0.0002"	"127.198570"	"0.000006"	"8000"	"5.7e+07"	"1.4e-02"	"-1.08"	D+	"667.6829"	"79284.919"	"3d6.(5D).4s"	"a 6D"	"5/2"	"3d5.(6S).4s.4p.(1P*)"	"x 6P*"	"5/2"		"T6892c83"	"L18349c140"	
"127.2248"	"0.0002"	"127.224976"	"0.000005"	"8000"	"3.1e+07"	"1.1e-02"	"-1.35"	D+	"13673.2045"	"92274.123"	"3d7"	"a 4P"	"3/2"	"3d6.(3P1).4p"	"4P*"	"5/2"		"T6892c83"	"L18349c140"	
"127.2617"	""	"127.2616898"	"0.0000024"	"m(Fe II):"	"2.7e+07"	"4.4e-03"	"-1.58"	D+	"667.6829"	"79245.926"	"3d6.(5D).4s"	"a 6D"	"5/2"	"3d5.(6S).4s.4p.(1P*)"	"x 6P*"	"3/2"		"T6370,T6892c83"	""	
"127.2656"	"0.0005"	"127.265681"	"0.000005"	"9000"	"1.8e+07"	"2.9e-03"	"-1.76"	D+	"667.6829"	"79243.462"	"3d6.(5D).4s"	"a 6D"	"5/2"	"3d6.(1D2).4p"	"w 2P*"	"3/2"		"T6370,T6892c83"	"L18349c141"	
"127.3038"	"0.0002"	"127.303648"	"0.000005"	"4000"	"9.e+06"	"2.3e-03"	"-2.0"	D	"13673.2045"	"92225.549"	"3d7"	"a 4P"	"3/2"	"3d6.(5D).5p"	"4P*"	"3/2"		"T6892c83"	"L18349c140"	
"127.3099"	"0.0002"	"127.309871"	"0.000008"	"8000"	"3.8e+07"	"9.e-03"	"-1.7"	D	"13904.8604"	"92453.365"	"3d7"	"a 4P"	"1/2"	"3d6.(3F1).4p"	"4D*"	"1/2"		"T6892c83"	"L18349c140"	
"127.4064"	"0.0002"	"127.406445"	"0.000005"	"6000"	"2.4e+07"	"6.8e-03"	"-1.09"	D+	"26170.1810"	"104659.146"	"3d6.(3H).4s"	"b 2H"	"11/2"	"3d5.(2I).4s.4p.(3P*)"	"4H*"	"13/2"		"T6892c83"	"L18349c140"	
"127.4470"	"0.0002"	"127.447088"	"0.000011"	"1200"	"7.e+06"	"2.0e-03"	"-1.7"	D	"26352.7671"	"104816.702"	"3d6.(3H).4s"	"b 2H"	"9/2"	"3d5.(2I).4s.4p.(3P*)"	"4H*"	"11/2"		"T6892c83"	"L18349c140"	
"127.5143"	"0.0002"	"127.514739"	"0.000007"	"7000"	"1.9e+07"	"7.e-03"	"-1.6"	D	"862.6118"	"79284.919"	"3d6.(5D).4s"	"a 6D"	"3/2"	"3d5.(6S).4s.4p.(1P*)"	"x 6P*"	"5/2"		"T6892c83"	"L18349c140"	
"127.5348"	"0.0002"	"127.534910"	"0.000005"	"7000"	"2.6e+07"	"6.e-03"	"-1.9"	D	"13904.8604"	"92314.764"	"3d7"	"a 4P"	"1/2"	"3d6.(5D).5p"	"4P*"	"1/2"		"T6892c83"	"L18349c140"	
"127.5792"	"0.0002"	"127.578173"	"0.000005"	"8000"	"4.1e+07"	"1.0e-02"	"-1.40"	D+	"862.6118"	"79245.926"	"3d6.(5D).4s"	"a 6D"	"3/2"	"3d5.(6S).4s.4p.(1P*)"	"x 6P*"	"3/2"		"T6370,T6892c83"	"L18349c140"	
"127.5824"	"0.0005"	"127.582183"	"0.000005"	"9000"	"2.7e+07"	"6.7e-03"	"-1.57"	D+	"862.6118"	"79243.462"	"3d6.(5D).4s"	"a 6D"	"3/2"	"3d6.(1D2).4p"	"w 2P*"	"3/2"		"T6370,T6892c83"	"L18349c141"	
"127.6795"	"0.0002"	"127.680185"	"0.000005"	"7000"	"6.3e+07"	"3.1e-02"	"-1.21"	D+	"13904.8604"	"92225.549"	"3d7"	"a 4P"	"1/2"	"3d6.(5D).5p"	"4P*"	"3/2"		"T6892c83"	"L18349c140"	
"127.7658"	"0.0002"	"127.764707"	"0.000005"	"7000"	"2.9e+07"	"1.4e-02"	"-1.54"	D+	"977.0498"	"79245.926"	"3d6.(5D).4s"	"a 6D"	"1/2"	"3d5.(6S).4s.4p.(1P*)"	"x 6P*"	"3/2"		"T6370,T6892c83"	"L18349c140"	
"127.7686"	"0.0005"	"127.768729"	"0.000005"	"9000"	"2.0e+07"	"1.0e-02"	"-1.72"	D+	"977.0498"	"79243.462"	"3d6.(5D).4s"	"a 6D"	"1/2"	"3d6.(1D2).4p"	"w 2P*"	"3/2"		"T6370,T6892c83"	"L18349c141"	
"127.9097"	"0.0002"	"127.909995"	"0.000018"	"7000"	"4.1e+08"	"5.0e-02"	"-0.70"	D+	"25787.5816"	"103967.555"	"3d6.(3P2).4s"	"b 2P"	"3/2"	"3d5.(4P).4s.4p.(3P*)"	"2S*"	"1/2"		"T6892c83"	"L18349c140"	
"128.0527"	"0.0002"	"128.052733"	"0.000011"	"7000"	"2.3e+07"	"4.6e-03"	"-1.34"	D+	"20805.7632"	"98898.591"	"3d7"	"a 2H"	"9/2"	"3d6.(1G1).4p"	"2F*"	"7/2"		"T6892c83"	"L18349c140"	
"128.3060"	"0.0002"	"128.306118"	"0.000007"	"6000"	"2.7e+07"	"6.8e-03"	"-1.09"	D+	"20340.2461"	"98278.852"	"3d7"	"a 2H"	"11/2"	"3d6.(1G1).4p"	"2H*"	"11/2"		"T6892c83"	"L18349c140"	
"128.6910"	"0.0002"	"128.691090"	"0.000007"	"3400"	"1.6e+07"	"5.e-03"	"-1.5"	D	"20830.5534"	"98536.011"	"3d6.(3P2).4s"	"b 4P"	"5/2"	"3d5.(4D).4s.4p.(3P*)"	"4F*"	"7/2"		"T6892c83"	"L18349c140"	
"128.7418"	"0.0002"	"128.742432"	"0.000007"	"800bl(Fe II)*"	"6.e+06"	"1.5e-03"	"-2.0"	D	"20830.5534"	"98505.022"	"3d6.(3P2).4s"	"b 4P"	"5/2"	"3d5.(4D).4s.4p.(3P*)"	"4D*"	"5/2"		"T6892c83"	"L18349c140"	
"128.9095"	"0.0002"	"128.909540"	"0.000005"	"5000"	"1.8e+07"	"3.0e-03"	"-1.7"	D	"13474.4474"	"91048.225"	"3d7"	"a 4P"	"5/2"	"3d6.(3P1).5p"	"4P*"	"3/2"		"T6892c83"	"L18349c140"	
"128.9311"	"0.0002"	"128.931165"	"0.000012"	"6000"	"2.7e+07"	"9.e-03"	"-1.26"	D+	"20830.5534"	"98391.320"	"3d6.(3P2).4s"	"b 4P"	"5/2"	"3d5.(4D).4s.4p.(3P*)"	"4D*"	"7/2"		"T6892c83"	"L18349c140"	
"129.0187"	"0.0002"	"129.019267"	"0.000007"	"7000"	"1.7e+08"	"2.8e-02"	"-0.77"	D+	"20830.5534"	"98338.357"	"3d6.(3P2).4s"	"b 4P"	"5/2"	"3d5.(4P).4s.4p.(3P*)"	"4S*"	"3/2"		"T6892c83"	"L18349c140"	
"129.0774"	"0.0002"	"129.077627"	"0.000007"	"6000bl(Fe II)*"	"6.e+07"	"1.6e-02"	"-0.7"	E	"32875.6409"	"110348.401"	"3d6.(1I).4s"	"a 2I"	"13/2"	"3d5.(2G2).4s.4p.(3P*)"	"4H*"	"13/2"		"T6892c83"	"L18349c140"	
"129.1579"	"0.0002"	"129.158199"	"0.000005"	"7000"	"1.4e+07"	"2.3e-03"	"-1.9"	D	"13474.4474"	"90898.878"	"3d7"	"a 4P"	"5/2"	"3d6.(5D).5p"	"4D*"	"3/2"		"T6892c83"	"L18349c140"	
"129.1862"	"0.0002"	"129.185391"	"0.000007"	"1100"	"4.2e+06"	"1.4e-03"	"-2.1"	D	"27620.4033"	"105028.537"	"3d6.(3F2).4s"	"a 2F"	"5/2"	"3d5.(2I).4s.4p.(3P*)"	"4H*"	"7/2"		"T6892c83"	"L18349c140"	
"129.3039"	"0.0002"	"129.304008"	"0.000007"	"6000"	"3.3e+07"	"8.e-03"	"-1.0"	E	"32909.883"	"110247.006"	"3d6.(1I).4s"	"a 2I"	"11/2"	"3d6.(3H).5p"	"2I*"	"11/2"		"T6892c83"	"L18349c140"	
"129.4905"	"0.0002"	"129.490616"	"0.000007"	"6000bl(Fe II)*"	"2.7e+07"	"7.e-03"	"-1.6"	D	"13673.2045"	"90898.878"	"3d7"	"a 4P"	"3/2"	"3d6.(5D).5p"	"4D*"	"3/2"		"T6892c83"	"L18349c140"	
"129.6080"	"0.0002"	"129.608617"	"0.000008"	"7000"	"1.7e+08"	"2.9e-02"	"-0.76"	D+	"13474.4474"	"90629.811"	"3d7"	"a 4P"	"5/2"	"3d6.(3P1).4p"	"4S*"	"3/2"		"T6892c83"	"L18349c140"	
"129.6288"	"0.0002"	"129.628777"	"0.000007"	"6000"	"2.6e+07"	"1.3e-02"	"-1.6"	D	"13904.8604"	"91048.225"	"3d7"	"a 4P"	"1/2"	"3d6.(3P1).5p"	"4P*"	"3/2"		"T6892c83"	"L18349c140"	
"129.7509"	"0.0002"	"129.750907"	"0.000007"	"5000"	"1.5e+07"	"3.8e-03"	"-1.3"	E	"32909.883"	"109980.635"	"3d6.(1I).4s"	"a 2I"	"11/2"	"3d5.(2H).4s.4p.(3P*)"	"4H*"	"11/2"		"T6892c83"	"L18349c140"	
"129.7930"	"0.0002"	"129.793318"	"0.000012"	"6000"	"3.0e+07"	"8.e-03"	"-1.12"	D+	"20805.7632"	"97851.332"	"3d7"	"a 2H"	"9/2"	"3d6.(1G1).4p"	"2H*"	"9/2"		"T6892c83"	"L18349c140"	
"129.8114"	"0.0002"	"129.811428"	"0.000019"	"6000"	"1.6e+08"	"4.1e-02"	"-1.09"	D+	"26932.7348"	"103967.555"	"3d6.(3P2).4s"	"b 2P"	"1/2"	"3d5.(4P).4s.4p.(3P*)"	"2S*"	"1/2"		"T6892c83"	"L18349c140"	
"129.9283"	"0.0002"	"129.928144"	"0.000007"	"1000"	"1.0e+07"	"3.6e-03"	"-1.8"	D	"13673.2045"	"90638.823"	"3d7"	"a 4P"	"3/2"	"3d6.(5D).5p"	"4D*"	"5/2"		"T6892c83"	"L18349c140"	
"129.9427"	"0.0005"	"129.943360"	"0.000008"	"18000"	"9.e+07"	"2.3e-02"	"-1.04"	D+	"13673.2045"	"90629.811"	"3d7"	"a 4P"	"3/2"	"3d6.(3P1).4p"	"4S*"	"3/2"		"T6892c83"	"L18349c144"	
"129.9995"	"0.0002"	"129.999411"	"0.000005"	"1000"	"7.e+06"	"2.5e-03"	"-1.8"	D	"13474.4474"	"90397.873"	"3d7"	"a 4P"	"5/2"	"3d6.(5D).5p"	"4D*"	"7/2"		"T6892c83"	"L18349c140"	
"130.0643"	"0.0002"	"130.064457"	"0.000007"	"1900"	"1.0e+07"	"1.7e-03"	"-2.0"	D	"27620.4033"	"104505.359"	"3d6.(3F2).4s"	"a 2F"	"5/2"	"3d5.(2D3).4s.4p.(3P*)"	"4F*"	"3/2"		"T6892c83"	"L18349c140"	
"130.1198"	"0.0002"	"130.119628"	"0.000007"	"5000"	"7.e+06"	"1.8e-03"	"-1.7"	D	"32909.883"	"109762.239"	"3d6.(1I).4s"	"a 2I"	"11/2"	"3d6.(3H).5p"	"4I*"	"11/2"		"T6892c83"	"L18349c140"	
"130.1560"	"0.0002"	"130.15593"	"0.00004"	"800"	"7.e+06"	"1.4e-03"	"-1.9"	D	"26352.7671"	"103183.69"	"3d6.(3H).4s"	"b 2H"	"9/2"	"3d5.(4D).4s.4p.(3P*)"	"2F*"	"7/2"		"T6892c83"	"L18349c140"	
"130.3033"	"0.0002"	"130.303239"	"0.000007"	"5000"	"2.4e+07"	"6.e-03"	"-1.1"	E	"32875.6409"	"109619.704"	"3d6.(1I).4s"	"a 2I"	"13/2"	"3d6.(3H).5p"	"4I*"	"13/2"		"T6892c83"	"L18349c140"	
"130.3200"	"0.0002"	"130.319651"	"0.000005"	"1400"	"3.6e+06"	"1.2e-03"	"-2.0"	D	"31483.1979"	"108217.596"	"3d6.(3D).4s"	"b 4D"	"7/2"	"3d5.(2F1).4s.4p.(3P*)"	"4F*"	"9/2"		"T6892c83"	"L18349c140"	
"130.3356"	"0.0002"	"130.335698"	"0.000008"	"6000"	"4.0e+07"	"2.0e-02"	"-1.39"	D+	"13904.8604"	"90629.811"	"3d7"	"a 4P"	"1/2"	"3d6.(3P1).4p"	"4S*"	"3/2"		"T6892c83"	"L18349c140"	
"130.3898"	"0.0002"	"130.390036"	"0.000007"	"6000"	"3.4e+07"	"1.3e-02"	"-1.29"	D+	"21812.0454"	"98505.022"	"3d6.(3P2).4s"	"b 4P"	"3/2"	"3d5.(4D).4s.4p.(3P*)"	"4D*"	"5/2"		"T6892c83"	"L18349c140"	
"130.4436"	"0.0002"	"130.44347"	"0.00009"	"6000"	"5.0e+07"	"1.9e-02"	"-1.12"	D+	"25787.5816"	"102449.14"	"3d6.(3P2).4s"	"b 2P"	"3/2"	"3d5.(4D).4s.4p.(3P*)"	"2D*"	"5/2"		"T6892c83"	"L18349c140"	
"130.5520"	"0.0002"	"130.551952"	"0.000007"	"1400"	"2.2e+07"	"6.e-03"	"-1.9"	D	"22409.8178"	"99007.677"	"3d6.(3P2).4s"	"b 4P"	"1/2"	"3d5.(4D).4s.4p.(3P*)"	"4D*"	"1/2"		"T6892c83"	"L18349c140"	
"130.6740"	"0.0002"	"130.674010"	"0.000007"	"5000"	"5.5e+07"	"1.4e-02"	"-1.25"	D+	"21812.0454"	"98338.357"	"3d6.(3P2).4s"	"b 4P"	"3/2"	"3d5.(4P).4s.4p.(3P*)"	"4S*"	"3/2"		"T6892c83"	"L18349c140"	
"130.7261"	"0.0002"	"130.725876"	"0.000009"	"5000"	"2.6e+07"	"4.4e-03"	"-1.6"	D	"20830.5534"	"97326.503"	"3d6.(3P2).4s"	"b 4P"	"5/2"	"3d5.(4P).4s.4p.(3P*)"	"2P*"	"3/2"		"T6892c83"	"L18349c140"	
"130.8965"	"0.0002"	"130.896407"	"0.000007"	"1100"	"9.e+06"	"1.9e-03"	"-1.6"	D	"32875.6409"	"109271.932"	"3d6.(1I).4s"	"a 2I"	"13/2"	"3d5.(2I).4s.4p.(3P*)"	"2I*"	"11/2"		"T6892c83"	"L18349c140"	
"130.9550"	"0.0002"	"130.955103"	"0.000007"	"5000"	"3.1e+08"	"8.e-02"	"-0.02"	E	"32909.883"	"109271.932"	"3d6.(1I).4s"	"a 2I"	"11/2"	"3d5.(2I).4s.4p.(3P*)"	"2I*"	"11/2"		"T6892c83"	"L18349c140"	
"131.0588"	"0.0005"	"131.058485"	"0.000005"	"2200"	"1.5e+07"	"5.e-03"	"-1.3"	E	"30388.5451"	"106690.358"	"3d6.(3G).4s"	"b 2G"	"9/2"	"3d5.(2I).4s.4p.(3P*)"	"2H*"	"11/2"		"T6892c83"	"L18349c141"	
"131.1057"	"0.0002"	"131.106326"	"0.000005"	"5000"	"3.0e+08"	"8.e-02"	"0.05"	E	"32875.6409"	"109149.611"	"3d6.(1I).4s"	"a 2I"	"13/2"	"3d5.(2I).4s.4p.(3P*)"	"2I*"	"13/2"		"T6892c83"	"L18349c140"	
"131.1612"	"0.0002"	"131.160940"	"0.000009"	"4000"	"1.6e+07"	"5.e-03"	"-1.4"	E	"30764.4737"	"107006.684"	"3d6.(3G).4s"	"b 2G"	"7/2"	"3d5.(2I).4s.4p.(3P*)"	"2H*"	"9/2"		"T6892c83"	"L18349c140"	
"131.2497"	"0.0002"	"131.249197"	"0.000005"	"2800"	"3.4e+06"	"1.1e-03"	"-2.1"	D	"31483.1979"	"107674.140"	"3d6.(3D).4s"	"b 4D"	"7/2"	"3d5.(2F1).4s.4p.(3P*)"	"4G*"	"9/2"		"T6892c83"	"L18349c140"	
"131.6497"	"0.0002"	"131.649461"	"0.000014"	"4000"	"1.5e+07"	"3.8e-03"	"-1.42"	D+	"22637.1950"	"98596.488"	"3d6.(3F2).4s"	"b 4F"	"9/2"	"3d5.(4D).4s.4p.(3P*)"	"4F*"	"9/2"		"T6892c83"	"L18349c140"	
"131.7028"	"0.0002"	"131.702784"	"0.000007"	"4000"	"5.5e+07"	"2.9e-02"	"-1.24"	D+	"22409.8178"	"98338.357"	"3d6.(3P2).4s"	"b 4P"	"1/2"	"3d5.(4P).4s.4p.(3P*)"	"4S*"	"3/2"		"T6892c83"	"L18349c140"	
"131.7542"	"0.0002"	"131.754361"	"0.000007"	"3600bl(Fe III)*"	"1.7e+07"	"3.6e-03"	"-1.44"	D+	"22637.1950"	"98536.011"	"3d6.(3F2).4s"	"b 4F"	"9/2"	"3d5.(4D).4s.4p.(3P*)"	"4F*"	"7/2"		"T6892c83"	"L18349c140"	
"131.8067"	"0.0002"	"131.80654"	"0.00004"	"3500"	"1.0e+07"	"2.7e-03"	"-1.7"	D	"27314.9183"	"103183.69"	"3d6.(3F2).4s"	"a 2F"	"7/2"	"3d5.(4D).4s.4p.(3P*)"	"2F*"	"7/2"		"T6892c83"	"L18349c140"	
"131.9165"	"0.0002"	"131.916658"	"0.000005"	"400"	"3.2e+06"	"1.0e-03"	"-2.0"	D	"33466.4943"	"109271.932"	"3d6.(1G2).4s"	"c 2G"	"9/2"	"3d5.(2I).4s.4p.(3P*)"	"2I*"	"11/2"		"T6892c83"	"L18349c140"	
"132.0062"	"0.0002"	"132.006013"	"0.000012"	"4000bl(Fe II)*"	"1.1e+07"	"2.2e-03"	"-1.7"	D	"22637.1950"	"98391.320"	"3d6.(3F2).4s"	"b 4F"	"9/2"	"3d5.(4D).4s.4p.(3P*)"	"4D*"	"7/2"		"T6892c83"	"L18349c140"	
"132.0762"	"0.0002"	"132.07643"	"0.00005"	"2600bl(Fe II)*"	"7.e+06"	"1.8e-03"	"-2.0"	D	"27620.4033"	"103334.14"	"3d6.(3F2).4s"	"a 2F"	"5/2"	"3d5.(4D).4s.4p.(3P*)"	"2F*"	"5/2"		"T6892c83"	"L18349c140"	
"132.1098"	"0.0002"	"132.109687"	"0.000005"	"1900"	"1.4e+07"	"2.7e-03"	"-1.7"	D	"22810.3459"	"98505.022"	"3d6.(3F2).4s"	"b 4F"	"7/2"	"3d5.(4D).4s.4p.(3P*)"	"4D*"	"5/2"		"T6892c83"	"L18349c140"	
"132.3084"	"0.0002"	"132.308430"	"0.000012"	"3000"	"1.1e+07"	"3.0e-03"	"-1.6"	D	"22810.3459"	"98391.320"	"3d6.(3F2).4s"	"b 4F"	"7/2"	"3d5.(4D).4s.4p.(3P*)"	"4D*"	"7/2"		"T6892c83"	"L18349c140"	
"132.3260"	"0.0002"	"132.32594"	"0.00009"	"2700bl(Fe II)*"	"6.0e+07"	"3.2e-02"	"-1.20"	D+	"26932.7348"	"102503.71"	"3d6.(3P2).4s"	"b 2P"	"1/2"	"3d5.(4D).4s.4p.(3P*)"	"2D*"	"3/2"		"T6892c83"	"L18349c140"	
"132.3352"	"0.0002"	"132.335224"	"0.000005"	"1200"	"6.e+06"	"1.5e-03"	"-2.1"	D	"22939.3512"	"98505.022"	"3d6.(3F2).4s"	"b 4F"	"5/2"	"3d5.(4D).4s.4p.(3P*)"	"4D*"	"5/2"		"T6892c83"	"L18349c140"	
"132.4250"	"0.0002"	"132.424973"	"0.000009"	"2900"	"3.6e+07"	"9.e-03"	"-1.42"	D+	"21812.0454"	"97326.503"	"3d6.(3P2).4s"	"b 4P"	"3/2"	"3d5.(4P).4s.4p.(3P*)"	"2P*"	"3/2"		"T6892c83"	"L18349c140"	
"132.5323"	"0.0002"	"132.531589"	"0.000018"	"800"	"1.0e+07"	"1.8e-03"	"-2.0"	D	"31387.9788"	"106841.688"	"3d6.(3D).4s"	"b 4D"	"5/2"	"3d5.(2D3).4s.4p.(3P*)"	"4P*"	"3/2"		"T6892c83"	"L18349c140"	
"132.5995"	"0.0002"	"132.599080"	"0.000007"	"800"	"6.e+06"	"1.6e-03"	"-2.0"	D	"22939.3512"	"98354.656"	"3d6.(3F2).4s"	"b 4F"	"5/2"	"3d5.(4D).4s.4p.(3P*)"	"4F*"	"5/2"		"T6892c83"	"L18349c140"	
"133.0950"	"0.0002"	"133.09514"	"0.00009"	"7000"	"1.6e+08"	"3.3e-02"	"-0.58"	D+	"27314.9183"	"102449.14"	"3d6.(3F2).4s"	"a 2F"	"7/2"	"3d5.(4D).4s.4p.(3P*)"	"2D*"	"5/2"		"T6892c83"	"L18349c140"	
"133.1401"	"0.0002"	"133.139666"	"0.000005"	"1700"	"1.0e+07"	"2.0e-03"	"-1.8"	D	"31483.1979"	"106592.294"	"3d6.(3D).4s"	"b 4D"	"7/2"	"3d5.(2D3).4s.4p.(3P*)"	"4P*"	"5/2"		"T6892c83"	"L18349c140"	
"133.3019"	"0.0005"	"133.302438"	"0.000005"	"1900bl(Fe II)*"	"3.3e+06"	"1.0e-03"	"-2.0"	D	"33466.4943"	"108483.877"	"3d6.(1G2).4s"	"c 2G"	"9/2"	"3d6.(3H).5p"	"4G*"	"11/2"		"T6892c83"	"L18349c141"	
"133.5409"	"0.0002"	"133.54111"	"0.00009"	"6000"	"1.1e+08"	"1.9e-02"	"-0.93"	D+	"27620.4033"	"102503.71"	"3d6.(3F2).4s"	"a 2F"	"5/2"	"3d5.(4D).4s.4p.(3P*)"	"2D*"	"3/2"		"T6892c83"	"L18349c140"	
"133.6385"	"0.0002"	"133.63850"	"0.00009"	"2500"	"9.e+06"	"2.5e-03"	"-1.8"	D	"27620.4033"	"102449.14"	"3d6.(3F2).4s"	"a 2F"	"5/2"	"3d5.(4D).4s.4p.(3P*)"	"2D*"	"5/2"		"T6892c83"	"L18349c140"	
"134.0257"	"0.0005"	"134.02508"	"0.00005"	"2900bl(Fe II)*"	"9.e+06"	"3.8e-03"	"-1.8"	D	"25787.5816"	"100400.48"	"3d6.(3P2).4s"	"b 2P"	"3/2"	"3d5.(4P).4s.4p.(3P*)"	"2D*"	"5/2"		"T6892c83"	"L18349c141"	
"134.5380"	"0.0002"	"134.538038"	"0.000018"	"7000"	"3.4e+07"	"8.e-03"	"-1.03"	D+	"25428.7893"	"99757.211"	"3d6.(3G).4s"	"a 4G"	"11/2"	"3d5.(4G).4s.4p.(3P*)"	"2G*"	"9/2"		"T6892c83"	"L18349c140"	
"134.7265"	"0.0002"	"134.72646"	"0.00003"	"5000"	"3.4e+06"	"8.e-04"	"-2.0"	D	"25428.7893"	"99653.257"	"3d6.(3G).4s"	"a 4G"	"11/2"	"3d6.(1G1).4p"	"2G*"	"9/2"		"T6892c83"	"L18349c140"	
"134.9584"	"0.0002"	"134.958593"	"0.000011"	"7000"	"4.1e+07"	"9.e-03"	"-1.0"	E	"32909.883"	"107006.684"	"3d6.(1I).4s"	"a 2I"	"11/2"	"3d5.(2I).4s.4p.(3P*)"	"2H*"	"9/2"		"T6892c83"	"L18349c140"	
"135.1292"	"0.0005"	"135.129252"	"0.000011"	"2900bl(Fe II)*"	"6.e+06"	"1.3e-03"	"-1.9"	D	"25805.3270"	"99808.549"	"3d6.(3G).4s"	"a 4G"	"9/2"	"3d6.(1G1).4p"	"2G*"	"7/2"		"T6892c83"	"L18349c141"	
"135.2731"	"0.0002"	"135.27300"	"0.00005"	"7000"	"1.7e+07"	"5.8e-03"	"-1.33"	D+	"31483.1979"	"105407.78"	"3d6.(3D).4s"	"b 4D"	"7/2"	"3d5.(2D3).4s.4p.(3P*)"	"4F*"	"9/2"		"T6892c83"	"L18349c140"	
"135.3021"	"0.0002"	"135.302284"	"0.000007"	"7000bl(Fe III)*"	"2.2e+07"	"4.0e-03"	"-1.6"	D	"20830.5534"	"94739.136"	"3d6.(3P2).4s"	"b 4P"	"5/2"	"3d5.(4P).4s.4p.(3P*)"	"4P*"	"3/2"		"T6892c83"	"L18349c140"	
"135.4012"	"0.0002"	"135.401309"	"0.000006"	"4000"	"5.e+06"	"1.4e-03"	"-2.1"	D	"20830.5534"	"94685.083"	"3d6.(3P2).4s"	"b 4P"	"5/2"	"3d5.(4D).4s.4p.(3P*)"	"6P*"	"5/2"		"T6892c83"	"L18349c140"	
"135.4461"	"0.0002"	"135.446125"	"0.000006"	"4000"	"6.e+06"	"1.2e-03"	"-1.9"	D	"25805.3270"	"99635.420"	"3d6.(3G).4s"	"a 4G"	"9/2"	"3d5.(4G).4s.4p.(3P*)"	"2G*"	"7/2"		"T6892c83"	"L18349c140"	
"135.4742"	"0.0002"	"135.474339"	"0.000006"	"7000"	"3.2e+07"	"8.e-03"	"-1.0"	E	"32875.6409"	"106690.358"	"3d6.(1I).4s"	"a 2I"	"13/2"	"3d5.(2I).4s.4p.(3P*)"	"2H*"	"11/2"		"T6892c83"	"L18349c140"	
"135.5371"	"0.0002"	"135.537214"	"0.000007"	"800"	"4.6e+06"	"1.3e-03"	"-1.8"	D	"32909.883"	"106690.358"	"3d6.(1I).4s"	"a 2I"	"11/2"	"3d5.(2I).4s.4p.(3P*)"	"2H*"	"11/2"		"T6892c83"	"L18349c140"	
"135.8931"	"0.0002"	"135.893513"	"0.000018"	"7000"	"2.3e+08"	"5.3e-02"	"-0.19"	D+	"26170.1810"	"99757.211"	"3d6.(3H).4s"	"b 2H"	"11/2"	"3d5.(4G).4s.4p.(3P*)"	"2G*"	"9/2"		"T6892c83"	"L18349c140"	
"135.9050"	"0.0002"	"135.905527"	"0.000006"	"7000"	"1.4e+08"	"3.0e-02"	"-0.52"	D+	"22637.1950"	"96217.720"	"3d6.(3F2).4s"	"b 4F"	"9/2"	"3d5.(4P).4s.4p.(3P*)"	"4D*"	"7/2"		"T6892c83"	"L18349c140"	
"136.0440"	"0.0002"	"136.044448"	"0.000009"	"8000"	"1.5e+08"	"5.e-02"	"-0.4"	E	"33501.2957"	"107006.684"	"3d6.(1G2).4s"	"c 2G"	"7/2"	"3d5.(2I).4s.4p.(3P*)"	"2H*"	"9/2"		"T6892c83"	"L18349c140"	
"136.0849"	"0.0002"	"136.08576"	"0.00003"	"8000"	"3.4e+07"	"8.e-03"	"-1.02"	D+	"26170.1810"	"99653.257"	"3d6.(3H).4s"	"b 2H"	"11/2"	"3d6.(1G1).4p"	"2G*"	"9/2"		"T6892c83"	"L18349c140"	
"136.1359"	"0.0002"	"136.136322"	"0.000011"	"8000"	"1.3e+08"	"3.0e-02"	"-0.53"	D+	"26352.7671"	"99808.549"	"3d6.(3H).4s"	"b 2H"	"9/2"	"3d6.(1G1).4p"	"2G*"	"7/2"		"T6892c83"	"L18349c140"	
"136.2258"	"0.0002"	"136.226096"	"0.000006"	"7000"	"1.4e+07"	"3.9e-03"	"-1.50"	D+	"22810.3459"	"96217.720"	"3d6.(3F2).4s"	"b 4F"	"7/2"	"3d5.(4P).4s.4p.(3P*)"	"4D*"	"7/2"		"T6892c83"	"L18349c140"	
"136.2757"	"0.0002"	"136.275374"	"0.000006"	"8000"	"9.e+07"	"2.5e-02"	"-0.82"	D+	"20830.5534"	"94211.383"	"3d6.(3P2).4s"	"b 4P"	"5/2"	"3d5.(4P).4s.4p.(3P*)"	"4P*"	"5/2"		"T6892c83"	"L18349c140"	
"136.4377"	"0.0002"	"136.438368"	"0.000007"	"8000"	"3.5e+07"	"1.0e-02"	"-1.24"	D+	"13474.4474"	"86767.614"	"3d7"	"a 4P"	"5/2"	"3d6.(3P1).4p"	"v 4D*"	"5/2"		"T6892c83"	"L18349c140"	
"136.4572"	"0.0002"	"136.457942"	"0.000006"	"8000"	"1.6e+08"	"3.6e-02"	"-0.45"	D+	"26352.7671"	"99635.420"	"3d6.(3H).4s"	"b 2H"	"9/2"	"3d5.(4G).4s.4p.(3P*)"	"2G*"	"7/2"		"T6892c83"	"L18349c140"	
"136.4755"	"0.0002"	"136.475276"	"0.000007"	"8000"	"7.e+07"	"2.2e-02"	"-0.6"	E	"32909.883"	"106183.228"	"3d6.(1I).4s"	"a 2I"	"11/2"	"3d5.(2I).4s.4p.(3P*)"	"2K*"	"13/2"		"T6892c83"	"L18349c140"	
"136.5669"	"0.0002"	"136.567500"	"0.000006"	"7000"	"1.2e+08"	"4.1e-02"	"-0.4"	E	"33466.4943"	"106690.358"	"3d6.(1G2).4s"	"c 2G"	"9/2"	"3d5.(2I).4s.4p.(3P*)"	"2H*"	"11/2"		"T6892c83"	"L18349c140"	
"136.5744"	"0.0002"	"136.574528"	"0.000006"	"3600"	"2.5e+07"	"3.5e-03"	"-1.9"	D	"25787.5816"	"99007.677"	"3d6.(3P2).4s"	"b 2P"	"3/2"	"3d5.(4D).4s.4p.(3P*)"	"4D*"	"1/2"		"T6892c83"	"L18349c140"	
"136.6386"	"0.0002"	"136.639142"	"0.000009"	"8000"	"1.3e+08"	"2.6e-02"	"-0.68"	D+	"22810.3459"	"95995.817"	"3d6.(3F2).4s"	"b 4F"	"7/2"	"3d5.(4P).4s.4p.(3P*)"	"4D*"	"5/2"		"T6892c83"	"L18349c140"	
"136.6714"	"0.0002"	"136.672332"	"0.000015"	"7000"	"1.2e+08"	"2.8e-02"	"-0.47"	D+	"25428.7893"	"98596.488"	"3d6.(3G).4s"	"a 4G"	"11/2"	"3d5.(4D).4s.4p.(3P*)"	"4F*"	"9/2"		"T6892c83"	"L18349c140"	
"136.7158"	"0.0002"	"136.715949"	"0.000009"	"7000"	"1.0e+07"	"2.4e-03"	"-1.5"	D	"20340.2461"	"93484.602"	"3d7"	"a 2H"	"11/2"	"3d6.(3F1).4p"	"u 4F*"	"9/2"		"T6892c83"	"L18349c140"	
"136.7297"	"0.0002"	"136.729875"	"0.000007"	"6000"	"1.7e+07"	"1.0e-02"	"-1.7"	D	"31368.453"	"104505.359"	"3d6.(3D).4s"	"b 4D"	"1/2"	"3d5.(2D3).4s.4p.(3P*)"	"4F*"	"3/2"		"T6892c83"	"L18349c140"	
"136.8255"	"0.0002"	"136.82593"	"0.00006"	"8000"	"1.3e+08"	"2.7e-02"	"-0.66"	D+	"27314.9183"	"100400.48"	"3d6.(3F2).4s"	"a 2F"	"7/2"	"3d5.(4P).4s.4p.(3P*)"	"2D*"	"5/2"		"T6892c83"	"L18349c140"	
"136.8568"	"0.0002"	"136.85781"	"0.00004"	"7000bl(Fe II)*"	"8.e+07"	"1.2e-02"	"-1.33"	D+	"21812.0454"	"94880.585"	"3d6.(3P2).4s"	"b 4P"	"3/2"	"3d5.(4P).4s.4p.(3P*)"	"4P*"	"1/2"		"T6892c83"	"L18349c140"	
"136.8802"	"0.0002"	"136.880424"	"0.000009"	"7000"	"2.5e+07"	"7.1e-03"	"-1.37"	D+	"22939.3512"	"95995.817"	"3d6.(3F2).4s"	"b 4F"	"5/2"	"3d5.(4P).4s.4p.(3P*)"	"4D*"	"5/2"		"T6892c83"	"L18349c140"	
"136.9699"	"0.0002"	"136.971080"	"0.000008"	"8000bl(Fe II)*"	"1.5e+07"	"5.6e-03"	"-1.47"	D+	"13474.4474"	"86482.560"	"3d7"	"a 4P"	"5/2"	"3d6.(1F).4p"	"u 2F*"	"7/2"		"T6892c83"	"L18349c140"	
"136.9850"	"0.0002"	"136.985537"	"0.000006"	"7000"	"5.3e+07"	"1.5e-02"	"-1.05"	D+	"20830.5534"	"93830.961"	"3d6.(3P2).4s"	"b 4P"	"5/2"	"3d5.(4D).4s.4p.(3P*)"	"6D*"	"5/2"		"T6892c83"	"L18349c140"	
"137.0187"	"0.0002"	"137.01875"	"0.00003"	"3600"	"3.6e+07"	"1.0e-02"	"-1.39"	D+	"25787.5816"	"98770.295"	"3d6.(3P2).4s"	"b 2P"	"3/2"	"3d5.(4D).4s.4p.(3P*)"	"4D*"	"3/2"		"T6892c83"	"L18349c140"	
"137.1017"	"0.0002"	"137.10283"	"0.00003"	"8000"	"1.7e+08"	"4.2e-02"	"-0.23"	D+	"21251.5833"	"94189.536"	"3d6.(3H).4s"	"a 4H"	"13/2"	"3d5.(4G).4s.4p.(3P*)"	"w 4G*"	"11/2"		"T6892c83"	"L18349c140"	
"137.1229"	"0.0002"	"137.123254"	"0.000008"	"6000"	"1.0e+07"	"2.9e-03"	"-1.9"	D	"21812.0454"	"94739.136"	"3d6.(3P2).4s"	"b 4P"	"3/2"	"3d5.(4P).4s.4p.(3P*)"	"4P*"	"3/2"		"T6892c83"	"L18349c140"	
"137.1385"	"0.0002"	"137.138621"	"0.000008"	"7000"	"1.2e+08"	"2.3e-02"	"-0.86"	D+	"22939.3512"	"95858.270"	"3d6.(3F2).4s"	"b 4F"	"5/2"	"3d5.(4P).4s.4p.(3P*)"	"4D*"	"3/2"		"T6892c83"	"L18349c140"	
"137.2230"	"0.0002"	"137.222733"	"0.000008"	"4000"	"9.e+06"	"3.8e-03"	"-1.8"	D	"13673.2045"	"86547.427"	"3d7"	"a 4P"	"3/2"	"3d6.(1F).4p"	"u 2F*"	"5/2"		"T6892c83"	"L18349c140"	
"137.3118"	"0.0002"	"137.311736"	"0.000008"	"7000"	"3.0e+07"	"9.e-03"	"-1.47"	D+	"23031.2829"	"95858.270"	"3d6.(3F2).4s"	"b 4F"	"3/2"	"3d5.(4P).4s.4p.(3P*)"	"4D*"	"3/2"		"T6892c83"	"L18349c140"	
"137.3714"	"0.0002"	"137.37180"	"0.00004"	"7000"	"2.7e+08"	"6.1e-02"	"-0.22"	D+	"30388.5451"	"103183.69"	"3d6.(3G).4s"	"b 2G"	"9/2"	"3d5.(4D).4s.4p.(3P*)"	"2F*"	"7/2"		"T6892c83"	"L18349c140"	
"137.3788"	"0.0002"	"137.379317"	"0.000015"	"3500"	"6.e+06"	"1.7e-03"	"-1.8"	D	"25805.3270"	"98596.488"	"3d6.(3G).4s"	"a 4G"	"9/2"	"3d5.(4D).4s.4p.(3P*)"	"4F*"	"9/2"		"T6892c83"	"L18349c140"	
"137.4830"	"0.0002"	"137.482956"	"0.000011"	"6000"	"1.5e+08"	"2.2e-02"	"-1.06"	D+	"23031.2829"	"95767.572"	"3d6.(3F2).4s"	"b 4F"	"3/2"	"3d5.(4P).4s.4p.(3P*)"	"4D*"	"1/2"		"T6892c83"	"L18349c140"	
"137.4930"	"0.0002"	"137.493551"	"0.000008"	"7000"	"9.e+07"	"2.1e-02"	"-0.67"	D+	"25805.3270"	"98536.011"	"3d6.(3G).4s"	"a 4G"	"9/2"	"3d5.(4D).4s.4p.(3P*)"	"4F*"	"7/2"		"T6892c83"	"L18349c140"	
"137.5176"	"0.0002"	"137.51747"	"0.00004"	"7000bl(Fe II)*"	"1.7e+08"	"3.9e-02"	"-0.33"	D+	"21430.3564"	"94148.39"	"3d6.(3H).4s"	"a 4H"	"11/2"	"3d5.(4G).4s.4p.(3P*)"	"w 4G*"	"9/2"		"T6892c83"	"L18349c140"	
"137.5231"	"0.0005"	"137.52211"	"0.00003"	"5000bl(Fe II)*"	"2.0e+07"	"2.8e-03"	"-2.0"	D	"13673.2045"	"86388.786"	"3d7"	"a 4P"	"3/2"	"3d6.(3P1).4p"	"v 4D*"	"1/2"		"T6892c83"	"L18349c141"	
"137.5857"	"0.0002"	"137.585856"	"0.000008"	"4000"	"3.6e+06"	"8.e-04"	"-2.1"	D	"20805.7632"	"93487.653"	"3d7"	"a 2H"	"9/2"	"3d6.(3F1).4p"	"u 4F*"	"7/2"		"T6892c83"	"L18349c140"	
"137.6664"	"0.0002"	"137.667015"	"0.000015"	"7000"	"5.2e+07"	"2.9e-02"	"-1.23"	D+	"13904.8604"	"86543.902"	"3d7"	"a 4P"	"1/2"	"3d6.(3P1).4p"	"v 4D*"	"3/2"		"T6892c83"	"L18349c140"	
"137.6890"	"0.0002"	"137.689137"	"0.000006"	"6000bl(Fe III)"	"8.e+06"	"1.9e-03"	"-1.7"	D	"21430.3564"	"94057.727"	"3d6.(3H).4s"	"a 4H"	"11/2"	"3d5.(4D).4s.4p.(3P*)"	"6D*"	"9/2"		"T6892c83"	"L18349c140"	
"137.7675"	"0.0002"	"137.767627"	"0.000013"	"6000"	"2.9e+07"	"6.6e-03"	"-1.18"	D+	"25805.3270"	"98391.320"	"3d6.(3G).4s"	"a 4G"	"9/2"	"3d5.(4D).4s.4p.(3P*)"	"4D*"	"7/2"		"T6892c83"	"L18349c140"	
"137.7983"	"0.0002"	"137.79862"	"0.00006"	"7000bl(Fe II)*"	"2.7e+08"	"5.7e-02"	"-0.34"	D+	"30764.4737"	"103334.14"	"3d6.(3G).4s"	"b 2G"	"7/2"	"3d5.(4D).4s.4p.(3P*)"	"2F*"	"5/2"		"T6892c83"	"L18349c140"	
"137.8277"	"0.0002"	"137.827681"	"0.000008"	"6000"	"9.e+06"	"2.7e-03"	"-1.7"	D	"25981.6451"	"98536.011"	"3d6.(3G).4s"	"a 4G"	"7/2"	"3d5.(4D).4s.4p.(3P*)"	"4F*"	"7/2"		"T6892c83"	"L18349c140"	
"137.8344"	"0.0002"	"137.834502"	"0.000006"	"6000"	"2.7e+07"	"8.e-03"	"-1.5"	D	"25787.5816"	"98338.357"	"3d6.(3P2).4s"	"b 2P"	"3/2"	"3d5.(4P).4s.4p.(3P*)"	"4S*"	"3/2"		"T6892c83"	"L18349c140"	
"137.9463"	"0.0002"	"137.946863"	"0.000006"	"7000"	"1.7e+08"	"3.9e-02"	"-0.41"	D+	"21581.6151"	"94073.296"	"3d6.(3H).4s"	"a 4H"	"9/2"	"3d5.(4G).4s.4p.(3P*)"	"w 4G*"	"7/2"		"T6892c83"	"L18349c140"	
"137.9608"	"0.0002"	"137.96162"	"0.00003"	"7000bl(Fe II)*"	"1.0e+08"	"2.9e-02"	"-1.24"	D+	"13904.8604"	"86388.786"	"3d7"	"a 4P"	"1/2"	"3d6.(3P1).4p"	"v 4D*"	"1/2"		"T6892c83"	"L18349c140"	
"138.0406"	"0.0002"	"138.040910"	"0.000019"	"7000bl(Fe II)*"	"8.e+07"	"2.9e-02"	"-0.63"	D+	"27314.9183"	"99757.211"	"3d6.(3F2).4s"	"a 2F"	"7/2"	"3d5.(4G).4s.4p.(3P*)"	"2G*"	"9/2"		"T6892c83"	"L18349c140"	
"138.0711"	"0.0002"	"138.071378"	"0.000015"	"6000"	"1.2e+07"	"2.8e-03"	"-1.47"	D+	"26170.1810"	"98596.488"	"3d6.(3H).4s"	"b 2H"	"11/2"	"3d5.(4D).4s.4p.(3P*)"	"4F*"	"9/2"		"T6892c83"	"L18349c140"	
"138.0848"	"0.0002"	"138.08490"	"0.00004"	"2100"	"5.e+06"	"1.4e-03"	"-2.0"	D	"30764.4737"	"103183.69"	"3d6.(3G).4s"	"b 2G"	"7/2"	"3d5.(4D).4s.4p.(3P*)"	"2F*"	"7/2"		"T6892c83"	"L18349c140"	
"138.1219"	"0.0002"	"138.122811"	"0.000006"	"7000"	"2.9e+07"	"1.2e-02"	"-1.30"	D+	"21812.0454"	"94211.383"	"3d6.(3P2).4s"	"b 4P"	"3/2"	"3d5.(4P).4s.4p.(3P*)"	"4P*"	"5/2"		"T6892c83"	"L18349c140"	
"138.1729"	"0.0002"	"138.173055"	"0.000008"	"7000"	"1.3e+08"	"2.7e-02"	"-0.67"	D+	"25981.6451"	"98354.656"	"3d6.(3G).4s"	"a 4G"	"7/2"	"3d5.(4D).4s.4p.(3P*)"	"4F*"	"5/2"		"T6892c83"	"L18349c140"	
"138.2393"	"0.0002"	"138.23928"	"0.00003"	"7000"	"2.8e+06"	"1.0e-03"	"-2.1"	D	"27314.9183"	"99653.257"	"3d6.(3F2).4s"	"a 2F"	"7/2"	"3d6.(1G1).4p"	"2G*"	"9/2"		"T6892c83"	"L18349c140"	
"138.2564"	"0.0002"	"138.256522"	"0.000008"	"6000"	"1.7e+07"	"1.0e-02"	"-1.7"	D	"22409.8178"	"94739.136"	"3d6.(3P2).4s"	"b 4P"	"1/2"	"3d5.(4P).4s.4p.(3P*)"	"4P*"	"3/2"		"T6892c83"	"L18349c140"	
"138.2729"	"0.0002"	"138.273377"	"0.000006"	"1600"	"3.5e+06"	"1.0e-03"	"-2.1"	D	"27314.9183"	"99635.420"	"3d6.(3F2).4s"	"a 2F"	"7/2"	"3d5.(4G).4s.4p.(3P*)"	"2G*"	"7/2"		"T6892c83"	"L18349c140"	
"138.3144"	"0.0002"	"138.314033"	"0.000008"	"6000"	"1.2e+07"	"3.5e-03"	"-1.7"	D	"26055.4120"	"98354.656"	"3d6.(3G).4s"	"a 4G"	"5/2"	"3d5.(4D).4s.4p.(3P*)"	"4F*"	"5/2"		"T6892c83"	"L18349c140"	
"138.3574"	"0.0002"	"138.357970"	"0.000006"	"7000"	"1.7e+08"	"3.7e-02"	"-0.53"	D+	"21711.8963"	"93988.181"	"3d6.(3H).4s"	"a 4H"	"7/2"	"3d5.(4G).4s.4p.(3P*)"	"w 4G*"	"5/2"		"T6892c83"	"L18349c140"	
"138.4669"	"0.0002"	"138.467094"	"0.000006"	"7000"	"6.9e+07"	"1.0e-02"	"-1.40"	D+	"21812.0454"	"94031.370"	"3d6.(3P2).4s"	"b 4P"	"3/2"	"3d5.(4D).4s.4p.(3P*)"	"6D*"	"1/2"		"T6892c83"	"L18349c140"	
"138.5269"	"0.0002"	"138.526899"	"0.000012"	"7000"	"5.3e+07"	"2.0e-02"	"-0.92"	D+	"27620.4033"	"99808.549"	"3d6.(3F2).4s"	"a 2F"	"5/2"	"3d6.(1G1).4p"	"2G*"	"7/2"		"T6892c83"	"L18349c140"	
"138.6182"	"0.0002"	"138.617958"	"0.000008"	"7000bl(Fe II)*"	"1.4e+08"	"2.6e-02"	"-0.80"	D+	"26055.4120"	"98196.137"	"3d6.(3G).4s"	"a 4G"	"5/2"	"3d5.(4D).4s.4p.(3P*)"	"4F*"	"3/2"		"T6892c83"	"L18349c140"	
"138.6798"	"0.0002"	"138.679577"	"0.000006"	"1200"	"2.2e+06"	"6.e-04"	"-2.1"	D	"26170.1810"	"98278.852"	"3d6.(3H).4s"	"b 2H"	"11/2"	"3d6.(1G1).4p"	"2H*"	"11/2"		"T6892c83"	"L18349c140"	
"138.7446"	"0.0002"	"138.744475"	"0.000006"	"5000bl(Fe II)*"	"3.6e+07"	"1.0e-02"	"-1.7"	D	"26932.7348"	"99007.677"	"3d6.(3P2).4s"	"b 2P"	"1/2"	"3d5.(4D).4s.4p.(3P*)"	"4D*"	"1/2"		"T6892c83"	"L18349c140"	
"138.8343"	"0.0002"	"138.834204"	"0.000006"	"4000"	"9.e+06"	"2.7e-03"	"-2.0"	D	"21812.0454"	"93840.405"	"3d6.(3P2).4s"	"b 4P"	"3/2"	"3d5.(4D).4s.4p.(3P*)"	"6D*"	"3/2"		"T6892c83"	"L18349c140"	
"138.8524"	"0.0002"	"138.852410"	"0.000006"	"6000"	"1.6e+07"	"7.e-03"	"-1.6"	D	"21812.0454"	"93830.961"	"3d6.(3P2).4s"	"b 4P"	"3/2"	"3d5.(4D).4s.4p.(3P*)"	"6D*"	"5/2"		"T6892c83"	"L18349c140"	
"138.8592"	"0.0002"	"138.859928"	"0.000006"	"7000"	"3.4e+07"	"1.3e-02"	"-1.10"	D+	"27620.4033"	"99635.420"	"3d6.(3F2).4s"	"a 2F"	"5/2"	"3d5.(4G).4s.4p.(3P*)"	"2G*"	"7/2"		"T6892c83"	"L18349c140"	
"139.2138"	"0.0002"	"139.214799"	"0.000006"	"8000"	"8.e+07"	"1.8e-02"	"-0.66"	D+	"20340.2461"	"92171.690"	"3d7"	"a 2H"	"11/2"	"3d6.(3F1).4p"	"u 2G*"	"9/2"		"T6892c83"	"L18349c140"	
"139.3217"	"0.0002"	"139.321787"	"0.000014"	"8000bl(Fe II)*"	"2.1e+07"	"5.1e-03"	"-1.21"	D+	"20340.2461"	"92116.529"	"3d7"	"a 2H"	"11/2"	"3d5.(4G).4s.4p.(3P*)"	"x 4H*"	"9/2"		"T6892c83"	"L18349c140"	
"139.7836"	"0.0002"	"139.784048"	"0.000008"	"8000"	"1.7e+08"	"5.1e-02"	"-0.69"	D+	"25787.5816"	"97326.503"	"3d6.(3P2).4s"	"b 2P"	"3/2"	"3d5.(4P).4s.4p.(3P*)"	"2P*"	"3/2"		"T6892c83"	"L18349c140"	
"139.8378"	"0.0002"	"139.83824"	"0.00004"	"8000"	"1.8e+07"	"5.3e-03"	"-1.28"	D+	"22637.1950"	"94148.39"	"3d6.(3F2).4s"	"b 4F"	"9/2"	"3d5.(4G).4s.4p.(3P*)"	"w 4G*"	"9/2"		"T6892c83"	"L18349c140"	
"139.8627"	"0.0002"	"139.862947"	"0.000014"	"1900"	"3.2e+06"	"9.e-04"	"-2.0"	D	"26352.7671"	"97851.332"	"3d6.(3H).4s"	"b 2H"	"9/2"	"3d6.(1G1).4p"	"2H*"	"9/2"		"T6892c83"	"L18349c140"	
"139.9055"	"0.0002"	"139.905718"	"0.000006"	"8000"	"1.9e+07"	"4.4e-03"	"-1.36"	D+	"20805.7632"	"92282.470"	"3d7"	"a 2H"	"9/2"	"3d5.(4G).4s.4p.(3P*)"	"v 4F*"	"7/2"		"T6892c83"	"L18349c140"	
"139.9957"	"0.0002"	"139.996049"	"0.000008"	"7000"	"1.8e+07"	"1.1e-02"	"-1.7"	D	"22409.8178"	"93840.405"	"3d6.(3P2).4s"	"b 4P"	"1/2"	"3d5.(4D).4s.4p.(3P*)"	"6D*"	"3/2"		"T6892c83"	"L18349c140"	
"140.1771"	"0.0002"	"140.17766"	"0.00004"	"7000"	"4.1e+07"	"1.5e-02"	"-0.91"	D+	"22810.3459"	"94148.39"	"3d6.(3F2).4s"	"b 4F"	"7/2"	"3d5.(4G).4s.4p.(3P*)"	"w 4G*"	"9/2"		"T6892c83"	"L18349c140"	
"140.3253"	"0.0002"	"140.325372"	"0.000006"	"7000"	"2.4e+07"	"7.0e-03"	"-1.25"	D+	"22810.3459"	"94073.296"	"3d6.(3F2).4s"	"b 4F"	"7/2"	"3d5.(4G).4s.4p.(3P*)"	"w 4G*"	"7/2"		"T6892c83"	"L18349c140"	
"140.5602"	"0.0002"	"140.560813"	"0.000006"	"8000"	"5.e+06"	"1.2e-03"	"-1.9"	D	"1872.5998"	"73016.184"	"3d7"	"a 4F"	"9/2"	"3d6.(1G2).4p"	"x 2F*"	"7/2"		"T6892c83"	"L18349c140"	
"140.5797"	"0.0002"	"140.579860"	"0.000006"	"7000"	"3.9e+07"	"1.5e-02"	"-1.03"	D+	"22939.3512"	"94073.296"	"3d6.(3F2).4s"	"b 4F"	"5/2"	"3d5.(4G).4s.4p.(3P*)"	"w 4G*"	"7/2"		"T6892c83"	"L18349c140"	
"140.7482"	"0.0002"	"140.748272"	"0.000006"	"7000"	"1.9e+07"	"5.7e-03"	"-1.47"	D+	"22939.3512"	"93988.181"	"3d6.(3F2).4s"	"b 4F"	"5/2"	"3d5.(4G).4s.4p.(3P*)"	"w 4G*"	"5/2"		"T6892c83"	"L18349c140"	
"140.8473"	"0.0005"	"140.848432"	"0.000010"	"9000"	"8.e+07"	"2.4e-02"	"-0.47"	D+	"21251.5833"	"92249.889"	"3d6.(3H).4s"	"a 4H"	"13/2"	"3d5.(4G).4s.4p.(3P*)"	"x 4H*"	"13/2"		"T6892c83"	"L18349c144"	
"140.9125"	"0.0002"	"140.91266"	"0.00010"	"1700"	"6.e+06"	"1.4e-03"	"-2.0"	D	"31483.1979"	"102449.14"	"3d6.(3D).4s"	"b 4D"	"7/2"	"3d5.(4D).4s.4p.(3P*)"	"2D*"	"5/2"		"T6892c83"	"L18349c140"	
"140.9307"	"0.0002"	"140.930625"	"0.000006"	"7000"	"4.2e+07"	"1.9e-02"	"-1.12"	D+	"23031.2829"	"93988.181"	"3d6.(3F2).4s"	"b 4F"	"3/2"	"3d5.(4G).4s.4p.(3P*)"	"w 4G*"	"5/2"		"T6892c83"	"L18349c140"	
"141.1423"	"0.0002"	"141.142348"	"0.000008"	"4000bl(Fe II)*"	"4.6e+06"	"1.1e-03"	"-2.0"	D	"22637.1950"	"93487.653"	"3d6.(3F2).4s"	"b 4F"	"9/2"	"3d6.(3F1).4p"	"u 4F*"	"7/2"		"T6892c83"	"L18349c140"	
"141.1481"	"0.0002"	"141.148426"	"0.000012"	"7000"	"2.7e+07"	"8.e-03"	"-1.09"	D+	"22637.1950"	"93484.602"	"3d6.(3F2).4s"	"b 4F"	"9/2"	"3d6.(3F1).4p"	"u 4F*"	"9/2"		"T6892c83"	"L18349c140"	
"141.2834"	"0.0002"	"141.284217"	"0.000006"	"7000"	"1.4e+07"	"3.4e-03"	"-1.47"	D+	"1872.5998"	"72651.914"	"3d7"	"a 4F"	"9/2"	"3d6.(3D).4p"	"w 4D*"	"7/2"		"T6892c83"	"L18349c140"	
"141.3698"	"0.0002"	"141.370609"	"0.000010"	"7000"	"8.e+07"	"2.3e-02"	"-0.56"	D+	"21430.3564"	"92166.417"	"3d6.(3H).4s"	"a 4H"	"11/2"	"3d5.(4G).4s.4p.(3P*)"	"x 4H*"	"11/2"		"T6892c83"	"L18349c140"	
"141.4880"	"0.0002"	"141.488130"	"0.000006"	"6000"	"1.7e+07"	"5.2e-03"	"-1.38"	D+	"22810.3459"	"93487.653"	"3d6.(3F2).4s"	"b 4F"	"7/2"	"3d6.(3F1).4p"	"u 4F*"	"7/2"		"T6892c83"	"L18349c140"	
"141.4941"	"0.0002"	"141.494238"	"0.000010"	"6000"	"5.e+06"	"1.8e-03"	"-1.8"	D	"22810.3459"	"93484.602"	"3d6.(3F2).4s"	"b 4F"	"7/2"	"3d6.(3F1).4p"	"u 4F*"	"9/2"		"T6892c83"	"L18349c140"	
"141.5763"	"0.0002"	"141.576347"	"0.000010"	"6000"	"1.6e+07"	"4.8e-03"	"-1.24"	D+	"25428.7893"	"96062.057"	"3d6.(3G).4s"	"a 4G"	"11/2"	"3d5.(4G).4s.4p.(3P*)"	"2H*"	"11/2"		"T6892c83"	"L18349c140"	
"141.6629"	"0.0002"	"141.662975"	"0.000006"	"6000"	"1.1e+07"	"3.2e-03"	"-1.50"	D+	"21581.6151"	"92171.690"	"3d6.(3H).4s"	"a 4H"	"9/2"	"3d6.(3F1).4p"	"u 2G*"	"9/2"		"T6892c83"	"L18349c140"	
"141.6723"	"0.0002"	"141.67304"	"0.00006"	"6000bl(Fe II)*"	"1.1e+07"	"2.6e-03"	"-1.7"	D	"22810.3459"	"93395.407"	"3d6.(3F2).4s"	"b 4F"	"7/2"	"3d6.(3F1).4p"	"u 4F*"	"5/2"		"T6892c83"	"L18349c140"	
"141.7467"	"0.0002"	"141.746856"	"0.000006"	"6000"	"6.e+06"	"2.5e-03"	"-1.8"	D	"22939.3512"	"93487.653"	"3d6.(3F2).4s"	"b 4F"	"5/2"	"3d6.(3F1).4p"	"u 4F*"	"7/2"		"T6892c83"	"L18349c140"	
"141.7733"	"0.0002"	"141.773761"	"0.000014"	"7000"	"6.4e+07"	"1.9e-02"	"-0.71"	D+	"21581.6151"	"92116.529"	"3d6.(3H).4s"	"a 4H"	"9/2"	"3d5.(4G).4s.4p.(3P*)"	"x 4H*"	"9/2"		"T6892c83"	"L18349c140"	
"141.9324"	"0.0002"	"141.93244"	"0.00006"	"6000"	"2.6e+07"	"8.e-03"	"-1.33"	D+	"22939.3512"	"93395.407"	"3d6.(3F2).4s"	"b 4F"	"5/2"	"3d6.(3F1).4p"	"u 4F*"	"5/2"		"T6892c83"	"L18349c140"	
"141.9446"	"0.0002"	"141.94446"	"0.00008"	"600"	"8.e+06"	"1.7e-03"	"-1.9"	D	"31999.049"	"102449.14"	"3d7"	"b 2F"	"7/2"	"3d5.(4D).4s.4p.(3P*)"	"2D*"	"5/2"		"T6892c83"	"L18349c140"	
"141.9779"	"0.0002"	"141.976707"	"0.000008"	"6000"	"6.e+06"	"1.7e-03"	"-1.8"	D	"25805.3270"	"96239.416"	"3d6.(3G).4s"	"a 4G"	"9/2"	"3d5.(4G).4s.4p.(3P*)"	"2H*"	"9/2"		"T6892c83"	"L18349c140"	
"142.0579"	"0.0002"	"142.058030"	"0.000008"	"6000bl(Fe II)*"	"2.3e+07"	"1.4e-02"	"-1.6"	D	"26932.7348"	"97326.503"	"3d6.(3P2).4s"	"b 2P"	"1/2"	"3d5.(4P).4s.4p.(3P*)"	"2P*"	"3/2"		"T6892c83"	"L18349c140"	
"142.0673"	"0.0002"	"142.067245"	"0.000008"	"6000bl(Fe II)*"	"1.5e+07"	"3.0e-03"	"-1.7"	D	"22939.3512"	"93328.553"	"3d6.(3F2).4s"	"b 4F"	"5/2"	"3d6.(3F1).4p"	"u 4F*"	"3/2"		"T6892c83"	"L18349c140"	
"142.0908"	"0.0002"	"142.09158"	"0.00006"	"7000"	"8.e+07"	"2.3e-02"	"-0.73"	D+	"21711.8963"	"92089.043"	"3d6.(3H).4s"	"a 4H"	"7/2"	"3d5.(4G).4s.4p.(3P*)"	"x 4H*"	"7/2"		"T6892c83"	"L18349c140"	
"142.1178"	"0.0002"	"142.11788"	"0.00006"	"6000"	"9.e+06"	"4.0e-03"	"-1.8"	D	"23031.2829"	"93395.407"	"3d6.(3F2).4s"	"b 4F"	"3/2"	"3d6.(3F1).4p"	"u 4F*"	"5/2"		"T6892c83"	"L18349c140"	
"142.1364"	"0.0002"	"142.136476"	"0.000020"	"2000"	"8.e+06"	"2.5e-03"	"-2.0"	D	"36126.412"	"106481.329"	"3d6.(3D).4s"	"b 2D"	"3/2"	"3d5.(4F).4s.4p.(3P*)"	"6F*"	"3/2"		"T6892c83"	"L18349c140"	
"142.1469"	"0.0002"	"142.146847"	"0.000016"	"2000"	"1.5e+07"	"2.2e-03"	"-2.0"	D	"36126.412"	"106476.196"	"3d6.(3D).4s"	"b 2D"	"3/2"	"3d5.(4F).4s.4p.(3P*)"	"6F*"	"1/2"		"T6892c83"	"L18349c140"	
"142.2085"	"0.0002"	"142.207998"	"0.000010"	"6000"	"9.e+06"	"2.7e-03"	"-1.7"	D	"22810.3459"	"93129.879"	"3d6.(3F2).4s"	"b 4F"	"7/2"	"3d6.(3F1).4p"	"4D*"	"7/2"		"T6892c83"	"L18349c140"	
"142.2531"	"0.0002"	"142.253035"	"0.000008"	"6000"	"4.5e+07"	"1.4e-02"	"-1.27"	D+	"23031.2829"	"93328.553"	"3d6.(3F2).4s"	"b 4F"	"3/2"	"3d6.(3F1).4p"	"u 4F*"	"3/2"		"T6892c83"	"L18349c140"	
"142.3045"	"0.0002"	"142.304204"	"0.000008"	"500"	"1.0e+07"	"3.2e-03"	"-1.9"	D	"36126.412"	"106398.405"	"3d6.(3D).4s"	"b 2D"	"3/2"	"3d5.(4D).4s.4p.(3P*)"	"2P*"	"3/2"		"T6892c83"	"L18349c140"	
"142.3925"	"0.0002"	"142.392540"	"0.000020"	"5000"	"8.e+07"	"1.7e-02"	"-1.0"	E	"36252.931"	"106481.329"	"3d6.(3D).4s"	"b 2D"	"5/2"	"3d5.(4F).4s.4p.(3P*)"	"6F*"	"3/2"		"T6892c83"	"L18349c140"	
"142.4027"	"0.0002"	"142.40288"	"0.00003"	"6000"	"1.3e+08"	"3.0e-02"	"-0.61"	D+	"31483.1979"	"101706.498"	"3d6.(3D).4s"	"b 4D"	"7/2"	"3d5.(4D).4s.4p.(3P*)"	"4P*"	"5/2"		"T6892c83"	"L18349c140"	
"142.4306"	"0.0002"	"142.43082"	"0.00003"	"6000"	"4.1e+07"	"1.3e-02"	"-1.30"	D+	"31364.4554"	"101573.977"	"3d6.(3D).4s"	"b 4D"	"3/2"	"3d5.(4D).4s.4p.(3P*)"	"4P*"	"3/2"		"T6892c83"	"L18349c140"	
"142.4598"	"0.0002"	"142.459791"	"0.000008"	"5000bl(Fe II)*"	"5.e+06"	"2.2e-03"	"-2.1"	D	"13673.2045"	"83868.450"	"3d7"	"a 4P"	"3/2"	"3d6.(1F).4p"	"v 2D*"	"5/2"		"T6892c83"	"L18349c140"	
"142.4722"	"0.0002"	"142.471732"	"0.000006"	"6000"	"2.0e+07"	"4.5e-03"	"-1.44"	D+	"2430.1369"	"72619.499"	"3d7"	"a 4F"	"7/2"	"3d6.(3D).4p"	"w 4D*"	"5/2"		"T6892c83"	"L18349c140"	
"142.4784"	"0.0002"	"142.47856"	"0.00003"	"5000"	"1.1e+08"	"2.2e-02"	"-0.87"	D+	"31387.9788"	"101573.977"	"3d6.(3D).4s"	"b 4D"	"5/2"	"3d5.(4D).4s.4p.(3P*)"	"4P*"	"3/2"		"T6892c83"	"L18349c140"	
"142.5611"	"0.0002"	"142.560873"	"0.000008"	"6000"	"1.1e+08"	"2.3e-02"	"-0.9"	E	"36252.931"	"106398.405"	"3d6.(3D).4s"	"b 2D"	"5/2"	"3d5.(4D).4s.4p.(3P*)"	"2P*"	"3/2"		"T6892c83"	"L18349c140"	
"142.7165"	"0.0002"	"142.715987"	"0.000008"	"1400"	"2.5e+06"	"6.e-04"	"-2.1"	D	"26170.1810"	"96239.416"	"3d6.(3H).4s"	"b 2H"	"11/2"	"3d5.(4G).4s.4p.(3P*)"	"2H*"	"9/2"		"T6892c83"	"L18349c140"	
"142.7797"	"0.0002"	"142.77981"	"0.00006"	"5000"	"8.e+07"	"1.3e-02"	"-1.30"	D+	"31364.4554"	"101402.37"	"3d6.(3D).4s"	"b 4D"	"3/2"	"3d5.(4D).4s.4p.(3P*)"	"4P*"	"1/2"		"T6892c83"	"L18349c140"	
"142.7879"	"0.0002"	"142.78796"	"0.00006"	"5000"	"6.8e+07"	"2.1e-02"	"-1.38"	D+	"31368.453"	"101402.37"	"3d6.(3D).4s"	"b 4D"	"1/2"	"3d5.(4D).4s.4p.(3P*)"	"4P*"	"1/2"		"T6892c83"	"L18349c140"	
"142.8692"	"0.0002"	"142.86931"	"0.00004"	"5000"	"1.9e+08"	"2.9e-02"	"-0.9"	E	"36126.412"	"106120.45"	"3d6.(3D).4s"	"b 2D"	"3/2"	"3d5.(4D).4s.4p.(3P*)"	"2P*"	"1/2"		"T6892c83"	"L18349c140"	
"143.0782"	"0.0002"	"143.078145"	"0.000012"	"5000bl(Fe II)*"	"1.2e+08"	"3.6e-02"	"-0.36"	D+	"26170.1810"	"96062.057"	"3d6.(3H).4s"	"b 2H"	"11/2"	"3d5.(4G).4s.4p.(3P*)"	"2H*"	"11/2"		"T6892c83"	"L18349c140"	
"143.0895"	"0.0002"	"143.088847"	"0.000008"	"5000"	"1.3e+08"	"3.9e-02"	"-0.41"	D+	"26352.7671"	"96239.416"	"3d6.(3H).4s"	"b 2H"	"9/2"	"3d5.(4G).4s.4p.(3P*)"	"2H*"	"9/2"		"T6892c83"	"L18349c140"	
"143.2820"	"0.0002"	"143.282148"	"0.000006"	"3100"	"8.e+06"	"2.4e-03"	"-1.7"	D	"22810.3459"	"92602.711"	"3d6.(3F2).4s"	"b 4F"	"7/2"	"3d6.(3F1).4p"	"u 2G*"	"7/2"		"T6892c83"	"L18349c140"	
"143.2872"	"0.0002"	"143.287472"	"0.000006"	"5000"	"4.1e+07"	"1.3e-02"	"-0.90"	D+	"22637.1950"	"92426.967"	"3d6.(3F2).4s"	"b 4F"	"9/2"	"3d5.(4G).4s.4p.(3P*)"	"v 4F*"	"9/2"		"T6892c83"	"L18349c140"	
"143.4995"	"0.0002"	"143.499652"	"0.000006"	"6000"	"1.9e+07"	"3.9e-03"	"-1.6"	D	"2837.9807"	"72524.561"	"3d7"	"a 4F"	"5/2"	"3d6.(3D).4p"	"w 4D*"	"3/2"		"T6892c83"	"L18349c140"	
"143.5847"	"0.0002"	"143.584759"	"0.000006"	"5000"	"8.e+06"	"2.0e-03"	"-1.7"	D	"22637.1950"	"92282.470"	"3d6.(3F2).4s"	"b 4F"	"9/2"	"3d5.(4G).4s.4p.(3P*)"	"v 4F*"	"7/2"		"T6892c83"	"L18349c140"	
"143.6439"	"0.0002"	"143.643857"	"0.000006"	"5000bl(Fe II)*"	"5.e+06"	"1.9e-03"	"-1.8"	D	"22810.3459"	"92426.967"	"3d6.(3F2).4s"	"b 4F"	"7/2"	"3d5.(4G).4s.4p.(3P*)"	"v 4F*"	"9/2"		"T6892c83"	"L18349c140"	
"143.8132"	"0.0002"	"143.813513"	"0.000006"	"5000bl(Fe II)*"	"1.9e+07"	"5.8e-03"	"-1.24"	D+	"22637.1950"	"92171.690"	"3d6.(3F2).4s"	"b 4F"	"9/2"	"3d6.(3F1).4p"	"u 2G*"	"9/2"		"T6892c83"	"L18349c140"	
"143.8444"	"0.0002"	"143.844411"	"0.000006"	"5000"	"8.e+06"	"1.8e-03"	"-1.8"	D	"22810.3459"	"92329.905"	"3d6.(3F2).4s"	"b 4F"	"7/2"	"3d5.(4G).4s.4p.(3P*)"	"v 4F*"	"5/2"		"T6892c83"	"L18349c140"	
"143.9424"	"0.0002"	"143.942626"	"0.000006"	"5000"	"3.4e+07"	"1.0e-02"	"-1.08"	D+	"22810.3459"	"92282.470"	"3d6.(3F2).4s"	"b 4F"	"7/2"	"3d5.(4G).4s.4p.(3P*)"	"v 4F*"	"7/2"		"T6892c83"	"L18349c140"	
"143.9599"	"0.0002"	"143.959923"	"0.000006"	"4000"	"5.e+06"	"1.2e-03"	"-2.0"	D	"22810.3459"	"92274.123"	"3d6.(3F2).4s"	"b 4F"	"7/2"	"3d6.(3P1).4p"	"4P*"	"5/2"		"T6892c83"	"L18349c140"	
"144.0522"	"0.0002"	"144.052213"	"0.000006"	"4000"	"8.e+06"	"1.6e-03"	"-2.0"	D	"22939.3512"	"92358.625"	"3d6.(3F2).4s"	"b 4F"	"5/2"	"3d5.(4G).4s.4p.(3P*)"	"v 4F*"	"3/2"		"T6892c83"	"L18349c140"	
"144.1117"	"0.0002"	"144.111834"	"0.000006"	"5000"	"1.9e+07"	"5.9e-03"	"-1.45"	D+	"22939.3512"	"92329.905"	"3d6.(3F2).4s"	"b 4F"	"5/2"	"3d5.(4G).4s.4p.(3P*)"	"v 4F*"	"5/2"		"T6892c83"	"L18349c140"	
"144.1574"	"0.0002"	"144.157306"	"0.000021"	"5000bl(Fe II)*"	"9.e+07"	"2.8e-02"	"-0.55"	D+	"30388.5451"	"99757.211"	"3d6.(3G).4s"	"b 2G"	"9/2"	"3d5.(4G).4s.4p.(3P*)"	"2G*"	"9/2"		"T6892c83"	"L18349c140"	
"144.1726"	"0.0002"	"144.172523"	"0.000006"	"4000"	"3.4e+06"	"1.3e-03"	"-2.0"	D	"22810.3459"	"92171.690"	"3d6.(3F2).4s"	"b 4F"	"7/2"	"3d6.(3F1).4p"	"u 2G*"	"9/2"		"T6892c83"	"L18349c140"	
"144.2104"	"0.0002"	"144.210416"	"0.000006"	"5000"	"9.e+06"	"3.8e-03"	"-1.6"	D	"22939.3512"	"92282.470"	"3d6.(3F2).4s"	"b 4F"	"5/2"	"3d5.(4G).4s.4p.(3P*)"	"v 4F*"	"7/2"		"T6892c83"	"L18349c140"	
"144.2277"	"0.0002"	"144.227777"	"0.000006"	"5000"	"1.4e+07"	"4.4e-03"	"-1.6"	D	"22939.3512"	"92274.123"	"3d6.(3F2).4s"	"b 4F"	"5/2"	"3d6.(3P1).4p"	"4P*"	"5/2"		"T6892c83"	"L18349c140"	
"144.2431"	"0.0002"	"144.243234"	"0.000006"	"5000"	"2.4e+07"	"7.5e-03"	"-1.52"	D+	"23031.2829"	"92358.625"	"3d6.(3F2).4s"	"b 4F"	"3/2"	"3d5.(4G).4s.4p.(3P*)"	"v 4F*"	"3/2"		"T6892c83"	"L18349c140"	
"144.2746"	"0.0002"	"144.274772"	"0.000010"	"5000"	"1.8e+07"	"2.8e-03"	"-1.9"	D	"3117.4877"	"72429.675"	"3d7"	"a 4F"	"3/2"	"3d6.(3D).4p"	"w 4D*"	"1/2"		"T6892c83"	"L18349c140"	
"144.3030"	"0.0002"	"144.303013"	"0.000006"	"4000"	"5.e+06"	"2.4e-03"	"-2.0"	D	"23031.2829"	"92329.905"	"3d6.(3F2).4s"	"b 4F"	"3/2"	"3d5.(4G).4s.4p.(3P*)"	"v 4F*"	"5/2"		"T6892c83"	"L18349c140"	
"144.3735"	"0.0002"	"144.37366"	"0.00003"	"4000"	"2.0e+07"	"6.4e-03"	"-1.20"	D+	"30388.5451"	"99653.257"	"3d6.(3G).4s"	"b 2G"	"9/2"	"3d6.(1G1).4p"	"2G*"	"9/2"		"T6892c83"	"L18349c140"	
"144.5398"	"0.0002"	"144.539776"	"0.000006"	"4000"	"1.4e+07"	"4.3e-03"	"-1.8"	D	"23031.2829"	"92216.391"	"3d6.(3F2).4s"	"b 4F"	"3/2"	"3d6.(3P1).4p"	"u 2D*"	"3/2"		"T6892c83"	"L18349c140"	
"144.8397"	"0.0002"	"144.840144"	"0.000010"	"5000"	"1.1e+08"	"3.6e-02"	"-0.54"	D+	"27314.9183"	"96356.551"	"3d6.(3F2).4s"	"a 2F"	"7/2"	"3d5.(4G).4s.4p.(3P*)"	"t 2F*"	"7/2"		"T6892c83"	"L18349c140"	
"144.9430"	"0.0002"	"144.942792"	"0.000021"	"1700"	"8.e+06"	"3.0e-03"	"-1.6"	D	"30764.4737"	"99757.211"	"3d6.(3G).4s"	"b 2G"	"7/2"	"3d5.(4G).4s.4p.(3P*)"	"2G*"	"9/2"		"T6892c83"	"L18349c140"	
"145.0022"	"0.0002"	"145.002526"	"0.000013"	"4000"	"1.0e+07"	"2.4e-03"	"-1.7"	D	"27314.9183"	"96279.234"	"3d6.(3F2).4s"	"a 2F"	"7/2"	"3d5.(4G).4s.4p.(3P*)"	"t 2F*"	"5/2"		"T6892c83"	"L18349c140"	
"145.1990"	"0.0002"	"145.199108"	"0.000006"	"4000"	"6.2e+07"	"2.0e-02"	"-0.80"	D+	"30764.4737"	"99635.420"	"3d6.(3G).4s"	"b 2G"	"7/2"	"3d5.(4G).4s.4p.(3P*)"	"2G*"	"7/2"		"T6892c83"	"L18349c140"	
"145.4311"	"0.0002"	"145.43181"	"0.00004"	"4000bl(Fe II)*"	"5.9e+07"	"1.9e-02"	"-0.65"	D+	"25428.7893"	"94189.536"	"3d6.(3G).4s"	"a 4G"	"11/2"	"3d5.(4G).4s.4p.(3P*)"	"w 4G*"	"11/2"		"T6892c83"	"L18349c140"	
"145.4838"	"0.0002"	"145.483859"	"0.000011"	"3200"	"4.6e+06"	"1.9e-03"	"-1.9"	D	"27620.4033"	"96356.551"	"3d6.(3F2).4s"	"a 2F"	"5/2"	"3d5.(4G).4s.4p.(3P*)"	"t 2F*"	"7/2"		"T6892c83"	"L18349c140"	
"145.5189"	"0.0002"	"145.51889"	"0.00005"	"2500"	"2.5e+06"	"7.e-04"	"-2.1"	D	"25428.7893"	"94148.39"	"3d6.(3G).4s"	"a 4G"	"11/2"	"3d5.(4G).4s.4p.(3P*)"	"w 4G*"	"9/2"		"T6892c83"	"L18349c140"	
"145.6471"	"0.0002"	"145.647689"	"0.000013"	"4000"	"1.1e+08"	"3.6e-02"	"-0.66"	D+	"27620.4033"	"96279.234"	"3d6.(3F2).4s"	"a 2F"	"5/2"	"3d5.(4G).4s.4p.(3P*)"	"t 2F*"	"5/2"		"T6892c83"	"L18349c140"	
"145.9303"	"0.0002"	"145.930332"	"0.000006"	"4000"	"8.e+07"	"1.7e-02"	"-1.00"	D+	"23317.6351"	"91843.485"	"3d5.4s2"	"a 6S"	"5/2"	"3d6.(5D).5p"	"w 6P*"	"3/2"		"T6892c83"	"L18349c140"	
"146.1838"	"0.0002"	"146.183925"	"0.000009"	"3500"	"6.e+06"	"2.7e-03"	"-2.0"	D	"18360.6399"	"86767.614"	"3d7"	"a 2P"	"3/2"	"3d6.(3P1).4p"	"v 4D*"	"5/2"		"T6892c83"	"L18349c140"	
"146.1959"	"0.0002"	"146.19577"	"0.00006"	"3100bl(Fe II)*"	"8.e+06"	"2.0e-03"	"-1.8"	D	"31999.049"	"100400.48"	"3d7"	"b 2F"	"7/2"	"3d5.(4P).4s.4p.(3P*)"	"2D*"	"5/2"		"T6892c83"	"L18349c140"	
"146.2322"	"0.0002"	"146.23259"	"0.00004"	"3100"	"5.e+06"	"1.9e-03"	"-1.7"	D	"25805.3270"	"94189.536"	"3d6.(3G).4s"	"a 4G"	"9/2"	"3d5.(4G).4s.4p.(3P*)"	"w 4G*"	"11/2"		"T6892c83"	"L18349c140"	
"146.3207"	"0.0002"	"146.32063"	"0.00005"	"3400"	"4.2e+07"	"1.4e-02"	"-0.87"	D+	"25805.3270"	"94148.39"	"3d6.(3G).4s"	"a 4G"	"9/2"	"3d5.(4G).4s.4p.(3P*)"	"w 4G*"	"9/2"		"T6892c83"	"L18349c140"	
"146.4817"	"0.0002"	"146.481581"	"0.000006"	"2500"	"3.7e+06"	"1.0e-03"	"-2.0"	D	"25805.3270"	"94073.296"	"3d6.(3G).4s"	"a 4G"	"9/2"	"3d5.(4G).4s.4p.(3P*)"	"w 4G*"	"7/2"		"T6892c83"	"L18349c140"	
"146.5036"	"0.0002"	"146.504017"	"0.000006"	"4000"	"9.e+07"	"2.8e-02"	"-0.77"	D+	"23317.6351"	"91575.149"	"3d5.4s2"	"a 6S"	"5/2"	"3d6.(5D).5p"	"w 6P*"	"5/2"		"T6892c83"	"L18349c140"	
"146.5149"	"0.0002"	"146.514994"	"0.000006"	"1400bl(Fe II)*"	"2.8e+06"	"9.e-04"	"-2.0"	D	"25805.3270"	"94057.727"	"3d6.(3G).4s"	"a 4G"	"9/2"	"3d5.(4D).4s.4p.(3P*)"	"6D*"	"9/2"		"T6892c83"	"L18349c140"	
"146.6988"	"0.0002"	"146.69910"	"0.00005"	"2900"	"6.e+06"	"2.5e-03"	"-1.7"	D	"25981.6451"	"94148.39"	"3d6.(3G).4s"	"a 4G"	"7/2"	"3d5.(4G).4s.4p.(3P*)"	"w 4G*"	"9/2"		"T6892c83"	"L18349c140"	
"146.8609"	"0.0002"	"146.860883"	"0.000006"	"3100bl(Fe II)*"	"3.9e+07"	"1.3e-02"	"-0.99"	D+	"25981.6451"	"94073.296"	"3d6.(3G).4s"	"a 4G"	"7/2"	"3d5.(4G).4s.4p.(3P*)"	"w 4G*"	"7/2"		"T6892c83"	"L18349c140"	
"146.9256"	"0.0002"	"146.925686"	"0.000006"	"2800bl(Fe III)"	"9.e+06"	"2.4e-03"	"-1.6"	E	"38458.9934"	"106520.612"	"3d6.(5D).4p"	"z 6D*"	"9/2"	"3d5.4s.(7S).4d"	"6D"	"7/2"		"T6892c83"	"L18349c140"	
"146.9380"	"0.0002"	"146.938220"	"0.000011"	"3100"	"1.2e+07"	"3.2e-03"	"-1.41"	D+	"25428.7893"	"93484.602"	"3d6.(3G).4s"	"a 4G"	"11/2"	"3d6.(3F1).4p"	"u 4F*"	"9/2"		"T6892c83"	"L18349c140"	
"146.9678"	"0.0002"	"146.967972"	"0.000006"	"3000"	"1.1e+07"	"3.4e-03"	"-1.5"	E	"38458.9934"	"106501.029"	"3d6.(5D).4p"	"z 6D*"	"9/2"	"3d5.4s.(7S).4d"	"6D"	"9/2"		"T6892c83"	"L18349c140"	
"147.0013"	"0.0002"	"147.001408"	"0.000009"	"3100"	"2.4e+06"	"8.e-04"	"-2.1"	D	"15844.6485"	"83871.208"	"3d7"	"a 2G"	"9/2"	"3d6.(1F).4p"	"v 2G*"	"9/2"		"T6892c83"	"L18349c140"	
"147.0166"	"0.0002"	"147.01698"	"0.00004"	"2800"	"5.e+06"	"1.7e-03"	"-1.7"	D	"26170.1810"	"94189.536"	"3d6.(3H).4s"	"b 2H"	"11/2"	"3d5.(4G).4s.4p.(3P*)"	"w 4G*"	"11/2"		"T6892c83"	"L18349c140"	
"147.0203"	"0.0002"	"147.020157"	"0.000006"	"2000"	"5.e+06"	"2.3e-03"	"-1.9"	D	"26055.4120"	"94073.296"	"3d6.(3G).4s"	"a 4G"	"5/2"	"3d5.(4G).4s.4p.(3P*)"	"w 4G*"	"7/2"		"T6892c83"	"L18349c140"	
"147.0449"	"0.0002"	"147.044690"	"0.000006"	"2000"	"4.1e+06"	"1.0e-03"	"-2.1"	D	"25981.6451"	"93988.181"	"3d6.(3G).4s"	"a 4G"	"7/2"	"3d5.(4G).4s.4p.(3P*)"	"w 4G*"	"5/2"		"T6892c83"	"L18349c140"	
"147.2044"	"0.0002"	"147.204363"	"0.000007"	"3000"	"4.3e+07"	"1.4e-02"	"-1.08"	D+	"26055.4120"	"93988.181"	"3d6.(3G).4s"	"a 4G"	"5/2"	"3d5.(4G).4s.4p.(3P*)"	"w 4G*"	"5/2"		"T6892c83"	"L18349c140"	
"147.2629"	"0.0002"	"147.26251"	"0.00005"	"400"	"1.1e+07"	"1.8e-03"	"-2.1"	D	"38214.503"	"106120.45"	"3d6.(1D2).4s"	"c 2D"	"3/2"	"3d5.(4D).4s.4p.(3P*)"	"2P*"	"1/2"		"T6892c83"	"L18349c140"	
"147.3609"	"0.0002"	"147.361004"	"0.000007"	"2600"	"5.e+06"	"1.6e-03"	"-1.9"	E	"38660.0537"	"106520.612"	"3d6.(5D).4p"	"z 6D*"	"7/2"	"3d5.4s.(7S).4d"	"6D"	"7/2"		"T6892c83"	"L18349c140"	
"147.38338"	"0.00011"	"147.383282"	"0.000007"	"21000"	"1.0e+08"	"4.3e-02"	"-0.59"	D+	"23317.6351"	"91167.936"	"3d5.4s2"	"a 6S"	"5/2"	"3d6.(5D).5p"	"w 6P*"	"7/2"		"T6892c83"	"L18349c139"	
"147.4412"	"0.0002"	"147.441291"	"0.000009"	"2400"	"1.8e+07"	"8.e-03"	"-1.32"	D+	"31811.814"	"99635.420"	"3d7"	"b 2F"	"5/2"	"3d5.(4G).4s.4p.(3P*)"	"2G*"	"7/2"		"T6892c83"	"L18349c140"	
"147.4716"	"0.0002"	"147.471962"	"0.000013"	"1700"	"1.2e+07"	"3.9e-03"	"-1.51"	D+	"31999.049"	"99808.549"	"3d7"	"b 2F"	"7/2"	"3d6.(1G1).4p"	"2G*"	"7/2"		"T6892c83"	"L18349c140"	
"147.5699"	"0.0002"	"147.570059"	"0.000011"	"2800"	"1.8e+07"	"5.9e-03"	"-1.33"	D+	"27314.9183"	"95079.342"	"3d6.(3F2).4s"	"a 2F"	"7/2"	"3d6.(3F1).4p"	"2F*"	"7/2"		"T6892c83"	"L18349c140"	
"147.5837"	"0.0002"	"147.583696"	"0.000020"	"2800"	"3.6e+06"	"1.5e-03"	"-1.9"	D	"31999.049"	"99757.211"	"3d7"	"b 2F"	"7/2"	"3d5.(4G).4s.4p.(3P*)"	"2G*"	"9/2"		"T6892c83"	"L18349c140"	
"147.7488"	"0.0002"	"147.749059"	"0.000009"	"2500"	"8.e+06"	"2.1e-03"	"-1.7"	D	"25805.3270"	"93487.653"	"3d6.(3G).4s"	"a 4G"	"9/2"	"3d6.(3F1).4p"	"u 4F*"	"7/2"		"T6892c83"	"L18349c140"	
"147.7555"	"0.0002"	"147.755720"	"0.000011"	"2700"	"4.4e+06"	"1.5e-03"	"-1.8"	D	"25805.3270"	"93484.602"	"3d6.(3G).4s"	"a 4G"	"9/2"	"3d6.(3F1).4p"	"u 4F*"	"9/2"		"T6892c83"	"L18349c140"	
"147.7942"	"0.0002"	"147.794225"	"0.000007"	"2200"	"3.0e+06"	"1.3e-03"	"-2.1"	E	"38858.9696"	"106520.612"	"3d6.(5D).4p"	"z 6D*"	"5/2"	"3d5.4s.(7S).4d"	"6D"	"7/2"		"T6892c83"	"L18349c140"	
"147.8102"	"0.0002"	"147.81047"	"0.00003"	"2700"	"5.1e+07"	"2.1e-02"	"-0.78"	D+	"31999.049"	"99653.257"	"3d7"	"b 2F"	"7/2"	"3d6.(1G1).4p"	"2G*"	"9/2"		"T6892c83"	"L18349c140"	
"147.8347"	"0.0002"	"147.834473"	"0.000007"	"1600"	"3.6e+07"	"6.e-03"	"-1.6"	D	"31364.4554"	"99007.677"	"3d6.(3D).4s"	"b 4D"	"3/2"	"3d5.(4D).4s.4p.(3P*)"	"4D*"	"1/2"		"T6892c83"	"L18349c140"	
"147.8378"	"0.0002"	"147.837783"	"0.000007"	"2000"	"5.e+06"	"2.2e-03"	"-2.1"	E	"39013.2160"	"106654.923"	"3d6.(5D).4p"	"z 6D*"	"3/2"	"3d5.4s.(7S).4d"	"6D"	"5/2"		"T6892c83"	"L18349c140"	
"147.8432"	"0.0002"	"147.843210"	"0.000007"	"2500"	"4.3e+07"	"1.4e-02"	"-1.5"	D	"31368.453"	"99007.677"	"3d6.(3D).4s"	"b 4D"	"1/2"	"3d5.(4D).4s.4p.(3P*)"	"4D*"	"1/2"		"T6892c83"	"L18349c140"	
"147.8493"	"0.0002"	"147.849446"	"0.000009"	"290"	"8.e+06"	"2.7e-03"	"-1.7"	D	"31999.049"	"99635.420"	"3d7"	"b 2F"	"7/2"	"3d5.(4G).4s.4p.(3P*)"	"2G*"	"7/2"		"T6892c83"	"L18349c140"	
"147.87721"	"0.00003"	"147.877093"	"0.000009"	"8000"	"1.8e+07"	"3.0e-03"	"-1.9"	E	"39013.2160"	"106636.942"	"3d6.(5D).4p"	"z 6D*"	"3/2"	"3d5.4s.(7S).4d"	"6D"	"1/2"		"T6892c83"	"L18349c148"	
"147.9846"	"0.0002"	"147.984996"	"0.000007"	"2400bl(Fe II)*"	"2.5e+06"	"1.0e-03"	"-2.0"	D	"22637.1950"	"90211.613"	"3d6.(3F2).4s"	"b 4F"	"9/2"	"3d6.(3F1).4p"	"4G*"	"11/2"		"T6892c83"	"L18349c140"	
"148.1346"	"0.0005"	"148.134963"	"0.000009"	"6000"	"5.e+06"	"1.6e-03"	"-1.9"	D	"25981.6451"	"93487.653"	"3d6.(3G).4s"	"a 4G"	"7/2"	"3d6.(3F1).4p"	"u 4F*"	"7/2"		"T6892c83"	"L18349c144"	
"148.3111"	"0.0005"	"148.311238"	"0.000009"	"5000bl(Fe II)*"	"1.7e+07"	"5.5e-03"	"-1.48"	D+	"27620.4033"	"95046.177"	"3d6.(3F2).4s"	"a 2F"	"5/2"	"3d6.(3F1).4p"	"2F*"	"5/2"		"T6892c83"	"L18349c144"	
"148.3373"	"0.0005"	"148.33766"	"0.00007"	"6000"	"1.2e+07"	"3.0e-03"	"-1.6"	D	"25981.6451"	"93395.407"	"3d6.(3G).4s"	"a 4G"	"7/2"	"3d6.(3F1).4p"	"u 4F*"	"5/2"		"T6892c83"	"L18349c144"	
"148.3553"	"0.0005"	"148.35510"	"0.00004"	"1400bl(Fe II)*"	"3.9e+07"	"1.3e-02"	"-1.29"	D+	"31364.4554"	"98770.295"	"3d6.(3D).4s"	"b 4D"	"3/2"	"3d5.(4D).4s.4p.(3P*)"	"4D*"	"3/2"		"T6892c83"	"L18349c141"	
"148.3639"	"0.0005"	"148.36390"	"0.00004"	"2500"	"2.2e+07"	"1.4e-02"	"-1.5"	D	"31368.453"	"98770.295"	"3d6.(3D).4s"	"b 4D"	"1/2"	"3d5.(4D).4s.4p.(3P*)"	"4D*"	"3/2"		"T6892c83"	"L18349c144"	
"148.4070"	"0.0005"	"148.40689"	"0.00004"	"2500"	"2.5e+07"	"5.4e-03"	"-1.49"	D+	"31387.9788"	"98770.295"	"3d6.(3D).4s"	"b 4D"	"5/2"	"3d5.(4D).4s.4p.(3P*)"	"4D*"	"3/2"		"T6892c83"	"L18349c144"	
"148.4999"	"0.0002"	"148.50016"	"0.00007"	"2500bl(Fe II)*"	"6.e+06"	"2.0e-03"	"-1.9"	D	"26055.4120"	"93395.407"	"3d6.(3G).4s"	"a 4G"	"5/2"	"3d6.(3F1).4p"	"u 4F*"	"5/2"		"T6892c83"	"L18349c140"	
"148.5341"	"0.0002"	"148.534223"	"0.000011"	"2400"	"3.9e+06"	"1.0e-03"	"-2.0"	D	"25805.3270"	"93129.879"	"3d6.(3G).4s"	"a 4G"	"9/2"	"3d6.(3F1).4p"	"4D*"	"7/2"		"T6892c83"	"L18349c140"	
"148.6478"	"0.0005"	"148.647734"	"0.000009"	"7000"	"1.9e+07"	"4.3e-03"	"-1.6"	D	"26055.4120"	"93328.553"	"3d6.(3G).4s"	"a 4G"	"5/2"	"3d6.(3F1).4p"	"u 4F*"	"3/2"		"T6892c83"	"L18349c144"	
"148.7934"	"0.0005"	"148.79241"	"0.00007"	"1100"	"8.e+06"	"4.0e-03"	"-1.8"	D	"36126.412"	"103334.14"	"3d6.(3D).4s"	"b 2D"	"3/2"	"3d5.(4D).4s.4p.(3P*)"	"2F*"	"5/2"		"T6892c83"	"L18349c141"	
"148.9409"	"0.0005"	"148.941251"	"0.000007"	"2600"	"2.3e+07"	"1.1e-02"	"-1.34"	D+	"31364.4554"	"98505.022"	"3d6.(3D).4s"	"b 4D"	"3/2"	"3d5.(4D).4s.4p.(3P*)"	"4D*"	"5/2"		"T6892c83"	"L18349c144"	
"148.9926"	"0.0005"	"148.993453"	"0.000007"	"2600"	"6.6e+07"	"2.2e-02"	"-0.88"	D+	"31387.9788"	"98505.022"	"3d6.(3D).4s"	"b 4D"	"5/2"	"3d5.(4D).4s.4p.(3P*)"	"4D*"	"5/2"		"T6892c83"	"L18349c144"	
"149.0607"	"0.0005"	"149.060671"	"0.000016"	"2400bl(Fe II)*"	"2.4e+07"	"1.1e-02"	"-1.19"	D+	"31811.814"	"98898.591"	"3d7"	"b 2F"	"5/2"	"3d6.(1G1).4p"	"2F*"	"7/2"		"T6892c83"	"L18349c144"	
"149.0739"	"0.0005"	"149.07304"	"0.00007"	"1000"	"4.5e+06"	"1.5e-03"	"-2.0"	D	"36252.931"	"103334.14"	"3d6.(3D).4s"	"b 2D"	"5/2"	"3d5.(4D).4s.4p.(3P*)"	"2F*"	"5/2"		"T6892c83"	"L18349c141"	
"149.1360"	"0.0005"	"149.136174"	"0.000009"	"2600"	"4.8e+07"	"1.6e-02"	"-0.89"	D+	"31483.1979"	"98536.011"	"3d6.(3D).4s"	"b 4D"	"7/2"	"3d5.(4D).4s.4p.(3P*)"	"4F*"	"7/2"		"T6892c83"	"L18349c144"	
"149.2048"	"0.0002"	"149.205130"	"0.000007"	"2000"	"1.6e+07"	"4.1e-03"	"-1.49"	D+	"31483.1979"	"98505.022"	"3d6.(3D).4s"	"b 4D"	"7/2"	"3d5.(4D).4s.4p.(3P*)"	"4D*"	"5/2"		"T6892c83"	"L18349c140"	
"149.2464"	"0.0002"	"149.246289"	"0.000016"	"900bl(Fe II)*"	"1.4e+07"	"6.4e-03"	"-1.41"	D+	"31387.9788"	"98391.320"	"3d6.(3D).4s"	"b 4D"	"5/2"	"3d5.(4D).4s.4p.(3P*)"	"4D*"	"7/2"		"T6892c83"	"L18349c140"	
"149.2573"	"0.0005"	"149.257791"	"0.000009"	"1800"	"1.7e+07"	"4.7e-03"	"-1.25"	D+	"25428.7893"	"92426.967"	"3d6.(3G).4s"	"a 4G"	"11/2"	"3d5.(4G).4s.4p.(3P*)"	"v 4F*"	"9/2"		"T6892c83"	"L18349c141"	
"149.4079"	"0.0002"	"149.40814"	"0.00005"	"1400"	"1.2e+07"	"5.4e-03"	"-1.49"	D+	"36252.931"	"103183.69"	"3d6.(3D).4s"	"b 2D"	"5/2"	"3d5.(4D).4s.4p.(3P*)"	"2F*"	"7/2"		"T6892c83"	"L18349c140"	
"149.45877"	"0.00006"	"149.458686"	"0.000016"	"10000"	"5.9e+07"	"2.0e-02"	"-0.80"	D+	"31483.1979"	"98391.320"	"3d6.(3D).4s"	"b 4D"	"7/2"	"3d5.(4D).4s.4p.(3P*)"	"4D*"	"7/2"		"T6892c83"	"L18349c139"	
"149.4769"	"0.0002"	"149.477854"	"0.000016"	"1400"	"4.7e+07"	"1.6e-02"	"-0.90"	D+	"31999.049"	"98898.591"	"3d7"	"b 2F"	"7/2"	"3d6.(1G1).4p"	"2F*"	"7/2"		"T6892c83"	"L18349c140"	
"149.6527"	"0.0005"	"149.653329"	"0.000011"	"8000"	"2.8e+07"	"1.1e-02"	"-0.88"	D+	"25428.7893"	"92249.889"	"3d6.(3G).4s"	"a 4G"	"11/2"	"3d5.(4G).4s.4p.(3P*)"	"x 4H*"	"13/2"		"T6892c83"	"L18349c144"	
"149.7063"	"0.0002"	"149.706462"	"0.000007"	"1900"	"3.4e+06"	"9.e-04"	"-2.0"	D	"25805.3270"	"92602.711"	"3d6.(3G).4s"	"a 4G"	"9/2"	"3d6.(3F1).4p"	"u 2G*"	"7/2"		"T6892c83"	"L18349c140"	
"149.8285"	"0.0005"	"149.828669"	"0.000007"	"8000"	"7.e+06"	"2.0e-03"	"-1.6"	D	"25428.7893"	"92171.690"	"3d6.(3G).4s"	"a 4G"	"11/2"	"3d6.(3F1).4p"	"u 2G*"	"9/2"		"T6892c83"	"L18349c144"	
"150.1014"	"0.0002"	"150.101378"	"0.000009"	"2100"	"4.5e+06"	"1.5e-03"	"-1.8"	D	"25805.3270"	"92426.967"	"3d6.(3G).4s"	"a 4G"	"9/2"	"3d5.(4G).4s.4p.(3P*)"	"v 4F*"	"9/2"		"T6892c83"	"L18349c140"	
"150.4274"	"0.0005"	"150.427644"	"0.000007"	"8000"	"1.5e+07"	"4.1e-03"	"-1.39"	D+	"25805.3270"	"92282.470"	"3d6.(3G).4s"	"a 4G"	"9/2"	"3d5.(4G).4s.4p.(3P*)"	"v 4F*"	"7/2"		"T6892c83"	"L18349c144"	
"150.5734"	"0.0002"	"150.573586"	"0.000011"	"2000"	"3.0e+06"	"1.4e-03"	"-2.1"	D	"20516.9534"	"86929.664"	"3d7"	"a 2D2"	"5/2"	"3d6.(3P1).4p"	"v 4D*"	"7/2"		"T6892c83"	"L18349c140"	
"150.5931"	"0.0005"	"150.592343"	"0.000007"	"800"	"2.9e+06"	"1.2e-03"	"-1.9"	D	"38458.9934"	"104863.432"	"3d6.(5D).4p"	"z 6D*"	"9/2"	"3d6.(5D).5d"	"4G"	"11/2"		"T6892c83"	"L18349c141"	
"150.6536"	"0.0005"	"150.65392"	"0.00011"	"1300bl(Fe II)*"	"1.6e+08"	"5.5e-02"	"-0.66"	D+	"36126.412"	"102503.71"	"3d6.(3D).4s"	"b 2D"	"3/2"	"3d5.(4D).4s.4p.(3P*)"	"2D*"	"3/2"		"T6892c83"	"L18349c144"	
"150.6786"	"0.0002"	"150.678741"	"0.000007"	"1800"	"2.3e+06"	"8.e-04"	"-2.1"	D	"25805.3270"	"92171.690"	"3d6.(3G).4s"	"a 4G"	"9/2"	"3d6.(3F1).4p"	"u 2G*"	"9/2"		"T6892c83"	"L18349c140"	
"150.6903"	"0.0005"	"150.690713"	"0.000009"	"8000"	"2.9e+07"	"1.2e-02"	"-0.92"	D+	"25805.3270"	"92166.417"	"3d6.(3G).4s"	"a 4G"	"9/2"	"3d5.(4G).4s.4p.(3P*)"	"x 4H*"	"11/2"		"T6892c83"	"L18349c144"	
"150.7195"	"0.0005"	"150.719853"	"0.000007"	"7000"	"9.e+06"	"2.3e-03"	"-1.7"	D	"25981.6451"	"92329.905"	"3d6.(3G).4s"	"a 4G"	"7/2"	"3d5.(4G).4s.4p.(3P*)"	"v 4F*"	"5/2"		"T6892c83"	"L18349c144"	
"150.7778"	"0.0002"	"150.77788"	"0.00009"	"1200"	"1.4e+07"	"7.4e-03"	"-1.53"	D+	"36126.412"	"102449.14"	"3d6.(3D).4s"	"b 2D"	"3/2"	"3d5.(4D).4s.4p.(3P*)"	"2D*"	"5/2"		"T6892c83"	"L18349c140"	
"150.8106"	"0.0002"	"150.810647"	"0.000007"	"1400"	"1.1e+07"	"2.5e-03"	"-1.8"	D	"23317.6351"	"89625.951"	"3d5.4s2"	"a 6S"	"5/2"	"3d5.(4P).4s.4p.(3P*)"	"6P*"	"3/2"		"T6892c83"	"L18349c140"	
"150.8221"	"0.0002"	"150.822254"	"0.000007"	"1900"	"1.1e+07"	"2.5e-03"	"-1.8"	D	"26055.4120"	"92358.625"	"3d6.(3G).4s"	"a 4G"	"5/2"	"3d5.(4G).4s.4p.(3P*)"	"v 4F*"	"3/2"		"T6892c83"	"L18349c140"	
"150.8275"	"0.0002"	"150.827686"	"0.000007"	"1900"	"6.e+06"	"2.1e-03"	"-1.8"	D	"25981.6451"	"92282.470"	"3d6.(3G).4s"	"a 4G"	"7/2"	"3d5.(4G).4s.4p.(3P*)"	"v 4F*"	"7/2"		"T6892c83"	"L18349c140"	
"150.8466"	"0.0002"	"150.846677"	"0.000007"	"1900"	"6.e+06"	"1.5e-03"	"-1.9"	D	"25981.6451"	"92274.123"	"3d6.(3G).4s"	"a 4G"	"7/2"	"3d6.(3P1).4p"	"4P*"	"5/2"		"T6892c83"	"L18349c140"	
"150.9416"	"0.0005"	"150.94162"	"0.00011"	"1300bl(Fe II)*"	"2.0e+07"	"4.4e-03"	"-1.6"	D	"36252.931"	"102503.71"	"3d6.(3D).4s"	"b 2D"	"5/2"	"3d5.(4D).4s.4p.(3P*)"	"2D*"	"3/2"		"T6892c83"	"L18349c144"	
"151.0428"	"0.0005"	"151.042212"	"0.000007"	"800"	"4.5e+06"	"2.0e-03"	"-1.9"	D	"38858.9696"	"105065.627"	"3d6.(5D).4p"	"z 6D*"	"5/2"	"3d6.(5D).5d"	"6G"	"7/2"		"T6892c83"	"L18349c141"	
"151.06605"	"0.00014"	"151.06605"	"0.00009"	"5000"	"1.7e+08"	"5.7e-02"	"-0.46"	D+	"36252.931"	"102449.14"	"3d6.(3D).4s"	"b 2D"	"5/2"	"3d5.(4D).4s.4p.(3P*)"	"2D*"	"5/2"		"T6892c83"	"L18349c139"	
"151.0802"	"0.0002"	"151.080121"	"0.000007"	"1000"	"3.4e+06"	"1.4e-03"	"-1.9"	D	"25981.6451"	"92171.690"	"3d6.(3G).4s"	"a 4G"	"7/2"	"3d6.(3F1).4p"	"u 2G*"	"9/2"		"T6892c83"	"L18349c140"	
"151.2057"	"0.0005"	"151.206132"	"0.000016"	"8000"	"2.5e+07"	"1.1e-02"	"-1.07"	D+	"25981.6451"	"92116.529"	"3d6.(3G).4s"	"a 4G"	"7/2"	"3d5.(4G).4s.4p.(3P*)"	"x 4H*"	"9/2"		"T6892c83"	"L18349c144"	
"151.2239"	"0.0002"	"151.224571"	"0.000007"	"2800"	"1.1e+07"	"3.6e-03"	"-1.7"	D	"23317.6351"	"89444.455"	"3d5.4s2"	"a 6S"	"5/2"	"3d5.(4P).4s.4p.(3P*)"	"6P*"	"5/2"		"T6892c83"	"L18349c140"	
"151.3321"	"0.0005"	"151.332388"	"0.000011"	"7000"	"5.e+06"	"2.1e-03"	"-1.6"	D	"26170.1810"	"92249.889"	"3d6.(3H).4s"	"b 2H"	"11/2"	"3d5.(4G).4s.4p.(3P*)"	"x 4H*"	"13/2"		"T6892c83"	"L18349c144"	
"151.4375"	"0.0005"	"151.43798"	"0.00007"	"8000"	"2.6e+07"	"1.2e-02"	"-1.14"	D+	"26055.4120"	"92089.043"	"3d6.(3G).4s"	"a 4G"	"5/2"	"3d5.(4G).4s.4p.(3P*)"	"x 4H*"	"7/2"		"T6892c83"	"L18349c144"	
"151.4833"	"0.0005"	"151.482417"	"0.000007"	"800"	"1.8e+07"	"8.e-03"	"-1.31"	D+	"38858.9696"	"104873.232"	"3d6.(5D).4p"	"z 6D*"	"5/2"	"3d6.(5D).5d"	"4D"	"7/2"		"T6892c83"	"L18349c141"	
"151.5887"	"0.0002"	"151.588635"	"0.000011"	"6000"	"4.1e+07"	"1.1e-02"	"-0.95"	D+	"30388.5451"	"96356.551"	"3d6.(3G).4s"	"b 2G"	"9/2"	"3d5.(4G).4s.4p.(3P*)"	"t 2F*"	"7/2"		"T6892c83"	"L18349c140"	
"151.5938"	"0.0002"	"151.594149"	"0.000009"	"6000"	"2.6e+07"	"1.2e-02"	"-1.14"	D+	"20516.9534"	"86482.560"	"3d7"	"a 2D2"	"5/2"	"3d6.(1F).4p"	"u 2F*"	"7/2"		"T6892c83"	"L18349c140"	
"151.86857"	"0.00013"	"151.868496"	"0.000007"	"4000"	"3.3e+07"	"1.5e-02"	"-1.04"	D+	"38858.9696"	"104705.411"	"3d6.(5D).4p"	"z 6D*"	"5/2"	"3d6.(5D).5d"	"6D"	"7/2"		"T6892c83"	"L18349c139"	
"151.9414"	"0.0002"	"151.941169"	"0.000007"	"4000"	"5.5e+07"	"2.9e-02"	"-0.94"	D+	"39013.2160"	"104828.163"	"3d6.(5D).4p"	"z 6D*"	"3/2"	"3d6.(5D).5d"	"6D"	"5/2"		"T6892c83"	"L18349c140"	
"151.9499"	"0.0002"	"151.950434"	"0.000007"	"2900"	"9.e+06"	"4.2e-03"	"-1.6"	D	"23317.6351"	"89128.569"	"3d5.4s2"	"a 6S"	"5/2"	"3d5.(4P).4s.4p.(3P*)"	"6P*"	"7/2"		"T6892c83"	"L18349c140"	
"152.0825"	"0.0002"	"152.082549"	"0.000007"	"2400"	"6.7e+07"	"4.6e-02"	"-1.04"	D+	"39109.3161"	"104863.080"	"3d6.(5D).4p"	"z 6D*"	"1/2"	"3d6.(5D).5d"	"6P"	"3/2"		"T6892c83"	"L18349c140"	
"152.08752"	"0.00004"	"152.087514"	"0.000007"	"8000"	"7.0e+07"	"3.0e-02"	"-0.62"	D+	"38660.0537"	"104411.671"	"3d6.(5D).4p"	"z 6D*"	"7/2"	"3d6.(5D).5d"	"6D"	"9/2"		"T6892c83"	"L18349c139"	
"152.14724"	"0.00009"	"152.147159"	"0.000007"	"4000"	"1.3e+07"	"7.0e-03"	"-1.55"	D+	"39013.2160"	"104739.057"	"3d6.(5D).4p"	"z 6D*"	"3/2"	"3d6.(3F2).4d"	"4P"	"5/2"		"T6892c83"	"L18349c139"	
"152.15858"	"0.00009"	"152.158627"	"0.000007"	"2800"	"2.2e+07"	"7.5e-03"	"-1.22"	D+	"38660.0537"	"104380.941"	"3d6.(5D).4p"	"z 6D*"	"7/2"	"3d6.(5D).5d"	"6F"	"7/2"		"T6892c83"	"L18349c139"	
"152.2684"	"0.0002"	"152.268391"	"0.000014"	"6000"	"3.2e+07"	"1.3e-02"	"-0.87"	D+	"30388.5451"	"96062.057"	"3d6.(3G).4s"	"b 2G"	"9/2"	"3d5.(4G).4s.4p.(3P*)"	"2H*"	"11/2"		"T6892c83"	"L18349c140"	
"152.3255"	"0.0005"	"152.325371"	"0.000007"	"800"	"9.e+06"	"2.4e-03"	"-1.6"	D	"38458.9934"	"104107.939"	"3d6.(5D).4p"	"z 6D*"	"9/2"	"3d6.(3P2).4d"	"4F"	"7/2"		"T6892c83"	"L18349c141"	
"152.3279"	"0.0002"	"152.327967"	"0.000007"	"1800"	"6.6e+07"	"2.3e-02"	"-1.34"	D+	"39109.3161"	"104757.143"	"3d6.(5D).4p"	"z 6D*"	"1/2"	"3d6.(5D).5d"	"6D"	"1/2"		"T6892c83"	"L18349c139"	
"152.39912"	"0.00008"	"152.399036"	"0.000007"	"3500"	"6.6e+07"	"2.3e-02"	"-1.04"	D+	"39013.2160"	"104630.429"	"3d6.(5D).4p"	"z 6D*"	"3/2"	"3d6.(5D).5d"	"6F"	"3/2"		"T6892c83"	"L18349c139"	
"152.4960"	"0.0002"	"152.495948"	"0.000007"	"1500"	"1.1e+07"	"3.9e-03"	"-1.8"	D	"39013.2160"	"104588.729"	"3d6.(5D).4p"	"z 6D*"	"3/2"	"3d6.(5D).5d"	"6D"	"3/2"		"T6892c83"	"L18349c140"	
"152.57439"	"0.00014"	"152.574349"	"0.000007"	"2700"	"3.6e+07"	"1.0e-02"	"-1.00"	D+	"38458.9934"	"104000.810"	"3d6.(5D).4p"	"z 6D*"	"9/2"	"3d6.(5D).5d"	"6P"	"7/2"		"T6892c83"	"L18349c139"	
"152.62051"	"0.00004"	"152.620560"	"0.000007"	"5000"	"3.0e+07"	"1.4e-02"	"-1.07"	D+	"38858.9696"	"104380.941"	"3d6.(5D).4p"	"z 6D*"	"5/2"	"3d6.(5D).5d"	"6F"	"7/2"		"T6892c83"	"L18349c139"	
"152.6368"	"0.0002"	"152.637359"	"0.000014"	"6000"	"3.6e+07"	"1.0e-02"	"-1.12"	D+	"30764.4737"	"96279.234"	"3d6.(3G).4s"	"b 2G"	"7/2"	"3d5.(4G).4s.4p.(3P*)"	"t 2F*"	"5/2"		"T6892c83"	"L18349c140"	
"152.6532"	"0.0005"	"152.653554"	"0.000009"	"24000"	"6.0e+07"	"3.1e-02"	"-0.90"	D+	"18360.6399"	"83868.450"	"3d7"	"a 2P"	"3/2"	"3d6.(1F).4p"	"v 2D*"	"5/2"		"T6892c83"	"L18349c144"	
"152.69131"	"0.00004"	"152.691317"	"0.000007"	"9000"	"9.e+07"	"3.0e-02"	"-0.52"	D+	"38458.9934"	"103950.602"	"3d6.(5D).4p"	"z 6D*"	"9/2"	"3d6.(5D).5d"	"6F"	"9/2"		"T6892c83"	"L18349c139"	
"152.72397"	"0.00002"	"152.723965"	"0.000007"	"17000"	"1.1e+08"	"4.5e-02"	"-0.34"	D+	"38458.9934"	"103936.602"	"3d6.(5D).4p"	"z 6D*"	"9/2"	"3d6.(5D).5d"	"6F"	"11/2"		"T6892c83"	"L18349c139"	
"152.76466"	"0.00010"	"152.764603"	"0.000007"	"3500"	"5.8e+07"	"1.5e-02"	"-0.91"	D+	"38660.0537"	"104120.244"	"3d6.(5D).4p"	"z 6D*"	"7/2"	"3d6.(5D).5d"	"6P"	"5/2"		"T6892c83"	"L18349c139"	
"152.7792"	"0.0005"	"152.78006"	"0.00003"	"800"	"6.e+06"	"2.2e-03"	"-1.9"	D	"36252.931"	"101706.498"	"3d6.(3D).4s"	"b 2D"	"5/2"	"3d5.(4D).4s.4p.(3P*)"	"4P*"	"5/2"		"T6892c83"	"L18349c141"	
"152.8741"	"0.0005"	"152.874241"	"0.000007"	"700"	"3.3e+06"	"1.7e-03"	"-2.2"	D	"39013.2160"	"104426.460"	"3d6.(5D).4p"	"z 6D*"	"3/2"	"3d6.(5D).5d"	"6F"	"5/2"		"T6892c83"	"L18349c141"	
"152.8987"	"0.0005"	"152.897692"	"0.000007"	"1000bl(Fe II)*"	"2.4e+06"	"7.e-04"	"-2.0"	D	"32875.6409"	"98278.852"	"3d6.(1I).4s"	"a 2I"	"13/2"	"3d6.(1G1).4p"	"2H*"	"11/2"		"T6892c83"	"L18349c141"	
"153.04382"	"0.00008"	"153.043836"	"0.000007"	"4000"	"4.9e+07"	"1.7e-02"	"-0.86"	D+	"38660.0537"	"104000.810"	"3d6.(5D).4p"	"z 6D*"	"7/2"	"3d6.(5D).5d"	"6P"	"7/2"		"T6892c83"	"L18349c139"	
"153.16162"	"0.00010"	"153.161526"	"0.000007"	"3400"	"2.4e+07"	"1.1e-02"	"-1.07"	D+	"38660.0537"	"103950.602"	"3d6.(5D).4p"	"z 6D*"	"7/2"	"3d6.(5D).5d"	"6F"	"9/2"		"T6892c83"	"L18349c139"	
"153.2295"	"0.0002"	"153.230229"	"0.000007"	"200"	"1.1e+07"	"4.0e-03"	"-1.6"	D	"38858.9696"	"104120.244"	"3d6.(5D).4p"	"z 6D*"	"5/2"	"3d6.(5D).5d"	"6P"	"5/2"		"T6892c83"	"L18349c140"	
"153.2813"	"0.0002"	"153.281540"	"0.000009"	"7000"	"2.3e+07"	"1.2e-02"	"-1.31"	D+	"21307.999"	"86547.427"	"3d7"	"a 2D2"	"3/2"	"3d6.(1F).4p"	"u 2F*"	"5/2"		"T6892c83"	"L18349c140"	
"153.9856"	"0.0005"	"153.984861"	"0.000017"	"900"	"2.7e+06"	"8.e-04"	"-2.0"	D	"32909.883"	"97851.332"	"3d6.(1I).4s"	"a 2I"	"11/2"	"3d6.(1G1).4p"	"2H*"	"9/2"		"T6892c83"	"L18349c141"	
"154.2509"	"0.0002"	"154.250192"	"0.000007"	"400bl(Fe III)"	"5.e+06"	"2.3e-03"	"-1.9"	D	"31387.9788"	"96217.720"	"3d6.(3D).4s"	"b 4D"	"5/2"	"3d5.(4P).4s.4p.(3P*)"	"4D*"	"7/2"		"T6892c83"	"L18349c140"	
"154.4771"	"0.0002"	"154.477081"	"0.000007"	"5000"	"1.7e+07"	"6.2e-03"	"-1.31"	D+	"31483.1979"	"96217.720"	"3d6.(3D).4s"	"b 4D"	"7/2"	"3d5.(4P).4s.4p.(3P*)"	"4D*"	"7/2"		"T6892c83"	"L18349c140"	
"154.5815"	"0.0002"	"154.581493"	"0.000012"	"5000"	"6.e+06"	"1.7e-03"	"-1.8"	D	"30388.5451"	"95079.342"	"3d6.(3G).4s"	"b 2G"	"9/2"	"3d6.(3F1).4p"	"2F*"	"7/2"		"T6892c83"	"L18349c140"	
"154.7244"	"0.0005"	"154.723647"	"0.000012"	"1000"	"9.e+06"	"4.6e-03"	"-1.7"	D	"31364.4554"	"95995.817"	"3d6.(3D).4s"	"b 4D"	"3/2"	"3d5.(4P).4s.4p.(3P*)"	"4D*"	"5/2"		"T6892c83"	"L18349c141"	
"154.7803"	"0.0002"	"154.779981"	"0.000012"	"3300"	"1.5e+07"	"5.4e-03"	"-1.49"	D+	"31387.9788"	"95995.817"	"3d6.(3D).4s"	"b 4D"	"5/2"	"3d5.(4P).4s.4p.(3P*)"	"4D*"	"5/2"		"T6892c83"	"L18349c140"	
"154.8696"	"0.0005"	"154.869740"	"0.000007"	"5000"	"3.1e+06"	"8.e-04"	"-2.2"	D	"2430.1369"	"67000.530"	"3d7"	"a 4F"	"7/2"	"3d6.(3F2).4p"	"y 2D*"	"5/2"		"T6892c83"	"L18349c144"	
"154.959572"	"0.000014"	"154.959576"	"0.000007"	"16000"	"5.e+07"	"1.6e-02"	"-0.7"	E	"41968.0698"	"106501.029"	"3d6.(5D).4p"	"z 6F*"	"11/2"	"3d5.4s.(7S).4d"	"6D"	"9/2"		"T6892c83"	"L18349c139"	
"155.0093"	"0.0005"	"155.008433"	"0.000012"	"900"	"5.e+06"	"1.4e-03"	"-1.9"	D	"31483.1979"	"95995.817"	"3d6.(3D).4s"	"b 4D"	"7/2"	"3d5.(4P).4s.4p.(3P*)"	"4D*"	"5/2"		"T6892c83"	"L18349c141"	
"155.0268"	"0.0005"	"155.027427"	"0.000007"	"4000"	"9.e+06"	"2.7e-03"	"-1.6"	D	"1872.5998"	"66377.315"	"3d7"	"a 4F"	"9/2"	"3d6.(3G).4p"	"x 4F*"	"7/2"		"T6892c83"	"L18349c144"	
"155.0540"	"0.0002"	"155.053629"	"0.000010"	"1600"	"1.2e+07"	"4.3e-03"	"-1.8"	D	"31364.4554"	"95858.270"	"3d6.(3D).4s"	"b 4D"	"3/2"	"3d5.(4P).4s.4p.(3P*)"	"4D*"	"3/2"		"T6892c83"	"L18349c140"	
"155.0630"	"0.0005"	"155.063240"	"0.000010"	"1000"	"9.e+06"	"7.e-03"	"-1.9"	D	"31368.453"	"95858.270"	"3d6.(3D).4s"	"b 4D"	"1/2"	"3d5.(4P).4s.4p.(3P*)"	"4D*"	"3/2"		"T6892c83"	"L18349c141"	
"155.1106"	"0.0002"	"155.110204"	"0.000010"	"900"	"1.3e+07"	"3.1e-03"	"-1.7"	D	"31387.9788"	"95858.270"	"3d6.(3D).4s"	"b 4D"	"5/2"	"3d5.(4P).4s.4p.(3P*)"	"4D*"	"3/2"		"T6892c83"	"L18349c140"	
"155.1166"	"0.0002"	"155.117112"	"0.000014"	"6000"	"2.8e+07"	"1.0e-02"	"-1.22"	D+	"31811.814"	"96279.234"	"3d7"	"b 2F"	"5/2"	"3d5.(4G).4s.4p.(3P*)"	"t 2F*"	"5/2"		"T6892c83"	"L18349c140"	
"155.1928"	"0.0005"	"155.193105"	"0.000007"	"5000"	"6.e+06"	"1.5e-03"	"-2.0"	D	"2837.9807"	"67273.833"	"3d7"	"a 4F"	"5/2"	"3d6.(3F2).4p"	"y 2D*"	"3/2"		"T6892c83"	"L18349c144"	
"155.23643"	"0.00003"	"155.236438"	"0.000007"	"6000"	"3.2e+07"	"9.e-03"	"-1.2"	E	"42237.0575"	"106654.923"	"3d6.(5D).4p"	"z 6F*"	"7/2"	"3d5.4s.(7S).4d"	"6D"	"5/2"		"T6892c83"	"L18349c139"	
"155.26556"	"0.00004"	"155.265582"	"0.000007"	"5000"	"4.e+07"	"1.2e-02"	"-0.9"	E	"42114.8380"	"106520.612"	"3d6.(5D).4p"	"z 6F*"	"9/2"	"3d5.4s.(7S).4d"	"6D"	"7/2"		"T6892c83"	"L18349c139"	
"155.2720"	"0.0002"	"155.271989"	"0.000014"	"1000"	"2.1e+07"	"3.8e-03"	"-1.8"	D	"31364.4554"	"95767.572"	"3d6.(3D).4s"	"b 4D"	"3/2"	"3d5.(4P).4s.4p.(3P*)"	"4D*"	"1/2"		"T6892c83"	"L18349c140"	
"155.2808"	"0.0005"	"155.281627"	"0.000017"	"900"	"1.8e+07"	"7.e-03"	"-1.9"	D	"31368.453"	"95767.572"	"3d6.(3D).4s"	"b 4D"	"1/2"	"3d5.(4P).4s.4p.(3P*)"	"4D*"	"1/2"		"T6892c83"	"L18349c141"	
"155.31277"	"0.00005"	"155.312806"	"0.000007"	"4000"	"1.0e+07"	"3.5e-03"	"-1.5"	E	"42114.8380"	"106501.029"	"3d6.(5D).4p"	"z 6F*"	"9/2"	"3d5.4s.(7S).4d"	"6D"	"9/2"		"T6892c83"	"L18349c139"	
"155.3820"	"0.0002"	"155.382041"	"0.000012"	"7000"	"3.2e+07"	"1.2e-02"	"-1.03"	D+	"31999.049"	"96356.551"	"3d7"	"b 2F"	"7/2"	"3d5.(4G).4s.4p.(3P*)"	"t 2F*"	"7/2"		"T6892c83"	"L18349c140"	
"155.47246"	"0.00005"	"155.472447"	"0.000007"	"4000"	"2.2e+07"	"8.e-03"	"-1.3"	E	"42334.8444"	"106654.923"	"3d6.(5D).4p"	"z 6F*"	"5/2"	"3d5.4s.(7S).4d"	"6D"	"5/2"		"T6892c83"	"L18349c139"	
"155.52670"	"0.00003"	"155.526697"	"0.000007"	"6000"	"2.8e+07"	"7.e-03"	"-1.4"	E	"42334.8444"	"106632.487"	"3d6.(5D).4p"	"z 6F*"	"5/2"	"3d5.4s.(7S).4d"	"6D"	"3/2"		"T6892c83"	"L18349c139"	
"155.56073"	"0.00008"	"155.560782"	"0.000007"	"2700"	"1.8e+07"	"7.e-03"	"-1.3"	E	"42237.0575"	"106520.612"	"3d6.(5D).4p"	"z 6F*"	"7/2"	"3d5.4s.(7S).4d"	"6D"	"7/2"		"T6892c83"	"L18349c139"	
"155.5653"	"0.0002"	"155.565262"	"0.000010"	"4000"	"5.e+06"	"1.5e-03"	"-1.9"	D	"30764.4737"	"95046.177"	"3d6.(3G).4s"	"b 2G"	"7/2"	"3d6.(3F1).4p"	"2F*"	"5/2"		"T6892c83"	"L18349c140"	
"155.6338"	"0.0005"	"155.633295"	"0.000007"	"500"	"4.e+06"	"2.1e-03"	"-2.1"	E	"42401.3198"	"106654.923"	"3d6.(5D).4p"	"z 6F*"	"3/2"	"3d5.4s.(7S).4d"	"6D"	"5/2"		"T6892c83"	"L18349c141"	
"155.67687"	"0.00008"	"155.676861"	"0.000010"	"2200"	"2.6e+07"	"5.e-03"	"-1.7"	E	"42401.3198"	"106636.942"	"3d6.(5D).4p"	"z 6F*"	"3/2"	"3d5.4s.(7S).4d"	"6D"	"1/2"		"T6892c83"	"L18349c139"	
"155.68768"	"0.00004"	"155.687658"	"0.000007"	"5000"	"2.6e+07"	"1.0e-02"	"-1.4"	E	"42401.3198"	"106632.487"	"3d6.(5D).4p"	"z 6F*"	"3/2"	"3d5.4s.(7S).4d"	"6D"	"3/2"		"T6892c83"	"L18349c139"	
"155.77030"	"0.00005"	"155.770298"	"0.000010"	"3500"	"3.6e+07"	"1.3e-02"	"-1.6"	E	"42439.8511"	"106636.942"	"3d6.(5D).4p"	"z 6F*"	"1/2"	"3d5.4s.(7S).4d"	"6D"	"1/2"		"T6892c83"	"L18349c139"	
"155.7811"	"0.0005"	"155.781109"	"0.000007"	"500bl(Fe II)*"	"5.e+06"	"4.e-03"	"-2.1"	E	"42439.8511"	"106632.487"	"3d6.(5D).4p"	"z 6F*"	"1/2"	"3d5.4s.(7S).4d"	"6D"	"3/2"		"T6892c83"	"L18349c141"	
"155.85416"	"0.00006"	"155.854156"	"0.000007"	"40000"	"3.1e+07"	"1.1e-02"	"-1.17"	D+	"2837.9807"	"67000.530"	"3d7"	"a 4F"	"5/2"	"3d6.(3F2).4p"	"y 2D*"	"5/2"		"T6892c83"	"L18349c139"	
"155.86927"	"0.00005"	"155.869228"	"0.000007"	"40000"	"4.6e+07"	"1.7e-02"	"-1.17"	D+	"3117.4877"	"67273.833"	"3d7"	"a 4F"	"3/2"	"3d6.(3F2).4p"	"y 2D*"	"3/2"		"T6892c83"	"L18349c139"	
"155.908515"	"0.000011"	"155.908523"	"0.000007"	"210000"	"1.1e+08"	"3.9e-02"	"-0.41"	D+	"1872.5998"	"66012.775"	"3d7"	"a 4F"	"9/2"	"3d6.(3G).4p"	"x 4F*"	"9/2"		"T6892c83"	"L18349c139"	
"155.9268"	"0.0002"	"155.926442"	"0.000007"	"6000bl(Fe II)*"	"7.e+06"	"2.1e-03"	"-1.7"	D	"44232.5398"	"108365.344"	"3d6.(5D).4p"	"z 4F*"	"9/2"	"3d6.(3G).4d"	"4D"	"7/2"		"T6892c83"	"L18349c140"	
"156.02530"	"0.00004"	"156.025292"	"0.000007"	"32000"	"2.0e+07"	"5.4e-03"	"-1.37"	D+	"2430.1369"	"66522.310"	"3d7"	"a 4F"	"7/2"	"3d6.(3G).4p"	"x 4F*"	"5/2"		"T6892c83"	"L18349c139"	
"156.2268"	"0.0005"	"156.226978"	"0.000007"	"7000bl(Fe II)*"	"1.9e+07"	"5.2e-03"	"-1.38"	D+	"7955.3186"	"71964.750"	"3d6.(5D).4s"	"a 4D"	"7/2"	"3d6.(3D).4p"	"w 4P*"	"5/2"		"T6892c83"	"L18349c144"	
"156.379062"	"0.000012"	"156.379066"	"0.000007"	"180000"	"1.3e+08"	"4.9e-02"	"-0.41"	D+	"2430.1369"	"66377.315"	"3d7"	"a 4F"	"7/2"	"3d6.(3G).4p"	"x 4F*"	"7/2"		"T6892c83"	"L18349c139"	
"156.5357"	"0.0005"	"156.536064"	"0.000007"	"4000"	"5.e+06"	"3.0e-03"	"-1.9"	D	"3117.4877"	"67000.530"	"3d7"	"a 4F"	"3/2"	"3d6.(3F2).4p"	"y 2D*"	"5/2"		"T6892c83"	"L18349c144"	
"156.63474"	"0.00006"	"156.634671"	"0.000012"	"2400bl(Fe II)*"	"5.e+06"	"1.3e-03"	"-2.1"	D	"20516.9534"	"84359.779"	"3d7"	"a 2D2"	"5/2"	"3d6.(1F).4p"	"v 2D*"	"3/2"		"T6892c83"	"L18349c148"	
"156.63474"	"0.00006"	"156.634772"	"0.000007"	"2400bl(Fe II)*"	"2.5e+07"	"1.1e-02"	"-1.0"	E	"42658.2444"	"106501.029"	"3d6.(5D).4p"	"z 6P*"	"7/2"	"3d5.4s.(7S).4d"	"6D"	"9/2"		"T6892c83"	"L18349c148"	
"156.682214"	"0.000018"	"156.682215"	"0.000007"	"100000bl(Fe III)"	"5.2e+07"	"1.9e-02"	"-0.72"	D+	"1872.5998"	"65696.053"	"3d7"	"a 4F"	"9/2"	"3d6.(3G).4p"	"x 4G*"	"9/2"		"T6892c83"	"L18349c148"	
"156.7900"	"0.0005"	"156.789982"	"0.000007"	"400"	"4.7e+06"	"1.2e-03"	"-2.2"	D	"45079.9019"	"108859.487"	"3d6.(5D).4p"	"z 4F*"	"5/2"	"3d6.(3G).4d"	"4D"	"3/2"		"T6892c83"	"L18349c141"	
"156.80195"	"0.00004"	"156.802045"	"0.000007"	"40000"	"2.6e+07"	"6.3e-03"	"-1.42"	D+	"2837.9807"	"66612.659"	"3d7"	"a 4F"	"5/2"	"3d6.(3G).4p"	"x 4F*"	"3/2"		"T6892c83"	"L18349c139"	
"156.96753"	"0.00003"	"156.967476"	"0.000007"	"50000"	"2.3e+07"	"1.0e-02"	"-0.99"	D+	"1872.5998"	"65580.065"	"3d7"	"a 4F"	"9/2"	"3d6.(3G).4p"	"x 4G*"	"11/2"		"T6892c83"	"L18349c139"	
"157.024481"	"0.000019"	"157.024501"	"0.000007"	"110000"	"1.1e+08"	"4.0e-02"	"-0.62"	D+	"2837.9807"	"66522.310"	"3d7"	"a 4F"	"5/2"	"3d6.(3G).4p"	"x 4F*"	"5/2"		"T6892c83"	"L18349c139"	
"157.0499"	"0.0002"	"157.049760"	"0.000007"	"1300"	"2.5e+07"	"6.9e-03"	"-1.26"	D+	"38660.0537"	"102334.140"	"3d6.(5D).4p"	"z 6D*"	"7/2"	"3d6.(5D).6s"	"6D"	"5/2"		"T6892c83"	"L18349c140"	
"157.10062"	"0.00002"	"157.100491"	"0.000007"	"4000"	"5.5e+07"	"1.0e-02"	"-1.39"	D+	"39013.2160"	"102666.741"	"3d6.(5D).4p"	"z 6D*"	"3/2"	"3d6.(5D).6s"	"6D"	"1/2"		"T6892c83"	"L18349c145"	
"157.1060"	"0.0002"	"157.106464"	"0.000010"	"8000"	"1.1e+07"	"2.8e-03"	"-1.8"	D	"8391.9554"	"72043.060"	"3d6.(5D).4s"	"a 4D"	"5/2"	"3d6.(3D).4p"	"w 4P*"	"3/2"		"T6892c83"	"L18349c140"	
"157.2996"	"0.0002"	"157.299991"	"0.000007"	"7000"	"5.e+06"	"1.8e-03"	"-2.0"	D	"8391.9554"	"71964.750"	"3d6.(5D).4s"	"a 4D"	"5/2"	"3d6.(3D).4p"	"w 4P*"	"5/2"		"T6892c83"	"L18349c140"	
"157.3386"	"0.0005"	"157.338030"	"0.000007"	"600"	"1.7e+07"	"6.e-03"	"-1.9"	D	"39109.3161"	"102666.741"	"3d6.(5D).4p"	"z 6D*"	"1/2"	"3d6.(5D).6s"	"6D"	"1/2"		"T6892c83"	"L18349c141"	
"157.38280"	"0.00006"	"157.382826"	"0.000007"	"23000"	"1.5e+07"	"8.e-03"	"-1.34"	D+	"2837.9807"	"66377.315"	"3d7"	"a 4F"	"5/2"	"3d6.(3G).4p"	"x 4F*"	"7/2"		"T6892c83"	"L18349c139"	
"157.4036"	"0.0002"	"157.403567"	"0.000010"	"30000"	"6.5e+07"	"2.0e-02"	"-0.62"	D+	"20340.2461"	"83871.208"	"3d7"	"a 2H"	"11/2"	"3d6.(1F).4p"	"v 2G*"	"9/2"		"T6892c83"	"L18349c139"	
"157.47727"	"0.00004"	"157.477287"	"0.000007"	"22000"	"9.e+06"	"3.5e-03"	"-1.55"	D+	"2430.1369"	"65931.358"	"3d7"	"a 4F"	"7/2"	"3d6.(3G).4p"	"x 4G*"	"7/2"		"T6892c83"	"L18349c139"	
"157.49229"	"0.00002"	"157.492291"	"0.000007"	"90000"	"1.2e+08"	"4.5e-02"	"-0.75"	D+	"3117.4877"	"66612.659"	"3d7"	"a 4F"	"3/2"	"3d6.(3G).4p"	"x 4F*"	"3/2"		"T6892c83"	"L18349c139"	
"157.5415"	"0.0005"	"157.541917"	"0.000006"	"600"	"1.4e+07"	"5.3e-03"	"-1.49"	D+	"38858.9696"	"102334.140"	"3d6.(5D).4p"	"z 6D*"	"5/2"	"3d6.(5D).6s"	"6D"	"5/2"		"T6892c83"	"L18349c141"	
"157.64323"	"0.00010"	"157.643239"	"0.000007"	"2200"	"3.3e+07"	"2.4e-02"	"-1.31"	D+	"39109.3161"	"102543.689"	"3d6.(5D).4p"	"z 6D*"	"1/2"	"3d6.(5D).6s"	"6D"	"3/2"		"T6892c83"	"L18349c139"	
"157.71667"	"0.00010"	"157.716710"	"0.000007"	"18000"	"1.7e+07"	"9.e-03"	"-1.42"	D+	"3117.4877"	"66522.310"	"3d7"	"a 4F"	"3/2"	"3d6.(3G).4p"	"x 4F*"	"5/2"		"T6892c83"	"L18349c139"	
"157.80108"	"0.00005"	"157.801108"	"0.000007"	"4000"	"3.4e+07"	"1.3e-02"	"-0.99"	D+	"38660.0537"	"102030.965"	"3d6.(5D).4p"	"z 6D*"	"7/2"	"3d6.(5D).6s"	"6D"	"7/2"		"T6892c83"	"L18349c139"	
"157.8133"	"0.0005"	"157.812827"	"0.000007"	"2700"	"1.0e+07"	"3.6e-03"	"-2.1"	D	"8846.7837"	"72212.989"	"3d6.(5D).4s"	"a 4D"	"1/2"	"3d6.(3D).4p"	"w 4P*"	"1/2"		"T6892c83"	"L18349c141"	
"157.8221"	"0.0005"	"157.821833"	"0.000010"	"2700"	"7.e+06"	"2.6e-03"	"-2.0"	D	"8680.4706"	"72043.060"	"3d6.(5D).4s"	"a 4D"	"3/2"	"3d6.(3D).4p"	"w 4P*"	"3/2"		"T6892c83"	"L18349c141"	
"157.8496"	"0.0005"	"157.849467"	"0.000010"	"1500"	"7.4e+07"	"2.8e-02"	"-0.78"	D+	"20516.9534"	"83868.450"	"3d7"	"a 2D2"	"5/2"	"3d6.(1F).4p"	"v 2D*"	"5/2"		"T6892c83"	"L18349c141"	
"157.92572"	"0.00007"	"157.925680"	"0.000006"	"3200"	"3.4e+07"	"1.9e-02"	"-1.11"	D+	"39013.2160"	"102334.140"	"3d6.(5D).4p"	"z 6D*"	"3/2"	"3d6.(5D).6s"	"6D"	"5/2"		"T6892c83"	"L18349c139"	
"158.02291"	"0.00003"	"158.022805"	"0.000007"	"1700"	"1.5e+07"	"8.e-03"	"-1.3"	E	"43238.6066"	"106520.612"	"3d6.(5D).4p"	"z 6P*"	"5/2"	"3d5.4s.(7S).4d"	"6D"	"7/2"		"T6892c83"	"L18349c148"	
"158.063001"	"0.000019"	"158.062992"	"0.000007"	"90000"	"5.8e+07"	"2.7e-02"	"-0.66"	D+	"2430.1369"	"65696.053"	"3d7"	"a 4F"	"7/2"	"3d6.(3G).4p"	"x 4G*"	"9/2"		"T6892c83"	"L18349c139"	
"158.12897"	"0.00002"	"158.128953"	"0.000006"	"10000"	"7.2e+07"	"2.7e-02"	"-0.57"	D+	"38458.9934"	"101698.519"	"3d6.(5D).4p"	"z 6D*"	"9/2"	"3d6.(5D).6s"	"6D"	"9/2"		"T6892c83"	"L18349c139"	
"158.1419"	"0.0002"	"158.141863"	"0.000013"	"7000"	"4.0e+07"	"1.5e-02"	"-1.04"	D+	"31811.814"	"95046.177"	"3d7"	"b 2F"	"5/2"	"3d6.(3F1).4p"	"2F*"	"5/2"		"T6892c83"	"L18349c140"	
"158.29794"	"0.00006"	"158.297992"	"0.000006"	"3200bl(Fe III)"	"2.7e+07"	"1.4e-02"	"-1.09"	D+	"38858.9696"	"102030.965"	"3d6.(5D).4p"	"z 6D*"	"5/2"	"3d6.(5D).6s"	"6D"	"7/2"		"T6892c83"	"L18349c148"	
"158.495241"	"0.000019"	"158.495240"	"0.000008"	"80000"	"5.8e+07"	"2.9e-02"	"-0.76"	D+	"2837.9807"	"65931.358"	"3d7"	"a 4F"	"5/2"	"3d6.(3G).4p"	"x 4G*"	"7/2"		"T6892c83"	"L18349c139"	
"158.5280"	"0.0002"	"158.528116"	"0.000013"	"8000"	"5.7e+07"	"2.1e-02"	"-0.77"	D+	"31999.049"	"95079.342"	"3d7"	"b 2F"	"7/2"	"3d6.(3F1).4p"	"2F*"	"7/2"		"T6892c83"	"L18349c140"	
"158.5994"	"0.0005"	"158.599805"	"0.000013"	"23000"	"9.e+07"	"3.5e-02"	"-0.85"	D+	"21307.999"	"84359.779"	"3d7"	"a 2D2"	"3/2"	"3d6.(1F).4p"	"v 2D*"	"3/2"		"T6892c83"	"L18349c144"	
"158.63337"	"0.00006"	"158.633304"	"0.000006"	"3200"	"2.0e+07"	"1.0e-02"	"-1.12"	D+	"38660.0537"	"101698.519"	"3d6.(5D).4p"	"z 6D*"	"7/2"	"3d6.(5D).6s"	"6D"	"9/2"		"T6892c83"	"L18349c139"	
"158.64479"	"0.00011"	"158.644695"	"0.000008"	"1300"	"7.e+06"	"4.e-03"	"-1.8"	E	"43620.9842"	"106654.923"	"3d6.(5D).4p"	"z 6P*"	"3/2"	"3d5.4s.(7S).4d"	"6D"	"5/2"		"T6892c83"	"L18349c146"	
"158.6902"	"0.0005"	"158.689963"	"0.000010"	"400"	"2.3e+07"	"4.e-03"	"-1.8"	E	"43620.9842"	"106636.942"	"3d6.(5D).4p"	"z 6P*"	"3/2"	"3d5.4s.(7S).4d"	"6D"	"1/2"		"T6892c83"	"L18349c141"	
"158.7012"	"0.0005"	"158.701182"	"0.000008"	"400"	"1.5e+07"	"6.e-03"	"-1.6"	E	"43620.9842"	"106632.487"	"3d6.(5D).4p"	"z 6P*"	"3/2"	"3d5.4s.(7S).4d"	"6D"	"3/2"		"T6892c83"	"L18349c141"	
"158.82904"	"0.00003"	"158.829025"	"0.000008"	"40000"	"4.8e+07"	"2.7e-02"	"-0.96"	D+	"3117.4877"	"66078.272"	"3d7"	"a 4F"	"3/2"	"3d6.(3G).4p"	"x 4G*"	"5/2"		"T6892c83"	"L18349c139"	
"158.8687"	"0.0002"	"158.868740"	"0.000006"	"7000bl(Fe III)"	"5.e+05"	"1.5e-04"	"-2.8"	E	"0.0000"	"62945.045"	"3d6.(5D).4s"	"a 6D"	"9/2"	"3d6.(3F2).4p"	"x 4D*"	"7/2"		"T6892c83"	"L18349c140"	
"159.0116"	"0.0002"	"159.011329"	"0.000010"	"5000bl(Fe II)*"	"6.e+06"	"2.4e-03"	"-1.8"	D	"31811.814"	"94700.415"	"3d7"	"b 2F"	"5/2"	"3d6.(3F1).4p"	"2D*"	"5/2"		"T6892c83"	"L18349c140"	
"159.0145"	"0.0002"	"159.014772"	"0.000008"	"5000"	"2.6e+07"	"1.0e-02"	"-1.40"	D+	"42401.3198"	"105288.559"	"3d6.(5D).4p"	"z 6F*"	"3/2"	"3d6.(5D).5d"	"6G"	"3/2"		"T6892c83"	"L18349c140"	
"159.0393"	"0.0002"	"159.039278"	"0.000008"	"600"	"1.9e+07"	"1.4e-02"	"-1.55"	D+	"42439.8511"	"105317.400"	"3d6.(5D).4p"	"z 6F*"	"1/2"	"3d6.(3P2).4d"	"2P"	"3/2"		"T6892c83"	"L18349c140"	
"159.05588"	"0.00006"	"159.055937"	"0.000008"	"2100"	"2.6e+07"	"1.0e-02"	"-1.22"	D+	"42334.8444"	"105205.808"	"3d6.(5D).4p"	"z 6F*"	"5/2"	"3d6.(5D).5d"	"6G"	"5/2"		"T6892c83"	"L18349c139"	
"159.11221"	"0.00004"	"159.112261"	"0.000008"	"2800"	"6.1e+07"	"4.6e-02"	"-1.03"	D+	"42439.8511"	"105288.559"	"3d6.(5D).4p"	"z 6F*"	"1/2"	"3d6.(5D).5d"	"6G"	"3/2"		"T6892c83"	"L18349c139"	
"159.16327"	"0.00005"	"159.163261"	"0.000008"	"2200"	"1.7e+07"	"6.5e-03"	"-1.29"	D+	"42237.0575"	"105065.627"	"3d6.(5D).4p"	"z 6F*"	"7/2"	"3d6.(5D).5d"	"6G"	"7/2"		"T6892c83"	"L18349c139"	
"159.22429"	"0.00002"	"159.224289"	"0.000008"	"6000bl(Fe III)"	"8.e+07"	"4.6e-02"	"-0.73"	D+	"42401.3198"	"105205.808"	"3d6.(5D).4p"	"z 6F*"	"3/2"	"3d6.(5D).5d"	"6G"	"5/2"		"T6892c83"	"L18349c148"	
"159.3532"	"0.0002"	"159.353194"	"0.000006"	"700"	"9.e+06"	"3.4e-03"	"-1.46"	D+	"42114.8380"	"104868.522"	"3d6.(5D).4p"	"z 6F*"	"9/2"	"3d6.(5D).5d"	"6G"	"9/2"		"T6892c83"	"L18349c140"	
"159.36614"	"0.00005"	"159.366121"	"0.000006"	"2900"	"2.4e+07"	"1.1e-02"	"-0.97"	D+	"42114.8380"	"104863.432"	"3d6.(5D).4p"	"z 6F*"	"9/2"	"3d6.(5D).5d"	"4G"	"11/2"		"T6892c83"	"L18349c139"	
"159.411363"	"0.000018"	"159.411370"	"0.000008"	"8000"	"8.e+07"	"4.3e-02"	"-0.59"	D+	"42334.8444"	"105065.627"	"3d6.(5D).4p"	"z 6F*"	"5/2"	"3d6.(5D).5d"	"6G"	"7/2"		"T6892c83"	"L18349c139"	
"159.5416"	"0.0002"	"159.541810"	"0.000008"	"800bl(Fe II)*"	"1.2e+07"	"5.9e-03"	"-1.33"	D+	"42237.0575"	"104916.552"	"3d6.(5D).4p"	"z 6F*"	"7/2"	"3d6.(3F2).4d"	"4F"	"9/2"		"T6892c83"	"L18349c140"	
"159.66416"	"0.00002"	"159.664157"	"0.000008"	"7000"	"8.e+07"	"3.6e-02"	"-0.54"	D+	"42237.0575"	"104868.522"	"3d6.(5D).4p"	"z 6F*"	"7/2"	"3d6.(5D).5d"	"6G"	"9/2"		"T6892c83"	"L18349c139"	
"159.8216"	"0.0005"	"159.820598"	"0.000008"	"400"	"2.1e+06"	"1.0e-03"	"-2.1"	D	"42237.0575"	"104807.215"	"3d6.(5D).4p"	"z 6F*"	"7/2"	"3d6.(3H).4d"	"2G"	"9/2"		"T6892c83"	"L18349c141"	
"159.9113"	"0.0002"	"159.911253"	"0.000008"	"400"	"2.2e+06"	"7.e-04"	"-2.2"	D	"44232.5398"	"106767.226"	"3d6.(5D).4p"	"z 4F*"	"9/2"	"3d6.(3F2).4d"	"4F"	"7/2"		"T6892c83"	"L18349c140"	
"160.0008"	"0.0005"	"160.001368"	"0.000010"	"21000"	"5.6e+07"	"1.7e-02"	"-0.76"	D+	"20805.7632"	"83305.229"	"3d7"	"a 2H"	"9/2"	"3d6.(1F).4p"	"v 2G*"	"7/2"		"T6892c83"	"L18349c144"	
"160.02655"	"0.00007"	"160.026508"	"0.000006"	"1400"	"1.4e+07"	"5.2e-03"	"-1.28"	D+	"44232.5398"	"106722.187"	"3d6.(5D).4p"	"z 4F*"	"9/2"	"3d6.(3H).4d"	"4F"	"9/2"		"T6892c83"	"L18349c139"	
"160.055172"	"0.000016"	"160.055177"	"0.000006"	"10000"	"8.e+07"	"3.9e-02"	"-0.41"	D+	"42114.8380"	"104593.292"	"3d6.(5D).4p"	"z 6F*"	"9/2"	"3d6.(5D).5d"	"6G"	"11/2"		"T6892c83"	"L18349c139"	
"160.0811"	"0.0002"	"160.081056"	"0.000008"	"600"	"1.1e+07"	"4.4e-03"	"-1.45"	D+	"42237.0575"	"104705.411"	"3d6.(5D).4p"	"z 6F*"	"7/2"	"3d6.(5D).5d"	"6D"	"7/2"		"T6892c83"	"L18349c140"	
"160.2457"	"0.0005"	"160.245592"	"0.000008"	"500d?"	"4.2e+06"	"1.6e-03"	"-2.0"	D	"42334.8444"	"104739.057"	"3d6.(5D).4p"	"z 6F*"	"5/2"	"3d6.(3F2).4d"	"4P"	"5/2"		"T6892c83"	"L18349c143"	
"160.2517"	"0.0002"	"160.251751"	"0.000008"	"8000"	"2.2e+06"	"1.1e-03"	"-2.1"	D	"2430.1369"	"64831.951"	"3d7"	"a 4F"	"7/2"	"3d6.(3F2).4p"	"y 2G*"	"9/2"		"T6892c83"	"L18349c140"	
"160.259656"	"0.000009"	"160.259666"	"0.000008"	"21000"	"1.14e+08"	"5.1e-02"	"-0.21"	C+	"41968.0698"	"104366.802"	"3d6.(5D).4p"	"z 6F*"	"11/2"	"3d6.(5D).5d"	"6G"	"13/2"		"T6892c83"	"L18349c139"	
"160.4583"	"0.0002"	"160.458397"	"0.000010"	"7000"	"3.6e+06"	"1.1e-03"	"-2.1"	D	"16369.4098"	"78690.860"	"3d7"	"a 2G"	"7/2"	"3d6.(1D2).4p"	"w 2D*"	"5/2"		"T6892c83"	"L18349c140"	
"160.4615"	"0.0005"	"160.461305"	"0.000006"	"400d?"	"4.3e+06"	"1.7e-03"	"-1.9"	D	"44446.9051"	"106767.226"	"3d6.(5D).4p"	"z 4D*"	"7/2"	"3d6.(3F2).4d"	"4F"	"7/2"		"T6892c83"	"L18349c143"	
"160.52175"	"0.00007"	"160.521804"	"0.000006"	"2100"	"2.1e+07"	"8.e-03"	"-1.08"	D+	"42114.8380"	"104411.671"	"3d6.(5D).4p"	"z 6F*"	"9/2"	"3d6.(5D).5d"	"6D"	"9/2"		"T6892c83"	"L18349c139"	
"160.53239"	"0.00011"	"160.532311"	"0.000008"	"24000"	"3.2e+07"	"1.0e-02"	"-1.00"	D+	"15844.6485"	"78137.404"	"3d7"	"a 2G"	"9/2"	"3d6.(1D2).4p"	"v 2F*"	"7/2"		"T6892c83"	"L18349c139"	
"160.5782"	"0.0005"	"160.577354"	"0.000008"	"400d?"	"4.3e+06"	"2.1e-03"	"-1.8"	D	"44446.9051"	"106722.187"	"3d6.(5D).4p"	"z 4D*"	"7/2"	"3d6.(3H).4d"	"4F"	"9/2"		"T6892c83"	"L18349c143"	
"160.6009"	"0.0002"	"160.601026"	"0.000008"	"700bl(Fe III)"	"4.0e+06"	"1.2e-03"	"-1.9"	D	"42114.8380"	"104380.941"	"3d6.(5D).4p"	"z 6F*"	"9/2"	"3d6.(5D).5d"	"6F"	"7/2"		"T6892c83"	"L18349c140"	
"160.6326"	"0.0002"	"160.632546"	"0.000008"	"700"	"5.e+06"	"1.3e-03"	"-2.1"	D	"42334.8444"	"104588.729"	"3d6.(5D).4p"	"z 6F*"	"5/2"	"3d6.(5D).5d"	"6D"	"3/2"		"T6892c83"	"L18349c140"	
"160.845078"	"0.000008"	"160.845083"	"0.000008"	"700000"	"1.91e+08"	"5.91e-02"	"-0.228"	A	"0.0000"	"62171.624"	"3d6.(5D).4s"	"a 6D"	"9/2"	"3d5.(6S).4s.4p.(3P*)"	"y 6P*"	"7/2"		"T7958,T6707,T7503"	"L18349c139"	
"160.85363"	"0.00002"	"160.853705"	"0.000008"	"21000"	"2.1e+06"	"6.5e-04"	"-2.19"	D+	"1872.5998"	"64040.891"	"3d7"	"a 4F"	"9/2"	"3d6.(3F2).4p"	"y 4G*"	"7/2"		"T7461"	"L18349c148"	
"160.9100"	"0.0002"	"160.909965"	"0.000008"	"700"	"5.e+06"	"2.1e-03"	"-1.8"	D	"44753.8179"	"106900.373"	"3d6.(5D).4p"	"z 4F*"	"7/2"	"3d6.(3F2).4d"	"2G"	"7/2"		"T6892c83"	"L18349c140"	
"160.9169"	"0.0002"	"160.916883"	"0.000008"	"1400bl(Fe III)"	"1.1e+07"	"4.1e-03"	"-1.49"	D+	"42237.0575"	"104380.941"	"3d6.(5D).4p"	"z 6F*"	"7/2"	"3d6.(5D).5d"	"6F"	"7/2"		"T6892c83"	"L18349c140"	
"161.0317"	"0.0002"	"161.031441"	"0.000010"	"3500bl(Fe II)*"	"8.e+06"	"4.3e-03"	"-1.6"	D	"31387.9788"	"93487.653"	"3d6.(3D).4s"	"b 4D"	"5/2"	"3d6.(3F1).4p"	"u 4F*"	"7/2"		"T6892c83"	"L18349c140"	
"161.0773"	"0.0002"	"161.077326"	"0.000008"	"1200"	"1.0e+07"	"4.1e-03"	"-1.6"	D	"44784.7859"	"106866.770"	"3d6.(5D).4p"	"z 4D*"	"5/2"	"3d6.(3F2).4d"	"4F"	"5/2"		"T6892c83"	"L18349c140"	
"161.09229"	"0.00004"	"161.092327"	"0.000008"	"33000"	"1.9e+07"	"7.5e-03"	"-1.12"	C+	"1872.5998"	"63948.803"	"3d7"	"a 4F"	"9/2"	"3d6.(3F2).4p"	"y 4G*"	"9/2"		"T7461"	"L18349c139"	
"161.1197"	"0.0005"	"161.120034"	"0.000008"	"2700"	"4.4e+06"	"1.4e-03"	"-1.86"	C	"0.0000"	"62065.528"	"3d6.(5D).4s"	"a 6D"	"9/2"	"3d6.(3F2).4p"	"y 4F*"	"7/2"		"T7461"	"L18349c144"	
"161.2100"	"0.0002"	"161.20984"	"0.00008"	"2900"	"1.2e+07"	"7.2e-03"	"-1.54"	D+	"31364.4554"	"93395.407"	"3d6.(3D).4s"	"b 4D"	"3/2"	"3d6.(3F1).4p"	"u 4F*"	"5/2"		"T6892c83"	"L18349c140"	
"161.2552"	"0.0002"	"161.255450"	"0.000008"	"500"	"5.e+06"	"1.8e-03"	"-1.8"	D	"44753.8179"	"106767.226"	"3d6.(5D).4p"	"z 4F*"	"7/2"	"3d6.(3F2).4d"	"4F"	"7/2"		"T6892c83"	"L18349c140"	
"161.280624"	"0.000015"	"161.280632"	"0.000008"	"90000"	"6.6e+07"	"3.1e-02"	"-0.51"	D+	"1872.5998"	"63876.325"	"3d7"	"a 4F"	"9/2"	"3d6.(3F2).4p"	"y 4G*"	"11/2"		"T6892c83"	"L18349c139"	
"161.3362"	"0.0002"	"161.335777"	"0.000008"	"400bl(Fe II)*"	"9.e+06"	"3.0e-03"	"-1.44"	D+	"41968.0698"	"103950.602"	"3d6.(5D).4p"	"z 6F*"	"11/2"	"3d6.(5D).5d"	"6F"	"9/2"		"T6892c83"	"L18349c140"	
"161.3362"	"0.0002"	"161.336017"	"0.000008"	"400bl(Fe II)*"	"2.6e+06"	"1.3e-03"	"-2.1"	D	"44784.7859"	"106767.226"	"3d6.(5D).4p"	"z 4D*"	"5/2"	"3d6.(3F2).4d"	"4F"	"7/2"		"T6892c83"	"L18349c140"	
"161.37226"	"0.00003"	"161.372226"	"0.000008"	"5000"	"3.2e+07"	"1.3e-02"	"-0.82"	D+	"41968.0698"	"103936.602"	"3d6.(5D).4p"	"z 6F*"	"11/2"	"3d6.(5D).5d"	"6F"	"11/2"		"T6892c83"	"L18349c139"	
"161.3946"	"0.0002"	"161.394188"	"0.000010"	"1700"	"1.5e+07"	"1.2e-02"	"-1.6"	D	"31368.453"	"93328.553"	"3d6.(3D).4s"	"b 4D"	"1/2"	"3d6.(3F1).4p"	"u 4F*"	"3/2"		"T6892c83"	"L18349c140"	
"161.71871"	"0.00007"	"161.718710"	"0.000008"	"1700bl(Fe III)"	"6.8e+06"	"2.7e-03"	"-1.57"	D+	"42114.8380"	"103950.602"	"3d6.(5D).4p"	"z 6F*"	"9/2"	"3d6.(5D).5d"	"6F"	"9/2"		"T6892c83"	"L18349c146"	
"161.846769"	"0.000008"	"161.846689"	"0.000008"	"200000bl(Fe II)*"	"8.e+06"	"3.0e-03"	"-1.8"	D	"45079.9019"	"106866.770"	"3d6.(5D).4p"	"z 4F*"	"5/2"	"3d6.(3F2).4d"	"4F"	"5/2"		"T6892c83"	"L18349c148"	
"161.846769"	"0.000008"	"161.846771"	"0.000008"	"200000bl(Fe II)*"	"5.53e+07"	"2.17e-02"	"-0.760"	A	"384.7872"	"62171.624"	"3d6.(5D).4s"	"a 6D"	"7/2"	"3d5.(6S).4s.4p.(3P*)"	"y 6P*"	"7/2"		"T7958,T6707,T7503"	"L18349c148"	
"161.8960"	"0.0002"	"161.895562"	"0.000008"	"6000bl(Fe II)*"	"5.e+06"	"1.6e-03"	"-1.9"	D	"42658.2444"	"104426.460"	"3d6.(5D).4p"	"z 6P*"	"7/2"	"3d6.(5D).5d"	"6F"	"5/2"		"T6892c83"	"L18349c140"	
"161.8960"	"0.0002"	"161.896143"	"0.000010"	"6000bl(Fe II)*"	"2.3e+06"	"9.e-04"	"-2.1"	D	"16369.4098"	"78137.404"	"3d7"	"a 2G"	"7/2"	"3d6.(1D2).4p"	"v 2F*"	"7/2"		"T6892c83"	"L18349c140"	
"161.93436"	"0.00007"	"161.934334"	"0.000008"	"2000"	"2.4e+07"	"1.2e-02"	"-1.02"	D+	"42658.2444"	"104411.671"	"3d6.(5D).4p"	"z 6P*"	"7/2"	"3d6.(5D).5d"	"6D"	"9/2"		"T6892c83"	"L18349c139"	
"162.01500"	"0.00010"	"162.014956"	"0.000008"	"1300"	"1.7e+07"	"6.8e-03"	"-1.27"	D+	"42658.2444"	"104380.941"	"3d6.(5D).4p"	"z 6P*"	"7/2"	"3d6.(5D).5d"	"6F"	"7/2"		"T6892c83"	"L18349c139"	
"162.1071"	"0.0002"	"162.107858"	"0.000008"	"800"	"4.4e+06"	"2.3e-03"	"-1.9"	D	"45079.9019"	"106767.226"	"3d6.(5D).4p"	"z 4F*"	"5/2"	"3d6.(3F2).4d"	"4F"	"7/2"		"T6892c83"	"L18349c140"	
"162.1251"	"0.0002"	"162.125160"	"0.000008"	"8000"	"1.1e+06"	"4.3e-04"	"-2.5"	D	"384.7872"	"62065.528"	"3d6.(5D).4s"	"a 6D"	"7/2"	"3d6.(3F2).4p"	"y 4F*"	"7/2"		"T7461"	"L18349c140"	
"162.168503"	"0.000008"	"162.168505"	"0.000008"	"360000"	"1.32e+08"	"3.90e-02"	"-0.506"	A	"384.7872"	"62049.042"	"3d6.(5D).4s"	"a 6D"	"7/2"	"3d5.(6S).4s.4p.(3P*)"	"y 6P*"	"5/2"		"T7958,T6707,T7503"	"L18349c139"	
"162.2318"	"0.0005"	"162.231847"	"0.000008"	"400d?"	"8.e+06"	"6.e-03"	"-1.9"	D	"45206.4704"	"106846.649"	"3d6.(5D).4p"	"z 4D*"	"1/2"	"3d6.(5D).5d"	"4F"	"3/2"		"T6892c83"	"L18349c143"	
"162.24635"	"0.00003"	"162.246463"	"0.000008"	"1800bl(Fe II)*"	"2.6e+07"	"1.4e-02"	"-1.09"	D+	"43238.6066"	"104873.232"	"3d6.(5D).4p"	"z 6P*"	"5/2"	"3d6.(5D).5d"	"4D"	"7/2"		"T6892c83"	"L18349c148"	
"162.30929"	"0.00004"	"162.309326"	"0.000008"	"28000"	"2.0e+07"	"7.9e-03"	"-1.20"	C+	"2430.1369"	"64040.891"	"3d7"	"a 4F"	"7/2"	"3d6.(3F2).4p"	"y 4G*"	"7/2"		"T7461"	"L18349c139"	
"162.3646"	"0.0005"	"162.365190"	"0.000008"	"500d?"	"9.e+06"	"3.5e-03"	"-1.7"	D	"43238.6066"	"104828.163"	"3d6.(5D).4p"	"z 6P*"	"5/2"	"3d6.(5D).5d"	"6D"	"5/2"		"T6892c83"	"L18349c143"	
"162.3985"	"0.0005"	"162.398443"	"0.000008"	"400d?"	"6.e+06"	"3.5e-03"	"-1.8"	D	"45289.8248"	"106866.770"	"3d6.(5D).4p"	"z 4F*"	"3/2"	"3d6.(3F2).4d"	"4F"	"5/2"		"T6892c83"	"L18349c143"	
"162.45158"	"0.00007"	"162.451526"	"0.000008"	"1200"	"1.4e+07"	"5.e-03"	"-1.7"	D	"45289.8248"	"106846.649"	"3d6.(5D).4p"	"z 4F*"	"3/2"	"3d6.(5D).5d"	"4F"	"3/2"		"T6892c83"	"L18349c139"	
"162.552294"	"0.000018"	"162.552289"	"0.000008"	"70000"	"4.0e+07"	"2.0e-02"	"-0.80"	C+	"2430.1369"	"63948.803"	"3d7"	"a 4F"	"7/2"	"3d6.(3F2).4p"	"y 4G*"	"9/2"		"T7461"	"L18349c139"	
"162.59120"	"0.00003"	"162.591207"	"0.000008"	"40000"	"1.02e+07"	"5.39e-03"	"-1.490"	C+	"667.6829"	"62171.624"	"3d6.(5D).4s"	"a 6D"	"5/2"	"3d5.(6S).4s.4p.(3P*)"	"y 6P*"	"7/2"		"T7958,T7503"	"L18349c139"	
"162.68935"	"0.00006"	"162.689440"	"0.000008"	"1800"	"1.3e+07"	"6.9e-03"	"-1.38"	D+	"43238.6066"	"104705.411"	"3d6.(5D).4p"	"z 6P*"	"5/2"	"3d6.(5D).5d"	"6D"	"7/2"		"T6892c83"	"L18349c139"	
"162.70224"	"0.00005"	"162.702158"	"0.000008"	"2000"	"1.6e+07"	"4.8e-03"	"-1.42"	D+	"42658.2444"	"104120.244"	"3d6.(5D).4p"	"z 6P*"	"7/2"	"3d6.(5D).5d"	"6P"	"5/2"		"T6892c83"	"L18349c139"	
"162.8877"	"0.0005"	"162.888144"	"0.000008"	"500d?"	"1.3e+07"	"3.5e-03"	"-1.7"	D	"43238.6066"	"104630.429"	"3d6.(5D).4p"	"z 6P*"	"5/2"	"3d6.(5D).5d"	"6F"	"3/2"		"T6892c83"	"L18349c143"	
"162.915914"	"0.000008"	"162.915910"	"0.000008"	"260000"	"8.66e+07"	"3.45e-02"	"-0.685"	A	"667.6829"	"62049.042"	"3d6.(5D).4s"	"a 6D"	"5/2"	"3d5.(6S).4s.4p.(3P*)"	"y 6P*"	"5/2"		"T7958,T6707,T7503"	"L18349c139"	
"162.93715"	"0.00010"	"162.937234"	"0.000011"	"21000"	"5.9e+07"	"1.8e-02"	"-0.85"	D+	"16369.4098"	"77742.736"	"3d7"	"a 2G"	"7/2"	"3d6.(1D2).4p"	"v 2F*"	"5/2"		"T6892c83"	"L18349c139"	
"163.01898"	"0.00008"	"163.018940"	"0.000008"	"2000"	"1.6e+07"	"6.3e-03"	"-1.30"	D+	"42658.2444"	"104000.810"	"3d6.(5D).4p"	"z 6P*"	"7/2"	"3d6.(5D).5d"	"6P"	"7/2"		"T6892c83"	"L18349c139"	
"163.112855"	"0.000010"	"163.112851"	"0.000008"	"140000"	"6.93e+07"	"1.84e-02"	"-0.956"	A	"667.6829"	"61974.931"	"3d6.(5D).4s"	"a 6D"	"5/2"	"3d5.(6S).4s.4p.(3P*)"	"y 6P*"	"3/2"		"T7958,T6707,T7503"	"L18349c139"	
"163.15249"	"0.00005"	"163.152478"	"0.000008"	"1600"	"8.e+06"	"4.2e-03"	"-1.48"	D+	"42658.2444"	"103950.602"	"3d6.(5D).4p"	"z 6P*"	"7/2"	"3d6.(5D).5d"	"6F"	"9/2"		"T6892c83"	"L18349c139"	
"163.26692"	"0.00006"	"163.266833"	"0.000008"	"17000"	"1.9e+07"	"8.e-03"	"-1.34"	D+	"2837.9807"	"64087.408"	"3d7"	"a 4F"	"5/2"	"3d6.(3F2).4p"	"y 4G*"	"5/2"		"T6892c83"	"L18349c139"	
"163.28646"	"0.00007"	"163.286378"	"0.000008"	"1500"	"3.1e+07"	"1.2e-02"	"-1.31"	D+	"43620.9842"	"104863.080"	"3d6.(5D).4p"	"z 6P*"	"3/2"	"3d6.(5D).5d"	"6P"	"3/2"		"T6892c83"	"L18349c139"	
"163.3594"	"0.0002"	"163.359369"	"0.000008"	"1400"	"7.e+06"	"3.5e-03"	"-1.7"	D	"31387.9788"	"92602.711"	"3d6.(3D).4s"	"b 4D"	"5/2"	"3d6.(3F1).4p"	"u 2G*"	"7/2"		"T6892c83"	"L18349c140"	
"163.39093"	"0.00002"	"163.390923"	"0.000008"	"50000"	"3.9e+07"	"2.1e-02"	"-0.91"	C+	"2837.9807"	"64040.891"	"3d7"	"a 4F"	"5/2"	"3d6.(3F2).4p"	"y 4G*"	"7/2"		"T7461"	"L18349c139"	
"163.434925"	"0.000013"	"163.434931"	"0.000008"	"90000"	"3.21e+07"	"1.93e-02"	"-1.112"	A	"862.6118"	"62049.042"	"3d6.(5D).4s"	"a 6D"	"3/2"	"3d5.(6S).4s.4p.(3P*)"	"y 6P*"	"5/2"		"T7958,T7503"	"L18349c139"	
"163.540028"	"0.000011"	"163.540031"	"0.000008"	"170000"	"2.3e+08"	"6.8e-02"	"-0.26"	D+	"7955.3186"	"69102.427"	"3d6.(5D).4s"	"a 4D"	"7/2"	"3d5.(6S).4s.4p.(3P*)"	"x 4P*"	"5/2"		"T6892c83"	"L18349c139"	
"163.633123"	"0.000008"	"163.633129"	"0.000008"	"200000"	"9.63e+07"	"3.86e-02"	"-0.811"	A	"862.6118"	"61974.931"	"3d6.(5D).4s"	"a 6D"	"3/2"	"3d5.(6S).4s.4p.(3P*)"	"y 6P*"	"3/2"		"T7958,T6707,T7503"	"L18349c139"	
"163.739973"	"0.000016"	"163.739964"	"0.000008"	"80000"	"3.6e+07"	"1.15e-02"	"-0.94"	C+	"1872.5998"	"62945.045"	"3d7"	"a 4F"	"9/2"	"3d6.(3F2).4p"	"x 4D*"	"7/2"		"T7461"	"L18349c139"	
"163.940120"	"0.000009"	"163.940121"	"0.000008"	"150000"	"6.85e+07"	"5.52e-02"	"-0.957"	B+	"977.0498"	"61974.931"	"3d6.(5D).4s"	"a 6D"	"1/2"	"3d5.(6S).4s.4p.(3P*)"	"y 6P*"	"3/2"		"T7958,T6707,T7503"	"L18349c139"	
"163.9497"	"0.0002"	"163.950097"	"0.000008"	"1300"	"7.e+06"	"2.9e-03"	"-1.9"	D	"31364.4554"	"92358.625"	"3d6.(3D).4s"	"b 4D"	"3/2"	"3d5.(4G).4s.4p.(3P*)"	"v 4F*"	"3/2"		"T6892c83"	"L18349c140"	
"163.9606"	"0.0002"	"163.960843"	"0.000008"	"5000"	"1.8e+07"	"1.5e-02"	"-1.53"	D+	"31368.453"	"92358.625"	"3d6.(3D).4s"	"b 4D"	"1/2"	"3d5.(4G).4s.4p.(3P*)"	"v 4F*"	"3/2"		"T6892c83"	"L18349c140"	
"164.01530"	"0.00002"	"164.015304"	"0.000008"	"50000"	"5.9e+07"	"3.6e-02"	"-0.85"	D+	"3117.4877"	"64087.408"	"3d7"	"a 4F"	"3/2"	"3d6.(3F2).4p"	"y 4G*"	"5/2"		"T6892c83"	"L18349c139"	
"164.0271"	"0.0002"	"164.027331"	"0.000008"	"6000"	"1.8e+07"	"1.1e-02"	"-1.36"	D+	"31364.4554"	"92329.905"	"3d6.(3D).4s"	"b 4D"	"3/2"	"3d5.(4G).4s.4p.(3P*)"	"v 4F*"	"5/2"		"T6892c83"	"L18349c140"	
"164.0855"	"0.0002"	"164.085683"	"0.000008"	"7000"	"3.2e+07"	"1.6e-02"	"-0.88"	D+	"31483.1979"	"92426.967"	"3d6.(3D).4s"	"b 4D"	"7/2"	"3d5.(4G).4s.4p.(3P*)"	"v 4F*"	"9/2"		"T6892c83"	"L18349c140"	
"164.0904"	"0.0002"	"164.090645"	"0.000008"	"1700"	"5.e+06"	"2.2e-03"	"-1.9"	D	"31387.9788"	"92329.905"	"3d6.(3D).4s"	"b 4D"	"5/2"	"3d5.(4G).4s.4p.(3P*)"	"v 4F*"	"5/2"		"T6892c83"	"L18349c140"	
"164.176298"	"0.000017"	"164.176302"	"0.000011"	"90000"	"1.8e+08"	"4.7e-02"	"-0.55"	D+	"8391.9554"	"69302.086"	"3d6.(5D).4s"	"a 4D"	"5/2"	"3d5.(6S).4s.4p.(3P*)"	"x 4P*"	"3/2"		"T6892c83"	"L18349c139"	
"164.2185"	"0.0002"	"164.218467"	"0.000008"	"7000"	"3.4e+07"	"1.8e-02"	"-0.96"	D+	"31387.9788"	"92282.470"	"3d6.(3D).4s"	"b 4D"	"5/2"	"3d5.(4G).4s.4p.(3P*)"	"v 4F*"	"7/2"		"T6892c83"	"L18349c140"	
"164.2432"	"0.0002"	"164.243295"	"0.000008"	"7000"	"3.0e+07"	"1.2e-02"	"-1.32"	D+	"18360.6399"	"79245.926"	"3d7"	"a 2P"	"3/2"	"3d5.(6S).4s.4p.(1P*)"	"x 6P*"	"3/2"		"T6370,T6892c83"	"L18349c140"	
"164.2497"	"0.0002"	"164.249942"	"0.000008"	"7000"	"4.4e+07"	"1.8e-02"	"-1.14"	D+	"18360.6399"	"79243.462"	"3d7"	"a 2P"	"3/2"	"3d6.(1D2).4p"	"w 2P*"	"3/2"		"T6370,T6892c83"	"L18349c140"	
"164.3439"	"0.0002"	"164.344106"	"0.000008"	"3300"	"8.e+06"	"6.e-03"	"-1.9"	D	"31368.453"	"92216.391"	"3d6.(3D).4s"	"b 4D"	"1/2"	"3d6.(3P1).4p"	"u 2D*"	"3/2"		"T6892c83"	"L18349c140"	
"164.357877"	"0.000017"	"164.357866"	"0.000008"	"70000"	"4.4e+07"	"1.3e-02"	"-0.98"	D+	"2430.1369"	"63272.981"	"3d7"	"a 4F"	"7/2"	"3d6.(3F2).4p"	"x 4D*"	"5/2"		"T6892c83"	"L18349c139"	
"164.4756"	"0.0002"	"164.475653"	"0.000008"	"1700"	"5.e+06"	"2.1e-03"	"-1.8"	D	"31483.1979"	"92282.470"	"3d6.(3D).4s"	"b 4D"	"7/2"	"3d5.(4G).4s.4p.(3P*)"	"v 4F*"	"7/2"		"T6892c83"	"L18349c140"	
"164.5698"	"0.0005"	"164.570657"	"0.000008"	"500d?"	"6.8e+06"	"3.5e-03"	"-1.56"	D+	"44446.9051"	"105211.079"	"3d6.(5D).4p"	"z 4D*"	"7/2"	"3d6.(5D).5d"	"4G"	"9/2"		"T6892c83"	"L18349c143"	
"164.61848"	"0.00003"	"164.618420"	"0.000011"	"40000"	"1.4e+08"	"2.8e-02"	"-0.95"	D+	"8680.4706"	"69427.014"	"3d6.(5D).4s"	"a 4D"	"3/2"	"3d5.(6S).4s.4p.(3P*)"	"x 4P*"	"1/2"		"T6892c83"	"L18349c139"	
"164.71626"	"0.00004"	"164.716230"	"0.000008"	"40000"	"5.0e+07"	"2.0e-02"	"-0.91"	D+	"8391.9554"	"69102.427"	"3d6.(5D).4s"	"a 4D"	"5/2"	"3d5.(6S).4s.4p.(3P*)"	"x 4P*"	"5/2"		"T6892c83"	"L18349c139"	
"164.7538"	"0.0005"	"164.754556"	"0.000019"	"6000"	"9.e+07"	"2.7e-02"	"-0.66"	D+	"31999.049"	"92695.398"	"3d7"	"b 2F"	"7/2"	"3d6.(3P1).4p"	"u 2D*"	"5/2"		"T6892c83"	"L18349c144"	
"164.75620"	"0.00002"	"164.756211"	"0.000008"	"1900"	"9.e+06"	"3.8e-03"	"-1.52"	D+	"44753.8179"	"105449.557"	"3d6.(5D).4p"	"z 4F*"	"7/2"	"3d6.(5D).5d"	"4G"	"7/2"		"T6892c83"	"L18349c139"	
"164.7757"	"0.0002"	"164.775885"	"0.000008"	"7000"	"1.6e+07"	"8.e-03"	"-1.20"	D+	"31483.1979"	"92171.690"	"3d6.(3D).4s"	"b 4D"	"7/2"	"3d6.(3F1).4p"	"u 2G*"	"9/2"		"T6892c83"	"L18349c140"	
"164.7878"	"0.0002"	"164.788049"	"0.000008"	"500"	"9.e+06"	"3.8e-03"	"-1.42"	D+	"44232.5398"	"104916.552"	"3d6.(5D).4p"	"z 4F*"	"9/2"	"3d6.(3F2).4d"	"4F"	"9/2"		"T6892c83"	"L18349c140"	
"164.8395"	"0.0002"	"164.840315"	"0.000008"	"2700bl(Fe II)*"	"6.e+06"	"3.5e-03"	"-1.7"	D	"44784.7859"	"105449.557"	"3d6.(5D).4p"	"z 4D*"	"5/2"	"3d6.(5D).5d"	"4G"	"7/2"		"T6892c83"	"L18349c140"	
"164.9064"	"0.0005"	"164.905769"	"0.000008"	"500d?"	"3.3e+06"	"1.1e-03"	"-2.0"	D	"44232.5398"	"104873.232"	"3d6.(5D).4p"	"z 4F*"	"9/2"	"3d6.(5D).5d"	"4D"	"7/2"		"T6892c83"	"L18349c143"	
"164.932414"	"0.000014"	"164.932424"	"0.000008"	"10000"	"8.e+07"	"4.1e-02"	"-0.39"	D+	"44232.5398"	"104863.432"	"3d6.(5D).4p"	"z 4F*"	"9/2"	"3d6.(5D).5d"	"4G"	"11/2"		"T6892c83"	"L18349c139"	
"164.94261"	"0.00002"	"164.942595"	"0.000008"	"50000"	"5.1e+07"	"1.4e-02"	"-1.08"	D+	"2837.9807"	"63465.134"	"3d7"	"a 4F"	"5/2"	"3d6.(3F2).4p"	"x 4D*"	"3/2"		"T6892c83"	"L18349c139"	
"164.95768"	"0.00002"	"164.957663"	"0.000011"	"50000"	"9.e+07"	"3.6e-02"	"-0.84"	D+	"8680.4706"	"69302.086"	"3d6.(5D).4s"	"a 4D"	"3/2"	"3d5.(6S).4s.4p.(3P*)"	"x 4P*"	"3/2"		"T6892c83"	"L18349c139"	
"165.0527"	"0.0005"	"165.053074"	"0.000008"	"500d?"	"4.3e+06"	"2.6e-03"	"-2.0"	D	"45044.1916"	"105630.764"	"3d6.(5D).4p"	"z 4D*"	"3/2"	"3d6.(5D).5d"	"4G"	"5/2"		"T6892c83"	"L18349c143"	
"165.07035"	"0.00003"	"165.070353"	"0.000011"	"40000"	"1.4e+08"	"5.6e-02"	"-0.95"	D+	"8846.7837"	"69427.014"	"3d6.(5D).4s"	"a 4D"	"1/2"	"3d5.(6S).4s.4p.(3P*)"	"x 4P*"	"1/2"		"T6892c83"	"L18349c139"	
"165.15038"	"0.00003"	"165.150415"	"0.000008"	"1600"	"1.2e+07"	"4.7e-03"	"-1.55"	D+	"45079.9019"	"105630.764"	"3d6.(5D).4p"	"z 4F*"	"5/2"	"3d6.(5D).5d"	"4G"	"5/2"		"T6892c83"	"L18349c139"	
"165.1613"	"0.0002"	"165.161021"	"0.000008"	"6000bl(Fe II)*"	"4.0e+06"	"1.6e-03"	"-1.9"	D	"44446.9051"	"104993.879"	"3d6.(5D).4p"	"z 4D*"	"7/2"	"3d6.(3F2).4d"	"4D"	"7/2"		"T6892c83"	"L18349c140"	
"165.1613"	"0.0002"	"165.161465"	"0.000011"	"6000bl(Fe II)*"	"3.5e+07"	"9.e-03"	"-1.25"	D+	"31811.814"	"92358.625"	"3d7"	"b 2F"	"5/2"	"3d5.(4G).4s.4p.(3P*)"	"v 4F*"	"3/2"		"T6892c83"	"L18349c140"	
"165.3403"	"0.0002"	"165.340547"	"0.000019"	"7000"	"5.5e+07"	"1.1e-02"	"-1.35"	D+	"18360.6399"	"78841.872"	"3d7"	"a 2P"	"3/2"	"3d6.(1D2).4p"	"w 2P*"	"1/2"		"T6892c83"	"L18349c140"	
"165.3796"	"0.0002"	"165.380032"	"0.000008"	"400"	"1.1e+07"	"4.3e-03"	"-1.46"	D+	"44753.8179"	"105220.610"	"3d6.(5D).4p"	"z 4F*"	"7/2"	"3d6.(3H).4d"	"4F"	"7/2"		"T6892c83"	"L18349c140"	
"165.406100"	"0.000020"	"165.406104"	"0.000008"	"6000"	"8.e+07"	"4.1e-02"	"-0.48"	D+	"44753.8179"	"105211.079"	"3d6.(5D).4p"	"z 4F*"	"7/2"	"3d6.(5D).5d"	"4G"	"9/2"		"T6892c83"	"L18349c139"	
"165.41133"	"0.00014"	"165.411463"	"0.000011"	"10000"	"1.4e+07"	"1.1e-02"	"-1.7"	D	"8846.7837"	"69302.086"	"3d6.(5D).4s"	"a 4D"	"1/2"	"3d5.(6S).4s.4p.(3P*)"	"x 4P*"	"3/2"		"T6892c83"	"L18349c139"	
"165.4261"	"0.0005"	"165.426396"	"0.000008"	"2700"	"1.9e+06"	"6.e-04"	"-2.2"	D	"1872.5998"	"62322.445"	"3d7"	"a 4F"	"9/2"	"3d6.(3H).4p"	"z 2G*"	"7/2"		"T6892c83"	"L18349c144"	
"165.44785"	"0.00003"	"165.447839"	"0.000008"	"40000"	"7.1e+07"	"1.5e-02"	"-1.23"	D+	"3117.4877"	"63559.498"	"3d7"	"a 4F"	"3/2"	"3d6.(3F2).4p"	"x 4D*"	"1/2"		"T6892c83"	"L18349c139"	
"165.49079"	"0.00008"	"165.490780"	"0.000008"	"1700"	"1.0e+07"	"4.0e-03"	"-1.49"	D+	"44446.9051"	"104873.232"	"3d6.(5D).4p"	"z 4D*"	"7/2"	"3d6.(5D).5d"	"4D"	"7/2"		"T6892c83"	"L18349c139"	
"165.5025"	"0.0002"	"165.502751"	"0.000008"	"7000"	"5.e+06"	"3.4e-03"	"-1.9"	D	"8680.4706"	"69102.427"	"3d6.(5D).4s"	"a 4D"	"3/2"	"3d5.(6S).4s.4p.(3P*)"	"x 4P*"	"5/2"		"T6892c83"	"L18349c140"	
"165.5502"	"0.0002"	"165.550369"	"0.000011"	"7000"	"1.2e+08"	"3.4e-02"	"-0.69"	D+	"31811.814"	"92216.391"	"3d7"	"b 2F"	"5/2"	"3d6.(3P1).4p"	"u 2D*"	"3/2"		"T6892c83"	"L18349c140"	
"165.5593"	"0.0005"	"165.559419"	"0.000008"	"500d?"	"5.e+06"	"2.6e-03"	"-1.7"	D	"44753.8179"	"105155.093"	"3d6.(5D).4p"	"z 4F*"	"7/2"	"3d6.(3F2).4d"	"4G"	"9/2"		"T6892c83"	"L18349c143"	
"165.6144"	"0.0005"	"165.614304"	"0.000008"	"500"	"3.1e+06"	"1.0e-03"	"-2.1"	D	"44446.9051"	"104828.163"	"3d6.(5D).4p"	"z 4D*"	"7/2"	"3d6.(5D).5d"	"6D"	"5/2"		"T6892c83"	"L18349c143"	
"165.6346"	"0.0005"	"165.634337"	"0.000008"	"500d,bl(Fe II)?*"	"6.e+06"	"1.8e-03"	"-1.8"	D	"44753.8179"	"105127.773"	"3d6.(5D).4p"	"z 4F*"	"7/2"	"3d6.(5D).5d"	"4D"	"5/2"		"T6892c83"	"L18349c143"	
"165.646140"	"0.000018"	"165.646134"	"0.000008"	"8000"	"9.e+07"	"4.7e-02"	"-0.55"	D+	"45079.9019"	"105449.557"	"3d6.(5D).4p"	"z 4F*"	"5/2"	"3d6.(5D).5d"	"4G"	"7/2"		"T6892c83"	"L18349c139"	
"165.67056"	"0.00006"	"165.670566"	"0.000008"	"2600"	"2.6e+07"	"1.3e-02"	"-0.90"	D+	"44232.5398"	"104593.292"	"3d6.(5D).4p"	"z 4F*"	"9/2"	"3d6.(5D).5d"	"6G"	"11/2"		"T6892c83"	"L18349c139"	
"165.6748"	"0.0002"	"165.674956"	"0.000011"	"2700bl(Fe II)*"	"6.4e+06"	"5.3e-03"	"-1.98"	D+	"18886.773"	"79245.926"	"3d7"	"a 2P"	"1/2"	"3d5.(6S).4s.4p.(1P*)"	"x 6P*"	"3/2"		"T6370,T6892c83"	"L18349c140"	
"165.6817"	""	"165.681719"	"0.000007"	":"	"1.0e+07"	"8.e-03"	"-1.80"	D+	"18886.773"	"79243.462"	"3d7"	"a 2P"	"1/2"	"3d6.(1D2).4p"	"w 2P*"	"3/2"		"T6370,T6892c83"	"L7770"	
"165.7188"	"0.0002"	"165.719340"	"0.000008"	"1600"	"1.1e+07"	"4.6e-03"	"-1.56"	D+	"44784.7859"	"105127.773"	"3d6.(5D).4p"	"z 4D*"	"5/2"	"3d6.(5D).5d"	"4D"	"5/2"		"T6892c83"	"L18349c140"	
"165.724959"	"0.000018"	"165.724964"	"0.000008"	"7000"	"9.e+07"	"5.6e-02"	"-0.65"	D+	"45289.8248"	"105630.764"	"3d6.(5D).4p"	"z 4F*"	"3/2"	"3d6.(5D).5d"	"4G"	"5/2"		"T6892c83"	"L18349c139"	
"165.7537"	"0.0002"	"165.752662"	"0.000008"	"7000bl(Fe II)*"	"4.0e+06"	"1.2e-03"	"-2.0"	D	"31999.049"	"92329.905"	"3d7"	"b 2F"	"7/2"	"3d5.(4G).4s.4p.(3P*)"	"v 4F*"	"5/2"		"T6892c83"	"L18349c140"	
"165.7537"	"0.0002"	"165.754409"	"0.000011"	"7000bl(Fe II)*"	"5.5e+07"	"3.4e-02"	"-0.87"	D+	"18360.6399"	"78690.860"	"3d7"	"a 2P"	"3/2"	"3d6.(1D2).4p"	"w 2D*"	"5/2"		"T6892c83"	"L18349c140"	
"165.8590"	"0.0002"	"165.859066"	"0.000008"	"500"	"2.3e+07"	"7.1e-03"	"-1.25"	D+	"44446.9051"	"104739.057"	"3d6.(5D).4p"	"z 4D*"	"7/2"	"3d6.(3F2).4d"	"4P"	"5/2"		"T6892c83"	"L18349c140"	
"165.87727"	"0.00002"	"165.877295"	"0.000008"	"40000"	"2.0e+07"	"8.e-03"	"-1.09"	D+	"1872.5998"	"62158.126"	"3d7"	"a 4F"	"9/2"	"3d6.(3F2).4p"	"y 4F*"	"9/2"		"T6892c83"	"L18349c139"	
"165.8928"	"0.0005"	"165.892705"	"0.000008"	"600d?"	"3.0e+06"	"1.0e-03"	"-2.0"	D	"42114.8380"	"102394.764"	"3d6.(5D).4p"	"z 6F*"	"9/2"	"3d6.(5D).6s"	"4D"	"7/2"		"T6892c83"	"L18349c143"	
"165.93267"	"0.00006"	"165.932633"	"0.000008"	"2100"	"3.6e+07"	"7.4e-03"	"-1.53"	D+	"42401.3198"	"102666.741"	"3d6.(5D).4p"	"z 6F*"	"3/2"	"3d6.(5D).6s"	"6D"	"1/2"		"T6892c83"	"L18349c139"	
"165.948286"	"0.000015"	"165.948285"	"0.000008"	"80000"	"8.e+07"	"2.5e-02"	"-0.69"	D+	"2430.1369"	"62689.874"	"3d7"	"a 4F"	"7/2"	"3d6.(3P2).4p"	"y 4D*"	"5/2"		"T6892c83"	"L18349c139"	
"166.03889"	"0.00007"	"166.038791"	"0.000008"	"2100"	"4.0e+07"	"1.7e-02"	"-1.48"	D+	"42439.8511"	"102666.741"	"3d6.(5D).4p"	"z 6F*"	"1/2"	"3d6.(5D).6s"	"6D"	"1/2"		"T6892c83"	"L18349c139"	
"166.08852"	"0.00004"	"166.088555"	"0.000008"	"4000"	"4.2e+07"	"1.1e-02"	"-1.16"	D+	"42334.8444"	"102543.689"	"3d6.(5D).4p"	"z 6F*"	"5/2"	"3d6.(5D).6s"	"6D"	"3/2"		"T6892c83"	"L18349c139"	
"166.1323"	"0.0005"	"166.132473"	"0.000008"	"2600"	"1.0e+06"	"3.2e-04"	"-2.5"	D	"1872.5998"	"62065.528"	"3d7"	"a 4F"	"9/2"	"3d6.(3F2).4p"	"y 4F*"	"7/2"		"T7461"	"L18349c144"	
"166.1510"	"0.0002"	"166.151322"	"0.000008"	"400"	"1.6e+07"	"6.7e-03"	"-1.57"	D+	"45044.1916"	"105230.291"	"3d6.(5D).4p"	"z 4D*"	"3/2"	"3d6.(5D).5d"	"4D"	"3/2"		"T6892c83"	"L18349c140"	
"166.2293"	"0.0005"	"166.229741"	"0.000008"	"600d?"	"2.4e+06"	"1.0e-03"	"-2.1"	D	"42237.0575"	"102394.764"	"3d6.(5D).4p"	"z 6F*"	"7/2"	"3d6.(5D).6s"	"4D"	"7/2"		"T6892c83"	"L18349c143"	
"166.2427"	"0.0002"	"166.243240"	"0.000014"	"7000"	"5.8e+07"	"3.6e-02"	"-0.84"	D+	"36126.412"	"96279.234"	"3d6.(3D).4s"	"b 2D"	"3/2"	"3d5.(4G).4s.4p.(3P*)"	"t 2F*"	"5/2"		"T6892c83"	"L18349c140"	
"166.27210"	"0.00004"	"166.272133"	"0.000008"	"3200"	"2.8e+07"	"1.1e-02"	"-1.34"	D+	"42401.3198"	"102543.689"	"3d6.(5D).4p"	"z 6F*"	"3/2"	"3d6.(5D).6s"	"6D"	"3/2"		"T6892c83"	"L18349c139"	
"166.32231"	"0.00002"	"166.322284"	"0.000008"	"50000"	"6.7e+07"	"1.9e-02"	"-0.95"	D+	"2837.9807"	"62962.215"	"3d7"	"a 4F"	"5/2"	"3d6.(3P2).4p"	"y 4D*"	"3/2"		"T6892c83"	"L18349c139"	
"166.3356"	"0.0005"	"166.335620"	"0.000008"	"500d?"	"4.4e+06"	"1.8e-03"	"-1.8"	D	"44753.8179"	"104873.232"	"3d6.(5D).4p"	"z 4F*"	"7/2"	"3d6.(5D).5d"	"4D"	"7/2"		"T6892c83"	"L18349c143"	
"166.3492"	"0.0005"	"166.348652"	"0.000008"	"500d?"	"5.e+06"	"2.6e-03"	"-1.7"	D	"44753.8179"	"104868.522"	"3d6.(5D).4p"	"z 4F*"	"7/2"	"3d6.(5D).5d"	"6G"	"9/2"		"T6892c83"	"L18349c143"	
"166.3697"	"0.0002"	"166.369796"	"0.000008"	"7000"	"1.0e+06"	"5.e-04"	"-2.5"	E	"2837.9807"	"62945.045"	"3d7"	"a 4F"	"5/2"	"3d6.(3F2).4p"	"x 4D*"	"7/2"		"T6892c83"	"L18349c140"	
"166.3792"	"0.0002"	"166.378726"	"0.000008"	"7000bl(Fe II)*"	"4.5e+06"	"3.8e-03"	"-2.1"	D	"42439.8511"	"102543.689"	"3d6.(5D).4p"	"z 6F*"	"1/2"	"3d6.(5D).6s"	"6D"	"3/2"		"T6892c83"	"L18349c140"	
"166.3792"	"0.0002"	"166.379330"	"0.000014"	"7000bl(Fe II)*"	"6.2e+07"	"3.4e-02"	"-0.69"	D+	"36252.931"	"96356.551"	"3d6.(3D).4s"	"b 2D"	"5/2"	"3d5.(4G).4s.4p.(3P*)"	"t 2F*"	"7/2"		"T6892c83"	"L18349c140"	
"166.39358"	"0.00007"	"166.393571"	"0.000008"	"1300"	"1.8e+07"	"4.9e-03"	"-1.53"	D+	"46967.4751"	"107065.951"	"3d6.(5D).4p"	"z 4P*"	"5/2"	"3d6.(5D).5d"	"4P"	"3/2"		"T6892c83"	"L18349c139"	
"166.39745"	"0.00003"	"166.397429"	"0.000008"	"6000"	"4.7e+07"	"1.5e-02"	"-0.93"	D+	"42237.0575"	"102334.140"	"3d6.(5D).4p"	"z 6F*"	"7/2"	"3d6.(5D).6s"	"6D"	"5/2"		"T6892c83"	"L18349c139"	
"166.4217"	"0.0005"	"166.421345"	"0.000008"	"500d?"	"2.9e+06"	"1.6e-03"	"-2.0"	D	"44784.7859"	"104873.232"	"3d6.(5D).4p"	"z 4D*"	"5/2"	"3d6.(5D).5d"	"4D"	"7/2"		"T6892c83"	"L18349c143"	
"166.4354"	"0.0005"	"166.434819"	"0.000008"	"500d,bl(Fe II)?*"	"6.e+06"	"3.9e-03"	"-1.8"	D	"45044.1916"	"105127.773"	"3d6.(5D).4p"	"z 4D*"	"3/2"	"3d6.(5D).5d"	"4D"	"5/2"		"T6892c83"	"L18349c143"	
"166.5337"	"0.0002"	"166.533797"	"0.000008"	"400"	"4.1e+06"	"1.7e-03"	"-2.0"	D	"45079.9019"	"105127.773"	"3d6.(5D).4p"	"z 4F*"	"5/2"	"3d6.(5D).5d"	"4D"	"5/2"		"T6892c83"	"L18349c140"	
"166.5497"	"0.0002"	"166.549878"	"0.000008"	"360"	"4.3e+07"	"9.e-03"	"-1.45"	D+	"45044.1916"	"105086.265"	"3d6.(5D).4p"	"z 4D*"	"3/2"	"3d6.(3F2).4d"	"4P"	"1/2"		"T6892c83"	"L18349c140"	
"166.5935"	"0.0002"	"166.593635"	"0.000017"	"210"	"4.2e+06"	"1.7e-03"	"-2.0"	D	"36252.931"	"96279.234"	"3d6.(3D).4s"	"b 2D"	"5/2"	"3d5.(4G).4s.4p.(3P*)"	"t 2F*"	"5/2"		"T6892c83"	"L18349c140"	
"166.66868"	"0.00004"	"166.668623"	"0.000008"	"2900"	"2.0e+07"	"8.e-03"	"-1.30"	D+	"42334.8444"	"102334.140"	"3d6.(5D).4p"	"z 6F*"	"5/2"	"3d6.(5D).6s"	"6D"	"5/2"		"T6892c83"	"L18349c139"	
"166.7914"	"0.0005"	"166.791485"	"0.000019"	"13000"	"9.e+07"	"3.9e-02"	"-1.11"	D+	"18886.773"	"78841.872"	"3d7"	"a 2P"	"1/2"	"3d6.(1D2).4p"	"w 2P*"	"1/2"		"T6892c83"	"L18349c144"	
"166.8883"	"0.0005"	"166.887445"	"0.000008"	"500d?"	"5.e+06"	"3.0e-03"	"-1.8"	D	"44784.7859"	"104705.411"	"3d6.(5D).4p"	"z 4D*"	"5/2"	"3d6.(5D).5d"	"6D"	"7/2"		"T6892c83"	"L18349c143"	
"166.899985"	"0.000018"	"166.899973"	"0.000008"	"9000"	"5.3e+07"	"1.8e-02"	"-0.75"	D+	"42114.8380"	"102030.965"	"3d6.(5D).4p"	"z 6F*"	"9/2"	"3d6.(5D).6s"	"6D"	"7/2"		"T6892c83"	"L18349c139"	
"166.94692"	"0.00009"	"166.946873"	"0.000008"	"900"	"9.e+06"	"3.6e-03"	"-1.7"	D	"46967.4751"	"106866.770"	"3d6.(5D).4p"	"z 4P*"	"5/2"	"3d6.(3F2).4d"	"4F"	"5/2"		"T6892c83"	"L18349c139"	
"166.9662"	"0.0002"	"166.966349"	"0.000008"	"7000"	"2.4e+06"	"1.0e-03"	"-2.1"	D	"2430.1369"	"62322.445"	"3d7"	"a 4F"	"7/2"	"3d6.(3H).4p"	"z 2G*"	"7/2"		"T6892c83"	"L18349c140"	
"167.074697"	"0.000010"	"167.074693"	"0.000008"	"130000"	"1.1e+08"	"3.5e-02"	"-0.45"	D+	"1872.5998"	"61726.069"	"3d7"	"a 4F"	"9/2"	"3d6.(3P2).4p"	"y 4D*"	"7/2"		"T6892c83"	"L18349c139"	
"167.07912"	"0.00005"	"167.079092"	"0.000008"	"17000"	"9.e+06"	"3.9e-03"	"-1.6"	D	"2837.9807"	"62689.874"	"3d7"	"a 4F"	"5/2"	"3d6.(3P2).4p"	"y 4D*"	"5/2"		"T6892c83"	"L18349c139"	
"167.09908"	"0.00015"	"167.099099"	"0.000008"	"10000"	"1.4e+07"	"6.e-03"	"-1.6"	D	"3117.4877"	"62962.215"	"3d7"	"a 4F"	"3/2"	"3d6.(3P2).4p"	"y 4D*"	"3/2"		"T6892c83"	"L18349c139"	
"167.14250"	"0.00005"	"167.142455"	"0.000008"	"2100"	"3.1e+07"	"1.3e-02"	"-1.11"	D+	"46967.4751"	"106796.679"	"3d6.(5D).4p"	"z 4P*"	"5/2"	"3d6.(5D).5d"	"4P"	"5/2"		"T6892c83"	"L18349c139"	
"167.24108"	"0.00006"	"167.241119"	"0.000008"	"2600"	"1.3e+07"	"5.4e-03"	"-1.37"	D+	"42237.0575"	"102030.965"	"3d6.(5D).4p"	"z 6F*"	"7/2"	"3d6.(5D).6s"	"6D"	"7/2"		"T6892c83"	"L18349c139"	
"167.26246"	"0.00005"	"167.262444"	"0.000008"	"1800"	"4.9e+07"	"1.0e-02"	"-1.38"	D+	"47389.809"	"107176.093"	"3d6.(5D).4p"	"z 4P*"	"3/2"	"3d6.(5D).5d"	"4P"	"1/2"		"T6892c83"	"L18349c139"	
"167.34652"	"0.00002"	"167.346508"	"0.000008"	"90000"	"2.00e+08"	"6.7e-02"	"-0.17"	C+	"15844.6485"	"75600.900"	"3d7"	"a 2G"	"9/2"	"3d6.(3D).4p"	"w 2F*"	"7/2"		"T6892c83"	"L18349c139"	
"167.4021"	"0.0005"	"167.401785"	"0.000008"	"600d?"	"3.2e+06"	"1.3e-03"	"-2.0"	D	"42658.2444"	"102394.764"	"3d6.(5D).4p"	"z 6P*"	"7/2"	"3d6.(5D).6s"	"4D"	"7/2"		"T6892c83"	"L18349c143"	
"167.418784"	"0.000013"	"167.418798"	"0.000007"	"14000"	"6.0e+07"	"2.1e-02"	"-0.60"	D+	"41968.0698"	"101698.519"	"3d6.(5D).4p"	"z 6F*"	"11/2"	"3d6.(5D).6s"	"6D"	"9/2"		"T6892c83"	"L18349c139"	
"167.42573"	"0.00006"	"167.425694"	"0.000008"	"19000"	"1.1e+07"	"5.7e-03"	"-1.34"	D+	"2430.1369"	"62158.126"	"3d7"	"a 4F"	"7/2"	"3d6.(3F2).4p"	"y 4F*"	"9/2"		"T6892c83"	"L18349c139"	
"167.47169"	"0.00003"	"167.471694"	"0.000008"	"40000"	"9.e+07"	"1.9e-02"	"-1.12"	D+	"3117.4877"	"62829.071"	"3d7"	"a 4F"	"3/2"	"3d6.(3P2).4p"	"y 4D*"	"1/2"		"T6892c83"	"L18349c139"	
"167.6135"	"0.0002"	"167.613589"	"0.000007"	"500"	"1.0e+07"	"4.1e-03"	"-1.48"	D+	"44446.9051"	"104107.939"	"3d6.(5D).4p"	"z 4D*"	"7/2"	"3d6.(3P2).4d"	"4F"	"7/2"		"T6892c83"	"L18349c140"	
"167.68556"	"0.00006"	"167.685661"	"0.000007"	"17000"	"6.8e+06"	"2.8e-03"	"-1.64"	C+	"2430.1369"	"62065.528"	"3d7"	"a 4F"	"7/2"	"3d6.(3F2).4p"	"y 4F*"	"7/2"		"T7461"	"L18349c139"	
"167.7837"	"0.0005"	"167.784190"	"0.000014"	"13000"	"5.2e+07"	"4.4e-02"	"-1.06"	D+	"18886.773"	"78487.144"	"3d7"	"a 2P"	"1/2"	"3d6.(1D2).4p"	"w 2D*"	"3/2"		"T6892c83"	"L18349c144"	
"167.83132"	"0.00009"	"167.831189"	"0.000007"	"1500"	"5.e+06"	"2.2e-03"	"-1.7"	D	"42114.8380"	"101698.519"	"3d6.(5D).4p"	"z 6F*"	"9/2"	"3d6.(5D).6s"	"6D"	"9/2"		"T6892c83"	"L18349c139"	
"167.9260"	"0.0005"	"167.926160"	"0.000007"	"400"	"1.1e+07"	"4.5e-03"	"-2.0"	D	"47626.110"	"107176.093"	"3d6.(5D).4p"	"z 4P*"	"1/2"	"3d6.(5D).5d"	"4P"	"1/2"		"T6892c83"	"L18349c143"	
"167.93832"	"0.00003"	"167.938323"	"0.000008"	"70000"	"1.9e+08"	"6.0e-02"	"-0.32"	D+	"16369.4098"	"75915.080"	"3d7"	"a 2G"	"7/2"	"3d6.(3D).4p"	"w 2F*"	"5/2"		"T6892c83"	"L18349c139"	
"167.94951"	"0.00008"	"167.949418"	"0.000008"	"16000"	"1.0e+07"	"5.5e-03"	"-1.48"	D+	"13474.4474"	"73016.184"	"3d7"	"a 4P"	"5/2"	"3d6.(1G2).4p"	"x 2F*"	"7/2"		"T6892c83"	"L18349c139"	
"168.11118"	"0.00005"	"168.111121"	"0.000008"	"12000"	"6.e+06"	"3.7e-03"	"-1.7"	D	"2837.9807"	"62322.445"	"3d7"	"a 4F"	"5/2"	"3d6.(3H).4p"	"z 2G*"	"7/2"		"T6892c83"	"L18349c139"	
"168.1317"	"0.0005"	"168.132329"	"0.000008"	"400d?"	"2.6e+06"	"1.7e-03"	"-2.2"	D	"47389.809"	"106866.770"	"3d6.(5D).4p"	"z 4P*"	"3/2"	"3d6.(3F2).4d"	"4F"	"5/2"		"T6892c83"	"L18349c143"	
"168.2066"	"0.0002"	"168.207056"	"0.000007"	"500bl(Fe III)"	"1.0e+07"	"4.3e-03"	"-1.36"	D+	"44232.5398"	"103683.078"	"3d6.(5D).4p"	"z 4F*"	"9/2"	"3d6.(5D).5d"	"4F"	"9/2"		"T6892c83"	"L18349c140"	
"168.23732"	"0.00003"	"168.237328"	"0.000008"	"2600"	"3.0e+07"	"2.6e-02"	"-1.29"	D+	"47626.110"	"107065.951"	"3d6.(5D).4p"	"z 4P*"	"1/2"	"3d6.(5D).5d"	"4P"	"3/2"		"T6892c83"	"L18349c139"	
"168.33078"	"0.00005"	"168.330700"	"0.000009"	"1800"	"1.7e+07"	"1.1e-02"	"-1.36"	D+	"47389.809"	"106796.679"	"3d6.(5D).4p"	"z 4P*"	"3/2"	"3d6.(5D).5d"	"4P"	"5/2"		"T6892c83"	"L18349c139"	
"168.4008"	"0.0002"	"168.400926"	"0.000011"	"7000"	"8.e+06"	"5.e-03"	"-1.7"	D	"18360.6399"	"77742.736"	"3d7"	"a 2P"	"3/2"	"3d6.(1D2).4p"	"v 2F*"	"5/2"		"T6892c83"	"L18349c140"	
"168.4454"	"0.0005"	"168.445299"	"0.000007"	"500d,bl(Fe II)?*"	"2.4e+07"	"2.1e-02"	"-1.39"	D+	"45206.4704"	"104572.924"	"3d6.(5D).4p"	"z 4D*"	"1/2"	"3d6.(3P2).4d"	"4F"	"3/2"		"T6892c83"	"L18349c143"	
"168.56816"	"0.00004"	"168.568248"	"0.000007"	"1500"	"1.5e+07"	"9.e-03"	"-1.28"	D+	"44784.7859"	"104107.939"	"3d6.(5D).4p"	"z 4D*"	"5/2"	"3d6.(3P2).4d"	"4F"	"7/2"		"T6892c83"	"L18349c139"	
"168.59546"	"0.00003"	"168.595474"	"0.000007"	"30000"	"2.1e+07"	"9.e-03"	"-1.27"	D+	"2837.9807"	"62151.554"	"3d7"	"a 4F"	"5/2"	"3d6.(3F2).4p"	"y 4F*"	"5/2"		"T6892c83"	"L18349c139"	
"168.64565"	"0.00005"	"168.645633"	"0.000007"	"23000"	"1.5e+07"	"6.5e-03"	"-1.28"	D+	"2430.1369"	"61726.069"	"3d7"	"a 4F"	"7/2"	"3d6.(3P2).4p"	"y 4D*"	"7/2"		"T6892c83"	"L18349c139"	
"168.66925"	"0.00005"	"168.669268"	"0.000007"	"19000"	"1.5e+07"	"4.2e-03"	"-1.6"	D	"2837.9807"	"62125.604"	"3d7"	"a 4F"	"5/2"	"3d6.(3P2).4p"	"z 2D*"	"3/2"		"T6892c83"	"L18349c139"	
"168.81585"	"0.00007"	"168.815768"	"0.000007"	"1500"	"2.6e+07"	"1.4e-02"	"-0.96"	D+	"44446.9051"	"103683.078"	"3d6.(5D).4p"	"z 4D*"	"7/2"	"3d6.(5D).5d"	"4F"	"9/2"		"T6892c83"	"L18349c139"	
"168.8289"	"0.0002"	"168.829114"	"0.000011"	"6000"	"7.e+06"	"2.8e-03"	"-1.6"	D	"16369.4098"	"75600.900"	"3d7"	"a 2G"	"7/2"	"3d6.(3D).4p"	"w 2F*"	"7/2"		"T6892c83"	"L18349c140"	
"168.84027"	"0.00012"	"168.840353"	"0.000007"	"9000"	"2.5e+06"	"1.4e-03"	"-2.06"	C	"2837.9807"	"62065.528"	"3d7"	"a 4F"	"5/2"	"3d6.(3F2).4p"	"y 4F*"	"7/2"		"T7461"	"L18349c139"	
"168.98317"	"0.00004"	"168.983239"	"0.000007"	"30000"	"2.0e+07"	"1.1e-02"	"-1.17"	D+	"13474.4474"	"72651.914"	"3d7"	"a 4P"	"5/2"	"3d6.(3D).4p"	"w 4D*"	"7/2"		"T6892c83"	"L18349c139"	
"169.07583"	"0.00004"	"169.075852"	"0.000007"	"33000"	"2.9e+07"	"1.2e-02"	"-1.13"	D+	"13474.4474"	"72619.499"	"3d7"	"a 4P"	"5/2"	"3d6.(3D).4p"	"w 4D*"	"5/2"		"T6892c83"	"L18349c139"	
"169.12737"	"0.00004"	"169.127393"	"0.000007"	"25000"	"2.6e+07"	"1.1e-02"	"-1.36"	D+	"3117.4877"	"62244.515"	"3d7"	"a 4F"	"3/2"	"3d6.(3F2).4p"	"y 4F*"	"3/2"		"T6892c83"	"L18349c139"	
"169.21753"	"0.00007"	"169.217527"	"0.000009"	"2100"	"1.3e+07"	"5.7e-03"	"-1.46"	D+	"43238.6066"	"102334.140"	"3d6.(5D).4p"	"z 6P*"	"5/2"	"3d6.(5D).6s"	"6D"	"5/2"		"T6892c83"	"L18349c139"	
"169.34778"	"0.00012"	"169.347684"	"0.000009"	"15000"	"2.0e+07"	"5.7e-03"	"-1.47"	D+	"13474.4474"	"72524.561"	"3d7"	"a 4P"	"5/2"	"3d6.(3D).4p"	"w 4D*"	"3/2"		"T6892c83"	"L18349c139"	
"169.36014"	"0.00008"	"169.360180"	"0.000007"	"1700"	"2.8e+07"	"6.e-03"	"-1.6"	D	"43620.9842"	"102666.741"	"3d6.(5D).4p"	"z 6P*"	"3/2"	"3d6.(5D).6s"	"6D"	"1/2"		"T6892c83"	"L18349c139"	
"169.37590"	"0.00003"	"169.375906"	"0.000007"	"6000"	"2.0e+07"	"1.0e-02"	"-1.08"	D+	"42658.2444"	"101698.519"	"3d6.(5D).4p"	"z 6P*"	"7/2"	"3d6.(5D).6s"	"6D"	"9/2"		"T6892c83"	"L18349c139"	
"169.39372"	"0.00009"	"169.393718"	"0.000007"	"11000"	"8.e+06"	"5.e-03"	"-1.7"	D	"3117.4877"	"62151.554"	"3d7"	"a 4F"	"3/2"	"3d6.(3F2).4p"	"y 4F*"	"5/2"		"T6892c83"	"L18349c139"	
"169.64584"	"0.00013"	"169.645948"	"0.000009"	"11000"	"9.e+06"	"6.e-03"	"-1.6"	D	"13673.2045"	"72619.499"	"3d7"	"a 4P"	"3/2"	"3d6.(3D).4p"	"w 4D*"	"5/2"		"T6892c83"	"L18349c139"	
"169.67951"	"0.00003"	"169.679498"	"0.000007"	"27000"	"1.7e+07"	"7.5e-03"	"-1.12"	D+	"1872.5998"	"60807.239"	"3d7"	"a 4F"	"9/2"	"3d6.(3H).4p"	"z 4G*"	"9/2"		"T6892c83"	"L18349c139"	
"169.71382"	"0.00007"	"169.713866"	"0.000007"	"2000"	"1.5e+07"	"6.6e-03"	"-1.58"	D+	"43620.9842"	"102543.689"	"3d6.(5D).4p"	"z 6P*"	"3/2"	"3d6.(5D).6s"	"6D"	"3/2"		"T6892c83"	"L18349c139"	
"169.8438"	"0.0002"	"169.843884"	"0.000007"	"6000"	"4.6e+06"	"2.6e-03"	"-1.8"	D	"13474.4474"	"72352.046"	"3d7"	"a 4P"	"5/2"	"3d6.(3D).4p"	"w 4F*"	"7/2"		"T6892c83"	"L18349c140"	
"169.91960"	"0.00009"	"169.919618"	"0.000009"	"18000"	"3.2e+07"	"1.4e-02"	"-1.26"	D+	"13673.2045"	"72524.561"	"3d7"	"a 4P"	"3/2"	"3d6.(3D).4p"	"w 4D*"	"3/2"		"T6892c83"	"L18349c139"	
"169.9915"	"0.0002"	"169.991673"	"0.000014"	"900"	"2.9e+06"	"1.7e-03"	"-2.0"	D	"36252.931"	"95079.342"	"3d6.(3D).4s"	"b 2D"	"5/2"	"3d6.(3F1).4p"	"2F*"	"7/2"		"T6892c83"	"L18349c140"	
"170.09022"	"0.00005"	"170.090132"	"0.000007"	"2400"	"1.0e+07"	"6.0e-03"	"-1.44"	D+	"43238.6066"	"102030.965"	"3d6.(5D).4p"	"z 6P*"	"5/2"	"3d6.(5D).6s"	"6D"	"7/2"		"T6892c83"	"L18349c139"	
"170.19409"	"0.00009"	"170.194021"	"0.000014"	"17000"	"7.0e+07"	"1.5e-02"	"-1.22"	D+	"13673.2045"	"72429.675"	"3d7"	"a 4P"	"3/2"	"3d6.(3D).4p"	"w 4D*"	"1/2"		"T6892c83"	"L18349c139"	
"170.204519"	"0.000009"	"170.204520"	"0.000007"	"160000"	"1.0e+08"	"5.3e-02"	"-0.28"	D+	"1872.5998"	"60625.446"	"3d7"	"a 4F"	"9/2"	"3d6.(3H).4p"	"z 4G*"	"11/2"		"T6892c83"	"L18349c139"	
"170.2736"	"0.0002"	"170.273709"	"0.000009"	"6000"	"1.8e+07"	"5.3e-03"	"-1.49"	D+	"20516.9534"	"79245.926"	"3d7"	"a 2D2"	"5/2"	"3d5.(6S).4s.4p.(1P*)"	"x 6P*"	"3/2"		"T6370,T6892c83"	"L18349c140"	
"170.2806"	"0.0002"	"170.280853"	"0.000009"	"6000bl(Fe II)*"	"2.8e+07"	"8.e-03"	"-1.32"	D+	"20516.9534"	"79243.462"	"3d7"	"a 2D2"	"5/2"	"3d6.(1D2).4p"	"w 2P*"	"3/2"		"T6370,T6892c83"	"L18349c140"	
"170.3042"	"0.0002"	"170.304325"	"0.000007"	"500"	"1.1e+07"	"5.9e-03"	"-1.32"	D+	"44446.9051"	"103165.320"	"3d6.(5D).4p"	"z 4D*"	"7/2"	"3d6.(3P2).4d"	"4F"	"9/2"		"T6892c83"	"L18349c140"	
"170.3078"	"0.0005"	"170.307883"	"0.000012"	"400d?"	"9.e+06"	"2.0e-03"	"-2.1"	D	"50075.921"	"108793.109"	"3d6.(3F1).4s"	"c 4F"	"3/2"	"3d5.(2F1).4s.4p.(3P*)"	"4D*"	"1/2"		"T6892c83"	"L18349c143"	
"170.31965"	"0.00005"	"170.319579"	"0.000007"	"1700"	"5.e+06"	"3.5e-03"	"-1.9"	D	"43620.9842"	"102334.140"	"3d6.(5D).4p"	"z 6P*"	"3/2"	"3d6.(5D).6s"	"6D"	"5/2"		"T6892c83"	"L18349c139"	
"170.3733"	"0.0002"	"170.373550"	"0.000009"	"4000"	"6.e+06"	"1.6e-03"	"-2.0"	D	"13474.4474"	"72169.004"	"3d7"	"a 4P"	"5/2"	"3d6.(3D).4p"	"w 4F*"	"3/2"		"T6892c83"	"L18349c140"	
"170.4642"	"0.0005"	"170.464418"	"0.000007"	"2400bl(Fe II)*"	"9.e+06"	"3.0e-03"	"-1.6"	D	"2430.1369"	"61093.406"	"3d7"	"a 4F"	"7/2"	"3d6.(3P2).4p"	"z 2D*"	"5/2"		"T6892c83"	"L18349c144"	
"170.4853"	"0.0002"	"170.485706"	"0.000007"	"500bl(Fe I)"	"5.e+06"	"2.2e-03"	"-1.7"	D	"44446.9051"	"103102.849"	"3d6.(5D).4p"	"z 4D*"	"7/2"	"3d6.(3P2).4d"	"4D"	"7/2"		"T6892c83"	"L18349c140"	
"170.5443"	"0.0002"	"170.543466"	"0.000009"	"350"	"3.7e+06"	"1.1e-03"	"-2.2"	D	"50142.811"	"108778.889"	"3d6.(3F1).4s"	"c 4F"	"5/2"	"3d5.(2F1).4s.4p.(3P*)"	"4F*"	"3/2"		"T6892c83"	"L18349c140"	
"170.73993"	"0.00010"	"170.739916"	"0.000012"	"17000"	"3.9e+07"	"1.1e-02"	"-1.17"	D+	"13474.4474"	"72043.060"	"3d7"	"a 4P"	"5/2"	"3d6.(3D).4p"	"w 4P*"	"3/2"		"T6892c83"	"L18349c139"	
"170.7670"	"0.0002"	"170.767048"	"0.000007"	"6000bl(Fe II)*"	"2.0e+06"	"1.1e-03"	"-2.1"	D	"2430.1369"	"60989.444"	"3d7"	"a 4F"	"7/2"	"3d6.(3H).4p"	"z 4H*"	"9/2"		"T6892c83"	"L18349c140"	
"170.82390"	"0.00008"	"170.823997"	"0.000009"	"17000"	"4.5e+07"	"1.0e-02"	"-1.40"	D+	"13673.2045"	"72212.989"	"3d7"	"a 4P"	"3/2"	"3d6.(3D).4p"	"w 4P*"	"1/2"		"T6892c83"	"L18349c139"	
"170.86238"	"0.00003"	"170.862351"	"0.000007"	"26000"	"2.0e+07"	"9.e-03"	"-1.15"	D+	"2430.1369"	"60956.781"	"3d7"	"a 4F"	"7/2"	"3d6.(3H).4p"	"z 4G*"	"7/2"		"T6892c83"	"L18349c139"	
"170.95543"	"0.00010"	"170.955448"	"0.000009"	"8000"	"9.e+06"	"2.6e-03"	"-1.8"	D	"2837.9807"	"61332.753"	"3d7"	"a 4F"	"5/2"	"3d6.(3P2).4p"	"y 4P*"	"3/2"		"T6892c83"	"L18349c139"	
"170.96852"	"0.00003"	"170.968512"	"0.000007"	"50000"	"8.e+07"	"3.4e-02"	"-0.69"	D+	"13474.4474"	"71964.750"	"3d7"	"a 4P"	"5/2"	"3d6.(3D).4p"	"w 4P*"	"5/2"		"T6892c83"	"L18349c139"	
"171.1995"	"0.0002"	"171.199158"	"0.000007"	"400"	"2.0e+06"	"1.1e-03"	"-2.1"	D	"44753.8179"	"103165.320"	"3d6.(5D).4p"	"z 4F*"	"7/2"	"3d6.(3P2).4d"	"4F"	"9/2"		"T6892c83"	"L18349c140"	
"171.300041"	"0.000011"	"171.300041"	"0.000007"	"100000"	"7.1e+07"	"3.9e-02"	"-0.51"	D+	"2430.1369"	"60807.239"	"3d7"	"a 4F"	"7/2"	"3d6.(3H).4p"	"z 4G*"	"9/2"		"T6892c83"	"L18349c139"	
"171.3746"	"0.0005"	"171.374757"	"0.000007"	"400d?"	"2.5e+06"	"8.e-04"	"-2.2"	D	"50187.822"	"108539.473"	"3d6.(3F1).4s"	"c 4F"	"7/2"	"3d5.(2F1).4s.4p.(3P*)"	"4F*"	"5/2"		"T6892c83"	"L18349c143"	
"171.50272"	"0.00014"	"171.502675"	"0.000009"	"9000"	"4.5e+07"	"2.0e-02"	"-1.40"	D+	"13904.8604"	"72212.989"	"3d7"	"a 4P"	"1/2"	"3d6.(3D).4p"	"w 4P*"	"1/2"		"T6892c83"	"L18349c139"	
"171.55152"	"0.00005"	"171.551465"	"0.000009"	"28000"	"5.1e+07"	"3.4e-02"	"-0.87"	D+	"13673.2045"	"71964.750"	"3d7"	"a 4P"	"3/2"	"3d6.(3D).4p"	"w 4P*"	"5/2"		"T6892c83"	"L18349c139"	
"171.65781"	"0.00006"	"171.657832"	"0.000007"	"11000"	"3.1e+06"	"1.4e-03"	"-2.1"	D	"2837.9807"	"61093.406"	"3d7"	"a 4F"	"5/2"	"3d6.(3P2).4p"	"z 2D*"	"5/2"		"T6892c83"	"L18349c139"	
"171.67714"	"0.00006"	"171.677232"	"0.000007"	"1100"	"5.e+06"	"1.7e-03"	"-1.9"	D	"44753.8179"	"103002.660"	"3d6.(5D).4p"	"z 4F*"	"7/2"	"3d6.(3P2).4d"	"4D"	"5/2"		"T6892c83"	"L18349c139"	
"171.81030"	"0.00007"	"171.810226"	"0.000007"	"9000"	"1.4e+07"	"6.2e-03"	"-1.43"	D+	"2837.9807"	"61041.734"	"3d7"	"a 4F"	"5/2"	"3d6.(3H).4p"	"z 4G*"	"5/2"		"T6892c83"	"L18349c139"	
"171.8980"	"0.0005"	"171.898375"	"0.000012"	"13000"	"2.6e+07"	"1.1e-02"	"-1.16"	D+	"20516.9534"	"78690.860"	"3d7"	"a 2D2"	"5/2"	"3d6.(1D2).4p"	"w 2D*"	"5/2"		"T6892c83"	"L18349c144"	
"171.93290"	"0.00002"	"171.932902"	"0.000007"	"6000"	"5.1e+07"	"1.8e-02"	"-0.74"	D+	"44232.5398"	"102394.764"	"3d6.(5D).4p"	"z 4F*"	"9/2"	"3d6.(5D).6s"	"4D"	"7/2"		"T6892c83"	"L18349c139"	
"172.00396"	"0.00003"	"172.003950"	"0.000012"	"33000"	"6.0e+07"	"5.4e-02"	"-0.97"	D+	"13904.8604"	"72043.060"	"3d7"	"a 4P"	"1/2"	"3d6.(3D).4p"	"w 4P*"	"3/2"		"T6892c83"	"L18349c139"	
"172.0427"	"0.0002"	"172.042678"	"0.000012"	"5000"	"1.4e+06"	"7.e-04"	"-2.1"	D	"15844.6485"	"73969.761"	"3d7"	"a 2G"	"9/2"	"3d6.(1I).4p"	"y 2I*"	"11/2"		"T6892c83"	"L18349c140"	
"172.061363"	"0.000014"	"172.061363"	"0.000007"	"60000"	"5.9e+07"	"3.5e-02"	"-0.68"	D+	"2837.9807"	"60956.781"	"3d7"	"a 4F"	"5/2"	"3d6.(3H).4p"	"z 4G*"	"7/2"		"T6892c83"	"L18349c139"	
"172.19347"	"0.00006"	"172.193417"	"0.000007"	"1500"	"2.1e+07"	"9.e-03"	"-1.44"	D+	"45044.1916"	"103118.421"	"3d6.(5D).4p"	"z 4D*"	"3/2"	"3d6.(5D).6s"	"4D"	"3/2"		"T6892c83"	"L18349c139"	
"172.23776"	"0.00005"	"172.237791"	"0.000007"	"1300"	"1.8e+07"	"8.e-03"	"-1.8"	D	"45206.4704"	"103265.738"	"3d6.(5D).4p"	"z 4D*"	"1/2"	"3d6.(5D).6s"	"4D"	"1/2"		"T6892c83"	"L18349c139"	
"172.2430"	"0.0002"	"172.243164"	"0.000007"	"6000"	"3.5e+06"	"2.0e-03"	"-1.8"	D	"7955.3186"	"66012.775"	"3d6.(5D).4s"	"a 4D"	"7/2"	"3d6.(3G).4p"	"x 4F*"	"9/2"		"T6892c83"	"L18349c140"	
"172.26963"	"0.00004"	"172.269636"	"0.000007"	"3400"	"5.1e+07"	"1.7e-02"	"-0.86"	D+	"44753.8179"	"102802.353"	"3d6.(5D).4p"	"z 4F*"	"7/2"	"3d6.(5D).6s"	"4D"	"5/2"		"T6892c83"	"L18349c139"	
"172.29935"	"0.00003"	"172.299365"	"0.000007"	"4000"	"6.1e+07"	"1.8e-02"	"-0.96"	D+	"45079.9019"	"103118.421"	"3d6.(5D).4p"	"z 4F*"	"5/2"	"3d6.(5D).6s"	"4D"	"3/2"		"T6892c83"	"L18349c139"	
"172.36166"	"0.00011"	"172.361588"	"0.000007"	"1300"	"2.5e+07"	"1.1e-02"	"-1.18"	D+	"44784.7859"	"102802.353"	"3d6.(5D).4p"	"z 4D*"	"5/2"	"3d6.(5D).6s"	"4D"	"5/2"		"T6892c83"	"L18349c139"	
"172.4572"	"0.0002"	"172.457325"	"0.000007"	"6000"	"3.9e+06"	"2.3e-03"	"-1.9"	D	"8391.9554"	"66377.315"	"3d6.(5D).4s"	"a 4D"	"5/2"	"3d6.(3G).4p"	"x 4F*"	"7/2"		"T6892c83"	"L18349c140"	
"172.48539"	"0.00002"	"172.485409"	"0.000009"	"35000bl(Fe II)*"	"2.5e+07"	"1.6e-02"	"-1.18"	D+	"3117.4877"	"61093.406"	"3d7"	"a 4F"	"3/2"	"3d6.(3P2).4p"	"z 2D*"	"5/2"		"T6892c83"	"L18349c148"	
"172.48539"	"0.00002"	"172.485425"	"0.000007"	"35000bl(Fe II)*"	"7.5e+07"	"1.7e-02"	"-1.17"	D+	"45289.8248"	"103265.738"	"3d6.(5D).4p"	"z 4F*"	"3/2"	"3d6.(5D).6s"	"4D"	"1/2"		"T6892c83"	"L18349c148"	
"172.49652"	"0.00004"	"172.496484"	"0.000007"	"18000"	"1.0e+07"	"3.4e-03"	"-1.57"	D+	"2430.1369"	"60402.333"	"3d7"	"a 4F"	"7/2"	"3d6.(3P2).4p"	"y 4P*"	"5/2"		"T6892c83"	"L18349c139"	
"172.5025"	"0.0002"	"172.502452"	"0.000012"	"3400bl(Fe I)"	"1.3e+07"	"3.7e-03"	"-1.7"	D	"20516.9534"	"78487.144"	"3d7"	"a 2D2"	"5/2"	"3d6.(1D2).4p"	"w 2D*"	"3/2"		"T6892c83"	"L18349c140"	
"172.56895"	"0.00003"	"172.568930"	"0.000007"	"4000"	"3.3e+07"	"1.5e-02"	"-0.93"	D+	"44446.9051"	"102394.764"	"3d6.(5D).4p"	"z 4D*"	"7/2"	"3d6.(5D).6s"	"4D"	"7/2"		"T6892c83"	"L18349c139"	
"172.5837"	"0.0005"	"172.584235"	"0.000009"	"400d,bl(Fe II)?*"	"2.9e+06"	"1.0e-03"	"-2.1"	D	"50187.822"	"108130.542"	"3d6.(3F1).4s"	"c 4F"	"7/2"	"3d5.(4F).4s.4p.(3P*)"	"6D*"	"5/2"		"T6892c83"	"L18349c143"	
"172.5984"	"0.0002"	"172.598512"	"0.000009"	"5000"	"1.5e+07"	"6.6e-03"	"-1.58"	D+	"21307.999"	"79245.926"	"3d7"	"a 2D2"	"3/2"	"3d5.(6S).4s.4p.(1P*)"	"x 6P*"	"3/2"		"T6370,T6892c83"	"L18349c140"	
"172.6057"	"0.0002"	"172.605853"	"0.000009"	"6000"	"2.2e+07"	"1.0e-02"	"-1.41"	D+	"21307.999"	"79243.462"	"3d7"	"a 2D2"	"3/2"	"3d6.(1D2).4p"	"w 2P*"	"3/2"		"T6370,T6892c83"	"L18349c140"	
"172.639268"	"0.000019"	"172.639277"	"0.000009"	"35000"	"3.2e+07"	"2.2e-02"	"-1.06"	D+	"3117.4877"	"61041.734"	"3d7"	"a 4F"	"3/2"	"3d6.(3H).4p"	"z 4G*"	"5/2"		"T6892c83"	"L18349c139"	
"172.6755"	"0.0005"	"172.675931"	"0.000007"	"500"	"1.0e+07"	"9.e-03"	"-1.8"	D	"45206.4704"	"103118.421"	"3d6.(5D).4p"	"z 4D*"	"1/2"	"3d6.(5D).6s"	"4D"	"3/2"		"T6892c83"	"L18349c143"	
"172.6919"	"0.0002"	"172.691805"	"0.000009"	"5000"	"2.8e+06"	"1.3e-03"	"-1.9"	D	"15844.6485"	"73751.276"	"3d7"	"a 2G"	"9/2"	"3d6.(1I).4p"	"w 2H*"	"9/2"		"T6892c83"	"L18349c140"	
"172.69436"	"0.00005"	"172.694401"	"0.000007"	"1400"	"6.e+06"	"3.3e-03"	"-1.7"	D	"46967.4751"	"104873.232"	"3d6.(5D).4p"	"z 4P*"	"5/2"	"3d6.(5D).5d"	"4D"	"7/2"		"T6892c83"	"L18349c139"	
"172.79360"	"0.00005"	"172.793597"	"0.000007"	"1400"	"1.5e+07"	"4.4e-03"	"-1.57"	D+	"46967.4751"	"104839.990"	"3d6.(5D).4p"	"z 4P*"	"5/2"	"3d6.(3F2).4d"	"4P"	"3/2"		"T6892c83"	"L18349c139"	
"172.88920"	"0.00004"	"172.889292"	"0.000007"	"900"	"7.e+06"	"3.1e-03"	"-1.9"	D	"47389.809"	"105230.291"	"3d6.(5D).4p"	"z 4P*"	"3/2"	"3d6.(5D).5d"	"4D"	"3/2"		"T6892c83"	"L18349c139"	
"173.0950"	"0.0005"	"173.095485"	"0.000007"	"500d?"	"1.4e+07"	"6.2e-03"	"-1.43"	D+	"46967.4751"	"104739.057"	"3d6.(5D).4p"	"z 4P*"	"5/2"	"3d6.(3F2).4d"	"4P"	"5/2"		"T6892c83"	"L18349c143"	
"173.1337"	"0.0002"	"173.133526"	"0.000012"	"5000"	"6.1e+06"	"3.3e-03"	"-1.48"	D+	"15844.6485"	"73603.537"	"3d7"	"a 2G"	"9/2"	"3d6.(1I).4p"	"w 2H*"	"11/2"		"T6892c83"	"L18349c140"	
"173.1878"	"0.0002"	"173.187960"	"0.000007"	"6000"	"2.8e+06"	"1.5e-03"	"-1.9"	D	"7955.3186"	"65696.053"	"3d6.(5D).4s"	"a 4D"	"7/2"	"3d6.(3G).4p"	"x 4G*"	"9/2"		"T6892c83"	"L18349c140"	
"173.19623"	"0.00007"	"173.196270"	"0.000007"	"1300"	"1.2e+07"	"8.e-03"	"-1.47"	D+	"47389.809"	"105127.773"	"3d6.(5D).4p"	"z 4P*"	"3/2"	"3d6.(5D).5d"	"4D"	"5/2"		"T6892c83"	"L18349c139"	
"173.3072"	"0.0002"	"173.307141"	"0.000009"	"1200"	"1.5e+06"	"6.e-04"	"-2.2"	D	"26170.1810"	"83871.208"	"3d6.(3H).4s"	"b 2H"	"11/2"	"3d6.(1F).4p"	"v 2G*"	"9/2"		"T6892c83"	"L18349c140"	
"173.3202"	"0.0005"	"173.320871"	"0.000007"	"500d?"	"1.5e+07"	"3.3e-03"	"-1.9"	D	"47389.809"	"105086.265"	"3d6.(5D).4p"	"z 4P*"	"3/2"	"3d6.(3F2).4d"	"4P"	"1/2"		"T6892c83"	"L18349c143"	
"173.3381"	"0.0002"	"173.338275"	"0.000012"	"5000"	"2.5e+07"	"1.1e-02"	"-1.7"	D	"18886.773"	"76577.436"	"3d7"	"a 2P"	"1/2"	"3d6.(1S2).4p"	"x 2P*"	"1/2"		"T6892c83"	"L18349c140"	
"173.5493"	"0.0002"	"173.549493"	"0.000012"	"5000"	"1.1e+07"	"6.5e-03"	"-1.41"	D+	"20516.9534"	"78137.404"	"3d7"	"a 2D2"	"5/2"	"3d6.(1D2).4p"	"v 2F*"	"7/2"		"T6892c83"	"L18349c140"	
"173.5809"	"0.0002"	"173.581042"	"0.000007"	"500"	"7.e+06"	"3.9e-03"	"-1.6"	D	"44784.7859"	"102394.764"	"3d6.(5D).4p"	"z 4D*"	"5/2"	"3d6.(5D).6s"	"4D"	"7/2"		"T6892c83"	"L18349c140"	
"173.72148"	"0.00007"	"173.721485"	"0.000009"	"600"	"5.e+06"	"3.0e-03"	"-1.5"	E	"50157.475"	"107720.879"	"3d6.(3F1).4s"	"c 4F"	"9/2"	"3d5.(2F1).4s.4p.(3P*)"	"4G*"	"11/2"		"T6892c83"	"L18349c139"	
"173.8105"	"0.0002"	"173.810652"	"0.000021"	"5000"	"2.3e+07"	"5.e-03"	"-1.7"	D	"21307.999"	"78841.872"	"3d7"	"a 2D2"	"3/2"	"3d6.(1D2).4p"	"w 2P*"	"1/2"		"T6892c83"	"L18349c140"	
"173.95447"	"0.00012"	"173.954436"	"0.000009"	"500"	"6.e+06"	"3.4e-03"	"-1.6"	E	"50187.822"	"107674.140"	"3d6.(3F1).4s"	"c 4F"	"7/2"	"3d5.(2F1).4s.4p.(3P*)"	"4G*"	"9/2"		"T6892c83"	"L18349c139"	
"174.25542"	"0.00008"	"174.255378"	"0.000009"	"500"	"6.e+06"	"3.3e-03"	"-1.7"	D	"50142.811"	"107529.849"	"3d6.(3F1).4s"	"c 4F"	"5/2"	"3d6.(5D).6p"	"6F*"	"7/2"		"T6892c83"	"L18349c139"	
"174.2718"	"0.0005"	"174.271084"	"0.000009"	"8000"	"1.7e+07"	"1.0e-02"	"-1.12"	D+	"16369.4098"	"73751.276"	"3d7"	"a 2G"	"7/2"	"3d6.(1I).4p"	"w 2H*"	"9/2"		"T6892c83"	"L18349c144"	
"174.68173"	"0.00002"	"174.681699"	"0.000009"	"500000"	"1.21e+08"	"5.5e-02"	"-0.26"	C+	"15844.6485"	"73091.630"	"3d7"	"a 2G"	"9/2"	"3d6.(1G2).4p"	"w 2G*"	"9/2"		"T6892c83"	"L18349c139"	
"174.6944"	"0.0002"	"174.694789"	"0.000015"	"4000"	"2.0e+07"	"1.8e-02"	"-1.44"	D+	"18886.773"	"76129.465"	"3d7"	"a 2P"	"1/2"	"3d6.(1S2).4p"	"x 2P*"	"3/2"		"T6892c83"	"L18349c140"	
"174.8890"	"0.0002"	"174.888939"	"0.000012"	"5000"	"2.2e+07"	"1.0e-02"	"-1.39"	D+	"21307.999"	"78487.144"	"3d7"	"a 2D2"	"3/2"	"3d6.(1D2).4p"	"w 2D*"	"3/2"		"T6892c83"	"L18349c140"	
"174.93567"	"0.00007"	"174.93570"	"0.00003"	"15000"	"3.4e+08"	"2.10e-01"	"0.10"	C+	"52299.810"	"109463.670"	"3d5.(6S).4s.4p.(3P*)"	"z 8P*"	"5/2"	"3d5.4s.(7S).4d"	"8D"	"7/2"		"T6892c83"	"L18349c139"	
"174.96032"	"0.00004"	"174.96031"	"0.00004"	"19000"	"8.1e+08"	"3.70e-01"	"0.35"	B+	"52299.810"	"109455.629"	"3d5.(6S).4s.4p.(3P*)"	"z 8P*"	"5/2"	"3d5.4s.(7S).4d"	"8D"	"5/2"		"T6892c83"	"L18349c139"	
"174.97787"	"0.00005"	"174.97787"	"0.00003"	"19000"	"1.28e+09"	"3.91e-01"	"0.37"	B+	"52299.810"	"109449.894"	"3d5.(6S).4s.4p.(3P*)"	"z 8P*"	"5/2"	"3d5.4s.(7S).4d"	"8D"	"3/2"		"T6892c83"	"L18349c139"	
"175.5850"	"0.0002"	"175.585035"	"0.000012"	"1500"	"2.2e+06"	"8.e-04"	"-2.1"	D	"26352.7671"	"83305.229"	"3d6.(3H).4s"	"b 2H"	"9/2"	"3d6.(1F).4p"	"v 2G*"	"7/2"		"T6892c83"	"L18349c140"	
"175.6175"	"0.0005"	"175.617261"	"0.000012"	"400d?"	"2.2e+06"	"1.5e-03"	"-2.2"	D	"50075.921"	"107017.932"	"3d6.(3F1).4s"	"c 4F"	"3/2"	"3d5.(2D3).4s.4p.(3P*)"	"4D*"	"5/2"		"T6892c83"	"L18349c143"	
"175.77409"	"0.00004"	"175.77408"	"0.00004"	"18000"	"7.9e+08"	"4.6e-01"	"0.56"	B+	"52582.850"	"109474.060"	"3d5.(6S).4s.4p.(3P*)"	"z 8P*"	"7/2"	"3d5.4s.(7S).4d"	"8D"	"9/2"		"T6892c83"	"L18349c139"	
"175.80619"	"0.00004"	"175.80619"	"0.00003"	"18000"	"7.7e+08"	"3.55e-01"	"0.45"	B+	"52582.850"	"109463.670"	"3d5.(6S).4s.4p.(3P*)"	"z 8P*"	"7/2"	"3d5.4s.(7S).4d"	"8D"	"7/2"		"T6892c83"	"L18349c139"	
"176.13719"	"0.00004"	"176.137162"	"0.000009"	"170000"	"1.42e+08"	"6.6e-02"	"-0.28"	C+	"16369.4098"	"73143.346"	"3d7"	"a 2G"	"7/2"	"3d6.(1G2).4p"	"w 2G*"	"7/2"		"T6892c83"	"L18349c139"	
"176.2977"	"0.0002"	"176.297754"	"0.000009"	"4000"	"1.7e+06"	"1.0e-03"	"-2.1"	D	"16369.4098"	"73091.630"	"3d7"	"a 2G"	"7/2"	"3d6.(1G2).4p"	"w 2G*"	"9/2"		"T6892c83"	"L18349c140"	
"176.4116"	"0.0005"	"176.411947"	"0.000009"	"8000"	"1.6e+07"	"5.5e-03"	"-1.35"	D+	"16369.4098"	"73054.913"	"3d7"	"a 2G"	"7/2"	"3d6.(1G2).4p"	"x 2F*"	"5/2"		"T6892c83"	"L18349c144"	
"176.5324"	"0.0002"	"176.532559"	"0.000009"	"4000"	"3.2e+06"	"1.5e-03"	"-1.9"	D	"16369.4098"	"73016.184"	"3d7"	"a 2G"	"7/2"	"3d6.(1G2).4p"	"x 2F*"	"7/2"		"T6892c83"	"L18349c140"	
"176.92736"	"0.00003"	"176.927338"	"0.000019"	"16000"	"1.26e+09"	"7.1e-01"	"0.85"	B+	"52966.173"	"109486.551"	"3d5.(6S).4s.4p.(3P*)"	"z 8P*"	"9/2"	"3d5.4s.(7S).4d"	"8D"	"11/2"		"T6892c83"	"L18349c139"	
"176.96642"	"0.00009"	"176.96645"	"0.00004"	"6000"	"4.5e+08"	"2.09e-01"	"0.32"	B+	"52966.173"	"109474.060"	"3d5.(6S).4s.4p.(3P*)"	"z 8P*"	"9/2"	"3d5.4s.(7S).4d"	"8D"	"9/2"		"T6892c83"	"L18349c139"	
"176.9992"	"0.0002"	"176.99899"	"0.00004"	"1300"	"1.1e+08"	"4.1e-02"	"-0.39"	D+	"52966.173"	"109463.670"	"3d5.(6S).4s.4p.(3P*)"	"z 8P*"	"9/2"	"3d5.4s.(7S).4d"	"8D"	"7/2"		"T6892c83"	"L18349c140"	
"177.1893"	"0.0005"	"177.189581"	"0.000007"	"340"	"1.1e+07"	"5.e-03"	"-1.2"	E	"54232.201"	"110668.928"	"3d5.4s2"	"b 4G"	"11/2"	"3d6.(3H).5p"	"2H*"	"11/2"		"T6892c83"	"L18349c143"	
"177.1957"	"0.0002"	"177.195829"	"0.000013"	"4000"	"7.e+06"	"5.e-03"	"-1.7"	D	"21307.999"	"77742.736"	"3d7"	"a 2D2"	"3/2"	"3d6.(1D2).4p"	"v 2F*"	"5/2"		"T6892c83"	"L18349c140"	
"177.25123"	"0.00006"	"177.251244"	"0.000009"	"80000"	"6.5e+07"	"3.7e-02"	"-0.43"	D+	"15844.6485"	"72261.742"	"3d7"	"a 2G"	"9/2"	"3d6.(1G2).4p"	"x 2H*"	"11/2"		"T6892c83"	"L18349c139"	
"177.3193"	"0.0005"	"177.319829"	"0.000007"	"500"	"1.6e+07"	"9.e-03"	"-1.0"	E	"54273.656"	"110668.928"	"3d5.4s2"	"b 4G"	"9/2"	"3d6.(3H).5p"	"2H*"	"11/2"		"T6892c83"	"L18349c143"	
"177.3457"	"0.0005"	"177.345735"	"0.000009"	"340"	"2.8e+07"	"1.3e-02"	"-0.9"	E	"54273.656"	"110660.690"	"3d5.4s2"	"b 4G"	"9/2"	"3d5.(2F1).4s.4p.(3P*)"	"2G*"	"9/2"		"T6892c83"	"L18349c143"	
"177.3990"	"0.0005"	"177.398835"	"0.000009"	"340"	"3.3e+07"	"1.0e-02"	"-1.2"	E	"54275.649"	"110645.805"	"3d5.4s2"	"b 4G"	"5/2"	"3d6.(3F2).5p"	"4D*"	"3/2"		"T6892c83"	"L18349c143"	
"177.6418"	"0.0005"	"177.642268"	"0.000007"	"350"	"4.2e+07"	"2.0e-02"	"-0.9"	E	"54275.649"	"110568.558"	"3d5.4s2"	"b 4G"	"5/2"	"3d6.(3F2).5p"	"4F*"	"5/2"		"T6892c83"	"L18349c143"	
"177.6648"	"0.0005"	"177.664936"	"0.000009"	"7000"	"6.5e+06"	"3.1e-03"	"-1.51"	D+	"15844.6485"	"72130.375"	"3d7"	"a 2G"	"9/2"	"3d6.(1G2).4p"	"x 2H*"	"9/2"		"T6892c83"	"L18349c144"	
"177.66625"	"0.00007"	"177.666213"	"0.000007"	"5000"	"3.1e+07"	"1.1e-02"	"-1.1"	E	"54283.236"	"110568.558"	"3d5.4s2"	"b 4G"	"7/2"	"3d6.(3F2).5p"	"4F*"	"5/2"		"T6892c83"	"L18349c139"	
"177.7895"	"0.0005"	"177.789712"	"0.000009"	"9000bl(Fe II)*"	"9.e+06"	"6.6e-03"	"-1.58"	D+	"18360.6399"	"74606.864"	"3d7"	"a 2P"	"3/2"	"3d6.(3D).4p"	"x 2D*"	"5/2"		"T6892c83"	"L18349c144"	
"177.95032"	"0.00006"	"177.950366"	"0.000007"	"6000"	"7.e+07"	"2.6e-02"	"-0.6"	E	"54273.656"	"110469.101"	"3d5.4s2"	"b 4G"	"9/2"	"3d6.(3F2).5p"	"4D*"	"7/2"		"T6892c83"	"L18349c139"	
"177.9806"	"0.0005"	"177.980707"	"0.000007"	"500bl(Fe II)*"	"4.1e+07"	"2.0e-02"	"-0.8"	E	"54283.236"	"110469.101"	"3d5.4s2"	"b 4G"	"7/2"	"3d6.(3F2).5p"	"4D*"	"7/2"		"T6892c83"	"L18349c143"	
"178.12538"	"0.00004"	"178.125434"	"0.000007"	"8000"	"1.5e+08"	"6.e-02"	"-0.2"	E	"54273.656"	"110413.870"	"3d5.4s2"	"b 4G"	"9/2"	"3d6.(3H).5p"	"2G*"	"7/2"		"T6892c83"	"L18349c139"	
"178.1338"	"0.0005"	"178.134195"	"0.000010"	"9000"	"2.0e+07"	"1.0e-02"	"-1.41"	D+	"18360.6399"	"74498.093"	"3d7"	"a 2P"	"3/2"	"3d6.(3D).4p"	"x 2D*"	"3/2"		"T6892c83"	"L18349c144"	
"178.15398"	"0.00004"	"178.153944"	"0.000010"	"8000"	"3.6e+08"	"1.2e-01"	"-0.2"	E	"54275.649"	"110406.879"	"3d5.4s2"	"b 4G"	"5/2"	"3d6.(3F2).5p"	"4F*"	"3/2"		"T6892c83"	"L18349c139"	
"178.201676"	"0.000012"	"178.201660"	"0.000010"	"29000"	"2.0e+08"	"1.1e-01"	"0.12"	D	"54232.201"	"110348.401"	"3d5.4s2"	"b 4G"	"11/2"	"3d5.(2G2).4s.4p.(3P*)"	"4H*"	"13/2"		"T6892c83"	"L18349c139"	
"178.52342"	"0.00011"	"178.523323"	"0.000010"	"2900"	"2.8e+07"	"1.3e-02"	"-1.1"	E	"54275.649"	"110290.739"	"3d5.4s2"	"b 4G"	"5/2"	"3d6.(3F1).5p"	"4D*"	"5/2"		"T6892c83"	"L18349c139"	
"178.527761"	"0.000012"	"178.527670"	"0.000010"	"500000"	"1.09e+09"	"7.0e-01"	"0.62"	B+	"23317.6351"	"79331.361"	"3d5.4s2"	"a 6S"	"5/2"	"3d5.(6S).4s.4p.(1P*)"	"x 6P*"	"7/2"		"T6892c83"	"L18349c145"	
"178.54758"	"0.00005"	"178.547506"	"0.000010"	"6000"	"2.7e+08"	"1.0e-01"	"-0.1"	E	"54283.236"	"110290.739"	"3d5.4s2"	"b 4G"	"7/2"	"3d6.(3F1).5p"	"4D*"	"5/2"		"T6892c83"	"L18349c139"	
"178.5921"	"0.0002"	"178.592208"	"0.000007"	"2000"	"3.5e+05"	"2.1e-04"	"-2.8"	E	"7955.3186"	"63948.803"	"3d6.(5D).4s"	"a 4D"	"7/2"	"3d6.(3F2).4p"	"y 4G*"	"9/2"		"T6892c83"	"L18349c140"	
"178.65652"	"0.00005"	"178.656450"	"0.000007"	"3500"	"1.3e+07"	"7.e-03"	"-1.1"	E	"54273.656"	"110247.006"	"3d5.4s2"	"b 4G"	"9/2"	"3d6.(3H).5p"	"2I*"	"11/2"		"T6892c83"	"L18349c139"	
"178.675811"	"0.000013"	"178.675814"	"0.000010"	"400000"	"1.10e+09"	"5.3e-01"	"0.50"	B+	"23317.6351"	"79284.919"	"3d5.4s2"	"a 6S"	"5/2"	"3d5.(6S).4s.4p.(1P*)"	"x 6P*"	"5/2"		"T6892c83"	"L18349c139"	
"178.78108"	"0.00002"	"178.781072"	"0.000010"	"14000"	"3.2e+08"	"1.3e-01"	"0.2"	E	"54232.201"	"110166.534"	"3d5.4s2"	"b 4G"	"11/2"	"3d6.(3F2).5p"	"4F*"	"9/2"		"T6892c83"	"L18349c139"	
"178.80039"	"0.00003"	"178.800386"	"0.000010"	"180000"	"6.6e+08"	"2.1e-01"	"0.10"	C+	"23317.6351"	"79245.926"	"3d5.4s2"	"a 6S"	"5/2"	"3d5.(6S).4s.4p.(1P*)"	"x 6P*"	"3/2"		"T6370,T6892c83"	"L18349c139"	
"178.80827"	"0.00004"	"178.808264"	"0.000010"	"130000"	"4.4e+08"	"1.41e-01"	"-0.07"	C+	"23317.6351"	"79243.462"	"3d5.4s2"	"a 6S"	"5/2"	"3d6.(1D2).4p"	"w 2P*"	"3/2"		"T6370,T6892c83"	"L18349c139"	
"178.9136"	"0.0005"	"178.913671"	"0.000007"	"500"	"3.0e+07"	"1.4e-02"	"-0.8"	E	"54273.656"	"110166.534"	"3d5.4s2"	"b 4G"	"9/2"	"3d6.(3F2).5p"	"4F*"	"9/2"		"T6892c83"	"L18349c143"	
"178.98309"	"0.00003"	"178.983138"	"0.000007"	"8000"	"9.e+07"	"3.6e-02"	"-0.4"	E	"54273.656"	"110144.841"	"3d5.4s2"	"b 4G"	"9/2"	"3d6.(3F2).5p"	"4F*"	"7/2"		"T6892c83"	"L18349c139"	
"178.9895"	"0.0002"	"178.989523"	"0.000007"	"3000bl(Fe II)*"	"3.1e+06"	"2.0e-03"	"-1.9"	D	"54275.649"	"110144.841"	"3d5.4s2"	"b 4G"	"5/2"	"3d6.(3F2).5p"	"4F*"	"7/2"		"T6892c83"	"L18349c140"	
"179.0137"	"0.0005"	"179.013832"	"0.000007"	"350d?"	"1.9e+07"	"9.e-03"	"-1.1"	E	"54283.236"	"110144.841"	"3d5.4s2"	"b 4G"	"7/2"	"3d6.(3F2).5p"	"4F*"	"7/2"		"T6892c83"	"L18349c143"	
"179.0993"	"0.0005"	"179.099523"	"0.000007"	"500d"	"3.0e+06"	"1.4e-03"	"-2.1"	D	"46967.4751"	"102802.353"	"3d6.(5D).4p"	"z 4P*"	"5/2"	"3d6.(5D).6s"	"4D"	"5/2"		"T6892c83"	"L18349c143"	
"179.33694"	"0.00005"	"179.336924"	"0.000010"	"50000"	"5.7e+07"	"3.4e-02"	"-0.56"	D+	"16369.4098"	"72130.375"	"3d7"	"a 2G"	"7/2"	"3d6.(1G2).4p"	"x 2H*"	"9/2"		"T6892c83"	"L18349c139"	
"179.37719"	"0.00005"	"179.377236"	"0.000007"	"5000"	"6.e+06"	"2.7e-03"	"-1.5"	E	"54232.201"	"109980.635"	"3d5.4s2"	"b 4G"	"11/2"	"3d5.(2H).4s.4p.(3P*)"	"4H*"	"11/2"		"T6892c83"	"L18349c139"	
"179.4409"	"0.0005"	"179.441038"	"0.000007"	"700"	"6.e+06"	"3.1e-03"	"-1.9"	D	"47389.809"	"103118.421"	"3d6.(5D).4p"	"z 4P*"	"3/2"	"3d6.(5D).6s"	"4D"	"3/2"		"T6892c83"	"L18349c143"	
"179.510724"	"0.000019"	"179.510722"	"0.000007"	"13000"	"7.e+07"	"4.2e-02"	"-0.4"	E	"54273.656"	"109980.635"	"3d5.4s2"	"b 4G"	"9/2"	"3d5.(2H).4s.4p.(3P*)"	"4H*"	"11/2"		"T6892c83"	"L18349c139"	
"179.55744"	"0.00004"	"179.557381"	"0.000007"	"5000"	"7.e+06"	"3.3e-03"	"-1.6"	E	"54283.236"	"109975.739"	"3d5.4s2"	"b 4G"	"7/2"	"3d6.(3H).5p"	"4G*"	"7/2"		"T6892c83"	"L18349c139"	
"179.56090"	"0.00006"	"179.560841"	"0.000007"	"2800"	"1.4e+06"	"8.e-04"	"-2.0"	D	"54232.201"	"109923.631"	"3d5.4s2"	"b 4G"	"11/2"	"3d6.(3H).5p"	"2I*"	"13/2"		"T6892c83"	"L18349c139"	
"179.5972"	"0.0005"	"179.597743"	"0.000008"	"350d?"	"5.e+06"	"2.0e-03"	"-1.6"	E	"54232.201"	"109912.188"	"3d5.4s2"	"b 4G"	"11/2"	"3d6.(3H).5p"	"4I*"	"9/2"		"T6892c83"	"L18349c143"	
""	""	"179.697956"	"0.000003"	""	"3.e+05"	"1.9e-04"	"-2.9"	E	"8391.9554"	"64040.891"	"3d6.(5D).4s"	"a 4D"	"5/2"	"3d6.(3F2).4p"	"y 4G*"	"7/2"		"T6892c83"	""	
"179.7283"	"0.0005"	"179.728017"	"0.000007"	"700"	"9.e+06"	"4.5e-03"	"-2.0"	D	"47626.110"	"103265.738"	"3d6.(5D).4p"	"z 4P*"	"1/2"	"3d6.(5D).6s"	"4D"	"1/2"		"T6892c83"	"L18349c143"	
"179.73158"	"0.00006"	"179.731557"	"0.000007"	"3300"	"1.7e+06"	"8.e-04"	"-2.1"	D	"54273.656"	"109912.188"	"3d5.4s2"	"b 4G"	"9/2"	"3d6.(3H).5p"	"4I*"	"9/2"		"T6892c83"	"L18349c139"	
"179.7626"	"0.0005"	"179.762509"	"0.000007"	"500bl(Fe II)*"	"8.e+06"	"5.e-03"	"-1.4"	E	"54283.236"	"109912.188"	"3d5.4s2"	"b 4G"	"7/2"	"3d6.(3H).5p"	"4I*"	"9/2"		"T6892c83"	"L18349c143"	
"179.81564"	"0.00009"	"179.815651"	"0.000013"	"31000"	"1.0e+08"	"3.3e-02"	"-0.70"	D+	"20516.9534"	"76129.465"	"3d7"	"a 2D2"	"5/2"	"3d6.(1S2).4p"	"x 2P*"	"3/2"		"T6892c83"	"L18349c139"	
"179.8188"	"0.0005"	"179.819504"	"0.000013"	"2600d?"	"1.5e+07"	"1.4e-02"	"-1.54"	D+	"18886.773"	"74498.093"	"3d7"	"a 2P"	"1/2"	"3d6.(3D).4p"	"x 2D*"	"3/2"		"T6892c83"	"L18349c143"	
"179.96377"	"0.00009"	"179.963734"	"0.000007"	"2600"	"8.e+06"	"5.e-03"	"-1.4"	E	"54283.236"	"109849.987"	"3d5.4s2"	"b 4G"	"7/2"	"3d5.(2H).4s.4p.(3P*)"	"4G*"	"9/2"		"T6892c83"	"L18349c139"	
"179.97845"	"0.00003"	"179.978458"	"0.000007"	"5000"	"3.0e+07"	"1.4e-02"	"-0.8"	E	"54232.201"	"109794.406"	"3d5.4s2"	"b 4G"	"11/2"	"3d5.(2G2).4s.4p.(3P*)"	"4H*"	"11/2"		"T6892c83"	"L18349c139"	
"180.08273"	"0.00006"	"180.082715"	"0.000007"	"3600"	"1.3e+06"	"6.e-04"	"-2.1"	D	"54232.201"	"109762.239"	"3d5.4s2"	"b 4G"	"11/2"	"3d6.(3H).5p"	"4I*"	"11/2"		"T6892c83"	"L18349c139"	
"180.11284"	"0.00003"	"180.112841"	"0.000008"	"6000"	"8.e+06"	"4.5e-03"	"-1.3"	E	"54273.656"	"109794.406"	"3d5.4s2"	"b 4G"	"9/2"	"3d5.(2G2).4s.4p.(3P*)"	"4H*"	"11/2"		"T6892c83"	"L18349c139"	
"180.2050"	"0.0005"	"180.205146"	"0.000007"	"700"	"3.9e+06"	"3.8e-03"	"-2.1"	D	"47626.110"	"103118.421"	"3d6.(5D).4p"	"z 4P*"	"1/2"	"3d6.(5D).6s"	"4D"	"3/2"		"T6892c83"	"L18349c143"	
"180.2170"	"0.0005"	"180.217253"	"0.000007"	"360d?"	"2.9e+07"	"1.7e-02"	"-0.8"	E	"54273.656"	"109762.239"	"3d5.4s2"	"b 4G"	"9/2"	"3d6.(3H).5p"	"4I*"	"11/2"		"T6892c83"	"L18349c143"	
"180.3540"	"0.0002"	"180.354145"	"0.000016"	"2800"	"6.8e+06"	"3.3e-03"	"-1.58"	D+	"31483.1979"	"86929.664"	"3d6.(3D).4s"	"b 4D"	"7/2"	"3d6.(3P1).4p"	"v 4D*"	"7/2"		"T6892c83"	"L18349c140"	
"180.41653"	"0.00007"	"180.416546"	"0.000007"	"5000"	"8.e+06"	"5.3e-03"	"-1.50"	D+	"46967.4751"	"102394.764"	"3d6.(5D).4p"	"z 4P*"	"5/2"	"3d6.(5D).6s"	"4D"	"7/2"		"T6892c83"	"L18349c139"	
"180.46459"	"0.00010"	"180.464553"	"0.000007"	"3300"	"6.e+06"	"4.3e-03"	"-1.8"	D	"47389.809"	"102802.353"	"3d6.(5D).4p"	"z 4P*"	"3/2"	"3d6.(5D).6s"	"4D"	"5/2"		"T6892c83"	"L18349c139"	
"180.54617"	"0.00003"	"180.546142"	"0.000007"	"6000"	"2.6e+07"	"1.5e-02"	"-0.7"	E	"54232.201"	"109619.704"	"3d5.4s2"	"b 4G"	"11/2"	"3d6.(3H).5p"	"4I*"	"13/2"		"T6892c83"	"L18349c139"	
"180.5716"	"0.0002"	"180.571793"	"0.000013"	"1200"	"4.7e+06"	"2.3e-03"	"-1.9"	D	"31387.9788"	"86767.614"	"3d6.(3D).4s"	"b 4D"	"5/2"	"3d6.(3P1).4p"	"v 4D*"	"5/2"		"T6892c83"	"L18349c140"	
"180.8384"	"0.0005"	"180.838422"	"0.000008"	"600"	"4.1e+06"	"1.6e-03"	"-1.8"	D	"54273.656"	"109571.639"	"3d5.4s2"	"b 4G"	"9/2"	"3d5.(2G2).4s.4p.(3P*)"	"4H*"	"7/2"		"T6892c83"	"L18349c143"	
"180.84493"	"0.00003"	"180.844940"	"0.000008"	"6000"	"2.8e+07"	"1.9e-02"	"-1.0"	E	"54275.649"	"109571.639"	"3d5.4s2"	"b 4G"	"5/2"	"3d5.(2G2).4s.4p.(3P*)"	"4H*"	"7/2"		"T6892c83"	"L18349c139"	
"180.93168"	"0.00008"	"180.931823"	"0.000010"	"29000"	"1.7e+08"	"4.2e-02"	"-0.77"	D+	"21307.999"	"76577.436"	"3d7"	"a 2D2"	"3/2"	"3d6.(1S2).4p"	"x 2P*"	"1/2"		"T6892c83"	"L18349c139"	
"180.9945"	"0.0005"	"180.99448"	"0.00010"	"500d?"	"2.2e+06"	"1.1e-03"	"-2.0"	D	"50157.475"	"105407.78"	"3d6.(3F1).4s"	"c 4F"	"9/2"	"3d5.(2D3).4s.4p.(3P*)"	"4F*"	"9/2"		"T6892c83"	"L18349c143"	
"181.54116"	"0.00005"	"181.541095"	"0.000010"	"16000"	"1.7e+07"	"1.1e-02"	"-1.17"	D+	"20516.9534"	"75600.900"	"3d7"	"a 2D2"	"5/2"	"3d6.(3D).4p"	"w 2F*"	"7/2"		"T6892c83"	"L18349c139"	
"181.5766"	"0.0005"	"181.576591"	"0.000008"	"3300"	"3.3e+06"	"1.1e-03"	"-2.2"	D	"8391.9554"	"63465.134"	"3d6.(5D).4s"	"a 4D"	"5/2"	"3d6.(3F2).4p"	"x 4D*"	"3/2"		"T6892c83"	"L18349c144"	
"181.6086"	"0.0005"	"181.608540"	"0.000008"	"500"	"1.7e+06"	"1.1e-03"	"-2.2"	D	"46967.4751"	"102030.965"	"3d6.(5D).4p"	"z 4P*"	"5/2"	"3d6.(5D).6s"	"6D"	"7/2"		"T6892c83"	"L18349c143"	
"181.85202"	"0.00003"	"181.852150"	"0.000008"	"18000"	"5.7e+06"	"2.8e-03"	"-1.65"	C+	"7955.3186"	"62945.045"	"3d6.(5D).4s"	"a 4D"	"7/2"	"3d6.(3F2).4p"	"x 4D*"	"7/2"		"T7461"	"L18349c145"	
"181.9643"	"0.0002"	"181.964415"	"0.000013"	"2900"	"4.1e+06"	"2.0e-03"	"-1.9"	D	"31811.814"	"86767.614"	"3d7"	"b 2F"	"5/2"	"3d6.(3P1).4p"	"v 4D*"	"5/2"		"T6892c83"	"L18349c140"	
"182.0480"	"0.0002"	"182.047843"	"0.000017"	"2600"	"3.5e+06"	"1.7e-03"	"-1.9"	D	"31999.049"	"86929.664"	"3d7"	"b 2F"	"7/2"	"3d6.(3P1).4p"	"v 4D*"	"7/2"		"T6892c83"	"L18349c140"	
"182.09161"	"0.00008"	"182.091617"	"0.000008"	"1400"	"1.6e+06"	"9.e-04"	"-1.9"	D	"54232.201"	"109149.611"	"3d5.4s2"	"b 4G"	"11/2"	"3d5.(2I).4s.4p.(3P*)"	"2I*"	"13/2"		"T6892c83"	"L18349c139"	
"182.2135"	"0.0005"	"182.212338"	"0.000008"	"3300"	"4.3e+06"	"2.1e-03"	"-1.9"	D	"8391.9554"	"63272.981"	"3d6.(5D).4s"	"a 4D"	"5/2"	"3d6.(3F2).4p"	"x 4D*"	"5/2"		"T6892c83"	"L18349c144"	
"182.2196"	"0.0002"	"182.218973"	"0.000008"	"3000bl(Fe II)*"	"6.e+06"	"1.6e-03"	"-2.2"	D	"8680.4706"	"63559.498"	"3d6.(5D).4s"	"a 4D"	"3/2"	"3d6.(3F2).4p"	"x 4D*"	"1/2"		"T6892c83"	"L18349c140"	
"182.38711"	"0.00008"	"182.386983"	"0.000010"	"12000"	"1.8e+07"	"9.e-03"	"-1.45"	D+	"18360.6399"	"73189.114"	"3d7"	"a 2P"	"3/2"	"3d6.(3D).4p"	"y 2P*"	"3/2"		"T6892c83"	"L18349c139"	
"182.3929"	"0.0005"	"182.392958"	"0.000013"	"2500"	"2.4e+07"	"5.9e-03"	"-1.63"	D+	"18360.6399"	"73187.318"	"3d7"	"a 2P"	"3/2"	"3d6.(3D).4p"	"y 2P*"	"1/2"		"T6892c83"	"L18349c143"	
"182.4980"	"0.0002"	"182.497948"	"0.000010"	"2600"	"1.7e+06"	"7.e-04"	"-2.2"	D	"20805.7632"	"75600.900"	"3d7"	"a 2H"	"9/2"	"3d6.(3D).4p"	"w 2F*"	"7/2"		"T6892c83"	"L18349c140"	
"182.5329"	"0.0005"	"182.532836"	"0.000008"	"3300"	"3.7e+06"	"1.9e-03"	"-2.1"	D	"8680.4706"	"63465.134"	"3d6.(5D).4s"	"a 4D"	"3/2"	"3d6.(3F2).4p"	"x 4D*"	"3/2"		"T6892c83"	"L18349c144"	
"182.6884"	"0.0005"	"182.68778"	"0.00005"	"600d?"	"1.5e+06"	"9.e-04"	"-2.1"	D	"44915.057"	"99653.257"	"3d6.(1F).4s"	"c 2F"	"7/2"	"3d6.(1G1).4p"	"2G*"	"9/2"		"T6892c83"	"L18349c143"	
"182.72188"	"0.00007"	"182.721918"	"0.000008"	"2200"	"1.6e+07"	"5.e-03"	"-1.5"	E	"54275.649"	"109003.621"	"3d5.4s2"	"b 4G"	"5/2"	"3d5.(2F1).4s.4p.(3P*)"	"4D*"	"3/2"		"T6892c83"	"L18349c139"	
"182.8345"	"0.0002"	"182.834499"	"0.000010"	"3200"	"2.3e+06"	"1.7e-03"	"-2.2"	D	"18360.6399"	"73054.913"	"3d7"	"a 2P"	"3/2"	"3d6.(1G2).4p"	"x 2F*"	"5/2"		"T6892c83"	"L18349c140"	
"182.8855"	"0.0005"	"182.885416"	"0.000008"	"7000"	"3.0e+06"	"1.2e-03"	"-1.9"	D	"15844.6485"	"70523.694"	"3d7"	"a 2G"	"9/2"	"3d6.(3G).4p"	"x 2G*"	"7/2"		"T6892c83"	"L18349c144"	
"182.98472"	"0.00004"	"182.984693"	"0.000008"	"3300"	"8.e+06"	"2.9e-03"	"-1.6"	D	"54283.236"	"108932.616"	"3d5.4s2"	"b 4G"	"7/2"	"3d6.(3P2).5p"	"2D*"	"5/2"		"T6892c83"	"L18349c139"	
"183.026393"	"0.000009"	"183.026396"	"0.000010"	"32000"	"5.2e+08"	"3.26e-01"	"0.42"	B+	"52582.850"	"107219.778"	"3d5.(6S).4s.4p.(3P*)"	"z 8P*"	"7/2"	"3d5.(6S).4p2"	"8P"	"9/2"		"T6892c83"	"L18349c139"	
"183.0401"	"0.0005"	"183.039639"	"0.000010"	"400d?"	"2.7e+06"	"1.1e-03"	"-2.0"	D	"54273.656"	"108906.631"	"3d5.4s2"	"b 4G"	"9/2"	"3d5.(4G).4s.4p.(1P*)"	"4H*"	"7/2"		"T6892c83"	"L18349c143"	
"183.046314"	"0.000012"	"183.046316"	"0.000008"	"12000"	"5.0e+08"	"3.3e-01"	"0.30"	D	"54275.649"	"108906.631"	"3d5.4s2"	"b 4G"	"5/2"	"3d5.(4G).4s.4p.(1P*)"	"4H*"	"7/2"		"T6892c83"	"L18349c139"	
"183.07182"	"0.00005"	"183.071741"	"0.000008"	"2700"	"7.e+07"	"3.4e-02"	"-0.6"	E	"54283.236"	"108906.631"	"3d5.4s2"	"b 4G"	"7/2"	"3d5.(4G).4s.4p.(1P*)"	"4H*"	"7/2"		"T6892c83"	"L18349c139"	
"183.0885"	"0.0005"	"183.088650"	"0.000008"	"3400"	"3.4e+06"	"3.4e-03"	"-2.2"	D	"8846.7837"	"63465.134"	"3d6.(5D).4s"	"a 4D"	"1/2"	"3d6.(3F2).4p"	"x 4D*"	"3/2"		"T6892c83"	"L18349c144"	
"183.12652"	"0.00016"	"183.126434"	"0.000010"	"12000"	"2.6e+07"	"2.0e-02"	"-1.10"	D+	"21307.999"	"75915.080"	"3d7"	"a 2D2"	"3/2"	"3d6.(3D).4p"	"w 2F*"	"5/2"		"T6892c83"	"L18349c139"	
"183.16594"	"0.00007"	"183.165950"	"0.000008"	"2600"	"7.e+07"	"3.6e-02"	"-0.4"	E	"54273.656"	"108868.956"	"3d5.4s2"	"b 4G"	"9/2"	"3d6.(3H).5p"	"4H*"	"9/2"		"T6892c83"	"L18349c139"	
"183.17545"	"0.00003"	"183.175310"	"0.000008"	"5000"	"3.1e+06"	"2.3e-03"	"-2.0"	D	"8680.4706"	"63272.981"	"3d6.(5D).4s"	"a 4D"	"3/2"	"3d6.(3F2).4p"	"x 4D*"	"5/2"		"T6892c83"	"L18349c145"	
"183.198090"	"0.000014"	"183.198096"	"0.000008"	"9000"	"4.6e+08"	"2.9e-01"	"0.36"	D	"54283.236"	"108868.956"	"3d5.4s2"	"b 4G"	"7/2"	"3d6.(3H).5p"	"4H*"	"9/2"		"T6892c83"	"L18349c139"	
"183.22534"	"0.00004"	"183.225322"	"0.000008"	"2900"	"5.e+07"	"2.4e-02"	"-0.5"	E	"54232.201"	"108809.810"	"3d5.4s2"	"b 4G"	"11/2"	"3d5.(4G).4s.(5G).4p"	"4H*"	"11/2"		"T6892c83"	"L18349c139"	
"183.3075"	"0.0005"	"183.307675"	"0.000008"	"3200"	"5.e+05"	"3.4e-04"	"-2.7"	D	"8391.9554"	"62945.045"	"3d6.(5D).4s"	"a 4D"	"5/2"	"3d6.(3F2).4p"	"x 4D*"	"7/2"		"T7461"	"L18349c144"	
"183.4753"	"0.0005"	"183.475331"	"0.000008"	"500"	"2.6e+07"	"9.e-03"	"-1.3"	E	"54275.649"	"108778.889"	"3d5.4s2"	"b 4G"	"5/2"	"3d5.(2F1).4s.4p.(3P*)"	"4F*"	"3/2"		"T6892c83"	"L18349c143"	
"183.496472"	"0.000009"	"183.496471"	"0.000008"	"27000"	"4.5e+08"	"2.6e-01"	"0.5"	E	"54232.201"	"108729.162"	"3d5.4s2"	"b 4G"	"11/2"	"3d6.(3H).5p"	"4H*"	"13/2"		"T6892c83"	"L18349c139"	
"183.54163"	"0.00007"	"183.541769"	"0.000010"	"9000"	"4.4e+07"	"2.2e-02"	"-0.75"	D+	"31999.049"	"86482.560"	"3d7"	"b 2F"	"7/2"	"3d6.(1F).4p"	"u 2F*"	"7/2"		"T6892c83"	"L18349c139"	
"183.58740"	"0.00003"	"183.587378"	"0.000008"	"30000"	"2.2e+07"	"1.1e-02"	"-0.95"	D+	"15844.6485"	"70314.624"	"3d7"	"a 2G"	"9/2"	"3d6.(3G).4p"	"x 2G*"	"9/2"		"T6892c83"	"L18349c139"	
"183.97531"	"0.00003"	"183.975333"	"0.000010"	"6000"	"2.9e+07"	"1.5e-02"	"-1.0"	E	"52299.810"	"106654.923"	"3d5.(6S).4s.4p.(3P*)"	"z 8P*"	"5/2"	"3d5.4s.(7S).4d"	"6D"	"5/2"		"T6892c83"	"L18349c139"	
"183.980702"	"0.000020"	"183.980704"	"0.000008"	"6000"	"4.2e+08"	"2.1e-01"	"0.1"	E	"54275.649"	"108629.175"	"3d5.4s2"	"b 4G"	"5/2"	"3d5.(4G).4s.4p.(1P*)"	"4G*"	"5/2"		"T6892c83"	"L18349c139"	
"184.000031"	"0.000018"	"184.000034"	"0.000008"	"7000"	"3.0e+08"	"1.5e-01"	"0.1"	E	"54283.236"	"108631.052"	"3d5.4s2"	"b 4G"	"7/2"	"3d5.(4G).4s.4p.(1P*)"	"4G*"	"7/2"		"T6892c83"	"L18349c139"	
"184.03041"	"0.00006"	"184.030364"	"0.000008"	"1600"	"6.e+06"	"2.6e-03"	"-1.5"	E	"54232.201"	"108571.060"	"3d5.4s2"	"b 4G"	"11/2"	"3d6.(3H).5p"	"4G*"	"9/2"		"T6892c83"	"L18349c139"	
"184.1548"	"0.0005"	"184.154123"	"0.000014"	"9000"	"3.8e+06"	"3.8e-03"	"-2.1"	D	"18886.773"	"73189.114"	"3d7"	"a 2P"	"1/2"	"3d6.(3D).4p"	"y 2P*"	"3/2"		"T6892c83"	"L18349c144"	
"184.16035"	"0.00012"	"184.160214"	"0.000014"	"9000"	"3.1e+07"	"1.6e-02"	"-1.51"	D+	"18886.773"	"73187.318"	"3d7"	"a 2P"	"1/2"	"3d6.(3D).4p"	"y 2P*"	"1/2"		"T6892c83"	"L18349c139"	
"184.16898"	"0.00014"	"184.169122"	"0.000008"	"4000"	"5.e+06"	"2.4e-03"	"-1.8"	D	"8391.9554"	"62689.874"	"3d6.(5D).4s"	"a 4D"	"5/2"	"3d6.(3P2).4p"	"y 4D*"	"5/2"		"T6892c83"	"L18349c139"	
"184.170876"	"0.000016"	"184.170868"	"0.000008"	"9000"	"2.8e+08"	"1.4e-01"	"0.1"	E	"54273.656"	"108571.060"	"3d5.4s2"	"b 4G"	"9/2"	"3d6.(3H).5p"	"4G*"	"9/2"		"T6892c83"	"L18349c139"	
"184.20342"	"0.00006"	"184.203368"	"0.000008"	"2300"	"4.2e+07"	"2.7e-02"	"-0.7"	E	"54283.236"	"108571.060"	"3d5.4s2"	"b 4G"	"7/2"	"3d6.(3H).5p"	"4G*"	"9/2"		"T6892c83"	"L18349c139"	
"184.2238"	"0.0005"	"184.223999"	"0.000008"	"3300"	"3.0e+06"	"1.5e-03"	"-2.2"	D	"8680.4706"	"62962.215"	"3d6.(5D).4s"	"a 4D"	"3/2"	"3d6.(3P2).4p"	"y 4D*"	"3/2"		"T6892c83"	"L18349c144"	
"184.28483"	"0.00003"	"184.284838"	"0.000008"	"5000"	"8.e+06"	"4.1e-03"	"-1.6"	E	"54275.649"	"108539.473"	"3d5.4s2"	"b 4G"	"5/2"	"3d5.(2F1).4s.4p.(3P*)"	"4F*"	"5/2"		"T6892c83"	"L18349c139"	
"184.31064"	"0.00003"	"184.310607"	"0.000008"	"3000"	"3.4e+07"	"1.3e-02"	"-1.0"	E	"54283.236"	"108539.473"	"3d5.4s2"	"b 4G"	"7/2"	"3d5.(2F1).4s.4p.(3P*)"	"4F*"	"5/2"		"T6892c83"	"L18349c139"	
"184.32041"	"0.00003"	"184.320449"	"0.000010"	"6000"	"4.3e+07"	"2.2e-02"	"-0.76"	D+	"52582.850"	"106836.190"	"3d5.(6S).4s.4p.(3P*)"	"z 8P*"	"7/2"	"3d5.(6S).4p2"	"8P"	"7/2"		"T6892c83"	"L18349c139"	
"184.326091"	"0.000014"	"184.326103"	"0.000008"	"11000"	"2.3e+08"	"1.2e-01"	"0.1"	E	"54232.201"	"108483.877"	"3d5.4s2"	"b 4G"	"11/2"	"3d6.(3H).5p"	"4G*"	"11/2"		"T6892c83"	"L18349c139"	
"184.34883"	"0.00003"	"184.348832"	"0.000008"	"5000"	"3.0e+07"	"1.2e-02"	"-0.9"	E	"54273.656"	"108518.643"	"3d5.4s2"	"b 4G"	"9/2"	"3d5.(2F1).4s.4p.(3P*)"	"4F*"	"7/2"		"T6892c83"	"L18349c139"	
"184.35559"	"0.00003"	"184.355605"	"0.000008"	"3000"	"5.e+06"	"3.5e-03"	"-1.7"	D	"54275.649"	"108518.643"	"3d5.4s2"	"b 4G"	"5/2"	"3d5.(2F1).4s.4p.(3P*)"	"4F*"	"7/2"		"T6892c83"	"L18349c139"	
"184.381389"	"0.000017"	"184.381395"	"0.000008"	"7000"	"3.6e+07"	"1.8e-02"	"-0.8"	E	"54283.236"	"108518.643"	"3d5.4s2"	"b 4G"	"7/2"	"3d5.(2F1).4s.4p.(3P*)"	"4F*"	"7/2"		"T6892c83"	"L18349c139"	
"184.431035"	"0.000015"	"184.431060"	"0.000010"	"12000"	"8.e+06"	"6.e-03"	"-1.5"	E	"52299.810"	"106520.612"	"3d5.(6S).4s.4p.(3P*)"	"z 8P*"	"5/2"	"3d5.4s.(7S).4d"	"6D"	"7/2"		"T6892c83"	"L18349c139"	
"184.46708"	"0.00005"	"184.467058"	"0.000008"	"2200"	"2.3e+07"	"1.4e-02"	"-0.9"	E	"54273.656"	"108483.877"	"3d5.4s2"	"b 4G"	"9/2"	"3d6.(3H).5p"	"4G*"	"11/2"		"T6892c83"	"L18349c139"	
"184.65758"	"0.00006"	"184.657597"	"0.000008"	"18000"	"2.2e+07"	"1.1e-02"	"-1.04"	D+	"16369.4098"	"70523.694"	"3d7"	"a 2G"	"7/2"	"3d6.(3G).4p"	"x 2G*"	"7/2"		"T6892c83"	"L18349c139"	
"184.82405"	"0.00002"	"184.824039"	"0.000014"	"7000"	"4.7e+08"	"2.4e-01"	"0.16"	C+	"52299.810"	"106405.326"	"3d5.(6S).4s.4p.(3P*)"	"z 8P*"	"5/2"	"3d5.(6S).4p2"	"8P"	"5/2"		"T6892c83"	"L18349c139"	
"184.87740"	"0.00005"	"184.877362"	"0.000010"	"20000"	"4.9e+07"	"2.5e-02"	"-0.82"	D+	"20516.9534"	"74606.864"	"3d7"	"a 2D2"	"5/2"	"3d6.(3D).4p"	"x 2D*"	"5/2"		"T6892c83"	"L18349c139"	
"184.938315"	"0.000012"	"184.938351"	"0.000010"	"14000"	"2.4e+07"	"9.e-03"	"-1.1"	E	"52582.850"	"106654.923"	"3d5.(6S).4s.4p.(3P*)"	"z 8P*"	"7/2"	"3d5.4s.(7S).4d"	"6D"	"5/2"		"T6892c83"	"L18349c139"	
"185.1520"	"0.0005"	"185.152943"	"0.000008"	"3200"	"3.1e+06"	"2.4e-03"	"-2.0"	D	"8680.4706"	"62689.874"	"3d6.(5D).4s"	"a 4D"	"3/2"	"3d6.(3P2).4p"	"y 4D*"	"5/2"		"T6892c83"	"L18349c144"	
"185.235277"	"0.000017"	"185.235284"	"0.000008"	"7000"	"6.e+07"	"2.4e-02"	"-0.5"	E	"54232.201"	"108217.596"	"3d5.4s2"	"b 4G"	"11/2"	"3d5.(2F1).4s.4p.(3P*)"	"4F*"	"9/2"		"T6892c83"	"L18349c139"	
"185.2424"	"0.0005"	"185.241670"	"0.000021"	"1200bl(Fe I)"	"1.0e+07"	"5.1e-03"	"-1.39"	D+	"44915.057"	"98898.591"	"3d6.(1F).4s"	"c 2F"	"7/2"	"3d6.(1G1).4p"	"2F*"	"7/2"		"T6892c83"	"L18349c143"	
"185.30283"	"0.00005"	"185.302822"	"0.000008"	"2200"	"2.8e+07"	"1.2e-02"	"-0.9"	E	"54273.656"	"108239.375"	"3d5.4s2"	"b 4G"	"9/2"	"3d5.(2F1).4s.4p.(3P*)"	"4D*"	"7/2"		"T6892c83"	"L18349c139"	
"185.30982"	"0.00005"	"185.309665"	"0.000008"	"1100"	"1.4e+06"	"1.0e-03"	"-2.2"	D	"54275.649"	"108239.375"	"3d5.4s2"	"b 4G"	"5/2"	"3d5.(2F1).4s.4p.(3P*)"	"4D*"	"7/2"		"T6892c83"	"L18349c148"	
"185.33572"	"0.00004"	"185.335722"	"0.000008"	"2900"	"8.e+06"	"4.3e-03"	"-1.5"	E	"54283.236"	"108239.375"	"3d5.4s2"	"b 4G"	"7/2"	"3d5.(2F1).4s.4p.(3P*)"	"4D*"	"7/2"		"T6892c83"	"L18349c139"	
"185.37762"	"0.00004"	"185.377635"	"0.000008"	"2900"	"1.6e+07"	"8.e-03"	"-1.1"	E	"54273.656"	"108217.596"	"3d5.4s2"	"b 4G"	"9/2"	"3d5.(2F1).4s.4p.(3P*)"	"4F*"	"9/2"		"T6892c83"	"L18349c139"	
"185.39875"	"0.00004"	"185.398868"	"0.000010"	"2300"	"4.e+07"	"2.3e-02"	"-0.7"	E	"52582.850"	"106520.612"	"3d5.(6S).4s.4p.(3P*)"	"z 8P*"	"7/2"	"3d5.4s.(7S).4d"	"6D"	"7/2"		"T6892c83"	"L18349c139"	
"185.41049"	"0.00007"	"185.410562"	"0.000008"	"1100"	"2.5e+06"	"1.6e-03"	"-1.9"	D	"54283.236"	"108217.596"	"3d5.4s2"	"b 4G"	"7/2"	"3d5.(2F1).4s.4p.(3P*)"	"4F*"	"9/2"		"T6892c83"	"L18349c139"	
"185.466186"	"0.000015"	"185.466204"	"0.000010"	"10000"	"8.e+06"	"5.e-03"	"-1.4"	E	"52582.850"	"106501.029"	"3d5.(6S).4s.4p.(3P*)"	"z 8P*"	"7/2"	"3d5.4s.(7S).4d"	"6D"	"9/2"		"T6892c83"	"L18349c139"	
"185.632022"	"0.000009"	"185.632019"	"0.000010"	"30000"	"6.3e+08"	"2.60e-01"	"0.42"	B+	"52966.173"	"106836.190"	"3d5.(6S).4s.4p.(3P*)"	"z 8P*"	"9/2"	"3d5.(6S).4p2"	"8P"	"7/2"		"T6892c83"	"L18349c139"	
"185.795986"	"0.000017"	"185.795986"	"0.000014"	"9000"	"8.3e+08"	"3.23e-01"	"0.41"	B+	"52582.850"	"106405.326"	"3d5.(6S).4s.4p.(3P*)"	"z 8P*"	"7/2"	"3d5.(6S).4p2"	"8P"	"5/2"		"T6892c83"	"L18349c139"	
"185.97471"	"0.00004"	"185.974715"	"0.000008"	"11000"	"1.1e+07"	"5.9e-03"	"-1.32"	D+	"7955.3186"	"61726.069"	"3d6.(5D).4s"	"a 4D"	"7/2"	"3d6.(3P2).4p"	"y 4D*"	"7/2"		"T6892c83"	"L18349c139"	
"186.00527"	"0.00002"	"186.005267"	"0.000008"	"31000"	"7.0e+07"	"2.9e-02"	"-0.53"	D+	"15844.6485"	"69606.567"	"3d7"	"a 2G"	"9/2"	"3d6.(3G).4p"	"y 2F*"	"7/2"		"T6892c83"	"L18349c139"	
"186.3112"	"0.0002"	"186.311429"	"0.000008"	"1100"	"2.4e+05"	"1.7e-04"	"-3.0"	E	"8391.9554"	"62065.528"	"3d6.(5D).4s"	"a 4D"	"5/2"	"3d6.(3F2).4p"	"y 4F*"	"7/2"		"T6892c83"	"L18349c140"	
"186.46453"	"0.00004"	"186.464487"	"0.000010"	"16000"	"1.6e+07"	"9.e-03"	"-0.99"	D+	"20340.2461"	"73969.761"	"3d7"	"a 2H"	"11/2"	"3d6.(1I).4p"	"y 2I*"	"11/2"		"T6892c83"	"L18349c139"	
"186.474640"	"0.000017"	"186.474633"	"0.000010"	"50000bl(Fe I)"	"5.5e+07"	"3.3e-02"	"-0.40"	D+	"20340.2461"	"73966.843"	"3d7"	"a 2H"	"11/2"	"3d6.(1I).4p"	"y 2I*"	"13/2"		"T6892c83"	"L18349c148"	
"186.5210"	"0.0005"	"186.521188"	"0.000009"	"400d"	"1.0e+07"	"4.0e-03"	"-1.4"	E	"54273.656"	"107886.868"	"3d5.4s2"	"b 4G"	"9/2"	"3d5.(4F).4s.4p.(3P*)"	"6D*"	"7/2"		"T6892c83"	"L18349c143"	
"186.55452"	"0.00005"	"186.554523"	"0.000008"	"1800"	"5.e+06"	"2.9e-03"	"-1.6"	E	"54283.236"	"107886.868"	"3d5.4s2"	"b 4G"	"7/2"	"3d5.(4F).4s.4p.(3P*)"	"6D*"	"7/2"		"T6892c83"	"L18349c139"	
"186.725874"	"0.000011"	"186.725885"	"0.000010"	"14000"	"1.3e+07"	"6.e-03"	"-1.3"	E	"52966.173"	"106520.612"	"3d5.(6S).4s.4p.(3P*)"	"z 8P*"	"9/2"	"3d5.4s.(7S).4d"	"6D"	"7/2"		"T6892c83"	"L18349c139"	
"186.794179"	"0.000010"	"186.794189"	"0.000010"	"16000bl(Fe II)*"	"5.e+07"	"2.4e-02"	"-0.6"	E	"52966.173"	"106501.029"	"3d5.(6S).4s.4p.(3P*)"	"z 8P*"	"9/2"	"3d5.4s.(7S).4d"	"6D"	"9/2"		"T6892c83"	"L18349c148"	
"186.955452"	"0.000009"	"186.955453"	"0.000008"	"34000"	"2.2e+08"	"1.1e-01"	"0.13"	D	"54232.201"	"107720.879"	"3d5.4s2"	"b 4G"	"11/2"	"3d5.(2F1).4s.4p.(3P*)"	"4G*"	"11/2"		"T6892c83"	"L18349c139"	
"186.9762"	"0.0002"	"186.976479"	"0.000010"	"2800"	"4.7e+06"	"2.5e-03"	"-1.61"	D+	"30388.5451"	"83871.208"	"3d6.(3G).4s"	"b 2G"	"9/2"	"3d6.(1F).4p"	"v 2G*"	"9/2"		"T6892c83"	"L18349c140"	
"187.0615"	""	"187.061536"	"0.000006"	"400:"	"1.6e+06"	"8.e-04"	"-2.5"	D	"25787.5816"	"79245.926"	"3d6.(3P2).4s"	"b 2P"	"3/2"	"3d5.(6S).4s.4p.(1P*)"	"x 6P*"	"3/2"		"T6370"	"L7770"	
"187.0702"	""	"187.070158"	"0.000005"	"700:"	"2.4e+06"	"1.3e-03"	"-2.3"	D	"25787.5816"	"79243.462"	"3d6.(3P2).4s"	"b 2P"	"3/2"	"3d6.(1D2).4p"	"w 2P*"	"3/2"		"T6370"	"L7770"	
"187.10045"	"0.00004"	"187.100460"	"0.000008"	"2600"	"1.2e+07"	"8.e-03"	"-1.1"	E	"54273.656"	"107720.879"	"3d5.4s2"	"b 4G"	"9/2"	"3d5.(2F1).4s.4p.(3P*)"	"4G*"	"11/2"		"T6892c83"	"L18349c139"	
"187.11897"	"0.00004"	"187.118959"	"0.000008"	"1700"	"4.5e+06"	"2.0e-03"	"-1.6"	E	"54232.201"	"107674.140"	"3d5.4s2"	"b 4G"	"11/2"	"3d5.(2F1).4s.4p.(3P*)"	"4G*"	"9/2"		"T6892c83"	"L18349c139"	
"187.264216"	"0.000009"	"187.264220"	"0.000008"	"17000"	"1.42e+08"	"7.5e-02"	"-0.13"	C+	"54273.656"	"107674.140"	"3d5.4s2"	"b 4G"	"9/2"	"3d5.(2F1).4s.4p.(3P*)"	"4G*"	"9/2"		"T6892c83"	"L18349c139"	
"187.29782"	"0.00005"	"187.297821"	"0.000008"	"2000"	"1.3e+07"	"9.e-03"	"-1.2"	E	"54283.236"	"107674.140"	"3d5.4s2"	"b 4G"	"7/2"	"3d5.(2F1).4s.4p.(3P*)"	"4G*"	"9/2"		"T6892c83"	"L18349c139"	
"187.49711"	"0.00004"	"187.497257"	"0.000008"	"4000"	"2.1e+06"	"1.5e-03"	"-2.0"	D	"8391.9554"	"61726.069"	"3d6.(5D).4s"	"a 4D"	"5/2"	"3d6.(3P2).4p"	"y 4D*"	"7/2"		"T6892c83"	"L18349c148"	
"187.62127"	"0.00018"	"187.621256"	"0.000011"	"5000"	"9.e+06"	"6.9e-03"	"-1.56"	D+	"21307.999"	"74606.864"	"3d7"	"a 2D2"	"3/2"	"3d6.(3D).4p"	"x 2D*"	"5/2"		"T6892c83"	"L18349c139"	
"187.68390"	"0.00003"	"187.683914"	"0.000011"	"23000"	"6.0e+07"	"2.4e-02"	"-0.72"	D+	"16369.4098"	"69650.481"	"3d7"	"a 2G"	"7/2"	"3d6.(3G).4p"	"y 2F*"	"5/2"		"T6892c83"	"L18349c139"	
"187.74657"	"0.00002"	"187.746567"	"0.000014"	"35000"	"8.2e+07"	"4.3e-02"	"-0.29"	C+	"20340.2461"	"73603.537"	"3d7"	"a 2H"	"11/2"	"3d6.(1I).4p"	"w 2H*"	"11/2"		"T6892c83"	"L18349c139"	
"187.77158"	"0.00002"	"187.771589"	"0.000009"	"4000"	"7.e+06"	"3.1e-03"	"-1.5"	E	"54273.656"	"107529.849"	"3d5.4s2"	"b 4G"	"9/2"	"3d6.(5D).6p"	"6F*"	"7/2"		"T6892c83"	"L18349c139"	
"187.77859"	"0.00006"	"187.778617"	"0.000008"	"1400"	"9.e+06"	"6.e-03"	"-1.4"	E	"54275.649"	"107529.849"	"3d5.4s2"	"b 4G"	"5/2"	"3d6.(5D).6p"	"6F*"	"7/2"		"T6892c83"	"L18349c139"	
"187.805387"	"0.000014"	"187.805373"	"0.000008"	"8000"	"9.e+07"	"5.e-02"	"-0.4"	E	"54283.236"	"107529.849"	"3d5.4s2"	"b 4G"	"7/2"	"3d6.(5D).6p"	"6F*"	"7/2"		"T6892c83"	"L18349c139"	
"187.83882"	"0.00005"	"187.838730"	"0.000011"	"6000"	"3.5e+06"	"1.8e-03"	"-1.8"	D	"16369.4098"	"69606.567"	"3d7"	"a 2G"	"7/2"	"3d6.(3G).4p"	"y 2F*"	"7/2"		"T6892c83"	"L18349c139"	
"188.00501"	"0.00007"	"188.004932"	"0.000011"	"11000"	"3.1e+07"	"1.6e-02"	"-1.19"	D+	"21307.999"	"74498.093"	"3d7"	"a 2D2"	"3/2"	"3d6.(3D).4p"	"x 2D*"	"3/2"		"T6892c83"	"L18349c139"	
"188.09725"	"0.00003"	"188.097216"	"0.000014"	"20000"	"4.5e+07"	"2.9e-02"	"-0.54"	D+	"20805.7632"	"73969.761"	"3d7"	"a 2H"	"9/2"	"3d6.(1I).4p"	"y 2I*"	"11/2"		"T6892c83"	"L18349c139"	
"188.12030"	"0.00005"	"188.120308"	"0.000008"	"1200"	"5.e+07"	"2.7e-02"	"-0.8"	E	"57411.086"	"110568.558"	"3d5.4s2"	"d 4P"	"5/2"	"3d6.(3F2).5p"	"4F*"	"5/2"		"T6892c83"	"L18349c139"	
"188.13797"	"0.00005"	"188.138004"	"0.000008"	"1200"	"3.5e+07"	"1.9e-02"	"-1.1"	E	"57493.333"	"110645.805"	"3d5.4s2"	"d 4P"	"3/2"	"3d6.(3F2).5p"	"4D*"	"3/2"		"T6892c83"	"L18349c139"	
"188.41181"	"0.00003"	"188.411825"	"0.000009"	"2000"	"7.e+07"	"6.e-02"	"-0.7"	E	"57493.333"	"110568.558"	"3d5.4s2"	"d 4P"	"3/2"	"3d6.(3F2).5p"	"4F*"	"5/2"		"T6892c83"	"L18349c139"	
"188.43998"	"0.00008"	"188.439909"	"0.000011"	"600"	"2.8e+07"	"3.0e-02"	"-1.2"	E	"57578.490"	"110645.805"	"3d5.4s2"	"d 4P"	"1/2"	"3d6.(3F2).5p"	"4D*"	"3/2"		"T6892c83"	"L18349c139"	
"188.47294"	"0.00003"	"188.472939"	"0.000008"	"2900"	"1.0e+08"	"7.e-02"	"-0.4"	E	"57411.086"	"110469.101"	"3d5.4s2"	"d 4P"	"5/2"	"3d6.(3F2).5p"	"4D*"	"7/2"		"T6892c83"	"L18349c139"	
"188.4862"	""	"188.486170"	"0.000025"	":"	"9.e+05"	"2.4e-04"	"-3.0"	E	"25787.5816"	"78841.872"	"3d6.(3P2).4s"	"b 2P"	"3/2"	"3d6.(1D2).4p"	"w 2P*"	"1/2"		"T6892c83"	"L7770"	
"188.59876"	"0.00003"	"188.598767"	"0.000008"	"3300"	"5.e+07"	"2.9e-02"	"-0.8"	E	"54275.649"	"107298.265"	"3d5.4s2"	"b 4G"	"5/2"	"3d5.(2F1).4s.4p.(3P*)"	"4G*"	"5/2"		"T6892c83"	"L18349c139"	
"188.62576"	"0.00002"	"188.625757"	"0.000008"	"4000"	"8.e+06"	"3.4e-03"	"-1.6"	E	"54283.236"	"107298.265"	"3d5.4s2"	"b 4G"	"7/2"	"3d5.(2F1).4s.4p.(3P*)"	"4G*"	"5/2"		"T6892c83"	"L18349c139"	
"188.63197"	"0.00006"	"188.632109"	"0.000008"	"600"	"3.8e+06"	"3.1e-03"	"-1.9"	D	"57493.333"	"110506.577"	"3d5.4s2"	"d 4P"	"3/2"	"3d6.(3P2).5p"	"4D*"	"5/2"		"T6892c83"	"L18349c139"	
"188.873442"	"0.000018"	"188.873419"	"0.000011"	"40000"	"1.42e+08"	"7.6e-02"	"-0.12"	C+	"20805.7632"	"73751.276"	"3d7"	"a 2H"	"9/2"	"3d6.(1I).4p"	"w 2H*"	"9/2"		"T6892c83"	"L18349c139"	
"188.98752"	"0.00007"	"188.987523"	"0.000008"	"800"	"1.7e+07"	"9.e-03"	"-1.4"	E	"57493.333"	"110406.879"	"3d5.4s2"	"d 4P"	"3/2"	"3d6.(3F2).5p"	"4F*"	"3/2"		"T6892c83"	"L18349c139"	
"189.10865"	"0.00004"	"189.108654"	"0.000008"	"1300"	"2.1e+07"	"1.1e-02"	"-1.2"	E	"57411.086"	"110290.739"	"3d5.4s2"	"d 4P"	"5/2"	"3d6.(3F1).5p"	"4D*"	"5/2"		"T6892c83"	"L18349c139"	
"189.29223"	"0.00010"	"189.292163"	"0.000011"	"600"	"9.e+06"	"1.0e-02"	"-1.7"	D	"57578.490"	"110406.879"	"3d5.4s2"	"d 4P"	"1/2"	"3d6.(3F2).5p"	"4F*"	"3/2"		"T6892c83"	"L18349c139"	
"189.40186"	"0.00008"	"189.401925"	"0.000014"	"8000"	"1.0e+07"	"6.6e-03"	"-1.18"	D+	"20805.7632"	"73603.537"	"3d7"	"a 2H"	"9/2"	"3d6.(1I).4p"	"w 2H*"	"11/2"		"T6892c83"	"L18349c139"	
"189.40319"	"0.00010"	"189.403245"	"0.000009"	"700"	"2.6e+07"	"2.1e-02"	"-1.1"	E	"57493.333"	"110290.739"	"3d5.4s2"	"d 4P"	"3/2"	"3d6.(3F1).5p"	"4D*"	"5/2"		"T6892c83"	"L18349c139"	
"189.55500"	"0.00006"	"189.554993"	"0.000008"	"1300"	"2.1e+06"	"1.1e-03"	"-2.0"	D	"54283.236"	"107038.375"	"3d5.4s2"	"b 4G"	"7/2"	"3d5.(2D3).4s.4p.(3P*)"	"4D*"	"7/2"		"T6892c83"	"L18349c139"	
"189.56846"	"0.00005"	"189.568486"	"0.000011"	"10000"	"1.3e+07"	"6.0e-03"	"-1.15"	D+	"20340.2461"	"73091.630"	"3d7"	"a 2H"	"11/2"	"3d6.(1G2).4p"	"w 2G*"	"9/2"		"T6892c83"	"L18349c139"	
"189.60120"	"0.00002"	"189.601197"	"0.000009"	"4000"	"2.8e+07"	"1.5e-02"	"-1.0"	E	"54275.649"	"107017.932"	"3d5.4s2"	"b 4G"	"5/2"	"3d5.(2D3).4s.4p.(3P*)"	"4D*"	"5/2"		"T6892c83"	"L18349c139"	
"189.63187"	"0.00002"	"189.631859"	"0.000008"	"2300"	"3.3e+07"	"2.4e-02"	"-0.9"	E	"57411.086"	"110144.841"	"3d5.4s2"	"d 4P"	"5/2"	"3d6.(3F2).5p"	"4F*"	"7/2"		"T6892c83"	"L18349c139"	
"189.85370"	"0.00006"	"189.853613"	"0.000011"	"11000"	"4.1e+07"	"1.5e-02"	"-1.06"	D+	"20516.9534"	"73189.114"	"3d7"	"a 2D2"	"5/2"	"3d6.(3D).4p"	"y 2P*"	"3/2"		"T6892c83"	"L18349c139"	
"190.3019"	"0.0002"	"190.302327"	"0.000018"	"250"	"4.5e+06"	"1.6e-03"	"-2.0"	D	"31811.814"	"84359.779"	"3d7"	"b 2F"	"5/2"	"3d6.(1F).4p"	"v 2D*"	"3/2"		"T6892c83"	"L18349c140"	
"190.3284"	"0.0002"	"190.328440"	"0.000011"	"3000"	"5.3e+06"	"2.9e-03"	"-1.64"	D+	"30764.4737"	"83305.229"	"3d6.(3G).4s"	"b 2G"	"7/2"	"3d6.(1F).4p"	"v 2G*"	"7/2"		"T6892c83"	"L18349c140"	
"190.47900"	"0.00003"	"190.478982"	"0.000011"	"18000"	"3.5e+07"	"2.6e-02"	"-0.81"	D+	"20516.9534"	"73016.184"	"3d7"	"a 2D2"	"5/2"	"3d6.(1G2).4p"	"x 2F*"	"7/2"		"T6892c83"	"L18349c139"	
"190.57409"	"0.00011"	"190.57412"	"0.00005"	"1100"	"2.6e+07"	"2.8e-02"	"-1.25"	D+	"49100.956"	"101573.977"	"3d6.(3P1).4s"	"c 4P"	"1/2"	"3d5.(4D).4s.4p.(3P*)"	"4P*"	"3/2"		"T6892c83"	"L18349c139"	
"190.77426"	"0.00007"	"190.77427"	"0.00004"	"700bl(Fe III)"	"7.e+06"	"7.e-03"	"-1.8"	D	"54063.358"	"106481.329"	"3d6.(3P1).4s"	"c 2P"	"1/2"	"3d5.(4F).4s.4p.(3P*)"	"6F*"	"3/2"		"T6892c83"	"L18349c148"	
"191.06731"	"0.00007"	"191.067288"	"0.000011"	"8000"	"1.7e+07"	"7.4e-03"	"-1.13"	D+	"20805.7632"	"73143.346"	"3d7"	"a 2H"	"9/2"	"3d6.(1G2).4p"	"w 2G*"	"7/2"		"T6892c83"	"L18349c139"	
"191.1564"	""	"191.156375"	"0.000007"	":"	"5.e+04"	"6.e-05"	"-3.9"	E	"26932.7348"	"79245.926"	"3d6.(3P2).4s"	"b 2P"	"1/2"	"3d5.(6S).4s.4p.(1P*)"	"x 6P*"	"3/2"		"T6370,T6892c83"	"L7770"	
"191.1649"	"0.0002"	"191.165379"	"0.000011"	"250"	"8.e+04"	"9.e-05"	"-3.8"	E	"26932.7348"	"79243.462"	"3d6.(3P2).4s"	"b 2P"	"1/2"	"3d6.(1D2).4p"	"w 2P*"	"3/2"		"T6370,T6892c83"	"L18349c140"	
"191.1997"	"0.0005"	"191.19942"	"0.00011"	"500d?"	"1.2e+07"	"7.e-03"	"-1.9"	D	"49100.956"	"101402.37"	"3d6.(3P1).4s"	"c 4P"	"1/2"	"3d5.(4D).4s.4p.(3P*)"	"4P*"	"1/2"		"T6892c83"	"L18349c143"	
"191.2563"	"0.0002"	"191.256273"	"0.000011"	"1500"	"1.6e+06"	"9.e-04"	"-2.1"	D	"20805.7632"	"73091.630"	"3d7"	"a 2H"	"9/2"	"3d6.(1G2).4p"	"w 2G*"	"9/2"		"T6892c83"	"L18349c140"	
"191.57257"	"0.00008"	"191.57244"	"0.00005"	"1000"	"2.1e+07"	"1.7e-02"	"-1.17"	D+	"49506.922"	"101706.498"	"3d6.(3P1).4s"	"c 4P"	"3/2"	"3d5.(4D).4s.4p.(3P*)"	"4P*"	"5/2"		"T6892c83"	"L18349c139"	
"191.73203"	"0.00008"	"191.731993"	"0.000009"	"6000"	"5.0e+06"	"2.8e-03"	"-1.56"	D+	"15844.6485"	"68000.785"	"3d7"	"a 2G"	"9/2"	"3d6.(3G).4p"	"y 2H*"	"9/2"		"T6892c83"	"L18349c139"	
"191.80986"	"0.00007"	"191.809870"	"0.000011"	"7000"	"8.e+06"	"6.2e-03"	"-1.43"	D+	"20516.9534"	"72651.914"	"3d7"	"a 2D2"	"5/2"	"3d6.(3D).4p"	"w 4D*"	"7/2"		"T6892c83"	"L18349c139"	
"192.0610"	"0.0005"	"192.06003"	"0.00005"	"500d?"	"6.e+06"	"3.0e-03"	"-1.9"	D	"49506.922"	"101573.977"	"3d6.(3P1).4s"	"c 4P"	"3/2"	"3d5.(4D).4s.4p.(3P*)"	"4P*"	"3/2"		"T6892c83"	"L18349c143"	
"192.09681"	"0.00009"	"192.09678"	"0.00008"	"900"	"4.1e+07"	"2.3e-02"	"-1.3"	E	"54063.358"	"106120.45"	"3d6.(3P1).4s"	"c 2P"	"1/2"	"3d5.(4D).4s.4p.(3P*)"	"2P*"	"1/2"		"T6892c83"	"L18349c139"	
"192.14035"	"0.00004"	"192.140327"	"0.000008"	"1300"	"2.9e+07"	"1.1e-02"	"-1.2"	E	"57411.086"	"109456.381"	"3d5.4s2"	"d 4P"	"5/2"	"3d6.(3P2).5p"	"4P*"	"3/2"		"T6892c83"	"L18349c139"	
"192.17565"	"0.00009"	"192.175775"	"0.000009"	"400"	"1.8e+07"	"5.e-03"	"-1.7"	D	"57493.333"	"109529.028"	"3d5.4s2"	"d 4P"	"3/2"	"3d6.(3P2).5p"	"4P*"	"1/2"		"T6892c83"	"L18349c139"	
"192.4445"	"0.0005"	"192.444446"	"0.000008"	"330?"	"2.6e+06"	"1.4e-03"	"-2.2"	D	"57493.333"	"109456.381"	"3d5.4s2"	"d 4P"	"3/2"	"3d6.(3P2).5p"	"4P*"	"3/2"		"T6892c83"	"L18349c143"	
"192.598463"	"0.000019"	"192.598457"	"0.000011"	"25000"	"5.2e+07"	"2.9e-02"	"-0.46"	D+	"20340.2461"	"72261.742"	"3d7"	"a 2H"	"11/2"	"3d6.(1G2).4p"	"x 2H*"	"11/2"		"T6892c83"	"L18349c139"	
"192.6443"	""	"192.64431"	"0.00003"	":"	"3.1e+06"	"1.7e-03"	"-2.5"	E	"26932.7348"	"78841.872"	"3d6.(3P2).4s"	"b 2P"	"1/2"	"3d6.(1D2).4p"	"w 2P*"	"1/2"		"T6892c83"	"L7770"	
"192.69509"	"0.00014"	"192.69513"	"0.00011"	"800"	"5.6e+07"	"1.6e-02"	"-1.21"	D+	"49506.922"	"101402.37"	"3d6.(3P1).4s"	"c 4P"	"3/2"	"3d5.(4D).4s.4p.(3P*)"	"4P*"	"1/2"		"T6892c83"	"L18349c139"	
"192.91949"	"0.00013"	"192.919497"	"0.000011"	"4000"	"2.8e+06"	"2.1e-03"	"-1.9"	D	"20516.9534"	"72352.046"	"3d7"	"a 2D2"	"5/2"	"3d6.(3D).4p"	"w 4F*"	"7/2"		"T6892c83"	"L18349c139"	
"193.24822"	"0.00004"	"193.248239"	"0.000011"	"12000"	"3.0e+07"	"2.5e-02"	"-1.00"	D+	"21307.999"	"73054.913"	"3d7"	"a 2D2"	"3/2"	"3d6.(1G2).4p"	"x 2F*"	"5/2"		"T6892c83"	"L18349c139"	
"193.52961"	"0.00003"	"193.529610"	"0.000009"	"11000"	"8.e+06"	"5.6e-03"	"-1.25"	D+	"15844.6485"	"67516.328"	"3d7"	"a 2G"	"9/2"	"3d6.(3G).4p"	"y 2H*"	"11/2"		"T6892c83"	"L18349c139"	
"193.68063"	"0.00009"	"193.680683"	"0.000009"	"6000"	"6.8e+06"	"4.8e-03"	"-1.42"	D+	"16369.4098"	"68000.785"	"3d7"	"a 2G"	"7/2"	"3d6.(3G).4p"	"y 2H*"	"9/2"		"T6892c83"	"L18349c139"	
"193.87719"	"0.00003"	"193.87719"	"0.00003"	"1800"	"2.7e+07"	"1.5e-02"	"-1.2"	E	"54902.286"	"106481.329"	"3d6.(3P1).4s"	"c 2P"	"3/2"	"3d5.(4F).4s.4p.(3P*)"	"6F*"	"3/2"		"T6892c83"	"L18349c139"	
"194.0752"	"0.0005"	"194.076375"	"0.000015"	"2300d?"	"2.8e+06"	"1.1e-03"	"-2.2"	D	"20516.9534"	"72043.060"	"3d7"	"a 2D2"	"5/2"	"3d6.(3D).4p"	"w 4P*"	"3/2"		"T6892c83"	"L18349c143"	
"194.19856"	"0.00006"	"194.19866"	"0.00005"	"1800"	"4.0e+07"	"2.3e-02"	"-0.87"	D+	"50212.836"	"101706.498"	"3d6.(3P1).4s"	"c 4P"	"5/2"	"3d5.(4D).4s.4p.(3P*)"	"4P*"	"5/2"		"T6892c83"	"L18349c139"	
"194.566010"	"0.000018"	"194.566001"	"0.000008"	"3200"	"3.0e+07"	"1.7e-02"	"-1.0"	E	"57411.086"	"108807.527"	"3d5.4s2"	"d 4P"	"5/2"	"3d6.(3P2).5p"	"4P*"	"5/2"		"T6892c83"	"L18349c139"	
"194.69972"	"0.00006"	"194.69972"	"0.00005"	"1600"	"3.3e+07"	"1.3e-02"	"-1.12"	D+	"50212.836"	"101573.977"	"3d6.(3P1).4s"	"c 4P"	"5/2"	"3d5.(4D).4s.4p.(3P*)"	"4P*"	"3/2"		"T6892c83"	"L18349c139"	
"194.83835"	"0.00006"	"194.838298"	"0.000011"	"6000"	"1.4e+07"	"8.e-03"	"-1.10"	D+	"20805.7632"	"72130.375"	"3d7"	"a 2H"	"9/2"	"3d6.(1G2).4p"	"x 2H*"	"9/2"		"T6892c83"	"L18349c139"	
"194.87783"	"0.00003"	"194.877854"	"0.000008"	"1800"	"1.2e+07"	"1.0e-02"	"-1.4"	E	"57493.333"	"108807.527"	"3d5.4s2"	"d 4P"	"3/2"	"3d6.(3P2).5p"	"4P*"	"5/2"		"T6892c83"	"L18349c139"	
"195.24318"	"0.00015"	"195.24323"	"0.00008"	"500"	"3.5e+07"	"1.0e-02"	"-1.4"	E	"54902.286"	"106120.45"	"3d6.(3P1).4s"	"c 2P"	"3/2"	"3d5.(4D).4s.4p.(3P*)"	"2P*"	"1/2"		"T6892c83"	"L18349c139"	
"195.56412"	"0.00012"	"195.56412"	"0.00011"	"600"	"2.0e+06"	"1.1e-03"	"-2.0"	D	"54273.656"	"105407.78"	"3d5.4s2"	"b 4G"	"9/2"	"3d5.(2D3).4s.4p.(3P*)"	"4F*"	"9/2"		"T6892c83"	"L18349c139"	
"196.227911"	"0.000014"	"196.227899"	"0.000008"	"5000"	"1.5e+07"	"6.e-03"	"-1.5"	E	"57411.086"	"108372.239"	"3d5.4s2"	"d 4P"	"5/2"	"3d6.(3P2).5p"	"4S*"	"3/2"		"T6892c83"	"L18349c139"	
"196.6213"	"0.0005"	"196.62017"	"0.00003"	"600d"	"5.1e+07"	"4.0e-02"	"-0.62"	D+	"48039.109"	"98898.591"	"3d7"	"d 2D1"	"5/2"	"3d6.(1G1).4p"	"2F*"	"7/2"		"T6892c83"	"L18349c143"	
"196.80427"	"0.00012"	"196.804266"	"0.000008"	"2700"	"1.8e+06"	"1.4e-03"	"-2.1"	D	"13474.4474"	"64286.354"	"3d7"	"a 4P"	"5/2"	"3d6.(3F2).4p"	"z 2F*"	"7/2"		"T6892c83"	"L18349c139"	
"196.874642"	"0.000017"	"196.874619"	"0.000009"	"4000"	"2.4e+07"	"2.8e-02"	"-1.3"	E	"57578.490"	"108372.239"	"3d5.4s2"	"d 4P"	"1/2"	"3d6.(3P2).5p"	"4S*"	"3/2"		"T6892c83"	"L18349c139"	
"197.03325"	"0.00009"	"197.033123"	"0.000012"	"800"	"1.6e+07"	"1.2e-02"	"-1.14"	D+	"54275.649"	"105028.537"	"3d5.4s2"	"b 4G"	"5/2"	"3d5.(2I).4s.4p.(3P*)"	"4H*"	"7/2"		"T6892c83"	"L18349c139"	
"197.0665"	"0.0005"	"197.066105"	"0.000009"	"2300d?"	"9.e+05"	"5.e-04"	"-2.3"	D	"15844.6485"	"66589.042"	"3d7"	"a 2G"	"9/2"	"3d6.(3G).4p"	"y 4H*"	"9/2"		"T6892c83"	"L18349c143"	
"197.24426"	"0.00002"	"197.244257"	"0.000008"	"2700"	"4.2e+06"	"2.4e-03"	"-2.0"	D	"57493.333"	"108191.894"	"3d5.4s2"	"d 4P"	"3/2"	"3d5.(4F).4s.4p.(3P*)"	"6D*"	"3/2"		"T6892c83"	"L18349c139"	
"197.41591"	"0.00008"	"197.41593"	"0.00008"	"900"	"1.4e+07"	"1.1e-02"	"-1.07"	D+	"54283.236"	"104937.71"	"3d5.4s2"	"b 4G"	"7/2"	"3d5.(2I).4s.4p.(3P*)"	"4H*"	"9/2"		"T6892c83"	"L18349c139"	
"197.55472"	"0.00007"	"197.554694"	"0.000009"	"4000"	"3.2e+06"	"2.2e-03"	"-1.65"	D+	"15844.6485"	"66463.542"	"3d7"	"a 2G"	"9/2"	"3d6.(3G).4p"	"y 4H*"	"11/2"		"T6892c83"	"L18349c139"	
"197.85111"	"0.00009"	"197.851154"	"0.000020"	"900"	"1.4e+07"	"1.0e-02"	"-1.02"	D+	"54273.656"	"104816.702"	"3d5.4s2"	"b 4G"	"9/2"	"3d5.(2I).4s.4p.(3P*)"	"4H*"	"11/2"		"T6892c83"	"L18349c139"	
"198.3034"	"0.0005"	"198.303247"	"0.000012"	"1200"	"2.9e+06"	"1.3e-03"	"-2.0"	D	"27314.9183"	"77742.736"	"3d6.(3F2).4s"	"a 2F"	"7/2"	"3d6.(1D2).4p"	"v 2F*"	"5/2"		"T6892c83"	"L18349c142"	
"198.30675"	"0.00011"	"198.306679"	"0.000009"	"800"	"1.3e+07"	"9.e-03"	"-0.96"	D+	"54232.201"	"104659.146"	"3d5.4s2"	"b 4G"	"11/2"	"3d5.(2I).4s.4p.(3P*)"	"4H*"	"13/2"		"T6892c83"	"L18349c139"	
"198.3942"	"0.0005"	"198.394143"	"0.000016"	"700"	"1.3e+06"	"8.e-04"	"-2.1"	D	"33466.4943"	"83871.208"	"3d6.(1G2).4s"	"c 2G"	"9/2"	"3d6.(1F).4p"	"v 2G*"	"9/2"		"T6892c83"	"L18349c142"	
"198.64176"	"0.00007"	"198.641754"	"0.000016"	"7000"	"3.1e+07"	"1.8e-02"	"-1.13"	D+	"25787.5816"	"76129.465"	"3d6.(3P2).4s"	"b 2P"	"3/2"	"3d6.(1S2).4p"	"x 2P*"	"3/2"		"T6892c83"	"L18349c139"	
"199.05960"	"0.00007"	"199.059539"	"0.000009"	"600"	"8.e+06"	"3.7e-03"	"-1.5"	E	"60270.351"	"110506.577"	"3d5.4s2"	"c 4D"	"7/2"	"3d6.(3P2).5p"	"4D*"	"5/2"		"T6892c83"	"L18349c139"	
"199.0854"	"0.0005"	"199.085683"	"0.000012"	"500bl(Fe II)*"	"1.3e+06"	"1.0e-03"	"-2.2"	D	"36252.931"	"86482.560"	"3d6.(3D).4s"	"b 2D"	"5/2"	"3d6.(1F).4p"	"u 2F*"	"7/2"		"T6892c83"	"L18349c142"	
"199.1254"	"0.0005"	"199.125313"	"0.000009"	"2300bl(Fe II)*"	"9.e+05"	"7.e-04"	"-2.3"	D	"16369.4098"	"66589.042"	"3d7"	"a 2G"	"7/2"	"3d6.(3G).4p"	"y 4H*"	"9/2"		"T6892c83"	"L18349c143"	
"199.20815"	"0.00006"	"199.208148"	"0.000009"	"500"	"8.e+06"	"4.5e-03"	"-1.4"	E	"60270.351"	"110469.101"	"3d5.4s2"	"c 4D"	"7/2"	"3d6.(3F2).5p"	"4D*"	"7/2"		"T6892c83"	"L18349c139"	
"199.5423"	"0.0005"	"199.542078"	"0.000012"	"1400"	"2.2e+06"	"2.7e-03"	"-2.3"	D	"22409.8178"	"72524.561"	"3d6.(3P2).4s"	"b 4P"	"1/2"	"3d6.(3D).4p"	"w 4D*"	"3/2"		"T6892c83"	"L18349c142"	
"199.9052"	"0.0005"	"199.904757"	"0.000009"	"280d,bl(Fe II)?*"	"3.6e+06"	"2.8e-03"	"-1.8"	D	"60445.279"	"110469.101"	"3d5.4s2"	"c 4D"	"5/2"	"3d6.(3F2).5p"	"4D*"	"7/2"		"T6892c83"	"L18349c143"	
"199.94114"	"0.00003"	"199.941141"	"0.000009"	"13000bl(Fe III)"	"1.7e+07"	"8.e-03"	"-1.10"	D+	"22637.1950"	"72651.914"	"3d6.(3F2).4s"	"b 4F"	"9/2"	"3d6.(3D).4p"	"w 4D*"	"7/2"		"T6892c83"	"L18349c148"	
"199.94599"	"0.00006"	"199.946003"	"0.000009"	"6000"	"5.4e+06"	"3.2e-03"	"-1.49"	D+	"22637.1950"	"72650.698"	"3d6.(3F2).4s"	"b 4F"	"9/2"	"3d6.(3D).4p"	"w 4F*"	"9/2"		"T6892c83"	"L18349c139"	
obs_wl_air(nm)	unc_obs_wl	ritz_wl_air(nm)	unc_ritz_wl	intens	Aki(s^-1)	fik	log_gf	Acc	Ei(cm-1)	Ek(cm-1)	conf_i	term_i	J_i	conf_k	term_k	J_k	Type	tp_ref	line_ref	
"200.037731"	"0.000011"	"200.037732"	"0.000010"	"80000"	"9.5e+07"	"4.8e-02"	"-0.24"	C+	"20340.2461"	"70314.624"	"3d7"	"a 2H"	"11/2"	"3d6.(3G).4p"	"x 2G*"	"9/2"		"T6892c83"	"L18349c139"	
"200.09046"	"0.00004"	"200.090426"	"0.000010"	"1400"	"6.e+06"	"1.8e-03"	"-2.1"	D	"57493.333"	"107454.552"	"3d5.4s2"	"d 4P"	"3/2"	"3d5.(2D3).4s.4p.(3P*)"	"4D*"	"1/2"		"T6892c83"	"L18349c139"	
"200.31909"	"0.00013"	"200.31909"	"0.00005"	"600"	"3.9e+07"	"2.3e-02"	"-1.33"	D+	"54063.358"	"103967.555"	"3d6.(3P1).4s"	"c 2P"	"1/2"	"3d5.(4P).4s.4p.(3P*)"	"2S*"	"1/2"		"T6892c83"	"L18349c139"	
"200.39104"	"0.00007"	"200.390992"	"0.000010"	"2900"	"5.e+06"	"1.5e-03"	"-2.2"	D	"13673.2045"	"63559.498"	"3d7"	"a 4P"	"3/2"	"3d6.(3F2).4p"	"x 4D*"	"1/2"		"T6892c83"	"L18349c139"	
"200.43221"	"0.00012"	"200.432106"	"0.000010"	"500"	"2.6e+07"	"1.5e-02"	"-1.5"	E	"57578.490"	"107454.552"	"3d5.4s2"	"d 4P"	"1/2"	"3d5.(2D3).4s.4p.(3P*)"	"4D*"	"1/2"		"T6892c83"	"L18349c139"	
"200.43840"	"0.00005"	"200.438424"	"0.000010"	"800"	"4.0e+06"	"2.4e-03"	"-1.7"	D	"60270.351"	"110144.841"	"3d5.4s2"	"c 4D"	"7/2"	"3d6.(3F2).5p"	"4F*"	"7/2"		"T6892c83"	"L18349c139"	
"200.70128"	"0.00003"	"200.701387"	"0.000010"	"16000"	"2.0e+07"	"9.e-03"	"-1.13"	D+	"22810.3459"	"72619.499"	"3d6.(3F2).4s"	"b 4F"	"7/2"	"3d6.(3D).4p"	"w 4D*"	"5/2"		"T6892c83"	"L18349c148"	
"200.71838"	"0.00005"	"200.718400"	"0.000010"	"1200"	"4.2e+06"	"3.8e-03"	"-1.8"	D	"57493.333"	"107298.265"	"3d5.4s2"	"d 4P"	"3/2"	"3d5.(2F1).4s.4p.(3P*)"	"4G*"	"5/2"		"T6892c83"	"L18349c139"	
"200.74417"	"0.00003"	"200.744193"	"0.000010"	"9000"	"8.e+06"	"4.7e-03"	"-1.55"	D+	"13474.4474"	"63272.981"	"3d7"	"a 4P"	"5/2"	"3d6.(3F2).4p"	"x 4D*"	"5/2"		"T6892c83"	"L18349c139"	
"200.77084"	"0.00002"	"200.770822"	"0.000010"	"13000"	"1.6e+07"	"1.0e-02"	"-1.41"	D+	"13673.2045"	"63465.134"	"3d7"	"a 4P"	"3/2"	"3d6.(3F2).4p"	"x 4D*"	"3/2"		"T6892c83"	"L18349c139"	
"200.9990"	"0.0005"	"200.998986"	"0.000010"	"2200d"	"8.e+05"	"6.e-04"	"-2.3"	D	"15844.6485"	"65580.065"	"3d7"	"a 2G"	"9/2"	"3d6.(3G).4p"	"x 4G*"	"11/2"		"T6892c83"	"L18349c143"	
"201.069689"	"0.000011"	"201.069688"	"0.000010"	"60000"	"8.e+07"	"4.0e-02"	"-0.40"	D+	"20805.7632"	"70523.694"	"3d7"	"a 2H"	"9/2"	"3d6.(3G).4p"	"x 2G*"	"7/2"		"T6892c83"	"L18349c139"	
"201.09525"	"0.00009"	"201.095207"	"0.000010"	"2600"	"2.4e+06"	"1.5e-03"	"-1.8"	D	"15844.6485"	"65556.271"	"3d7"	"a 2G"	"9/2"	"3d6.(3H).4p"	"z 2H*"	"9/2"		"T6892c83"	"L18349c139"	
"201.1665"	"0.0005"	"201.165861"	"0.000010"	"400d?"	"1.5e+06"	"1.2e-03"	"-2.2"	D	"54275.649"	"103969.814"	"3d5.4s2"	"b 4G"	"5/2"	"3d6.(5D<1>).4f"	"2[3]*"	"7/2"		"T6892c83"	"L18349c143"	
"201.2231"	"0.0005"	"201.222628"	"0.000010"	"2100d?"	"2.3e+06"	"1.4e-03"	"-2.1"	D	"22939.3512"	"72619.499"	"3d6.(3F2).4s"	"b 4F"	"5/2"	"3d6.(3D).4p"	"w 4D*"	"5/2"		"T6892c83"	"L18349c143"	
"201.32604"	"0.00003"	"201.326022"	"0.000010"	"10000"	"2.7e+07"	"1.7e-02"	"-1.48"	D+	"13904.8604"	"63559.498"	"3d7"	"a 4P"	"1/2"	"3d6.(3F2).4p"	"x 4D*"	"1/2"		"T6892c83"	"L18349c139"	
"201.36632"	"0.00008"	"201.366323"	"0.000013"	"4000"	"2.7e+07"	"1.6e-02"	"-1.49"	D+	"26932.7348"	"76577.436"	"3d6.(3P2).4s"	"b 2P"	"1/2"	"3d6.(1S2).4p"	"x 2P*"	"1/2"		"T6892c83"	"L18349c139"	
"201.43699"	"0.00002"	"201.436985"	"0.000010"	"3000"	"1.4e+07"	"1.1e-02"	"-1.2"	E	"57411.086"	"107038.375"	"3d5.4s2"	"d 4P"	"5/2"	"3d5.(2D3).4s.4p.(3P*)"	"4D*"	"7/2"		"T6892c83"	"L18349c139"	
"201.52001"	"0.00013"	"201.520009"	"0.000011"	"400"	"4.5e+06"	"2.7e-03"	"-1.8"	D	"57411.086"	"107017.932"	"3d5.4s2"	"d 4P"	"5/2"	"3d5.(2D3).4s.4p.(3P*)"	"4D*"	"5/2"		"T6892c83"	"L18349c139"	
"201.548729"	"0.000013"	"201.548736"	"0.000010"	"28000"	"2.3e+07"	"2.1e-02"	"-1.07"	D+	"13673.2045"	"63272.981"	"3d7"	"a 4P"	"3/2"	"3d6.(3F2).4p"	"x 4D*"	"5/2"		"T6892c83"	"L18349c139"	
"201.58517"	"0.00010"	"201.585208"	"0.000010"	"600"	"1.3e+06"	"1.0e-03"	"-2.1"	D	"54283.236"	"103874.040"	"3d5.4s2"	"b 4G"	"7/2"	"3d6.(5D<1>).4f"	"2[4]*"	"9/2"		"T6892c83"	"L18349c139"	
"201.60793"	"0.00004"	"201.607954"	"0.000010"	"9000"	"1.9e+07"	"8.e-03"	"-1.34"	D+	"22939.3512"	"72524.561"	"3d6.(3F2).4s"	"b 4F"	"5/2"	"3d6.(3D).4p"	"w 4D*"	"3/2"		"T6892c83"	"L18349c139"	
"201.70940"	"0.00002"	"201.709408"	"0.000010"	"12000"	"1.5e+07"	"1.8e-02"	"-1.44"	D+	"13904.8604"	"63465.134"	"3d7"	"a 4P"	"1/2"	"3d6.(3F2).4p"	"x 4D*"	"3/2"		"T6892c83"	"L18349c139"	
"201.78508"	"0.00009"	"201.785041"	"0.000010"	"5000"	"6.1e+06"	"3.7e-03"	"-1.52"	D+	"22810.3459"	"72352.046"	"3d6.(3F2).4s"	"b 4F"	"7/2"	"3d6.(3D).4p"	"w 4F*"	"7/2"		"T6892c83"	"L18349c139"	
"201.85476"	"0.00009"	"201.854728"	"0.000010"	"600"	"9.e+06"	"8.e-03"	"-1.5"	E	"57493.333"	"107017.932"	"3d5.4s2"	"d 4P"	"3/2"	"3d5.(2D3).4s.4p.(3P*)"	"4D*"	"5/2"		"T6892c83"	"L18349c139"	
"201.877742"	"0.000012"	"201.877724"	"0.000010"	"35000"	"2.6e+07"	"1.9e-02"	"-0.72"	D+	"15844.6485"	"65363.607"	"3d7"	"a 2G"	"9/2"	"3d6.(3H).4p"	"z 2H*"	"11/2"		"T6892c83"	"L18349c139"	
"201.9824"	"0.0005"	"201.982486"	"0.000011"	"2100d?"	"3.1e+06"	"1.9e-03"	"-2.1"	D	"23031.2829"	"72524.561"	"3d6.(3F2).4s"	"b 4F"	"3/2"	"3d6.(3D).4p"	"w 4D*"	"3/2"		"T6892c83"	"L18349c143"	
"202.075103"	"0.000011"	"202.075101"	"0.000010"	"40000"	"1.83e+07"	"1.49e-02"	"-1.05"	C+	"13474.4474"	"62945.045"	"3d7"	"a 4P"	"5/2"	"3d6.(3F2).4p"	"x 4D*"	"7/2"		"T7461"	"L18349c139"	
"202.3122"	"0.0005"	"202.311931"	"0.000010"	"1800"	"1.1e+06"	"9.e-04"	"-2.3"	D	"22939.3512"	"72352.046"	"3d6.(3F2).4s"	"b 4F"	"5/2"	"3d6.(3D).4p"	"w 4F*"	"7/2"		"T6892c83"	"L18349c142"	
"202.37049"	"0.00012"	"202.370516"	"0.000021"	"4000"	"1.7e+07"	"5.e-03"	"-1.7"	D	"23031.2829"	"72429.675"	"3d6.(3F2).4s"	"b 4F"	"3/2"	"3d6.(3D).4p"	"w 4D*"	"1/2"		"T6892c83"	"L18349c139"	
"202.77767"	"0.00007"	"202.777699"	"0.000013"	"6000"	"6.6e+06"	"4.1e-03"	"-1.61"	D+	"22939.3512"	"72238.564"	"3d6.(3F2).4s"	"b 4F"	"5/2"	"3d6.(3D).4p"	"w 4F*"	"5/2"		"T6892c83"	"L18349c139"	
"202.85779"	"0.00011"	"202.857879"	"0.000010"	"500"	"2.3e+06"	"1.4e-03"	"-1.9"	D	"60270.351"	"109550.081"	"3d5.4s2"	"c 4D"	"7/2"	"3d6.(3P2).5p"	"4D*"	"7/2"		"T6892c83"	"L18349c139"	
"202.91837"	"0.00003"	"202.918366"	"0.000011"	"8000"	"6.0e+06"	"3.0e-03"	"-1.52"	D+	"15844.6485"	"65109.691"	"3d7"	"a 2G"	"9/2"	"3d6.(3F2).4p"	"y 2G*"	"7/2"		"T6892c83"	"L18349c139"	
"203.20011"	"0.00016"	"203.200169"	"0.000017"	"2600"	"1.1e+07"	"1.3e-02"	"-1.58"	D+	"26932.7348"	"76129.465"	"3d6.(3P2).4s"	"b 2P"	"1/2"	"3d6.(1S2).4p"	"x 2P*"	"3/2"		"T6892c83"	"L18349c139"	
"203.240961"	"0.000013"	"203.240945"	"0.000011"	"33000"	"2.7e+07"	"2.1e-02"	"-0.78"	D+	"16369.4098"	"65556.271"	"3d7"	"a 2G"	"7/2"	"3d6.(3H).4p"	"z 2H*"	"9/2"		"T6892c83"	"L18349c139"	
"203.2625"	"0.0005"	"203.262251"	"0.000013"	"2100d?"	"1.1e+07"	"3.4e-03"	"-1.9"	D	"23031.2829"	"72212.989"	"3d6.(3F2).4s"	"b 4F"	"3/2"	"3d6.(3D).4p"	"w 4P*"	"1/2"		"T6892c83"	"L18349c143"	
"203.3750"	"0.0005"	"203.375166"	"0.000011"	"2700bl(Fe II)*"	"1.8e+06"	"8.e-04"	"-2.2"	D	"22810.3459"	"71964.750"	"3d6.(3F2).4s"	"b 4F"	"7/2"	"3d6.(3D).4p"	"w 4P*"	"5/2"		"T6892c83"	"L18349c143"	
"203.40781"	"0.00019"	"203.407667"	"0.000010"	"400"	"2.0e+06"	"1.5e-03"	"-1.8"	D	"54273.656"	"103420.207"	"3d5.4s2"	"b 4G"	"9/2"	"3d6.(5D<3>).4f"	"2[6]*"	"11/2"		"T6892c83"	"L18349c139"	
"203.41551"	"0.00010"	"203.415495"	"0.000010"	"500"	"1.5e+07"	"9.e-03"	"-1.7"	D	"60384.368"	"109529.028"	"3d5.4s2"	"c 4D"	"1/2"	"3d6.(3P2).5p"	"4P*"	"1/2"		"T6892c83"	"L18349c139"	
"203.44419"	"0.00010"	"203.444224"	"0.000011"	"4000"	"6.e+06"	"3.7e-03"	"-1.8"	D	"23031.2829"	"72169.004"	"3d6.(3F2).4s"	"b 4F"	"3/2"	"3d6.(3D).4p"	"w 4F*"	"3/2"		"T6892c83"	"L18349c139"	
"203.46176"	"0.00013"	"203.461590"	"0.000013"	"2500"	"1.6e+06"	"1.0e-03"	"-2.2"	D	"20516.9534"	"69650.481"	"3d7"	"a 2D2"	"5/2"	"3d6.(3G).4p"	"y 2F*"	"5/2"		"T6892c83"	"L18349c139"	
"203.58527"	"0.00006"	"203.585162"	"0.000017"	"7000"	"3.2e+06"	"1.3e-03"	"-2.1"	D	"22939.3512"	"72043.060"	"3d6.(3F2).4s"	"b 4F"	"5/2"	"3d6.(3D).4p"	"w 4P*"	"3/2"		"T6892c83"	"L18349c139"	
"203.60481"	"0.00006"	"203.604851"	"0.000011"	"1000"	"3.1e+06"	"2.9e-03"	"-1.9"	D	"57493.333"	"106592.294"	"3d5.4s2"	"d 4P"	"3/2"	"3d5.(2D3).4s.4p.(3P*)"	"4P*"	"5/2"		"T6892c83"	"L18349c139"	
"203.643650"	"0.000015"	"203.643626"	"0.000011"	"28000"	"3.2e+07"	"2.6e-02"	"-0.80"	D+	"20516.9534"	"69606.567"	"3d7"	"a 2D2"	"5/2"	"3d6.(3G).4p"	"y 2F*"	"7/2"		"T6892c83"	"L18349c139"	
"203.65046"	"0.00008"	"203.650379"	"0.000010"	"500"	"1.5e+07"	"5.e-03"	"-1.7"	D	"60441.042"	"109529.028"	"3d5.4s2"	"c 4D"	"3/2"	"3d6.(3P2).5p"	"4P*"	"1/2"		"T6892c83"	"L18349c139"	
"203.74481"	"0.00016"	"203.74468"	"0.00004"	"600"	"4.0e+07"	"1.3e-02"	"-1.30"	D+	"54902.286"	"103967.555"	"3d6.(3P1).4s"	"c 2P"	"3/2"	"3d5.(4P).4s.4p.(3P*)"	"2S*"	"1/2"		"T6892c83"	"L18349c139"	
"203.95223"	"0.00012"	"203.952257"	"0.000010"	"300"	"4.4e+06"	"2.7e-03"	"-2.0"	D	"60441.042"	"109456.381"	"3d5.4s2"	"c 4D"	"3/2"	"3d6.(3P2).5p"	"4P*"	"3/2"		"T6892c83"	"L18349c139"	
"203.9672"	"0.0005"	"203.967081"	"0.000017"	"1300"	"3.1e+06"	"1.9e-03"	"-2.1"	D	"23031.2829"	"72043.060"	"3d6.(3F2).4s"	"b 4F"	"3/2"	"3d6.(3D).4p"	"w 4P*"	"3/2"		"T6892c83"	"L18349c142"	
"203.96989"	"0.00007"	"203.969891"	"0.000010"	"600"	"7.e+06"	"2.7e-03"	"-1.8"	D	"60445.279"	"109456.381"	"3d5.4s2"	"c 4D"	"5/2"	"3d6.(3P2).5p"	"4P*"	"3/2"		"T6892c83"	"L18349c139"	
"204.069022"	"0.000011"	"204.068999"	"0.000011"	"70000bl(Fe II)*"	"4.6e+07"	"2.9e-02"	"-0.54"	D+	"15844.6485"	"64831.951"	"3d7"	"a 2G"	"9/2"	"3d6.(3F2).4p"	"y 2G*"	"9/2"		"T6892c83"	"L18349c148"	
"204.37825"	"0.00004"	"204.378230"	"0.000013"	"9000"	"1.5e+07"	"9.e-03"	"-1.43"	D+	"18360.6399"	"67273.833"	"3d7"	"a 2P"	"3/2"	"3d6.(3F2).4p"	"y 2D*"	"3/2"		"T6892c83"	"L18349c139"	
"204.41226"	"0.00013"	"204.412174"	"0.000017"	"500"	"4.3e+06"	"2.7e-03"	"-2.0"	D	"57493.333"	"106398.405"	"3d5.4s2"	"d 4P"	"3/2"	"3d5.(4D).4s.4p.(3P*)"	"2P*"	"3/2"		"T6892c83"	"L18349c139"	
"204.56621"	"0.00007"	"204.566248"	"0.000010"	"900"	"4.0e+06"	"2.5e-03"	"-1.8"	D	"57411.086"	"106279.329"	"3d5.4s2"	"d 4P"	"5/2"	"3d5.(4F).4s.4p.(3P*)"	"6F*"	"5/2"		"T6892c83"	"L18349c139"	
"204.72035"	"0.00011"	"204.720466"	"0.000017"	"1100"	"2.4e+07"	"1.5e-02"	"-1.21"	D+	"49506.922"	"98338.357"	"3d6.(3P1).4s"	"c 4P"	"3/2"	"3d5.(4P).4s.4p.(3P*)"	"4S*"	"3/2"		"T6892c83"	"L18349c139"	
"204.77152"	"0.00013"	"204.771434"	"0.000013"	"3100"	"5.6e+06"	"5.3e-03"	"-1.68"	D+	"25787.5816"	"74606.864"	"3d6.(3P2).4s"	"b 2P"	"3/2"	"3d6.(3D).4p"	"x 2D*"	"5/2"		"T6892c83"	"L18349c139"	
"204.84901"	"0.00008"	"204.848982"	"0.000011"	"5000"	"4.8e+06"	"2.4e-03"	"-1.61"	D+	"20805.7632"	"69606.567"	"3d7"	"a 2H"	"9/2"	"3d6.(3G).4p"	"y 2F*"	"7/2"		"T6892c83"	"L18349c139"	
"204.90508"	"0.00007"	"204.904904"	"0.000010"	"900"	"2.7e+06"	"2.0e-03"	"-1.63"	D+	"54232.201"	"103019.688"	"3d5.4s2"	"b 4G"	"11/2"	"3d6.(5D<4>).4f"	"2[7]*"	"13/2"		"T6892c83"	"L18349c139"	
"205.103360"	"0.000011"	"205.103385"	"0.000011"	"60000"	"3.7e+07"	"2.3e-02"	"-0.73"	D+	"16369.4098"	"65109.691"	"3d7"	"a 2G"	"7/2"	"3d6.(3F2).4p"	"y 2G*"	"7/2"		"T6892c83"	"L18349c148"	
"205.2287"	"0.0005"	"205.228752"	"0.000013"	"1500"	"3.0e+06"	"1.9e-03"	"-2.1"	D	"25787.5816"	"74498.093"	"3d6.(3P2).4s"	"b 2P"	"3/2"	"3d6.(3D).4p"	"x 2D*"	"3/2"		"T6892c83"	"L18349c142"	
"205.526770"	"0.000014"	"205.526768"	"0.000011"	"28000"	"3.1e+07"	"3.0e-02"	"-0.93"	D+	"18360.6399"	"67000.530"	"3d7"	"a 2P"	"3/2"	"3d6.(3F2).4p"	"y 2D*"	"5/2"		"T6892c83"	"L18349c139"	
"205.6757"	"0.0005"	"205.676411"	"0.000022"	"500?"	"3.6e+06"	"3.4e-03"	"-1.9"	D	"47674.728"	"96279.234"	"3d7"	"d 2D1"	"3/2"	"3d5.(4G).4s.4p.(3P*)"	"t 2F*"	"5/2"		"T6892c83"	"L18349c142"	
"205.73325"	"0.00002"	"205.733246"	"0.000010"	"10000"	"2.8e+06"	"2.4e-03"	"-1.85"	C+	"13474.4474"	"62065.528"	"3d7"	"a 4P"	"5/2"	"3d6.(3F2).4p"	"y 4F*"	"7/2"		"T7461"	"L18349c139"	
"205.961784"	"0.000015"	"205.961760"	"0.000010"	"3400"	"1.6e+07"	"8.e-03"	"-1.2"	E	"60270.351"	"108807.527"	"3d5.4s2"	"c 4D"	"7/2"	"3d6.(3P2).5p"	"4P*"	"5/2"		"T6892c83"	"L18349c139"	
"206.27445"	"0.00014"	"206.27449"	"0.00013"	"500"	"1.0e+07"	"6.7e-03"	"-1.40"	D+	"54870.541"	"103334.14"	"3d6.(3F1).4s"	"d 2F"	"5/2"	"3d5.(4D).4s.4p.(3P*)"	"2F*"	"5/2"		"T6892c83"	"L18349c139"	
"206.367747"	"0.000012"	"206.367730"	"0.000010"	"40000"	"1.9e+07"	"1.0e-02"	"-1.02"	D+	"15844.6485"	"64286.354"	"3d7"	"a 2G"	"9/2"	"3d6.(3F2).4p"	"z 2F*"	"7/2"		"T6892c83"	"L18349c139"	
"206.5757"	"0.0005"	"206.574603"	"0.000013"	"500"	"1.1e+06"	"1.0e-03"	"-2.2"	D	"50142.811"	"98536.011"	"3d6.(3F1).4s"	"c 4F"	"5/2"	"3d5.(4D).4s.4p.(3P*)"	"4F*"	"7/2"		"T6892c83"	"L18349c142"	
"206.60082"	"0.00002"	"206.600820"	"0.000013"	"15000"	"2.3e+07"	"2.9e-02"	"-1.23"	D+	"18886.773"	"67273.833"	"3d7"	"a 2P"	"1/2"	"3d6.(3F2).4p"	"y 2D*"	"3/2"		"T6892c83"	"L18349c139"	
"206.70691"	"0.00007"	"206.706829"	"0.000010"	"600bl(Fe II)*"	"2.1e+06"	"1.3e-03"	"-2.1"	D	"60445.279"	"108807.527"	"3d5.4s2"	"c 4D"	"5/2"	"3d6.(3P2).5p"	"4P*"	"5/2"		"T6892c83"	"L18349c148"	
"206.7669"	"0.0005"	"206.766944"	"0.000013"	"400bl(Fe II)*"	"5.3e+06"	"3.4e-03"	"-1.57"	D+	"50187.822"	"98536.011"	"3d6.(3F1).4s"	"c 4F"	"7/2"	"3d5.(4D).4s.4p.(3P*)"	"4F*"	"7/2"		"T6892c83"	"L18349c142"	
"206.791366"	"0.000014"	"206.791357"	"0.000013"	"33000"	"4.1e+07"	"4.0e-02"	"-0.80"	D+	"21307.999"	"69650.481"	"3d7"	"a 2D2"	"3/2"	"3d6.(3G).4p"	"y 2F*"	"5/2"		"T6892c83"	"L18349c139"	
"206.79995"	"0.00004"	"206.799901"	"0.000022"	"1500"	"1.7e+07"	"1.3e-02"	"-1.0"	E	"58666.199"	"107006.684"	"3d6.(1G1).4s"	"d 2G"	"7/2"	"3d5.(2I).4s.4p.(3P*)"	"2H*"	"9/2"		"T6892c83"	"L18349c139"	
"206.8319"	"0.0005"	"206.832256"	"0.000018"	"900"	"3.7e+06"	"3.6e-03"	"-1.8"	D	"38214.503"	"86547.427"	"3d6.(1D2).4s"	"c 2D"	"3/2"	"3d6.(1F).4p"	"u 2F*"	"5/2"		"T6892c83"	"L18349c142"	
"206.8943"	"0.0005"	"206.894693"	"0.000018"	"800"	"3.5e+06"	"3.0e-03"	"-1.7"	D	"38164.220"	"86482.560"	"3d6.(1D2).4s"	"c 2D"	"5/2"	"3d6.(1F).4p"	"u 2F*"	"7/2"		"T6892c83"	"L18349c142"	
"206.99613"	"0.00009"	"206.996079"	"0.000013"	"6000"	"1.3e+07"	"9.e-03"	"-1.28"	D+	"27620.4033"	"75915.080"	"3d6.(3F2).4s"	"a 2F"	"5/2"	"3d6.(3D).4p"	"w 2F*"	"5/2"		"T6892c83"	"L18349c139"	
"207.03342"	"0.00006"	"207.033359"	"0.000013"	"8000"	"1.5e+07"	"1.0e-02"	"-1.12"	D+	"27314.9183"	"75600.900"	"3d6.(3F2).4s"	"a 2F"	"7/2"	"3d6.(3D).4p"	"w 2F*"	"7/2"		"T6892c83"	"L18349c139"	
"207.06127"	"0.00011"	"207.06138"	"0.00010"	"600"	"9.e+06"	"6.0e-03"	"-1.32"	D+	"54904.241"	"103183.69"	"3d6.(3F1).4s"	"d 2F"	"7/2"	"3d5.(4D).4s.4p.(3P*)"	"2F*"	"7/2"		"T6892c83"	"L18349c139"	
"207.17907"	"0.00007"	"207.179100"	"0.000013"	"4000"	"3.8e+06"	"2.4e-03"	"-2.0"	D	"18360.6399"	"66612.659"	"3d7"	"a 2P"	"3/2"	"3d6.(3G).4p"	"x 4F*"	"3/2"		"T6892c83"	"L18349c139"	
"207.1968"	"0.0002"	"207.196931"	"0.000011"	"270"	"4.3e+06"	"2.8e-03"	"-1.65"	D+	"62322.445"	"110570.312"	"3d6.(3H).4p"	"z 2G*"	"7/2"	"3d6.(3G).4d"	"2F"	"7/2"		"T6892c83"	"L18349c139"	
"207.2585"	"0.0005"	"207.259227"	"0.000022"	"1800d?"	"1.1e+07"	"6.9e-03"	"-1.56"	D+	"36126.412"	"84359.779"	"3d6.(3D).4s"	"b 2D"	"3/2"	"3d6.(1F).4p"	"v 2D*"	"3/2"		"T6892c83"	"L18349c143"	
"207.31341"	"0.00006"	"207.313491"	"0.000011"	"4000"	"2.4e+06"	"3.1e-03"	"-2.2"	D	"13904.8604"	"62125.604"	"3d7"	"a 4P"	"1/2"	"3d6.(3P2).4p"	"z 2D*"	"3/2"		"T6892c83"	"L18349c139"	
"207.3525"	"0.0005"	"207.351761"	"0.000013"	"400"	"9.e+06"	"5.8e-03"	"-1.46"	D+	"50142.811"	"98354.656"	"3d6.(3F1).4s"	"c 4F"	"5/2"	"3d5.(4D).4s.4p.(3P*)"	"4F*"	"5/2"		"T6892c83"	"L18349c142"	
"207.3875"	"0.0005"	"207.38767"	"0.00003"	"400d?"	"4.9e+06"	"3.1e-03"	"-1.60"	D+	"50187.822"	"98391.320"	"3d6.(3F1).4s"	"c 4F"	"7/2"	"3d5.(4D).4s.4p.(3P*)"	"4D*"	"7/2"		"T6892c83"	"L18349c142"	
"207.41886"	"0.00004"	"207.418895"	"0.000011"	"6000bl(Fe I)"	"2.3e+06"	"1.2e-03"	"-1.9"	E	"15844.6485"	"64040.891"	"3d7"	"a 2G"	"9/2"	"3d6.(3F2).4p"	"y 4G*"	"7/2"		"T7461"	"L18349c148"	
"207.51141"	"0.00013"	"207.511454"	"0.000018"	"2800"	"2.3e+06"	"1.5e-03"	"-1.7"	D	"25428.7893"	"73603.537"	"3d6.(3G).4s"	"a 4G"	"11/2"	"3d6.(1I).4p"	"w 2H*"	"11/2"		"T6892c83"	"L18349c139"	
"207.56777"	"0.00005"	"207.567808"	"0.000011"	"6000"	"5.4e+06"	"5.2e-03"	"-1.68"	D+	"18360.6399"	"66522.310"	"3d7"	"a 2P"	"3/2"	"3d6.(3G).4p"	"x 4F*"	"5/2"		"T6892c83"	"L18349c139"	
"207.72358"	"0.00011"	"207.723740"	"0.000013"	"1100"	"2.6e+07"	"1.1e-02"	"-1.17"	D+	"50212.836"	"98338.357"	"3d6.(3P1).4s"	"c 4P"	"5/2"	"3d5.(4P).4s.4p.(3P*)"	"4S*"	"3/2"		"T6892c83"	"L18349c139"	
"207.81607"	"0.00003"	"207.816017"	"0.000011"	"7000"	"2.8e+06"	"1.8e-03"	"-1.74"	C+	"15844.6485"	"63948.803"	"3d7"	"a 2G"	"9/2"	"3d6.(3F2).4p"	"y 4G*"	"9/2"		"T7461"	"L18349c139"	
"207.94912"	"0.00010"	"207.949138"	"0.000010"	"400"	"1.1e+06"	"1.0e-03"	"-2.2"	D	"60445.279"	"108518.643"	"3d5.4s2"	"c 4D"	"5/2"	"3d5.(2F1).4s.4p.(3P*)"	"4F*"	"7/2"		"T6892c83"	"L18349c139"	
"208.024296"	"0.000012"	"208.024306"	"0.000011"	"33000"	"1.9e+07"	"9.e-03"	"-1.13"	D+	"16369.4098"	"64425.405"	"3d7"	"a 2G"	"7/2"	"3d6.(3F2).4p"	"z 2F*"	"5/2"		"T6892c83"	"L18349c139"	
"208.1900"	"0.0005"	"208.189672"	"0.000022"	"320d?"	"2.0e+06"	"1.6e-03"	"-1.8"	D	"58631.623"	"106649.452"	"3d6.(1G1).4s"	"d 2G"	"9/2"	"3d5.(4F).4s.4p.(3P*)"	"6F*"	"11/2"		"T6892c83"	"L18349c143"	
"208.3358"	"0.0005"	"208.335384"	"0.000014"	"500d?"	"6.4e+06"	"3.1e-03"	"-1.60"	D+	"44915.057"	"92899.306"	"3d6.(1F).4s"	"c 2F"	"7/2"	"3d6.(3F1).4p"	"4D*"	"5/2"		"T6892c83"	"L18349c142"	
"208.49620"	"0.00003"	"208.496190"	"0.000010"	"1500"	"2.1e+06"	"1.7e-03"	"-1.9"	D	"60270.351"	"108217.596"	"3d5.4s2"	"c 4D"	"7/2"	"3d5.(2F1).4s.4p.(3P*)"	"4F*"	"9/2"		"T6892c83"	"L18349c139"	
"208.5020"	"0.0005"	"208.501827"	"0.000014"	"1400bl(Fe I)"	"1.1e+06"	"7.e-04"	"-2.2"	D	"25805.3270"	"73751.276"	"3d6.(3G).4s"	"a 4G"	"9/2"	"3d6.(1I).4p"	"w 2H*"	"9/2"		"T6892c83"	"L18349c142"	
"208.5865"	"0.0005"	"208.586944"	"0.000014"	"1300"	"2.0e+06"	"1.0e-03"	"-2.1"	D	"30764.4737"	"78690.860"	"3d6.(3G).4s"	"b 2G"	"7/2"	"3d6.(1D2).4p"	"w 2D*"	"5/2"		"T6892c83"	"L18349c142"	
"208.59213"	"0.00003"	"208.592143"	"0.000010"	"1100"	"2.3e+07"	"1.5e-02"	"-0.82"	D+	"62083.118"	"110008.310"	"3d6.(3H).4p"	"z 2G*"	"9/2"	"3d6.(3G).4d"	"2H"	"9/2"		"T6892c83"	"L18349c139"	
"208.754136"	"0.000011"	"208.754134"	"0.000011"	"50000"	"1.4e+08"	"4.5e-02"	"-0.75"	D+	"18360.6399"	"66248.647"	"3d7"	"a 2P"	"3/2"	"3d6.(3P2).4p"	"z 2S*"	"1/2"		"T6892c83"	"L18349c139"	
"208.98122"	"0.00008"	"208.981141"	"0.000011"	"400"	"1.0e+07"	"6.3e-03"	"-1.30"	D+	"62065.528"	"109901.523"	"3d6.(3F2).4p"	"y 4F*"	"7/2"	"3d6.(3G).4d"	"2G"	"7/2"		"T6892c83"	"L18349c139"	
"209.1530"	"0.0005"	"209.153138"	"0.000014"	"1200"	"8.e+05"	"6.e-04"	"-2.1"	D	"26170.1810"	"73966.843"	"3d6.(3H).4s"	"b 2H"	"11/2"	"3d6.(1I).4p"	"y 2I*"	"13/2"		"T6892c83"	"L18349c142"	
"209.16431"	"0.00007"	"209.164369"	"0.000010"	"700"	"1.0e+06"	"9.e-04"	"-2.3"	D	"60445.279"	"108239.375"	"3d5.4s2"	"c 4D"	"5/2"	"3d5.(2F1).4s.4p.(3P*)"	"4D*"	"7/2"		"T6892c83"	"L18349c139"	
"209.20126"	"0.00004"	"209.201272"	"0.000011"	"1100"	"1.8e+07"	"1.4e-02"	"-0.85"	D+	"60989.444"	"108775.110"	"3d6.(3H).4p"	"z 4H*"	"9/2"	"3d6.(3G).4d"	"4I"	"11/2"		"T6892c83"	"L18349c139"	
"209.26026"	"0.00003"	"209.260232"	"0.000011"	"1700"	"2.4e+07"	"2.0e-02"	"-0.81"	D+	"61156.827"	"108929.031"	"3d6.(3H).4p"	"z 4H*"	"7/2"	"3d6.(3G).4d"	"4I"	"9/2"		"T6892c83"	"L18349c139"	
"209.30896"	"0.00008"	"209.308863"	"0.000010"	"500"	"1.7e+06"	"1.3e-03"	"-1.8"	D	"60887.606"	"108648.712"	"3d6.(3H).4p"	"z 4H*"	"11/2"	"3d6.(1I).5s"	"2I"	"13/2"		"T6892c83"	"L18349c139"	
"209.36251"	"0.00004"	"209.362555"	"0.000014"	"14000"	"2.1e+07"	"1.1e-02"	"-0.95"	D+	"30388.5451"	"78137.404"	"3d6.(3G).4s"	"b 2G"	"9/2"	"3d6.(1D2).4p"	"v 2F*"	"7/2"		"T6892c83"	"L18349c139"	
"209.46335"	"0.00005"	"209.463344"	"0.000014"	"5000"	"5.e+06"	"7.e-03"	"-1.9"	D	"18886.773"	"66612.659"	"3d7"	"a 2P"	"1/2"	"3d6.(3G).4p"	"x 4F*"	"3/2"		"T6892c83"	"L18349c139"	
"209.49799"	"0.00004"	"209.497973"	"0.000011"	"6000"	"3.1e+06"	"1.5e-03"	"-1.9"	D	"16369.4098"	"64087.408"	"3d7"	"a 2G"	"7/2"	"3d6.(3F2).4p"	"y 4G*"	"5/2"		"T6892c83"	"L18349c139"	
"209.63925"	"0.00004"	"209.639161"	"0.000010"	"900"	"1.0e+07"	"8.e-03"	"-1.17"	D+	"62322.445"	"110008.310"	"3d6.(3H).4p"	"z 2G*"	"7/2"	"3d6.(3G).4d"	"2H"	"9/2"		"T6892c83"	"L18349c139"	
"209.6954"	"0.0005"	"209.694953"	"0.000014"	"700d?"	"9.e+06"	"7.5e-03"	"-1.34"	D+	"44929.532"	"92602.711"	"3d6.(1F).4s"	"c 2F"	"5/2"	"3d6.(3F1).4p"	"u 2G*"	"7/2"		"T6892c83"	"L18349c143"	
"209.70234"	"0.00007"	"209.702422"	"0.000011"	"4000"	"1.07e+06"	"7.1e-04"	"-2.25"	C	"16369.4098"	"64040.891"	"3d7"	"a 2G"	"7/2"	"3d6.(3F2).4p"	"y 4G*"	"7/2"		"T7461"	"L18349c139"	
"209.71919"	"0.00017"	"209.719103"	"0.000014"	"220"	"3.8e+06"	"3.4e-03"	"-1.7"	D	"61041.734"	"108709.424"	"3d6.(3H).4p"	"z 4G*"	"5/2"	"3d6.(3G).4d"	"4H"	"7/2"		"T6892c83"	"L18349c139"	
"209.74049"	"0.00007"	"209.740443"	"0.000014"	"4000"	"2.7e+06"	"1.5e-03"	"-1.8"	D	"25428.7893"	"73091.630"	"3d6.(3G).4s"	"a 4G"	"11/2"	"3d6.(1G2).4p"	"w 2G*"	"9/2"		"T6892c83"	"L18349c139"	
"209.75496"	"0.00003"	"209.754933"	"0.000011"	"7000"	"5.e+06"	"3.5e-03"	"-1.9"	D	"13673.2045"	"61332.753"	"3d7"	"a 4P"	"3/2"	"3d6.(3P2).4p"	"y 4P*"	"3/2"		"T6892c83"	"L18349c139"	
"209.92547"	"0.00012"	"209.925558"	"0.000011"	"500"	"6.4e+06"	"5.3e-03"	"-1.37"	D+	"60956.781"	"108577.597"	"3d6.(3H).4p"	"z 4G*"	"7/2"	"3d6.(3G).4d"	"4H"	"9/2"		"T6892c83"	"L18349c139"	
"209.9428"	"0.0005"	"209.942411"	"0.000014"	"1900d?"	"9.e+05"	"7.e-04"	"-2.2"	D	"26352.7671"	"73969.761"	"3d6.(3H).4s"	"b 2H"	"9/2"	"3d6.(1I).4p"	"y 2I*"	"11/2"		"T6892c83"	"L18349c143"	
"209.9491"	"0.0005"	"209.948914"	"0.000018"	"1700d?"	"6.2e+06"	"4.1e-03"	"-1.61"	D+	"36252.931"	"83868.450"	"3d6.(3D).4s"	"b 2D"	"5/2"	"3d6.(1F).4p"	"v 2D*"	"5/2"		"T6892c83"	"L18349c143"	
"210.01658"	"0.00003"	"210.016556"	"0.000009"	"1100"	"1.5e+07"	"1.2e-02"	"-0.91"	D+	"62083.118"	"109683.303"	"3d6.(3H).4p"	"z 2G*"	"9/2"	"3d6.(3G).4d"	"2H"	"11/2"		"T6892c83"	"L18349c139"	
"210.06970"	"0.00006"	"210.069662"	"0.000011"	"600"	"5.7e+06"	"3.8e-03"	"-1.42"	D+	"60989.444"	"108577.597"	"3d6.(3H).4p"	"z 4H*"	"9/2"	"3d6.(3G).4d"	"4H"	"9/2"		"T6892c83"	"L18349c139"	
"210.10269"	"0.00008"	"210.102593"	"0.000009"	"500"	"9.e+06"	"6.9e-03"	"-1.16"	D+	"60807.239"	"108387.934"	"3d6.(3H).4p"	"z 4G*"	"9/2"	"3d6.(3G).4d"	"4H"	"11/2"		"T6892c83"	"L18349c139"	
"210.10974"	"0.00002"	"210.109735"	"0.000011"	"1500"	"5.4e+07"	"3.6e-02"	"-0.54"	D+	"62322.445"	"109901.523"	"3d6.(3H).4p"	"z 2G*"	"7/2"	"3d6.(3G).4d"	"2G"	"7/2"		"T6892c83"	"L18349c139"	
"210.12203"	"0.00006"	"210.121952"	"0.000011"	"800"	"1.3e+07"	"1.0e-02"	"-0.93"	D+	"60887.606"	"108463.918"	"3d6.(3H).4p"	"z 4H*"	"11/2"	"3d6.(3G).4d"	"4I"	"13/2"		"T6892c83"	"L18349c139"	
"210.22671"	"0.00011"	"210.226754"	"0.000014"	"500"	"9.e+06"	"5.8e-03"	"-1.33"	D+	"61156.827"	"108709.424"	"3d6.(3H).4p"	"z 4H*"	"7/2"	"3d6.(3G).4d"	"4H"	"7/2"		"T6892c83"	"L18349c139"	
"210.24629"	"0.00008"	"210.246290"	"0.000011"	"500"	"1.0e+07"	"5.2e-03"	"-1.28"	D+	"60989.444"	"108537.623"	"3d6.(3H).4p"	"z 4H*"	"9/2"	"3d6.(3G).4d"	"4G"	"7/2"		"T6892c83"	"L18349c139"	
"210.27321"	"0.00002"	"210.273186"	"0.000009"	"1600"	"5.1e+07"	"3.4e-02"	"-0.47"	D+	"62083.118"	"109625.216"	"3d6.(3H).4p"	"z 2G*"	"9/2"	"3d6.(3G).4d"	"2G"	"9/2"		"T6892c83"	"L18349c139"	
"210.40346"	"0.00011"	"210.403514"	"0.000011"	"500"	"6.e+06"	"2.1e-03"	"-2.1"	D	"59663.440"	"107176.093"	"3d6.(3P2).4p"	"z 4S*"	"3/2"	"3d6.(5D).5d"	"4P"	"1/2"		"T6892c83"	"L18349c139"	
"210.4066"	"0.0005"	"210.406805"	"0.000014"	"800"	"3.8e+06"	"3.2e-03"	"-1.59"	D+	"44915.057"	"92426.967"	"3d6.(1F).4s"	"c 2F"	"7/2"	"3d5.(4G).4s.4p.(3P*)"	"v 4F*"	"9/2"		"T6892c83"	"L18349c142"	
"210.42401"	"0.00005"	"210.424004"	"0.000011"	"800"	"1.4e+07"	"1.1e-02"	"-0.90"	D+	"60625.446"	"108133.473"	"3d6.(3H).4p"	"z 4G*"	"11/2"	"3d6.(3G).4d"	"4H"	"13/2"		"T6892c83"	"L18349c139"	
"210.44222"	"0.00006"	"210.442283"	"0.000010"	"800"	"1.0e+07"	"5.4e-03"	"-1.19"	D+	"60887.606"	"108391.507"	"3d6.(3H).4p"	"z 4H*"	"11/2"	"3d6.(3G).4d"	"4G"	"9/2"		"T6892c83"	"L18349c139"	
"210.45845"	"0.00002"	"210.458513"	"0.000011"	"2000"	"1.7e+07"	"1.3e-02"	"-0.76"	D+	"60837.560"	"108337.798"	"3d6.(3H).4p"	"z 4H*"	"13/2"	"3d6.(3G).4d"	"4I"	"15/2"		"T6892c83"	"L18349c139"	
"210.52334"	"0.00013"	"210.523295"	"0.000011"	"400"	"5.1e+06"	"2.5e-03"	"-1.69"	D+	"61156.827"	"108642.450"	"3d6.(3H).4p"	"z 4H*"	"7/2"	"3d6.(3G).4d"	"4D"	"5/2"		"T6892c83"	"L18349c139"	
"210.5698"	"0.0005"	"210.57057"	"0.00005"	"220d?"	"1.9e+06"	"1.2e-03"	"-2.3"	D	"61974.931"	"109449.894"	"3d5.(6S).4s.4p.(3P*)"	"y 6P*"	"3/2"	"3d5.4s.(7S).4d"	"8D"	"3/2"		"T6892c83"	"L18349c142"	
"210.64962"	"0.00018"	"210.649619"	"0.000011"	"220"	"1.2e+07"	"5.9e-03"	"-1.32"	D+	"61156.827"	"108613.977"	"3d6.(3H).4p"	"z 4H*"	"7/2"	"3d6.(3G).4d"	"4G"	"5/2"		"T6892c83"	"L18349c139"	
"210.75530"	"0.00003"	"210.755300"	"0.000018"	"13000"	"1.3e+07"	"9.e-03"	"-0.98"	D+	"26170.1810"	"73603.537"	"3d6.(3H).4s"	"b 2H"	"11/2"	"3d6.(1I).4p"	"w 2H*"	"11/2"		"T6892c83"	"L18349c139"	
"210.7748"	"0.0005"	"210.774245"	"0.000012"	"500"	"2.7e+06"	"1.2e-03"	"-2.1"	D	"44929.532"	"92358.625"	"3d6.(1F).4s"	"c 2F"	"5/2"	"3d5.(4G).4s.4p.(3P*)"	"v 4F*"	"3/2"		"T6892c83"	"L18349c142"	
"210.91032"	"0.00003"	"210.910264"	"0.000014"	"11000bl(Fe II)*"	"1.9e+07"	"1.3e-02"	"-0.90"	D+	"26352.7671"	"73751.276"	"3d6.(3H).4s"	"b 2H"	"9/2"	"3d6.(1I).4p"	"w 2H*"	"9/2"		"T6892c83"	"L18349c148"	
"210.91032"	"0.00003"	"210.910349"	"0.000010"	"11000bl(Fe II)*"	"9.e+05"	"7.e-04"	"-2.1"	D	"60989.444"	"108387.934"	"3d6.(3H).4p"	"z 4H*"	"9/2"	"3d6.(3G).4d"	"4H"	"11/2"		"T6892c83"	"L18349c148"	
"210.94758"	"0.00009"	"210.947577"	"0.000010"	"400"	"5.8e+06"	"3.3e-03"	"-1.33"	D+	"62293.177"	"109683.303"	"3d6.(3H).4p"	"z 2I*"	"13/2"	"3d6.(3G).4d"	"2H"	"11/2"		"T6892c83"	"L18349c139"	
"211.03095"	"0.00013"	"211.030757"	"0.000018"	"1100"	"3.0e+07"	"3.0e-02"	"-0.91"	D+	"47674.728"	"95046.177"	"3d7"	"d 2D1"	"3/2"	"3d6.(3F1).4p"	"2F*"	"5/2"		"T6892c83"	"L18349c139"	
"211.07342"	"0.00002"	"211.073425"	"0.000014"	"16000"	"5.9e+07"	"3.9e-02"	"-1.11"	D+	"18886.773"	"66248.647"	"3d7"	"a 2P"	"1/2"	"3d6.(3P2).4p"	"z 2S*"	"1/2"		"T6892c83"	"L18349c139"	
"211.1136"	"0.0005"	"211.113262"	"0.000014"	"500d?"	"1.3e+06"	"1.2e-03"	"-2.2"	D	"44929.532"	"92282.470"	"3d6.(1F).4s"	"c 2F"	"5/2"	"3d5.(4G).4s.4p.(3P*)"	"v 4F*"	"7/2"		"T6892c83"	"L18349c142"	
"211.15307"	"0.00006"	"211.153105"	"0.000010"	"800"	"1.1e+07"	"6.5e-03"	"-1.04"	D+	"60837.560"	"108181.564"	"3d6.(3H).4p"	"z 4H*"	"13/2"	"3d6.(3G).4d"	"4G"	"11/2"		"T6892c83"	"L18349c139"	
"211.36770"	"0.00005"	"211.367833"	"0.000010"	"700"	"5.2e+06"	"3.5e-03"	"-1.32"	D+	"60837.560"	"108133.473"	"3d6.(3H).4p"	"z 4H*"	"13/2"	"3d6.(3G).4d"	"4H"	"13/2"		"T6892c83"	"L18349c139"	
"211.3859"	"0.0005"	"211.385567"	"0.000014"	"1800d,bl(Fe II)?*"	"4.0e+06"	"2.0e-03"	"-1.8"	D	"27314.9183"	"74606.864"	"3d6.(3F2).4s"	"a 2F"	"7/2"	"3d6.(3D).4p"	"x 2D*"	"5/2"		"T6892c83"	"L18349c143"	
"211.4088"	"0.0005"	"211.408308"	"0.000014"	"800"	"1.0e+07"	"4.3e-03"	"-1.59"	D+	"44929.532"	"92216.391"	"3d6.(1F).4s"	"c 2F"	"5/2"	"3d6.(3P1).4p"	"u 2D*"	"3/2"		"T6892c83"	"L18349c142"	
"211.5439"	"0.0005"	"211.543544"	"0.000014"	"800"	"5.3e+06"	"4.4e-03"	"-1.45"	D+	"44915.057"	"92171.690"	"3d6.(1F).4s"	"c 2F"	"7/2"	"3d6.(3F1).4p"	"u 2G*"	"9/2"		"T6892c83"	"L18349c142"	
"211.699122"	"0.000019"	"211.699120"	"0.000010"	"19000"	"1.9e+07"	"1.1e-02"	"-0.89"	D+	"25428.7893"	"72650.698"	"3d6.(3G).4s"	"a 4G"	"11/2"	"3d6.(3D).4p"	"w 4F*"	"9/2"		"T6892c83"	"L18349c139"	
"211.7488"	"0.0005"	"211.748683"	"0.000011"	"1400"	"1.1e+06"	"6.e-04"	"-2.2"	D	"25805.3270"	"73016.184"	"3d6.(3G).4s"	"a 4G"	"9/2"	"3d6.(1G2).4p"	"x 2F*"	"7/2"		"T6892c83"	"L18349c142"	
"211.81974"	"0.00003"	"211.819738"	"0.000010"	"10000"	"3.5e+06"	"2.3e-03"	"-1.63"	D+	"20805.7632"	"68000.785"	"3d7"	"a 2H"	"9/2"	"3d6.(3G).4p"	"y 2H*"	"9/2"		"T6892c83"	"L18349c139"	
"211.85159"	"0.00007"	"211.851688"	"0.000011"	"600"	"5.3e+06"	"3.6e-03"	"-1.37"	D+	"61587.205"	"108775.110"	"3d6.(3H).4p"	"z 4I*"	"11/2"	"3d6.(3G).4d"	"4I"	"11/2"		"T6892c83"	"L18349c139"	
"211.90479"	"0.00002"	"211.904788"	"0.000010"	"13000"	"4.2e+06"	"2.8e-03"	"-1.47"	D+	"20340.2461"	"67516.328"	"3d7"	"a 2H"	"11/2"	"3d6.(3G).4p"	"y 2H*"	"11/2"		"T6892c83"	"L18349c139"	
"212.24544"	"0.00008"	"212.245337"	"0.000010"	"2700"	"4.8e+05"	"2.6e-04"	"-2.59"	D+	"15844.6485"	"62945.045"	"3d7"	"a 2G"	"9/2"	"3d6.(3F2).4p"	"x 4D*"	"7/2"		"T7461"	"L18349c139"	
"212.40863"	"0.00007"	"212.408573"	"0.000011"	"800"	"2.4e+07"	"1.1e-02"	"-1.19"	D+	"61041.734"	"108105.938"	"3d6.(3H).4p"	"z 4G*"	"5/2"	"3d6.(3F2).4d"	"2P"	"3/2"		"T6892c83"	"L18349c139"	
"212.42072"	"0.00009"	"212.420747"	"0.000010"	"600"	"1.2e+06"	"9.e-04"	"-2.0"	D	"61587.205"	"108648.712"	"3d6.(3H).4p"	"z 4I*"	"11/2"	"3d6.(1I).5s"	"2I"	"13/2"		"T6892c83"	"L18349c139"	
"212.51681"	"0.00008"	"212.516826"	"0.000018"	"1900"	"2.4e+07"	"2.2e-02"	"-0.88"	D+	"48039.109"	"95079.342"	"3d7"	"d 2D1"	"5/2"	"3d6.(3F1).4p"	"2F*"	"7/2"		"T6892c83"	"L18349c139"	
"212.58572"	"0.00009"	"212.585707"	"0.000010"	"600"	"8.e+06"	"4.4e-03"	"-1.35"	D+	"61512.630"	"108537.623"	"3d6.(3H).4p"	"z 4I*"	"9/2"	"3d6.(3G).4d"	"4G"	"7/2"		"T6892c83"	"L18349c139"	
"212.64203"	"0.00002"	"212.642061"	"0.000011"	"2000"	"2.6e+07"	"1.2e-02"	"-1.15"	D+	"61093.406"	"108105.938"	"3d6.(3P2).4p"	"z 2D*"	"5/2"	"3d6.(3F2).4d"	"2P"	"3/2"		"T6892c83"	"L18349c139"	
"212.7009"	"0.0005"	"212.701025"	"0.000014"	"1400"	"1.4e+06"	"1.0e-03"	"-2.2"	D	"26055.4120"	"73054.913"	"3d6.(3G).4s"	"a 4G"	"5/2"	"3d6.(1G2).4p"	"x 2F*"	"5/2"		"T6892c83"	"L18349c142"	
"212.74298"	"0.00008"	"212.742986"	"0.000010"	"500"	"4.5e+06"	"3.0e-03"	"-1.31"	D+	"61347.566"	"108337.798"	"3d6.(3H).4p"	"z 4I*"	"15/2"	"3d6.(3G).4d"	"4I"	"15/2"		"T6892c83"	"L18349c139"	
"212.79719"	"0.00004"	"212.797197"	"0.000014"	"10000"	"1.9e+07"	"1.0e-02"	"-1.10"	D+	"30764.4737"	"77742.736"	"3d6.(3G).4s"	"b 2G"	"7/2"	"3d6.(1D2).4p"	"v 2F*"	"5/2"		"T6892c83"	"L18349c139"	
"212.89588"	"0.00010"	"212.895931"	"0.000011"	"320"	"4.3e+06"	"2.9e-03"	"-1.64"	D+	"62945.045"	"109901.523"	"3d6.(3F2).4p"	"x 4D*"	"7/2"	"3d6.(3G).4d"	"2G"	"7/2"		"T6892c83"	"L18349c139"	
"212.98737"	"0.00014"	"212.987429"	"0.000010"	"400"	"3.7e+06"	"2.5e-03"	"-1.45"	D+	"61527.610"	"108463.918"	"3d6.(3H).4p"	"z 4I*"	"13/2"	"3d6.(3G).4d"	"4I"	"13/2"		"T6892c83"	"L18349c139"	
"213.02564"	"0.00002"	"213.025660"	"0.000010"	"8000"	"3.9e+06"	"2.6e-03"	"-1.8"	D	"13474.4474"	"60402.333"	"3d7"	"a 4P"	"5/2"	"3d6.(3P2).4p"	"y 4P*"	"5/2"		"T6892c83"	"L18349c139"	
"213.05493"	"0.00003"	"213.054886"	"0.000011"	"13000"	"1.4e+07"	"8.e-03"	"-1.01"	D+	"26170.1810"	"73091.630"	"3d6.(3H).4s"	"b 2H"	"11/2"	"3d6.(1G2).4p"	"w 2G*"	"9/2"		"T6892c83"	"L18349c139"	
"213.25371"	"0.00007"	"213.253791"	"0.000014"	"5000"	"6.e+06"	"2.8e-03"	"-1.8"	D	"27620.4033"	"74498.093"	"3d6.(3F2).4s"	"a 2F"	"5/2"	"3d6.(3D).4p"	"x 2D*"	"3/2"		"T6892c83"	"L18349c139"	
"213.25822"	"0.00005"	"213.258234"	"0.000011"	"700"	"1.2e+07"	"1.0e-02"	"-0.94"	D+	"61587.205"	"108463.918"	"3d6.(3H).4p"	"z 4I*"	"11/2"	"3d6.(3G).4d"	"4I"	"13/2"		"T6892c83"	"L18349c139"	
"213.31848"	"0.00012"	"213.318355"	"0.000011"	"400"	"4.3e+06"	"3.7e-03"	"-1.53"	D+	"62065.528"	"108929.031"	"3d6.(3F2).4p"	"y 4F*"	"7/2"	"3d6.(3G).4d"	"4I"	"9/2"		"T6892c83"	"L18349c139"	
"213.39534"	"0.00007"	"213.395392"	"0.000011"	"5000"	"2.0e+06"	"1.1e-03"	"-2.0"	D	"25805.3270"	"72651.914"	"3d6.(3G).4s"	"a 4G"	"9/2"	"3d6.(3D).4p"	"w 4D*"	"7/2"		"T6892c83"	"L18349c139"	
"213.40093"	"0.00005"	"213.400932"	"0.000011"	"8000"	"3.4e+06"	"2.3e-03"	"-1.64"	D+	"25805.3270"	"72650.698"	"3d6.(3G).4s"	"a 4G"	"9/2"	"3d6.(3D).4p"	"w 4F*"	"9/2"		"T6892c83"	"L18349c139"	
"213.4576"	"0.0005"	"213.457524"	"0.000012"	"1700"	"9.e+05"	"6.e-04"	"-2.1"	D	"25428.7893"	"72261.742"	"3d6.(3G).4s"	"a 4G"	"11/2"	"3d6.(1G2).4p"	"x 2H*"	"11/2"		"T6892c83"	"L18349c142"	
"213.56139"	"0.00003"	"213.561344"	"0.000011"	"1300"	"1.5e+07"	"1.2e-02"	"-0.79"	D+	"61527.610"	"108337.798"	"3d6.(3H).4p"	"z 4I*"	"13/2"	"3d6.(3G).4d"	"4I"	"15/2"		"T6892c83"	"L18349c139"	
"213.58818"	"0.00005"	"213.588204"	"0.000010"	"900"	"1.1e+07"	"6.6e-03"	"-1.10"	D+	"61587.205"	"108391.507"	"3d6.(3H).4p"	"z 4I*"	"11/2"	"3d6.(3G).4d"	"4G"	"9/2"		"T6892c83"	"L18349c139"	
"213.60464"	"0.00007"	"213.604513"	"0.000010"	"600"	"6.2e+06"	"4.3e-03"	"-1.29"	D+	"61587.205"	"108387.934"	"3d6.(3H).4p"	"z 4I*"	"11/2"	"3d6.(3G).4d"	"4H"	"11/2"		"T6892c83"	"L18349c139"	
"213.65090"	"0.00003"	"213.650854"	"0.000014"	"11000"	"1.6e+07"	"9.e-03"	"-1.04"	D+	"26352.7671"	"73143.346"	"3d6.(3H).4s"	"b 2H"	"9/2"	"3d6.(1G2).4p"	"w 2G*"	"7/2"		"T6892c83"	"L18349c139"	
"213.80482"	"0.00005"	"213.804857"	"0.000011"	"5000"	"3.2e+06"	"1.5e-03"	"-2.1"	D	"20516.9534"	"67273.833"	"3d7"	"a 2D2"	"5/2"	"3d6.(3F2).4p"	"y 2D*"	"3/2"		"T6892c83"	"L18349c139"	
"213.80704"	"0.00007"	"213.806895"	"0.000011"	"400"	"3.2e+06"	"2.2e-03"	"-1.51"	D+	"62293.177"	"109049.611"	"3d6.(3H).4p"	"z 2I*"	"13/2"	"3d6.(3G).4d"	"2I"	"13/2"		"T6892c83"	"L18349c139"	
"213.93859"	"0.00018"	"213.938720"	"0.000014"	"260"	"3.2e+06"	"2.2e-03"	"-1.57"	D+	"62662.252"	"109389.879"	"3d6.(3H).4p"	"z 2I*"	"11/2"	"3d6.(3G).4d"	"2I"	"11/2"		"T6892c83"	"L18349c148"	
"214.02894"	"0.00006"	"214.028935"	"0.000011"	"800"	"1.7e+07"	"8.e-03"	"-1.34"	D+	"62151.554"	"108859.487"	"3d6.(3F2).4p"	"y 4F*"	"5/2"	"3d6.(3G).4d"	"4D"	"3/2"		"T6892c83"	"L18349c139"	
"214.06522"	"0.00014"	"214.065173"	"0.000014"	"900"	"6.e+06"	"2.8e-03"	"-1.8"	D	"48039.109"	"94739.136"	"3d7"	"d 2D1"	"5/2"	"3d5.(4P).4s.4p.(3P*)"	"4P*"	"3/2"		"T6892c83"	"L18349c139"	
"214.14500"	"0.00005"	"214.145044"	"0.000019"	"800"	"2.8e+07"	"1.0e-02"	"-1.42"	D+	"62244.515"	"108927.126"	"3d6.(3F2).4p"	"y 4F*"	"3/2"	"3d6.(3G).4d"	"4D"	"1/2"		"T6892c83"	"L18349c139"	
"214.1785"	"0.0005"	"214.178453"	"0.000019"	"1700d?"	"5.e+06"	"2.4e-03"	"-1.8"	D	"31811.814"	"78487.144"	"3d7"	"b 2F"	"5/2"	"3d6.(1D2).4p"	"w 2D*"	"3/2"		"T6892c83"	"L18349c143"	
"214.20160"	"0.00014"	"214.201682"	"0.000011"	"4000"	"9.e+05"	"7.e-04"	"-2.3"	D	"25981.6451"	"72651.914"	"3d6.(3G).4s"	"a 4G"	"7/2"	"3d6.(3D).4p"	"w 4D*"	"7/2"		"T6892c83"	"L18349c139"	
"214.23232"	"0.00006"	"214.232215"	"0.000010"	"1000"	"3.8e+06"	"1.7e-03"	"-2.0"	D	"60402.333"	"107065.951"	"3d6.(3P2).4p"	"y 4P*"	"5/2"	"3d6.(5D).5d"	"4P"	"3/2"		"T6892c83"	"L18349c139"	
"214.24275"	"0.00016"	"214.242831"	"0.000014"	"1300"	"1.5e+07"	"1.0e-02"	"-1.21"	D+	"48039.109"	"94700.415"	"3d7"	"d 2D1"	"5/2"	"3d6.(3F1).4p"	"2D*"	"5/2"		"T6892c83"	"L18349c139"	
"214.27661"	"0.00005"	"214.276597"	"0.000010"	"1100"	"1.2e+07"	"7.0e-03"	"-1.01"	D+	"61527.610"	"108181.564"	"3d6.(3H).4p"	"z 4I*"	"13/2"	"3d6.(3G).4d"	"4G"	"11/2"		"T6892c83"	"L18349c139"	
"214.31039"	"0.00006"	"214.310451"	"0.000014"	"800"	"7.2e+06"	"4.0e-03"	"-1.40"	D+	"62158.126"	"108804.711"	"3d6.(3F2).4p"	"y 4F*"	"9/2"	"3d6.(3D).5s"	"4D"	"7/2"		"T6892c83"	"L18349c139"	
"214.49441"	"0.00006"	"214.494398"	"0.000014"	"700"	"6.1e+06"	"5.2e-03"	"-1.38"	D+	"62322.445"	"108929.031"	"3d6.(3H).4p"	"z 2G*"	"7/2"	"3d6.(3G).4d"	"4I"	"9/2"		"T6892c83"	"L18349c139"	
"214.49770"	"0.00005"	"214.497726"	"0.000011"	"900"	"6.4e+06"	"4.4e-03"	"-1.21"	D+	"61527.610"	"108133.473"	"3d6.(3H).4p"	"z 4I*"	"13/2"	"3d6.(3G).4d"	"4H"	"13/2"		"T6892c83"	"L18349c139"	
"214.63113"	"0.00005"	"214.631021"	"0.000011"	"900bl(Fe II)*"	"6.1e+06"	"3.1e-03"	"-1.60"	D+	"62065.528"	"108642.450"	"3d6.(3F2).4p"	"y 4F*"	"7/2"	"3d6.(3G).4d"	"4D"	"5/2"		"T6892c83"	"L18349c148"	
"214.63689"	"0.00006"	"214.636952"	"0.000011"	"4000"	"7.1e+05"	"4.9e-04"	"-2.40"	C+	"16369.4098"	"62945.045"	"3d7"	"a 2G"	"7/2"	"3d6.(3F2).4p"	"x 4D*"	"7/2"		"T7461"	"L18349c139"	
"214.76231"	"0.00007"	"214.762323"	"0.000011"	"600"	"1.0e+07"	"5.4e-03"	"-1.36"	D+	"62065.528"	"108613.977"	"3d6.(3F2).4p"	"y 4F*"	"7/2"	"3d6.(3G).4d"	"4G"	"5/2"		"T6892c83"	"L18349c139"	
"214.770320"	"0.000019"	"214.770306"	"0.000011"	"20000"	"2.2e+07"	"1.2e-02"	"-0.91"	D+	"25805.3270"	"72352.046"	"3d6.(3G).4s"	"a 4G"	"9/2"	"3d6.(3D).4p"	"w 4F*"	"7/2"		"T6892c83"	"L18349c139"	
"214.93639"	"0.00006"	"214.936435"	"0.000014"	"800"	"1.4e+07"	"6.5e-03"	"-1.41"	D+	"62151.554"	"108662.300"	"3d6.(3F2).4p"	"y 4F*"	"5/2"	"3d6.(3D).5s"	"4D"	"3/2"		"T6892c83"	"L18349c139"	
"215.02840"	"0.00015"	"215.028216"	"0.000011"	"350"	"7.2e+06"	"5.0e-03"	"-1.52"	D+	"62151.554"	"108642.450"	"3d6.(3F2).4p"	"y 4F*"	"5/2"	"3d6.(3G).4d"	"4D"	"5/2"		"T6892c83"	"L18349c139"	
"215.03743"	"0.00013"	"215.037472"	"0.000019"	"600"	"3.0e+06"	"3.1e-03"	"-1.9"	D	"49506.922"	"95995.817"	"3d6.(3P1).4s"	"c 4P"	"3/2"	"3d5.(4P).4s.4p.(3P*)"	"4D*"	"5/2"		"T6892c83"	"L18349c139"	
"215.062100"	"0.000012"	"215.062078"	"0.000012"	"30000"	"3.2e+07"	"2.2e-02"	"-0.88"	D+	"20516.9534"	"67000.530"	"3d7"	"a 2D2"	"5/2"	"3d6.(3F2).4p"	"y 2D*"	"5/2"		"T6892c83"	"L18349c148"	
"215.07624"	"0.00005"	"215.076236"	"0.000011"	"8000"	"4.7e+06"	"2.7e-03"	"-1.48"	D+	"26170.1810"	"72650.698"	"3d6.(3H).4s"	"b 2H"	"11/2"	"3d6.(3D).4p"	"w 4F*"	"9/2"		"T6892c83"	"L18349c139"	
"215.15061"	"0.00007"	"215.150676"	"0.000009"	"600"	"2.2e+06"	"1.5e-03"	"-2.0"	D	"60402.333"	"106866.770"	"3d6.(3P2).4p"	"y 4P*"	"5/2"	"3d6.(3F2).4d"	"4F"	"5/2"		"T6892c83"	"L18349c139"	
"215.23679"	"0.00002"	"215.236767"	"0.000014"	"11000"	"2.2e+07"	"8.e-03"	"-1.51"	D+	"18360.6399"	"64806.494"	"3d7"	"a 2P"	"3/2"	"3d6.(3P2).4p"	"z 2P*"	"1/2"		"T6892c83"	"L18349c139"	
"215.34380"	"0.00005"	"215.343821"	"0.000019"	"800"	"1.8e+07"	"6.3e-03"	"-1.60"	D+	"62244.515"	"108667.282"	"3d6.(3F2).4p"	"y 4F*"	"3/2"	"3d6.(3D).5s"	"4D"	"1/2"		"T6892c83"	"L18349c139"	
"215.36696"	"0.00006"	"215.366937"	"0.000014"	"500"	"2.9e+06"	"2.0e-03"	"-2.1"	D	"62244.515"	"108662.300"	"3d6.(3F2).4p"	"y 4F*"	"3/2"	"3d6.(3D).5s"	"4D"	"3/2"		"T6892c83"	"L18349c139"	
"215.45904"	"0.00014"	"215.459085"	"0.000012"	"280"	"2.6e+06"	"2.7e-03"	"-2.0"	D	"62244.515"	"108642.450"	"3d6.(3F2).4p"	"y 4F*"	"3/2"	"3d6.(3G).4d"	"4D"	"5/2"		"T6892c83"	"L18349c139"	
"215.47561"	"0.00013"	"215.475755"	"0.000010"	"700"	"2.9e+06"	"2.0e-03"	"-1.9"	D	"60402.333"	"106796.679"	"3d6.(3P2).4p"	"y 4P*"	"5/2"	"3d6.(5D).5d"	"4P"	"5/2"		"T6892c83"	"L18349c139"	
"215.51413"	"0.00014"	"215.514208"	"0.000012"	"400"	"3.5e+06"	"3.2e-03"	"-1.7"	D	"62151.554"	"108537.623"	"3d6.(3F2).4p"	"y 4F*"	"5/2"	"3d6.(3G).4d"	"4G"	"7/2"		"T6892c83"	"L18349c139"	
"215.57103"	"0.00008"	"215.570935"	"0.000014"	"400"	"1.4e+07"	"6.5e-03"	"-1.41"	D+	"64087.408"	"110461.272"	"3d6.(3F2).4p"	"y 4G*"	"5/2"	"3d6.(3G).4d"	"2D"	"3/2"		"T6892c83"	"L18349c139"	
"215.58703"	"0.00005"	"215.587036"	"0.000011"	"6000"	"3.9e+06"	"2.7e-03"	"-1.66"	D+	"25981.6451"	"72352.046"	"3d6.(3G).4s"	"a 4G"	"7/2"	"3d6.(3D).4p"	"w 4F*"	"7/2"		"T6892c83"	"L18349c139"	
"215.79388"	"0.00011"	"215.793785"	"0.000011"	"500"	"2.4e+06"	"2.1e-03"	"-1.8"	D	"62065.528"	"108391.507"	"3d6.(3F2).4p"	"y 4F*"	"7/2"	"3d6.(3G).4d"	"4G"	"9/2"		"T6892c83"	"L18349c139"	
"215.79604"	"0.00016"	"215.796128"	"0.000012"	"290"	"8.e+06"	"4.2e-03"	"-1.48"	D+	"64286.354"	"110611.830"	"3d6.(3F2).4p"	"z 2F*"	"7/2"	"3d6.(3G).4d"	"2F"	"5/2"		"T6892c83"	"L18349c139"	
"215.81258"	"0.00008"	"215.812589"	"0.000011"	"700"	"1.9e+06"	"1.0e-03"	"-2.1"	D	"60270.351"	"106592.294"	"3d5.4s2"	"c 4D"	"7/2"	"3d5.(2D3).4s.4p.(3P*)"	"4P*"	"5/2"		"T6892c83"	"L18349c139"	
"215.91951"	"0.00005"	"215.919568"	"0.000010"	"1000"	"1.4e+07"	"8.e-03"	"-1.02"	D+	"60625.446"	"106924.441"	"3d6.(3H).4p"	"z 4G*"	"11/2"	"3d6.(3F2).4d"	"2G"	"9/2"		"T6892c83"	"L18349c139"	
"215.99796"	"0.00011"	"215.997809"	"0.000012"	"280"	"1.2e+06"	"6.e-04"	"-2.2"	D	"62083.118"	"108365.344"	"3d6.(3H).4p"	"z 2G*"	"9/2"	"3d6.(3G).4d"	"4D"	"7/2"		"T6892c83"	"L18349c139"	
"216.07929"	"0.00011"	"216.079433"	"0.000011"	"2700"	"6.e+05"	"3.6e-04"	"-2.3"	D	"21251.5833"	"67516.328"	"3d6.(3H).4s"	"a 4H"	"13/2"	"3d6.(3G).4p"	"y 2H*"	"11/2"		"T6892c83"	"L18349c139"	
"216.116007"	"0.000018"	"216.115994"	"0.000012"	"20000"	"2.8e+07"	"1.5e-02"	"-0.92"	D+	"25981.6451"	"72238.564"	"3d6.(3G).4s"	"a 4G"	"7/2"	"3d6.(3D).4p"	"w 4F*"	"5/2"		"T6892c83"	"L18349c139"	
"216.202210"	"0.000011"	"216.202234"	"0.000011"	"50000"	"2.5e+07"	"1.8e-02"	"-0.75"	D+	"15844.6485"	"62083.118"	"3d7"	"a 2G"	"9/2"	"3d6.(3H).4p"	"z 2G*"	"9/2"		"T6892c83"	"L18349c139"	
"216.2427"	"0.0002"	"216.242746"	"0.000010"	"210"	"1.1e+06"	"9.e-04"	"-2.0"	D	"62158.126"	"108387.934"	"3d6.(3F2).4p"	"y 4F*"	"9/2"	"3d6.(3G).4d"	"4H"	"11/2"		"T6892c83"	"L18349c139"	
"216.34848"	"0.00003"	"216.348475"	"0.000012"	"1400"	"3.0e+07"	"1.7e-02"	"-0.77"	D+	"62158.126"	"108365.344"	"3d6.(3F2).4p"	"y 4F*"	"9/2"	"3d6.(3G).4d"	"4D"	"7/2"		"T6892c83"	"L18349c139"	
"216.433849"	"0.000013"	"216.433852"	"0.000011"	"18000"	"1.1e+07"	"5.4e-03"	"-1.49"	D+	"13474.4474"	"59663.440"	"3d7"	"a 4P"	"5/2"	"3d6.(3P2).4p"	"z 4S*"	"3/2"		"T6892c83"	"L18349c139"	
"216.44596"	"0.00004"	"216.445885"	"0.000012"	"600"	"1.5e+07"	"1.1e-02"	"-1.19"	D+	"64425.405"	"110611.830"	"3d6.(3F2).4p"	"z 2F*"	"5/2"	"3d6.(3G).4d"	"2F"	"5/2"		"T6892c83"	"L18349c139"	
"216.46114"	"0.00007"	"216.461227"	"0.000012"	"5000"	"4.3e+06"	"3.0e-03"	"-1.7"	D	"26055.4120"	"72238.564"	"3d6.(3G).4s"	"a 4G"	"5/2"	"3d6.(3D).4p"	"w 4F*"	"5/2"		"T6892c83"	"L18349c139"	
"216.6392"	"0.0005"	"216.638917"	"0.000019"	"1200"	"6.e+06"	"4.4e-03"	"-1.8"	D	"38214.503"	"84359.779"	"3d6.(1D2).4s"	"c 2D"	"3/2"	"3d6.(1F).4p"	"v 2D*"	"3/2"		"T6892c83"	"L18349c142"	
"216.671289"	"0.000020"	"216.671418"	"0.000019"	"22000"	"3.1e+07"	"2.2e-02"	"-0.75"	D+	"31999.049"	"78137.404"	"3d7"	"b 2F"	"7/2"	"3d6.(1D2).4p"	"v 2F*"	"7/2"		"T6892c83"	"L18349c145"	
"216.74225"	"0.00004"	"216.742168"	"0.000011"	"6000"	"2.2e+06"	"1.5e-03"	"-1.7"	D	"20340.2461"	"66463.542"	"3d7"	"a 2H"	"11/2"	"3d6.(3G).4p"	"y 4H*"	"11/2"		"T6892c83"	"L18349c139"	
"216.78779"	"0.00002"	"216.787783"	"0.000011"	"17000"	"3.1e+07"	"1.5e-02"	"-1.06"	D+	"26055.4120"	"72169.004"	"3d6.(3G).4s"	"a 4G"	"5/2"	"3d6.(3D).4p"	"w 4F*"	"3/2"		"T6892c83"	"L18349c139"	
"216.867046"	"0.000014"	"216.867040"	"0.000010"	"4000"	"2.1e+07"	"1.2e-02"	"-0.83"	D+	"60625.446"	"106722.187"	"3d6.(3H).4p"	"z 4G*"	"11/2"	"3d6.(3H).4d"	"4F"	"9/2"		"T6892c83"	"L18349c139"	
"216.88396"	"0.00007"	"216.884012"	"0.000010"	"600"	"9.e+06"	"4.8e-03"	"-1.32"	D+	"60807.239"	"106900.373"	"3d6.(3H).4p"	"z 4G*"	"9/2"	"3d6.(3F2).4d"	"2G"	"7/2"		"T6892c83"	"L18349c139"	
"216.89136"	"0.00005"	"216.891415"	"0.000014"	"6000"	"3.6e+06"	"2.6e-03"	"-1.51"	D+	"26170.1810"	"72261.742"	"3d6.(3H).4s"	"b 2H"	"11/2"	"3d6.(1G2).4p"	"x 2H*"	"11/2"		"T6892c83"	"L18349c139"	
"216.91766"	"0.00005"	"216.917723"	"0.000010"	"5000"	"1.7e+06"	"1.2e-03"	"-1.8"	D	"21430.3564"	"67516.328"	"3d6.(3H).4s"	"a 4H"	"11/2"	"3d6.(3G).4p"	"y 2H*"	"11/2"		"T6892c83"	"L18349c139"	
"217.01758"	"0.00008"	"217.017595"	"0.000011"	"3500"	"1.2e+06"	"1.3e-03"	"-2.3"	D	"18360.6399"	"64425.405"	"3d7"	"a 2P"	"3/2"	"3d6.(3F2).4p"	"z 2F*"	"5/2"		"T6892c83"	"L18349c139"	
"217.03882"	"0.00009"	"217.038894"	"0.000012"	"1500"	"6.8e+06"	"3.8e-03"	"-1.41"	D+	"50157.475"	"96217.720"	"3d6.(3F1).4s"	"c 4F"	"9/2"	"3d5.(4P).4s.4p.(3P*)"	"4D*"	"7/2"		"T6892c83"	"L18349c139"	
"217.0844"	"0.0005"	"217.083907"	"0.000009"	"400d?"	"9.e+05"	"6.e-04"	"-2.3"	D	"38660.0537"	"84710.749"	"3d6.(5D).4p"	"z 6D*"	"7/2"	"3d6.(5D).4d"	"e 6G"	"7/2"		"T6892c83"	"L18349c142"	
"217.1207"	"0.0002"	"217.120669"	"0.000011"	"210"	"9.e+05"	"7.e-04"	"-2.3"	D	"62322.445"	"108365.344"	"3d6.(3H).4p"	"z 2G*"	"7/2"	"3d6.(3G).4d"	"4D"	"7/2"		"T6892c83"	"L18349c139"	
"217.15383"	"0.00003"	"217.153838"	"0.000014"	"1300"	"1.1e+08"	"5.2e-02"	"-0.50"	D+	"64425.405"	"110461.272"	"3d6.(3F2).4p"	"z 2F*"	"5/2"	"3d6.(3G).4d"	"2D"	"3/2"		"T6892c83"	"L18349c139"	
"217.20423"	"0.00007"	"217.204213"	"0.000009"	"6000"	"4.5e+06"	"3.2e-03"	"-1.60"	D+	"38660.0537"	"84685.245"	"3d6.(5D).4p"	"z 6D*"	"7/2"	"3d6.(5D).4d"	"f 4D"	"7/2"		"T6892c83"	"L18349c139"	
"217.21233"	"0.00006"	"217.212488"	"0.000010"	"700"	"4.2e+06"	"3.6e-03"	"-1.44"	D+	"62158.126"	"108181.564"	"3d6.(3F2).4p"	"y 4F*"	"9/2"	"3d6.(3G).4d"	"4G"	"11/2"		"T6892c83"	"L18349c139"	
"217.29777"	"0.00004"	"217.297868"	"0.000011"	"8000"	"6.8e+06"	"4.8e-03"	"-1.54"	D+	"20516.9534"	"66522.310"	"3d7"	"a 2D2"	"5/2"	"3d6.(3G).4p"	"x 4F*"	"5/2"		"T6892c83"	"L18349c139"	
"217.30028"	"0.00009"	"217.300100"	"0.000014"	"900"	"3.6e+06"	"3.4e-03"	"-1.69"	D+	"50212.836"	"96217.720"	"3d6.(3P1).4s"	"c 4P"	"5/2"	"3d5.(4P).4s.4p.(3P*)"	"4D*"	"7/2"		"T6892c83"	"L18349c139"	
"217.3819"	"0.0005"	"217.381552"	"0.000019"	"900"	"3.2e+06"	"1.5e-03"	"-2.0"	D	"26055.4120"	"72043.060"	"3d6.(3G).4s"	"a 4G"	"5/2"	"3d6.(3D).4p"	"w 4P*"	"3/2"		"T6892c83"	"L18349c142"	
"217.41618"	"0.00008"	"217.416135"	"0.000015"	"600"	"7.e+06"	"5.e-03"	"-1.7"	D	"62125.604"	"108105.938"	"3d6.(3P2).4p"	"z 2D*"	"3/2"	"3d6.(3F2).4d"	"2P"	"3/2"		"T6892c83"	"L18349c139"	
"217.48472"	"0.00002"	"217.484726"	"0.000015"	"12000"	"1.8e+07"	"1.3e-02"	"-1.30"	D+	"21307.999"	"67273.833"	"3d7"	"a 2D2"	"3/2"	"3d6.(3F2).4p"	"y 2D*"	"3/2"		"T6892c83"	"L18349c139"	
"217.51239"	"0.00002"	"217.512397"	"0.000009"	"2300"	"9.e+06"	"4.9e-03"	"-1.31"	D+	"60807.239"	"106767.226"	"3d6.(3H).4p"	"z 4G*"	"9/2"	"3d6.(3F2).4d"	"4F"	"7/2"		"T6892c83"	"L18349c139"	
"217.545305"	"0.000011"	"217.545306"	"0.000010"	"33000"	"2.0e+07"	"1.5e-02"	"-0.93"	D+	"16369.4098"	"62322.445"	"3d7"	"a 2G"	"7/2"	"3d6.(3H).4p"	"z 2G*"	"7/2"		"T6892c83"	"L18349c139"	
"217.58991"	"0.00008"	"217.590025"	"0.000010"	"600"	"6.7e+06"	"4.8e-03"	"-1.42"	D+	"60956.781"	"106900.373"	"3d6.(3H).4p"	"z 4G*"	"7/2"	"3d6.(3F2).4d"	"2G"	"7/2"		"T6892c83"	"L18349c139"	
"217.63192"	"0.00011"	"217.632089"	"0.000010"	"3100"	"9.e+05"	"7.e-04"	"-2.1"	D	"21581.6151"	"67516.328"	"3d6.(3H).4s"	"a 4H"	"9/2"	"3d6.(3G).4p"	"y 2H*"	"11/2"		"T6892c83"	"L18349c139"	
"217.65006"	"0.00004"	"217.650054"	"0.000019"	"12000"	"2.7e+07"	"1.9e-02"	"-0.94"	D+	"31811.814"	"77742.736"	"3d7"	"b 2F"	"5/2"	"3d6.(1D2).4p"	"v 2F*"	"5/2"		"T6892c83"	"L18349c139"	
"217.70317"	"0.00003"	"217.703150"	"0.000015"	"9000"	"1.9e+07"	"1.3e-02"	"-1.57"	D+	"18886.773"	"64806.494"	"3d7"	"a 2P"	"1/2"	"3d6.(3P2).4p"	"z 2P*"	"1/2"		"T6892c83"	"L18349c139"	
"217.72579"	"0.00003"	"217.725783"	"0.000010"	"1700"	"8.e+06"	"5.6e-03"	"-1.25"	D+	"60807.239"	"106722.187"	"3d6.(3H).4p"	"z 4G*"	"9/2"	"3d6.(3H).4d"	"4F"	"9/2"		"T6892c83"	"L18349c139"	
"217.74930"	"0.00003"	"217.749303"	"0.000010"	"1900"	"1.3e+07"	"7.1e-03"	"-1.25"	D+	"60956.781"	"106866.770"	"3d6.(3H).4p"	"z 4G*"	"7/2"	"3d6.(3F2).4d"	"4F"	"5/2"		"T6892c83"	"L18349c139"	
"217.98375"	"0.00008"	"217.983679"	"0.000010"	"500"	"5.8e+06"	"4.1e-03"	"-1.48"	D+	"64040.891"	"109901.523"	"3d6.(3F2).4p"	"y 4G*"	"7/2"	"3d6.(3G).4d"	"2G"	"7/2"		"T6892c83"	"L18349c139"	
"217.98820"	"0.00005"	"217.988271"	"0.000015"	"700"	"1.1e+07"	"8.e-03"	"-1.20"	D+	"62945.045"	"108804.711"	"3d6.(3F2).4p"	"x 4D*"	"7/2"	"3d6.(3D).5s"	"4D"	"7/2"		"T6892c83"	"L18349c139"	
"218.08236"	"0.00005"	"218.082286"	"0.000010"	"900"	"1.5e+06"	"8.e-04"	"-2.2"	D	"60956.781"	"106796.679"	"3d6.(3H).4p"	"z 4G*"	"7/2"	"3d6.(5D).5d"	"4P"	"5/2"		"T6892c83"	"L18349c139"	
"218.15305"	"0.00006"	"218.153022"	"0.000010"	"800"	"6.0e+06"	"4.3e-03"	"-1.59"	D+	"61041.734"	"106866.770"	"3d6.(3H).4p"	"z 4G*"	"5/2"	"3d6.(3F2).4d"	"4F"	"5/2"		"T6892c83"	"L18349c139"	
"218.22252"	"0.00003"	"218.222513"	"0.000010"	"1500"	"6.2e+06"	"4.4e-03"	"-1.45"	D+	"60956.781"	"106767.226"	"3d6.(3H).4p"	"z 4G*"	"7/2"	"3d6.(3F2).4d"	"4F"	"7/2"		"T6892c83"	"L18349c139"	
"218.23605"	"0.00004"	"218.236065"	"0.000010"	"7000"	"8.6e+06"	"4.94e-03"	"-1.306"	C	"38458.9934"	"84266.594"	"3d6.(5D).4p"	"z 6D*"	"9/2"	"3d6.(5D).4d"	"6P"	"7/2"		"T7186"	"L18349c139"	
"218.24889"	"0.00004"	"218.248862"	"0.000010"	"1200"	"8.e+06"	"3.8e-03"	"-1.64"	D+	"61041.734"	"106846.649"	"3d6.(3H).4p"	"z 4G*"	"5/2"	"3d6.(5D).5d"	"4F"	"3/2"		"T6892c83"	"L18349c139"	
"218.37045"	"0.00002"	"218.370458"	"0.000011"	"1400"	"9.e+07"	"4.7e-02"	"-0.43"	D+	"64286.354"	"110065.766"	"3d6.(3F2).4p"	"z 2F*"	"7/2"	"3d6.(3G).4d"	"2D"	"5/2"		"T6892c83"	"L18349c139"	
"218.38341"	"0.00005"	"218.383340"	"0.000015"	"6000"	"8.e+06"	"7.5e-03"	"-1.22"	D+	"27314.9183"	"73091.630"	"3d6.(3F2).4s"	"a 2F"	"7/2"	"3d6.(1G2).4p"	"w 2G*"	"9/2"		"T6892c83"	"L18349c139"	
"218.39935"	"0.00005"	"218.399314"	"0.000010"	"900"	"1.5e+06"	"1.1e-03"	"-2.2"	D	"61093.406"	"106866.770"	"3d6.(3P2).4p"	"z 2D*"	"5/2"	"3d6.(3F2).4d"	"4F"	"5/2"		"T6892c83"	"L18349c139"	
"218.49537"	"0.00007"	"218.495370"	"0.000010"	"800"	"9.e+06"	"4.5e-03"	"-1.57"	D+	"61093.406"	"106846.649"	"3d6.(3P2).4p"	"z 2D*"	"5/2"	"3d6.(5D).5d"	"4F"	"3/2"		"T6892c83"	"L18349c139"	
"218.6767"	"0.0005"	"218.675976"	"0.000019"	"1000bl(Fe I)"	"6.e+06"	"2.7e-03"	"-1.8"	D	"50142.811"	"95858.270"	"3d6.(3F1).4s"	"c 4F"	"5/2"	"3d5.(4P).4s.4p.(3P*)"	"4D*"	"3/2"		"T6892c83"	"L18349c143"	
"218.68427"	"0.00009"	"218.684352"	"0.000011"	"1700"	"1.2e+06"	"1.1e-03"	"-2.1"	D	"16369.4098"	"62083.118"	"3d7"	"a 2G"	"7/2"	"3d6.(3H).4p"	"z 2G*"	"9/2"		"T6892c83"	"L18349c139"	
"218.70236"	"0.00009"	"218.702367"	"0.000010"	"500"	"2.3e+06"	"1.2e-03"	"-2.0"	D	"61156.827"	"106866.770"	"3d6.(3H).4p"	"z 4H*"	"7/2"	"3d6.(3F2).4d"	"4F"	"5/2"		"T6892c83"	"L18349c139"	
"218.7299"	"0.0005"	"218.729708"	"0.000019"	"2000"	"1.7e+07"	"1.2e-02"	"-1.15"	D+	"38164.220"	"83868.450"	"3d6.(1D2).4s"	"c 2D"	"5/2"	"3d6.(1F).4p"	"v 2D*"	"5/2"		"T6892c83"	"L18349c143"	
"218.74380"	"0.00004"	"218.743897"	"0.000011"	"8000"	"9.e+06"	"6.4e-03"	"-1.29"	D+	"27314.9183"	"73016.184"	"3d6.(3F2).4s"	"a 2F"	"7/2"	"3d6.(1G2).4p"	"x 2F*"	"7/2"		"T6892c83"	"L18349c139"	
"218.76851"	"0.00003"	"218.768540"	"0.000011"	"7000"	"2.9e+06"	"2.06e-03"	"-1.78"	B	"16369.4098"	"62065.528"	"3d7"	"a 2G"	"7/2"	"3d6.(3F2).4p"	"y 4F*"	"7/2"		"T7461"	"L18349c139"	
"218.78573"	"0.00007"	"218.785717"	"0.000015"	"5000"	"3.0e+06"	"3.3e-03"	"-1.9"	D	"21307.999"	"67000.530"	"3d7"	"a 2D2"	"3/2"	"3d6.(3F2).4p"	"y 2D*"	"5/2"		"T6892c83"	"L18349c139"	
"218.90334"	"0.00004"	"218.903341"	"0.000011"	"5000"	"1.97e+06"	"1.41e-03"	"-1.85"	C	"15844.6485"	"61512.630"	"3d7"	"a 2G"	"9/2"	"3d6.(3H).4p"	"z 4I*"	"9/2"		"T7158"	"L18349c139"	
"219.03828"	"0.00006"	"219.038273"	"0.000011"	"800"	"2.4e+06"	"1.3e-03"	"-2.0"	D	"61156.827"	"106796.679"	"3d6.(3H).4p"	"z 4H*"	"7/2"	"3d6.(5D).5d"	"4P"	"5/2"		"T6892c83"	"L18349c139"	
"219.198289"	"0.000012"	"219.198278"	"0.000010"	"33000"	"7.54e+07"	"5.43e-02"	"-0.362"	C+	"38660.0537"	"84266.594"	"3d6.(5D).4p"	"z 6D*"	"7/2"	"3d6.(5D).4d"	"6P"	"7/2"		"T7186"	"L18349c139"	
"219.29486"	"0.00007"	"219.294621"	"0.000011"	"500"	"4.2e+06"	"2.0e-03"	"-1.9"	D	"63272.981"	"108859.487"	"3d6.(3F2).4p"	"x 4D*"	"5/2"	"3d6.(3G).4d"	"4D"	"3/2"		"T6892c83"	"L18349c148"	
"219.3961"	"0.0003"	"219.395957"	"0.000010"	"900"	"3.7e+06"	"1.8e-03"	"-2.0"	D	"38858.9696"	"84424.422"	"3d6.(5D).4p"	"z 6D*"	"5/2"	"3d6.(5D).4d"	"6P"	"3/2"		"T6892c83"	"L18349c139"	
"219.72974"	"0.00014"	"219.72976"	"0.00014"	"800"	"1.1e+07"	"5.8e-03"	"-1.33"	D+	"54904.241"	"100400.48"	"3d6.(3F1).4s"	"d 2F"	"7/2"	"3d5.(4P).4s.4p.(3P*)"	"2D*"	"5/2"		"T6892c83"	"L18349c139"	
"219.866258"	"0.000016"	"219.866254"	"0.000010"	"22000"	"8.e+07"	"5.7e-02"	"-0.47"	D+	"38858.9696"	"84326.967"	"3d6.(5D).4p"	"z 6D*"	"5/2"	"3d6.(5D).4d"	"6P"	"5/2"		"T6892c83"	"L18349c139"	
"219.88596"	"0.00005"	"219.885945"	"0.000012"	"1100"	"1.0e+07"	"1.1e-02"	"-1.38"	D+	"61332.753"	"106796.679"	"3d6.(3P2).4p"	"y 4P*"	"3/2"	"3d6.(5D).5d"	"4P"	"5/2"		"T6892c83"	"L18349c139"	
"220.02821"	"0.00004"	"220.028324"	"0.000015"	"9000"	"1.5e+07"	"1.1e-02"	"-1.19"	D+	"27620.4033"	"73054.913"	"3d6.(3F2).4s"	"a 2F"	"5/2"	"3d6.(1G2).4p"	"x 2F*"	"5/2"		"T6892c83"	"L18349c148"	
"220.08516"	"0.00006"	"220.084931"	"0.000012"	"700"	"4.1e+06"	"1.5e-03"	"-2.2"	D	"59663.440"	"105086.265"	"3d6.(3P2).4p"	"z 4S*"	"3/2"	"3d6.(3F2).4d"	"4P"	"1/2"		"T6892c83"	"L18349c148"	
"220.09716"	"0.00008"	"220.097172"	"0.000012"	"500bl(Fe II)*"	"6.1e+06"	"4.5e-03"	"-1.45"	D+	"62945.045"	"108365.344"	"3d6.(3F2).4p"	"x 4D*"	"7/2"	"3d6.(3G).4d"	"4D"	"7/2"		"T6892c83"	"L18349c148"	
"220.11769"	"0.00005"	"220.117697"	"0.000012"	"800"	"1.7e+07"	"8.e-03"	"-1.30"	D+	"62689.874"	"108105.938"	"3d6.(3P2).4p"	"y 4D*"	"5/2"	"3d6.(3F2).4d"	"2P"	"3/2"		"T6892c83"	"L18349c139"	
"220.14126"	"0.00002"	"220.141248"	"0.000010"	"14000"	"5.1e+07"	"3.7e-02"	"-0.83"	D+	"39013.2160"	"84424.422"	"3d6.(5D).4p"	"z 6D*"	"3/2"	"3d6.(5D).4d"	"6P"	"3/2"		"T6892c83"	"L18349c139"	
"220.158616"	"0.000012"	"220.158613"	"0.000010"	"34000"	"7.77e+07"	"7.53e-02"	"-0.345"	C+	"38858.9696"	"84266.594"	"3d6.(5D).4p"	"z 6D*"	"5/2"	"3d6.(5D).4d"	"6P"	"7/2"		"T7186"	"L18349c139"	
"220.21628"	"0.00007"	"220.216058"	"0.000012"	"2300"	"1.2e+06"	"1.1e-03"	"-2.2"	D	"27620.4033"	"73016.184"	"3d6.(3F2).4s"	"a 2F"	"5/2"	"3d6.(1G2).4p"	"x 2F*"	"7/2"		"T6892c83"	"L18349c148"	
"220.34372"	"0.00007"	"220.343784"	"0.000012"	"500"	"7.0e+06"	"5.1e-03"	"-1.52"	D+	"63272.981"	"108642.450"	"3d6.(3F2).4p"	"x 4D*"	"5/2"	"3d6.(3G).4d"	"4D"	"5/2"		"T6892c83"	"L18349c139"	
"220.36118"	"0.00003"	"220.361184"	"0.000015"	"1100"	"1.0e+07"	"5.3e-03"	"-1.37"	D+	"64286.354"	"109652.241"	"3d6.(3F2).4p"	"z 2F*"	"7/2"	"3d6.(3D).5s"	"2D"	"5/2"		"T6892c83"	"L18349c139"	
"220.49244"	"0.00011"	"220.492547"	"0.000011"	"400"	"1.9e+06"	"1.7e-03"	"-1.9"	D	"64286.354"	"109625.216"	"3d6.(3F2).4p"	"z 2F*"	"7/2"	"3d6.(3G).4d"	"2G"	"9/2"		"T6892c83"	"L18349c139"	
"220.50151"	"0.00009"	"220.501625"	"0.000012"	"4000"	"1.6e+06"	"1.2e-03"	"-2.0"	D	"27314.9183"	"72651.914"	"3d6.(3F2).4s"	"a 2F"	"7/2"	"3d6.(3D).4p"	"w 4D*"	"7/2"		"T6892c83"	"L18349c139"	
"220.608158"	"0.000012"	"220.608151"	"0.000011"	"34000"	"2.07e+08"	"3.0e-01"	"-0.22"	C+	"39109.3161"	"84424.422"	"3d6.(5D).4p"	"z 6D*"	"1/2"	"3d6.(5D).4d"	"6P"	"3/2"		"T6892c83"	"L18349c139"	
"220.614762"	"0.000011"	"220.614748"	"0.000010"	"50000"	"1.84e+08"	"2.01e-01"	"-0.09"	C+	"39013.2160"	"84326.967"	"3d6.(5D).4p"	"z 6D*"	"3/2"	"3d6.(5D).4d"	"6P"	"5/2"		"T6892c83"	"L18349c139"	
"220.65901"	"0.00005"	"220.659022"	"0.000015"	"5000"	"6.e+06"	"4.5e-03"	"-1.7"	D	"21307.999"	"66612.659"	"3d7"	"a 2D2"	"3/2"	"3d6.(3G).4p"	"x 4F*"	"3/2"		"T6892c83"	"L18349c139"	
"220.78327"	"0.00015"	"220.783167"	"0.000015"	"400"	"5.e+06"	"2.5e-03"	"-1.8"	D	"62151.554"	"107430.742"	"3d6.(3F2).4p"	"y 4F*"	"5/2"	"3d6.(3F2).4d"	"2D"	"3/2"		"T6892c83"	"L18349c139"	
"220.840556"	"0.000011"	"220.840556"	"0.000010"	"80000"	"1.59e+08"	"1.17e-01"	"0.067"	C+	"38458.9934"	"83726.416"	"3d6.(5D).4p"	"z 6D*"	"9/2"	"3d6.(5D).4d"	"6D"	"9/2"		"T7186"	"L18349c139"	
"220.85421"	"0.00019"	"220.854124"	"0.000012"	"330"	"1.9e+06"	"1.8e-03"	"-2.0"	D	"63272.981"	"108537.623"	"3d6.(3F2).4p"	"x 4D*"	"5/2"	"3d6.(3G).4d"	"4G"	"7/2"		"T6892c83"	"L18349c139"	
"220.89523"	"0.00008"	"220.895013"	"0.000011"	"500"	"8.e+06"	"6.1e-03"	"-1.44"	D+	"62151.554"	"107407.818"	"3d6.(3F2).4p"	"y 4F*"	"5/2"	"3d6.(3F2).4d"	"2D"	"5/2"		"T6892c83"	"L18349c139"	
"220.903199"	"0.000011"	"220.903187"	"0.000010"	"60000"	"1.27e+08"	"7.46e-02"	"-0.127"	C+	"38458.9934"	"83713.583"	"3d6.(5D).4p"	"z 6D*"	"9/2"	"3d6.(5D).4d"	"6D"	"7/2"		"T7186"	"L18349c139"	
"220.97534"	"0.00006"	"220.975319"	"0.000011"	"4000"	"1.6e+06"	"1.2e-03"	"-1.8"	D	"20340.2461"	"65580.065"	"3d7"	"a 2H"	"11/2"	"3d6.(3G).4p"	"x 4G*"	"11/2"		"T6892c83"	"L18349c139"	
"221.01492"	"0.00013"	"221.015002"	"0.000012"	"290"	"9.e+06"	"1.0e-02"	"-1.40"	D+	"64834.069"	"110065.766"	"3d6.(3P2).4p"	"z 2P*"	"3/2"	"3d6.(3G).4d"	"2D"	"5/2"		"T6892c83"	"L18349c139"	
"221.10007"	"0.00008"	"221.099996"	"0.000015"	"2900"	"1.1e+06"	"1.2e-03"	"-2.3"	D	"21307.999"	"66522.310"	"3d7"	"a 2D2"	"3/2"	"3d6.(3G).4p"	"x 4F*"	"5/2"		"T6892c83"	"L18349c139"	
"221.10950"	"0.00011"	"221.109563"	"0.000015"	"3300"	"6.6e+06"	"3.9e-03"	"-1.41"	D+	"30388.5451"	"75600.900"	"3d6.(3G).4s"	"b 2G"	"9/2"	"3d6.(3D).4p"	"w 2F*"	"7/2"		"T6892c83"	"L18349c139"	
"221.11149"	"0.00005"	"221.111500"	"0.000011"	"5000"	"2.8e+06"	"1.7e-03"	"-1.61"	D+	"21251.5833"	"66463.542"	"3d6.(3H).4s"	"a 4H"	"13/2"	"3d6.(3G).4p"	"y 4H*"	"11/2"		"T6892c83"	"L18349c139"	
"221.17795"	"0.00009"	"221.177974"	"0.000011"	"500"	"7.6e+06"	"6.9e-03"	"-1.26"	D+	"61726.069"	"106924.441"	"3d6.(3P2).4p"	"y 4D*"	"7/2"	"3d6.(3F2).4d"	"2G"	"9/2"		"T6892c83"	"L18349c139"	
"221.18366"	"0.00014"	"221.183876"	"0.000020"	"400"	"7.1e+06"	"5.2e-03"	"-1.68"	D+	"63465.134"	"108662.300"	"3d6.(3F2).4p"	"x 4D*"	"3/2"	"3d6.(3D).5s"	"4D"	"3/2"		"T6892c83"	"L18349c146"	
"221.2208"	"0.0005"	"221.221087"	"0.000015"	"1100"	"2.2e+06"	"1.2e-03"	"-2.0"	D	"33501.2957"	"78690.860"	"3d6.(1G2).4s"	"c 2G"	"7/2"	"3d6.(1D2).4p"	"w 2D*"	"5/2"		"T6892c83"	"L18349c142"	
"221.23742"	"0.00006"	"221.237427"	"0.000015"	"900"	"2.1e+07"	"1.6e-02"	"-1.21"	D+	"62244.515"	"107430.742"	"3d6.(3F2).4p"	"y 4F*"	"3/2"	"3d6.(3F2).4d"	"2D"	"3/2"		"T6892c83"	"L18349c139"	
"221.28113"	"0.00010"	"221.281069"	"0.000012"	"330"	"3.5e+06"	"3.8e-03"	"-1.8"	D	"63465.134"	"108642.450"	"3d6.(3F2).4p"	"x 4D*"	"3/2"	"3d6.(3G).4d"	"4D"	"5/2"		"T6892c83"	"L18349c139"	
"221.28579"	"0.00014"	"221.285757"	"0.000011"	"400"	"3.9e+06"	"2.9e-03"	"-1.54"	D+	"64831.951"	"110008.310"	"3d6.(3F2).4p"	"y 2G*"	"9/2"	"3d6.(3G).4d"	"2H"	"9/2"		"T6892c83"	"L18349c139"	
"221.29571"	"0.00009"	"221.295825"	"0.000011"	"600"	"7.2e+06"	"5.3e-03"	"-1.37"	D+	"61726.069"	"106900.373"	"3d6.(3P2).4p"	"y 4D*"	"7/2"	"3d6.(3F2).4d"	"2G"	"7/2"		"T6892c83"	"L18349c139"	
"221.365297"	"0.000011"	"221.365294"	"0.000010"	"40000"	"3.3e+07"	"2.4e-02"	"-0.47"	D+	"21251.5833"	"66411.712"	"3d6.(3H).4s"	"a 4H"	"13/2"	"3d6.(3G).4p"	"y 4H*"	"13/2"		"T6892c83"	"L18349c139"	
"221.37221"	"0.00005"	"221.372369"	"0.000011"	"7000bl(Ne)"	"4.6e+06"	"2.8e-03"	"-1.47"	D+	"21430.3564"	"66589.042"	"3d6.(3H).4s"	"a 4H"	"11/2"	"3d6.(3G).4p"	"y 4H*"	"9/2"		"T6892c83"	"L18349c148"	
"221.403689"	"0.000011"	"221.403688"	"0.000009"	"50000"	"2.00e+08"	"1.11e-01"	"-0.05"	C+	"38660.0537"	"83812.352"	"3d6.(5D).4p"	"z 6D*"	"7/2"	"3d6.(5D).4d"	"6D"	"5/2"		"T6892c83"	"L18349c139"	
"221.41194"	"0.00009"	"221.411986"	"0.000012"	"4000"	"1.2e+07"	"6.6e-03"	"-1.28"	D+	"30764.4737"	"75915.080"	"3d6.(3G).4s"	"b 2G"	"7/2"	"3d6.(3D).4p"	"w 2F*"	"5/2"		"T6892c83"	"L18349c139"	
"221.44048"	"0.00008"	"221.440487"	"0.000011"	"2800"	"1.0e+06"	"7.e-04"	"-2.1"	D	"15844.6485"	"60989.444"	"3d7"	"a 2G"	"9/2"	"3d6.(3H).4p"	"z 4H*"	"9/2"		"T6892c83"	"L18349c139"	
"221.507514"	"0.000011"	"221.507514"	"0.000010"	"40000"	"2.4e+08"	"1.20e-01"	"-0.14"	C+	"38858.9696"	"83990.106"	"3d6.(5D).4p"	"z 6D*"	"5/2"	"3d6.(5D).4d"	"6D"	"3/2"		"T6892c83"	"L18349c139"	
"221.570029"	"0.000014"	"221.570010"	"0.000010"	"27000"	"3.0e+08"	"1.10e-01"	"-0.36"	C+	"39013.2160"	"84131.624"	"3d6.(5D).4p"	"z 6D*"	"3/2"	"3d6.(5D).4d"	"6D"	"1/2"		"T6892c83"	"L18349c139"	
"221.70608"	"0.00004"	"221.706074"	"0.000010"	"6000"	"4.1e+06"	"2.4e-03"	"-1.61"	D+	"21581.6151"	"66672.336"	"3d6.(3H).4s"	"a 4H"	"9/2"	"3d6.(3G).4p"	"y 4H*"	"7/2"		"T6892c83"	"L18349c139"	
"221.73238"	"0.00010"	"221.732375"	"0.000011"	"400"	"5.0e+06"	"2.7e-03"	"-1.66"	D+	"62322.445"	"107407.818"	"3d6.(3H).4p"	"z 2G*"	"7/2"	"3d6.(3F2).4d"	"2D"	"5/2"		"T6892c83"	"L18349c139"	
"221.80512"	"0.00004"	"221.805012"	"0.000011"	"1200"	"8.e+06"	"4.3e-03"	"-1.46"	D+	"61726.069"	"106796.679"	"3d6.(3P2).4p"	"y 4D*"	"7/2"	"3d6.(5D).5d"	"4P"	"5/2"		"T6892c83"	"L18349c139"	
"221.825921"	"0.000011"	"221.825920"	"0.000009"	"80000"	"1.57e+08"	"1.45e-01"	"0.064"	C+	"38660.0537"	"83726.416"	"3d6.(5D).4p"	"z 6D*"	"7/2"	"3d6.(5D).4d"	"6D"	"9/2"		"T7186"	"L18349c139"	
"221.84813"	"0.00014"	"221.847883"	"0.000011"	"320"	"9.e+05"	"8.e-04"	"-2.2"	D	"60956.781"	"106018.682"	"3d6.(3H).4p"	"z 4G*"	"7/2"	"3d6.(3H).4d"	"2H"	"9/2"		"T6892c83"	"L18349c139"	
"221.88906"	"0.00007"	"221.889111"	"0.000010"	"4000"	"1.7e+06"	"1.3e-03"	"-2.0"	D	"38660.0537"	"83713.583"	"3d6.(5D).4p"	"z 6D*"	"7/2"	"3d6.(5D).4d"	"6D"	"7/2"		"T6892c83"	"L18349c139"	
"221.91561"	"0.00005"	"221.915590"	"0.000015"	"1000"	"1.1e+06"	"1.0e-03"	"-2.1"	D	"62171.624"	"107219.778"	"3d5.(6S).4s.4p.(3P*)"	"y 6P*"	"7/2"	"3d5.(6S).4p2"	"8P"	"9/2"		"T6892c83"	"L18349c139"	
"221.95005"	"0.00003"	"221.950067"	"0.000010"	"1400"	"5.8e+06"	"4.3e-03"	"-1.46"	D+	"61726.069"	"106767.226"	"3d6.(3P2).4p"	"y 4D*"	"7/2"	"3d6.(3F2).4d"	"4F"	"7/2"		"T6892c83"	"L18349c139"	
"221.96986"	"0.00007"	"221.969926"	"0.000010"	"4000"	"3.3e+06"	"2.5e-03"	"-1.70"	D+	"27314.9183"	"72352.046"	"3d6.(3F2).4s"	"a 2F"	"7/2"	"3d6.(3D).4p"	"w 4F*"	"7/2"		"T6892c83"	"L18349c139"	
"221.989364"	"0.000014"	"221.989359"	"0.000011"	"23000"	"2.4e+07"	"1.8e-02"	"-0.67"	D+	"21430.3564"	"66463.542"	"3d6.(3H).4s"	"a 4H"	"11/2"	"3d6.(3G).4p"	"y 4H*"	"11/2"		"T6892c83"	"L18349c139"	
"222.037807"	"0.000011"	"222.037805"	"0.000011"	"40000"	"4.2e+07"	"3.1e-02"	"-0.43"	D+	"20340.2461"	"65363.607"	"3d7"	"a 2H"	"11/2"	"3d6.(3H).4p"	"z 2H*"	"11/2"		"T6892c83"	"L18349c139"	
"222.04300"	"0.00002"	"222.042998"	"0.000011"	"14000"	"1.6e+08"	"1.2e-01"	"-0.63"	D+	"39109.3161"	"84131.624"	"3d6.(5D).4p"	"z 6D*"	"1/2"	"3d6.(5D).4d"	"6D"	"1/2"		"T6892c83"	"L18349c139"	
"222.0520"	"0.0005"	"222.05108"	"0.00003"	"1000"	"4.1e+06"	"4.6e-03"	"-1.7"	D	"47674.728"	"92695.398"	"3d7"	"d 2D1"	"3/2"	"3d6.(3P1).4p"	"u 2D*"	"5/2"		"T6892c83"	"L18349c142"	
"222.116439"	"0.000015"	"222.116421"	"0.000010"	"21000"	"2.5e+07"	"1.8e-02"	"-0.73"	D+	"21581.6151"	"66589.042"	"3d6.(3H).4s"	"a 4H"	"9/2"	"3d6.(3G).4p"	"y 4H*"	"9/2"		"T6892c83"	"L18349c139"	
"222.17226"	"0.00002"	"222.172251"	"0.000011"	"2100"	"1.3e+07"	"1.2e-02"	"-1.03"	D+	"61726.069"	"106722.187"	"3d6.(3P2).4p"	"y 4D*"	"7/2"	"3d6.(3H).4d"	"4F"	"9/2"		"T6892c83"	"L18349c139"	
"222.24519"	"0.00005"	"222.245173"	"0.000010"	"5000"	"2.6e+06"	"2.2e-03"	"-1.57"	D+	"21430.3564"	"66411.712"	"3d6.(3H).4s"	"a 4H"	"11/2"	"3d6.(3G).4p"	"y 4H*"	"13/2"		"T6892c83"	"L18349c139"	
"222.26727"	"0.00003"	"222.267241"	"0.000010"	"9000"	"6.0e+07"	"4.5e-02"	"-0.75"	D+	"39013.2160"	"83990.106"	"3d6.(5D).4p"	"z 6D*"	"3/2"	"3d6.(5D).4d"	"6D"	"3/2"		"T6892c83"	"L18349c139"	
"222.2876"	"0.0005"	"222.287145"	"0.000015"	"400d?"	"5.e+06"	"4.0e-03"	"-1.8"	D	"47674.728"	"92647.591"	"3d7"	"d 2D1"	"3/2"	"3d6.(3F1).4p"	"4D*"	"3/2"		"T6892c83"	"L18349c142"	
"222.348571"	"0.000014"	"222.348573"	"0.000010"	"21000"	"3.0e+07"	"2.2e-02"	"-0.75"	D+	"21711.8963"	"66672.336"	"3d6.(3H).4s"	"a 4H"	"7/2"	"3d6.(3G).4p"	"y 4H*"	"7/2"		"T6892c83"	"L18349c139"	
"222.37022"	"0.00005"	"222.370162"	"0.000011"	"800bl(Fe II)*"	"1.2e+07"	"6.6e-03"	"-1.28"	D+	"65109.691"	"110065.766"	"3d6.(3F2).4p"	"y 2G*"	"7/2"	"3d6.(3G).4d"	"2D"	"5/2"		"T6892c83"	"L18349c148"	
"222.37022"	"0.00005"	"222.370301"	"0.000009"	"800bl(Fe II)*"	"4.6e+06"	"4.1e-03"	"-1.39"	D+	"60807.239"	"105763.286"	"3d6.(3H).4p"	"z 4G*"	"9/2"	"3d6.(3F2).4d"	"2H"	"11/2"		"T6892c83"	"L18349c148"	
"222.38349"	"0.00006"	"222.383483"	"0.000009"	"5000"	"2.7e+07"	"2.0e-02"	"-0.93"	D+	"38858.9696"	"83812.352"	"3d6.(5D).4p"	"z 6D*"	"5/2"	"3d6.(5D).4d"	"6D"	"5/2"		"T6892c83"	"L18349c139"	
"222.44644"	"0.00003"	"222.446232"	"0.000010"	"9000bl(Fe II)*"	"5.6e+06"	"5.2e-03"	"-1.38"	D+	"61156.827"	"106097.530"	"3d6.(3H).4p"	"z 4H*"	"7/2"	"3d6.(3F2).4d"	"2H"	"9/2"		"T6892c83"	"L18349c148"	
"222.44644"	"0.00003"	"222.446504"	"0.000015"	"9000bl(Fe II)*"	"2.5e+07"	"9.e-03"	"-1.43"	D+	"21307.999"	"66248.647"	"3d7"	"a 2D2"	"3/2"	"3d6.(3P2).4p"	"z 2S*"	"1/2"		"T6892c83"	"L18349c148"	
"222.4598"	"0.0004"	"222.45957"	"0.00003"	"400"	"1.7e+07"	"1.7e-02"	"-1.00"	D+	"54870.541"	"99808.549"	"3d6.(3F1).4s"	"d 2F"	"5/2"	"3d6.(1G1).4p"	"2G*"	"7/2"		"T6892c83"	"L18349c139"	
"222.4660"	"0.0005"	"222.466886"	"0.000020"	"400d?"	"9.e+05"	"9.e-04"	"-2.3"	D	"50142.811"	"95079.342"	"3d6.(3F1).4s"	"c 4F"	"5/2"	"3d6.(3F1).4p"	"2F*"	"7/2"		"T6892c83"	"L18349c142"	
"222.49138"	"0.00010"	"222.491412"	"0.000010"	"400"	"5.e+06"	"2.0e-03"	"-2.1"	D	"62244.515"	"107176.093"	"3d6.(3F2).4p"	"y 4F*"	"3/2"	"3d6.(5D).5d"	"4P"	"1/2"		"T6892c83"	"L18349c139"	
"222.6272"	"0.0005"	"222.62654"	"0.00003"	"400"	"2.7e+06"	"2.0e-03"	"-1.8"	D	"54904.241"	"99808.549"	"3d6.(3F1).4s"	"d 2F"	"7/2"	"3d6.(1G1).4p"	"2G*"	"7/2"		"T6892c83"	"L18349c142"	
"222.71819"	"0.00005"	"222.718176"	"0.000010"	"6000"	"1.0e+07"	"5.9e-03"	"-1.15"	D+	"25428.7893"	"70314.624"	"3d6.(3G).4s"	"a 4G"	"11/2"	"3d6.(3G).4p"	"x 2G*"	"9/2"		"T6892c83"	"L18349c139"	
"222.73754"	"0.00006"	"222.737570"	"0.000011"	"5000"	"2.5e+06"	"2.2e-03"	"-1.66"	D+	"21581.6151"	"66463.542"	"3d6.(3H).4s"	"a 4H"	"9/2"	"3d6.(3G).4p"	"y 4H*"	"11/2"		"T6892c83"	"L18349c139"	
"222.743223"	"0.000017"	"222.743213"	"0.000011"	"20000"	"8.e+07"	"1.2e-01"	"-0.63"	D+	"39109.3161"	"83990.106"	"3d6.(5D).4p"	"z 6D*"	"1/2"	"3d6.(5D).4d"	"6D"	"3/2"		"T6892c83"	"L18349c139"	
"222.76128"	"0.00008"	"222.761303"	"0.000010"	"3400"	"2.3e+06"	"2.1e-03"	"-1.8"	D	"21711.8963"	"66589.042"	"3d6.(3H).4s"	"a 4H"	"7/2"	"3d6.(3G).4p"	"y 4H*"	"9/2"		"T6892c83"	"L18349c139"	
"222.8459"	"0.0005"	"222.845473"	"0.000015"	"600"	"4.2e+07"	"3.1e-02"	"-0.73"	D+	"48039.109"	"92899.306"	"3d7"	"d 2D1"	"5/2"	"3d6.(3F1).4p"	"4D*"	"5/2"		"T6892c83"	"L18349c142"	
"222.85174"	"0.00014"	"222.851852"	"0.000010"	"300bl(Fe I)"	"1.8e+06"	"1.6e-03"	"-1.9"	D	"62065.528"	"106924.441"	"3d6.(3F2).4p"	"y 4F*"	"7/2"	"3d6.(3F2).4d"	"2G"	"9/2"		"T6892c83"	"L18349c146"	
"222.873223"	"0.000011"	"222.873216"	"0.000010"	"60000"	"1.59e+08"	"1.58e-01"	"-0.022"	C+	"38858.9696"	"83713.583"	"3d6.(5D).4p"	"z 6D*"	"5/2"	"3d6.(5D).4d"	"6D"	"7/2"		"T7186"	"L18349c139"	
"222.97147"	"0.00007"	"222.971494"	"0.000010"	"800"	"2.3e+07"	"1.7e-02"	"-0.87"	D+	"62065.528"	"106900.373"	"3d6.(3F2).4p"	"y 4F*"	"7/2"	"3d6.(3F2).4d"	"2G"	"7/2"		"T6892c83"	"L18349c139"	
"222.98096"	"0.00016"	"222.980885"	"0.000012"	"210"	"3.2e+06"	"1.6e-03"	"-2.0"	D	"63272.981"	"108105.938"	"3d6.(3F2).4p"	"x 4D*"	"5/2"	"3d6.(3F2).4d"	"2P"	"3/2"		"T6892c83"	"L18349c139"	
"223.03819"	"0.00006"	"223.038206"	"0.000010"	"900"	"9.e+06"	"6.5e-03"	"-1.58"	D+	"62244.515"	"107065.951"	"3d6.(3F2).4p"	"y 4F*"	"3/2"	"3d6.(5D).5d"	"4P"	"3/2"		"T6892c83"	"L18349c139"	
"223.149255"	"0.000013"	"223.149240"	"0.000009"	"34000"	"1.10e+08"	"1.23e-01"	"-0.31"	C+	"39013.2160"	"83812.352"	"3d6.(5D).4p"	"z 6D*"	"3/2"	"3d6.(5D).4d"	"6D"	"5/2"		"T6892c83"	"L18349c139"	
"223.17848"	"0.00004"	"223.178491"	"0.000010"	"900"	"4.1e+07"	"3.1e-02"	"-0.51"	D+	"64831.951"	"109625.216"	"3d6.(3F2).4p"	"y 2G*"	"9/2"	"3d6.(3G).4d"	"2G"	"9/2"		"T6892c83"	"L18349c139"	
"223.18567"	"0.00005"	"223.185631"	"0.000012"	"700"	"3.6e+07"	"2.7e-02"	"-0.66"	D+	"65109.691"	"109901.523"	"3d6.(3F2).4p"	"y 2G*"	"7/2"	"3d6.(3G).4d"	"2G"	"7/2"		"T6892c83"	"L18349c139"	
"223.31287"	"0.00004"	"223.312861"	"0.000010"	"1200"	"4.1e+07"	"3.1e-02"	"-0.51"	D+	"62158.126"	"106924.441"	"3d6.(3F2).4p"	"y 4F*"	"9/2"	"3d6.(3F2).4d"	"2G"	"9/2"		"T6892c83"	"L18349c139"	
"223.3201"	"0.0003"	"223.320025"	"0.000015"	"400"	"2.4e+06"	"2.4e-03"	"-1.8"	D	"54870.541"	"99635.420"	"3d6.(3F1).4s"	"d 2F"	"5/2"	"3d5.(4G).4s.4p.(3P*)"	"2G*"	"7/2"		"T6892c83"	"L18349c139"	
"223.391742"	"0.000011"	"223.391749"	"0.000011"	"34000"	"4.0e+07"	"3.0e-02"	"-0.53"	D+	"20805.7632"	"65556.271"	"3d7"	"a 2H"	"9/2"	"3d6.(3H).4p"	"z 2H*"	"9/2"		"T6892c83"	"L18349c139"	
"223.43293"	"0.00005"	"223.432998"	"0.000010"	"800"	"1.8e+07"	"1.1e-02"	"-0.97"	D+	"62158.126"	"106900.373"	"3d6.(3F2).4p"	"y 4F*"	"9/2"	"3d6.(3F2).4d"	"2G"	"7/2"		"T6892c83"	"L18349c139"	
"223.43848"	"0.00008"	"223.438397"	"0.000010"	"700"	"5.9e+06"	"6.7e-03"	"-1.57"	D+	"62125.604"	"106866.770"	"3d6.(3P2).4p"	"z 2D*"	"3/2"	"3d6.(3F2).4d"	"4F"	"5/2"		"T6892c83"	"L18349c139"	
"223.488419"	"0.000013"	"223.488428"	"0.000009"	"5000bl(Fe II)*"	"4.7e+07"	"2.7e-02"	"-0.67"	D+	"62065.528"	"106796.679"	"3d6.(3F2).4p"	"y 4F*"	"7/2"	"3d6.(5D).5d"	"4P"	"5/2"		"T6892c83"	"L18349c148"	
"223.53885"	"0.00014"	"223.538937"	"0.000011"	"300"	"1.7e+06"	"1.3e-03"	"-2.3"	D	"62125.604"	"106846.649"	"3d6.(3P2).4p"	"z 2D*"	"3/2"	"3d6.(5D).5d"	"4F"	"3/2"		"T6892c83"	"L18349c139"	
"223.55252"	"0.00018"	"223.552325"	"0.000010"	"2100"	"2.7e+06"	"1.6e-03"	"-1.8"	D	"25805.3270"	"70523.694"	"3d6.(3G).4s"	"a 4G"	"9/2"	"3d6.(3G).4p"	"x 2G*"	"7/2"		"T6892c83"	"L18349c139"	
"223.55788"	"0.00010"	"223.557945"	"0.000010"	"600"	"4.9e+06"	"3.7e-03"	"-1.44"	D+	"60807.239"	"105524.482"	"3d6.(3H).4p"	"z 4G*"	"9/2"	"3d6.(3F2).4d"	"4H"	"9/2"		"T6892c83"	"L18349c139"	
"223.568072"	"0.000011"	"223.568080"	"0.000010"	"7000"	"7.2e+07"	"5.4e-02"	"-0.49"	D+	"62151.554"	"106866.770"	"3d6.(3F2).4p"	"y 4F*"	"5/2"	"3d6.(3F2).4d"	"4F"	"5/2"		"T6892c83"	"L18349c139"	
"223.635705"	"0.000015"	"223.635694"	"0.000009"	"4000"	"2.2e+07"	"1.7e-02"	"-0.87"	D+	"62065.528"	"106767.226"	"3d6.(3F2).4p"	"y 4F*"	"7/2"	"3d6.(3F2).4d"	"4F"	"7/2"		"T6892c83"	"L18349c139"	
"223.66873"	"0.00002"	"223.668736"	"0.000010"	"2100bl(Fe II)*"	"3.3e+07"	"1.6e-02"	"-1.01"	D+	"62151.554"	"106846.649"	"3d6.(3F2).4p"	"y 4F*"	"5/2"	"3d6.(5D).5d"	"4F"	"3/2"		"T6892c83"	"L18349c148"	
"223.744346"	"0.000011"	"223.744349"	"0.000011"	"8000"	"3.0e+07"	"3.4e-02"	"-0.9"	E	"61974.931"	"106654.923"	"3d5.(6S).4s.4p.(3P*)"	"y 6P*"	"3/2"	"3d5.4s.(7S).4d"	"6D"	"5/2"		"T6892c83"	"L18349c139"	
"223.756755"	"0.000015"	"223.756757"	"0.000009"	"27000"	"8.1e+07"	"4.9e-02"	"-0.31"	C+	"38458.9934"	"83136.508"	"3d6.(5D).4p"	"z 6D*"	"9/2"	"3d6.(5D).4d"	"e 6F"	"7/2"		"T6892c83"	"L18349c139"	
"223.78981"	"0.00005"	"223.789845"	"0.000015"	"10000"	"2.9e+07"	"1.7e-02"	"-0.76"	D+	"33466.4943"	"78137.404"	"3d6.(1G2).4s"	"c 2G"	"9/2"	"3d6.(1D2).4p"	"v 2F*"	"7/2"		"T6892c83"	"L18349c139"	
"223.827313"	"0.000012"	"223.827336"	"0.000009"	"7000"	"1.37e+08"	"1.20e-01"	"0.16"	B+	"60625.446"	"105288.874"	"3d6.(3H).4p"	"z 4G*"	"11/2"	"3d6.(3F2).4d"	"4H"	"13/2"		"T6892c83"	"L18349c139"	
"223.834442"	"0.000020"	"223.834438"	"0.000015"	"2700"	"8.e+07"	"3.0e-02"	"-0.9"	E	"61974.931"	"106636.942"	"3d5.(6S).4s.4p.(3P*)"	"y 6P*"	"3/2"	"3d5.4s.(7S).4d"	"6D"	"1/2"		"T6892c83"	"L18349c139"	
"223.856769"	"0.000015"	"223.856770"	"0.000011"	"4000"	"6.e+07"	"4.e-02"	"-0.8"	E	"61974.931"	"106632.487"	"3d5.(6S).4s.4p.(3P*)"	"y 6P*"	"3/2"	"3d5.4s.(7S).4d"	"6D"	"3/2"		"T6892c83"	"L18349c139"	
"223.86129"	"0.00007"	"223.861267"	"0.000009"	"800"	"4.4e+06"	"4.1e-03"	"-1.48"	D+	"62065.528"	"106722.187"	"3d6.(3F2).4p"	"y 4F*"	"7/2"	"3d6.(3H).4d"	"4F"	"9/2"		"T6892c83"	"L18349c139"	
"223.86304"	"0.00010"	"223.86312"	"0.00003"	"1900"	"6.6e+07"	"5.0e-02"	"-0.52"	D+	"48039.109"	"92695.398"	"3d7"	"d 2D1"	"5/2"	"3d6.(3P1).4p"	"u 2D*"	"5/2"		"T6892c83"	"L18349c139"	
"223.903751"	"0.000012"	"223.903747"	"0.000009"	"40000"	"1.54e+08"	"8.7e-02"	"-0.16"	C+	"38660.0537"	"83308.241"	"3d6.(5D).4p"	"z 6D*"	"7/2"	"3d6.(5D).4d"	"e 6F"	"5/2"		"T6892c83"	"L18349c139"	
"223.91912"	"0.00004"	"223.919107"	"0.000010"	"1400"	"4.3e+06"	"3.2e-03"	"-1.71"	D+	"62151.554"	"106796.679"	"3d6.(3F2).4p"	"y 4F*"	"5/2"	"3d6.(5D).5d"	"4P"	"5/2"		"T6892c83"	"L18349c139"	
"223.98044"	"0.00011"	"223.980479"	"0.000011"	"600"	"6.2e+06"	"4.7e-03"	"-1.43"	D+	"60956.781"	"105589.674"	"3d6.(3H).4p"	"z 4G*"	"7/2"	"3d6.(3F2).4d"	"4H"	"7/2"		"T6892c83"	"L18349c139"	
"224.03393"	"0.00005"	"224.033882"	"0.000010"	"1100"	"8.e+06"	"1.0e-02"	"-1.42"	D+	"62244.515"	"106866.770"	"3d6.(3F2).4p"	"y 4F*"	"3/2"	"3d6.(3F2).4d"	"4F"	"5/2"		"T6892c83"	"L18349c139"	
"224.05452"	"0.00013"	"224.054442"	"0.000012"	"2800"	"2.3e+06"	"1.7e-03"	"-2.0"	D	"27620.4033"	"72238.564"	"3d6.(3F2).4s"	"a 2F"	"5/2"	"3d6.(3D).4p"	"w 4F*"	"5/2"		"T6892c83"	"L18349c139"	
"224.099954"	"0.000020"	"224.099955"	"0.000010"	"2800"	"1.5e+07"	"9.e-03"	"-1.03"	D+	"62158.126"	"106767.226"	"3d6.(3F2).4p"	"y 4F*"	"9/2"	"3d6.(3F2).4d"	"4F"	"7/2"		"T6892c83"	"L18349c139"	
"224.1165"	"0.0005"	"224.116128"	"0.000011"	"210d,bl(Fe II)?*"	"4.e+07"	"3.4e-02"	"-0.7"	E	"62049.042"	"106654.923"	"3d5.(6S).4s.4p.(3P*)"	"y 6P*"	"5/2"	"3d5.4s.(7S).4d"	"6D"	"5/2"		"T6892c83"	"L18349c142"	
"224.134968"	"0.000013"	"224.134958"	"0.000010"	"5000"	"8.e+07"	"6.0e-02"	"-0.62"	D+	"62244.515"	"106846.649"	"3d6.(3F2).4p"	"y 4F*"	"3/2"	"3d6.(5D).5d"	"4F"	"3/2"		"T6892c83"	"L18349c139"	
"224.141904"	"0.000013"	"224.141907"	"0.000009"	"34000"	"1.74e+08"	"8.7e-02"	"-0.28"	C+	"38858.9696"	"83459.721"	"3d6.(5D).4p"	"z 6D*"	"5/2"	"3d6.(5D).4d"	"e 6F"	"3/2"		"T6892c83"	"L18349c139"	
"224.18235"	"0.00014"	"224.182191"	"0.000011"	"1600"	"1.2e+06"	"1.2e-03"	"-2.2"	D	"20516.9534"	"65109.691"	"3d7"	"a 2D2"	"5/2"	"3d6.(3F2).4p"	"y 2G*"	"7/2"		"T6892c83"	"L18349c139"	
"224.187733"	"0.000012"	"224.187725"	"0.000009"	"7000"	"1.49e+08"	"1.35e-01"	"0.13"	C+	"60807.239"	"105398.876"	"3d6.(3H).4p"	"z 4G*"	"9/2"	"3d6.(3F2).4d"	"4H"	"11/2"		"T6892c83"	"L18349c139"	
"224.21806"	"0.00006"	"224.217918"	"0.000010"	"350"	"1.1e+06"	"7.e-04"	"-2.1"	D	"60625.446"	"105211.079"	"3d6.(3H).4p"	"z 4G*"	"11/2"	"3d6.(5D).5d"	"4G"	"9/2"		"T6892c83"	"L18349c139"	
"224.22894"	"0.00004"	"224.228923"	"0.000011"	"1200"	"1.9e+07"	"1.0e-02"	"-1.2"	E	"62049.042"	"106632.487"	"3d5.(6S).4s.4p.(3P*)"	"y 6P*"	"5/2"	"3d5.4s.(7S).4d"	"6D"	"3/2"		"T6892c83"	"L18349c139"	
"224.23422"	"0.00011"	"224.234085"	"0.000010"	"2100"	"1.3e+06"	"8.e-04"	"-2.0"	D	"21430.3564"	"66012.775"	"3d6.(3H).4s"	"a 4H"	"11/2"	"3d6.(3G).4p"	"x 4F*"	"9/2"		"T6892c83"	"L18349c139"	
"224.308141"	"0.000012"	"224.308141"	"0.000010"	"7000"	"1.78e+08"	"1.68e-01"	"0.13"	C+	"60956.781"	"105524.482"	"3d6.(3H).4p"	"z 4G*"	"7/2"	"3d6.(3F2).4d"	"4H"	"9/2"		"T6892c83"	"L18349c139"	
"224.326469"	"0.000011"	"224.326465"	"0.000010"	"11000"	"7.2e+07"	"5.4e-02"	"-0.27"	C+	"62158.126"	"106722.187"	"3d6.(3F2).4p"	"y 4F*"	"9/2"	"3d6.(3H).4d"	"4F"	"9/2"		"T6892c83"	"L18349c139"	
"224.35780"	"0.00020"	"224.357768"	"0.000012"	"1600"	"5.e+05"	"5.e-04"	"-2.3"	D	"20805.7632"	"65363.607"	"3d7"	"a 2H"	"9/2"	"3d6.(3H).4p"	"z 2H*"	"11/2"		"T6892c83"	"L18349c139"	
"224.38632"	"0.00014"	"224.386373"	"0.000010"	"500"	"1.1e+06"	"1.2e-03"	"-2.3"	D	"62244.515"	"106796.679"	"3d6.(3F2).4p"	"y 4F*"	"3/2"	"3d6.(5D).5d"	"4P"	"5/2"		"T6892c83"	"L18349c139"	
"224.407646"	"0.000015"	"224.407652"	"0.000010"	"5000"	"1.32e+08"	"1.33e-01"	"-0.10"	C+	"61041.734"	"105589.674"	"3d6.(3H).4p"	"z 4G*"	"5/2"	"3d6.(3F2).4d"	"4H"	"7/2"		"T6892c83"	"L18349c139"	
"224.42072"	"0.00002"	"224.420686"	"0.000010"	"16000"	"1.8e+08"	"6.8e-02"	"-0.56"	D+	"39013.2160"	"83558.569"	"3d6.(5D).4p"	"z 6D*"	"3/2"	"3d6.(5D).4d"	"e 6F"	"1/2"		"T6892c83"	"L18349c139"	
"224.43941"	"0.00009"	"224.439279"	"0.000015"	"2000"	"6.5e+07"	"4.9e-02"	"-0.71"	D+	"47674.728"	"92216.391"	"3d7"	"d 2D1"	"3/2"	"3d6.(3P1).4p"	"u 2D*"	"3/2"		"T6892c83"	"L18349c139"	
"224.48254"	"0.00011"	"224.482530"	"0.000011"	"400"	"5.4e+06"	"4.9e-03"	"-1.31"	D+	"61512.630"	"106045.712"	"3d6.(3H).4p"	"z 4I*"	"9/2"	"3d6.(3H).4d"	"2H"	"11/2"		"T6892c83"	"L18349c139"	
"224.549895"	"0.000011"	"224.549894"	"0.000009"	"120000"	"2.54e+08"	"1.92e-01"	"0.28"	B+	"38458.9934"	"82978.717"	"3d6.(5D).4p"	"z 6D*"	"9/2"	"3d6.(5D).4d"	"e 6F"	"9/2"		"T6892c83"	"L18349c139"	
"224.55806"	"0.00010"	"224.558074"	"0.000011"	"330"	"4.8e+06"	"3.1e-03"	"-1.36"	D+	"61527.610"	"106045.712"	"3d6.(3H).4p"	"z 4I*"	"13/2"	"3d6.(3H).4d"	"2H"	"11/2"		"T6892c83"	"L18349c139"	
"224.59250"	"0.00006"	"224.592545"	"0.000010"	"400"	"1.8e+06"	"1.4e-03"	"-1.8"	D	"60887.606"	"105398.876"	"3d6.(3H).4p"	"z 4H*"	"11/2"	"3d6.(3F2).4d"	"4H"	"11/2"		"T6892c83"	"L18349c139"	
"224.66829"	"0.00002"	"224.668274"	"0.000010"	"2500"	"8.3e+07"	"8.4e-02"	"-0.30"	C+	"61093.406"	"105589.674"	"3d6.(3P2).4p"	"z 2D*"	"5/2"	"3d6.(3F2).4d"	"4H"	"7/2"		"T6892c83"	"L18349c139"	
"224.69132"	"0.00002"	"224.691318"	"0.000010"	"10000"	"8.e+06"	"5.1e-03"	"-1.21"	D+	"20340.2461"	"64831.951"	"3d7"	"a 2H"	"11/2"	"3d6.(3F2).4p"	"y 2G*"	"9/2"		"T6892c83"	"L18349c139"	
"224.733781"	"0.000013"	"224.733781"	"0.000011"	"5000"	"3.5e+06"	"2.0e-03"	"-1.8"	E	"62171.624"	"106654.923"	"3d5.(6S).4s.4p.(3P*)"	"y 6P*"	"7/2"	"3d5.4s.(7S).4d"	"6D"	"5/2"		"T6892c83"	"L18349c139"	
"224.768366"	"0.000011"	"224.768370"	"0.000010"	"100000"	"2.99e+08"	"2.26e-01"	"0.26"	B+	"38660.0537"	"83136.508"	"3d6.(5D).4p"	"z 6D*"	"7/2"	"3d6.(5D).4d"	"e 6F"	"7/2"		"T6892c83"	"L18349c139"	
"224.77972"	"0.00005"	"224.779592"	"0.000010"	"900"	"4.6e+06"	"2.6e-03"	"-1.68"	D+	"62322.445"	"106796.679"	"3d6.(3H).4p"	"z 2G*"	"7/2"	"3d6.(5D).5d"	"4P"	"5/2"		"T6892c83"	"L18349c139"	
"224.7812"	"0.0003"	"224.781094"	"0.000010"	"260"	"1.1e+06"	"6.e-04"	"-2.3"	D	"61156.827"	"105630.764"	"3d6.(3H).4p"	"z 4H*"	"7/2"	"3d6.(5D).5d"	"4G"	"5/2"		"T6892c83"	"L18349c139"	
"224.79297"	"0.00002"	"224.793059"	"0.000011"	"2400"	"6.e+07"	"6.e-02"	"-0.5"	E	"62049.042"	"106520.612"	"3d5.(6S).4s.4p.(3P*)"	"y 6P*"	"5/2"	"3d5.4s.(7S).4d"	"6D"	"7/2"		"T6892c83"	"L18349c145"	
"224.83765"	"0.00010"	"224.837538"	"0.000010"	"400"	"7.4e+06"	"4.2e-03"	"-1.48"	D+	"62945.045"	"107407.818"	"3d6.(3F2).4p"	"x 4D*"	"7/2"	"3d6.(3F2).4d"	"2D"	"5/2"		"T6892c83"	"L18349c139"	
"224.85101"	"0.00015"	"224.850992"	"0.000010"	"400"	"1.1e+06"	"6.e-04"	"-2.2"	D	"60989.444"	"105449.557"	"3d6.(3H).4p"	"z 4H*"	"9/2"	"3d6.(5D).5d"	"4G"	"7/2"		"T6892c83"	"L18349c139"	
"224.86475"	"0.00013"	"224.864689"	"0.000011"	"400"	"1.0e+07"	"5.7e-03"	"-1.34"	D+	"60956.781"	"105414.186"	"3d6.(3H).4p"	"z 4G*"	"7/2"	"3d6.(3F2).4d"	"4G"	"5/2"		"T6892c83"	"L18349c139"	
"224.891854"	"0.000015"	"224.891836"	"0.000010"	"2700"	"1.19e+08"	"9.0e-02"	"-0.04"	C+	"65556.271"	"110008.310"	"3d6.(3H).4p"	"z 2H*"	"9/2"	"3d6.(3G).4d"	"2H"	"9/2"		"T6892c83"	"L18349c139"	
"224.905864"	"0.000011"	"224.905840"	"0.000010"	"100000bl(Fe II)*"	"2.7e+08"	"2.03e-01"	"0.08"	C+	"38858.9696"	"83308.241"	"3d6.(5D).4p"	"z 6D*"	"5/2"	"3d6.(5D).4d"	"e 6F"	"5/2"		"T6892c83"	"L18349c148"	
"224.905864"	"0.000011"	"224.905934"	"0.000010"	"100000bl(Fe II)*"	"3.1e+08"	"2.4e-01"	"-0.32"	C+	"39109.3161"	"83558.569"	"3d6.(5D).4p"	"z 6D*"	"1/2"	"3d6.(5D).4d"	"e 6F"	"1/2"		"T6892c83"	"L18349c148"	
"224.917788"	"0.000014"	"224.917815"	"0.000010"	"8000"	"3.00e+06"	"1.82e-03"	"-1.74"	B	"0.0000"	"44446.9051"	"3d6.(5D).4s"	"a 6D"	"9/2"	"3d6.(5D).4p"	"z 4D*"	"7/2"		"T6610"	"L18349c139"	
"224.919855"	"0.000011"	"224.919840"	"0.000010"	"50000"	"2.6e+08"	"1.96e-01"	"-0.11"	C+	"39013.2160"	"83459.721"	"3d6.(5D).4p"	"z 6D*"	"3/2"	"3d6.(5D).4d"	"e 6F"	"3/2"		"T6892c83"	"L18349c139"	
"224.92854"	"0.00004"	"224.928565"	"0.000011"	"1200"	"5.4e+06"	"4.1e-03"	"-1.49"	D+	"62322.445"	"106767.226"	"3d6.(3H).4p"	"z 2G*"	"7/2"	"3d6.(3F2).4d"	"4F"	"7/2"		"T6892c83"	"L18349c139"	
"224.96229"	"0.00007"	"224.962309"	"0.000010"	"700"	"1.1e+07"	"8.e-03"	"-1.00"	D+	"60625.446"	"105063.561"	"3d6.(3H).4p"	"z 4G*"	"11/2"	"3d6.(3F2).4d"	"4G"	"11/2"		"T6892c83"	"L18349c139"	
"224.97556"	"0.00011"	"224.975544"	"0.000010"	"400"	"1.9e+06"	"1.8e-03"	"-1.8"	E	"62065.528"	"106501.029"	"3d6.(3F2).4p"	"y 4F*"	"7/2"	"3d5.4s.(7S).4d"	"6D"	"9/2"		"T6892c83"	"L18349c139"	
"224.98907"	"0.00010"	"224.988983"	"0.000010"	"600"	"1.0e+07"	"7.4e-03"	"-1.23"	D+	"61156.827"	"105589.674"	"3d6.(3H).4p"	"z 4H*"	"7/2"	"3d6.(3F2).4d"	"4H"	"7/2"		"T6892c83"	"L18349c139"	
"224.9980"	"0.0005"	"224.997527"	"0.000010"	"1600d?"	"9.e+05"	"7.e-04"	"-2.2"	D	"21581.6151"	"66012.775"	"3d6.(3H).4s"	"a 4H"	"9/2"	"3d6.(3G).4p"	"x 4F*"	"9/2"		"T6892c83"	"L18349c143"	
"225.01754"	"0.00004"	"225.017518"	"0.000010"	"2400"	"1.67e+06"	"1.27e-03"	"-2.29"	C+	"862.6118"	"45289.8248"	"3d6.(5D).4s"	"a 6D"	"3/2"	"3d6.(5D).4p"	"z 4F*"	"3/2"		"T7589"	"L18349c139"	
"225.04092"	"0.00010"	"225.040664"	"0.000010"	"400"	"1.8e+07"	"1.0e-02"	"-1.09"	D+	"60956.781"	"105379.425"	"3d6.(3H).4p"	"z 4G*"	"7/2"	"3d6.(3F2).4d"	"4D"	"5/2"		"T6892c83"	"L18349c139"	
"225.0615"	"0.0005"	"225.061666"	"0.000011"	"220d"	"1.6e+07"	"8.e-03"	"-1.32"	D+	"61041.734"	"105460.233"	"3d6.(3H).4p"	"z 4G*"	"5/2"	"3d6.(3F2).4d"	"4D"	"3/2"		"T6892c83"	"L18349c142"	
"225.08767"	"0.00008"	"225.087654"	"0.000011"	"800"	"2.5e+07"	"1.5e-02"	"-0.81"	D+	"60807.239"	"105220.610"	"3d6.(3H).4p"	"z 4G*"	"9/2"	"3d6.(3H).4d"	"4F"	"7/2"		"T6892c83"	"L18349c139"	
"225.093517"	"0.000015"	"225.093493"	"0.000010"	"7000"	"3.19e+06"	"2.43e-03"	"-1.837"	C+	"667.6829"	"45079.9019"	"3d6.(5D).4s"	"a 6D"	"5/2"	"3d6.(5D).4p"	"z 4F*"	"5/2"		"T7958,T6610,T7589"	"L18349c139"	
"225.15542"	"0.00005"	"225.155452"	"0.000010"	"1600"	"1.0e+06"	"6.e-04"	"-2.3"	E	"384.7872"	"44784.7859"	"3d6.(5D).4s"	"a 6D"	"7/2"	"3d6.(5D).4p"	"z 4D*"	"5/2"		"T6892c83"	"L18349c139"	
"225.182273"	"0.000011"	"225.182274"	"0.000010"	"350000"	"4.4e+08"	"4.1e-01"	"0.61"	B+	"38458.9934"	"82853.704"	"3d6.(5D).4p"	"z 6D*"	"9/2"	"3d6.(5D).4d"	"e 6F"	"11/2"		"T6892c83"	"L18349c139"	
"225.29518"	"0.00006"	"225.295243"	"0.000011"	"1000"	"2.1e+07"	"1.6e-02"	"-1.01"	D+	"61041.734"	"105414.186"	"3d6.(3H).4p"	"z 4G*"	"5/2"	"3d6.(3F2).4d"	"4G"	"5/2"		"T6892c83"	"L18349c139"	
"225.312617"	"0.000012"	"225.312618"	"0.000010"	"11000"	"4.4e+06"	"3.4e-03"	"-1.57"	C+	"384.7872"	"44753.8179"	"3d6.(5D).4s"	"a 6D"	"7/2"	"3d6.(5D).4p"	"z 4F*"	"7/2"		"T7589"	"L18349c139"	
"225.32402"	"0.00009"	"225.323810"	"0.000011"	"500"	"2.3e+07"	"1.2e-02"	"-1.15"	D+	"61093.406"	"105460.233"	"3d6.(3P2).4p"	"z 2D*"	"5/2"	"3d6.(3F2).4d"	"4D"	"3/2"		"T6892c83"	"L18349c139"	
"225.3361"	"0.0005"	"225.33671"	"0.00004"	"400"	"7.e+05"	"4.3e-04"	"-2.3"	D	"54232.201"	"98596.488"	"3d5.4s2"	"b 4G"	"11/2"	"3d5.(4D).4s.4p.(3P*)"	"4F*"	"9/2"		"T6892c83"	"L18349c142"	
"225.40727"	"0.00002"	"225.407251"	"0.000011"	"16000"	"6.9e+07"	"1.0e-01"	"-0.68"	D+	"39109.3161"	"83459.721"	"3d6.(5D).4p"	"z 6D*"	"1/2"	"3d6.(5D).4d"	"e 6F"	"3/2"		"T6892c83"	"L18349c139"	
"225.41069"	"0.00016"	"225.410616"	"0.000011"	"1300"	"1.1e+06"	"7.e-04"	"-2.2"	D	"21581.6151"	"65931.358"	"3d6.(3H).4s"	"a 4H"	"9/2"	"3d6.(3G).4p"	"x 4G*"	"7/2"		"T6892c83"	"L18349c139"	
"225.41440"	"0.00005"	"225.414453"	"0.000011"	"1000"	"2.0e+07"	"1.5e-02"	"-0.9"	E	"62171.624"	"106520.612"	"3d5.(6S).4s.4p.(3P*)"	"y 6P*"	"7/2"	"3d5.4s.(7S).4d"	"6D"	"7/2"		"T6892c83"	"L18349c139"	
"225.42022"	"0.00003"	"225.420218"	"0.000011"	"2200"	"3.4e+07"	"2.6e-02"	"-0.59"	D+	"60807.239"	"105155.093"	"3d6.(3H).4p"	"z 4G*"	"9/2"	"3d6.(3F2).4d"	"4G"	"9/2"		"T6892c83"	"L18349c139"	
"225.43349"	"0.00007"	"225.433446"	"0.000012"	"500"	"1.6e+07"	"1.0e-02"	"-1.01"	D+	"65556.271"	"109901.523"	"3d6.(3H).4p"	"z 2H*"	"9/2"	"3d6.(3G).4d"	"2G"	"7/2"		"T6892c83"	"L18349c139"	
"225.44059"	"0.00015"	"225.440530"	"0.000011"	"600"	"6.e+05"	"2.1e-04"	"-3.1"	E	"862.6118"	"45206.4704"	"3d6.(5D).4s"	"a 6D"	"3/2"	"3d6.(5D).4p"	"z 4D*"	"1/2"		"T6892c83"	"L18349c139"	
"225.47191"	"0.00015"	"225.471893"	"0.000011"	"350"	"3.3e+06"	"2.5e-03"	"-1.8"	D	"61041.734"	"105379.425"	"3d6.(3H).4p"	"z 4G*"	"5/2"	"3d6.(3F2).4d"	"4D"	"5/2"		"T6892c83"	"L18349c139"	
"225.514072"	"0.000012"	"225.514042"	"0.000011"	"7000"	"8.e+07"	"7.e-02"	"-0.2"	E	"62171.624"	"106501.029"	"3d5.(6S).4s.4p.(3P*)"	"y 6P*"	"7/2"	"3d5.4s.(7S).4d"	"6D"	"9/2"		"T6892c83"	"L18349c139"	
"225.51867"	"0.00005"	"225.518739"	"0.000011"	"5000"	"2.3e+06"	"1.5e-03"	"-1.67"	D+	"21251.5833"	"65580.065"	"3d6.(3H).4s"	"a 4H"	"13/2"	"3d6.(3G).4p"	"x 4G*"	"11/2"		"T6892c83"	"L18349c139"	
"225.54431"	"0.00010"	"225.544226"	"0.000011"	"600"	"2.2e+06"	"1.4e-03"	"-1.8"	D	"60887.606"	"105211.079"	"3d6.(3H).4p"	"z 4H*"	"11/2"	"3d6.(5D).5d"	"4G"	"9/2"		"T6892c83"	"L18349c139"	
"225.55773"	"0.00007"	"225.557932"	"0.000011"	"700"	"8.e+06"	"6.2e-03"	"-1.43"	D+	"61093.406"	"105414.186"	"3d6.(3P2).4p"	"z 2D*"	"5/2"	"3d6.(3F2).4d"	"4G"	"5/2"		"T6892c83"	"L18349c139"	
"225.563423"	"0.000012"	"225.563449"	"0.000011"	"5000"	"1.73e+08"	"1.32e-01"	"0.20"	B+	"65363.607"	"109683.303"	"3d6.(3H).4p"	"z 2H*"	"11/2"	"3d6.(3G).4d"	"2H"	"11/2"		"T6892c83"	"L18349c139"	
"225.568707"	"0.000011"	"225.568706"	"0.000010"	"140000"	"2.31e+08"	"2.21e-01"	"0.25"	B+	"38660.0537"	"82978.717"	"3d6.(5D).4p"	"z 6D*"	"7/2"	"3d6.(5D).4d"	"e 6F"	"9/2"		"T6892c83"	"L18349c139"	
"225.576580"	"0.000012"	"225.576584"	"0.000012"	"31000"	"4.7e+07"	"2.4e-02"	"-0.84"	D+	"20516.9534"	"64834.069"	"3d7"	"a 2D2"	"5/2"	"3d6.(3P2).4p"	"z 2P*"	"3/2"		"T6892c83"	"L18349c139"	
"225.58348"	"0.00006"	"225.583454"	"0.000011"	"1000"	"2.0e+07"	"1.2e-02"	"-0.92"	D+	"60807.239"	"105123.005"	"3d6.(3H).4p"	"z 4G*"	"9/2"	"3d6.(3H).4d"	"2G"	"7/2"		"T6892c83"	"L18349c139"	
"225.64373"	"0.00003"	"225.643737"	"0.000012"	"9000"	"6.4e+06"	"3.9e-03"	"-1.41"	D+	"20805.7632"	"65109.691"	"3d7"	"a 2H"	"9/2"	"3d6.(3F2).4p"	"y 2G*"	"7/2"		"T6892c83"	"L18349c139"	
"225.65579"	"0.00011"	"225.655747"	"0.000011"	"500bl(Fe II)*"	"1.3e+07"	"8.e-03"	"-1.09"	D+	"60989.444"	"105291.014"	"3d6.(3H).4p"	"z 4H*"	"9/2"	"3d6.(3F2).4d"	"4G"	"7/2"		"T6892c83"	"L18349c148"	
"225.689111"	"0.000015"	"225.689093"	"0.000011"	"28000"	"8.e+07"	"1.0e-01"	"-0.42"	D+	"39013.2160"	"83308.241"	"3d6.(5D).4p"	"z 6D*"	"3/2"	"3d6.(5D).4d"	"e 6F"	"5/2"		"T6892c83"	"L18349c139"	
"225.709072"	"0.000017"	"225.709065"	"0.000011"	"4000"	"7.5e+07"	"4.8e-02"	"-0.24"	C+	"60625.446"	"104916.552"	"3d6.(3H).4p"	"z 4G*"	"11/2"	"3d6.(3F2).4d"	"4F"	"9/2"		"T6892c83"	"L18349c139"	
"225.75556"	"0.00015"	"225.755310"	"0.000011"	"400"	"4.1e+07"	"2.4e-02"	"-0.72"	D+	"60956.781"	"105238.815"	"3d6.(3H).4p"	"z 4G*"	"7/2"	"3d6.(3P2).4d"	"2D"	"5/2"		"T6892c83"	"L18349c139"	
"225.778264"	"0.000011"	"225.778233"	"0.000011"	"60000"	"1.22e+08"	"1.24e-01"	"-0.13"	C+	"38858.9696"	"83136.508"	"3d6.(5D).4p"	"z 6D*"	"5/2"	"3d6.(5D).4d"	"e 6F"	"7/2"		"T6892c83"	"L18349c139"	
"225.82957"	"0.00009"	"225.829503"	"0.000011"	"600"	"7.2e+06"	"4.6e-03"	"-1.26"	D+	"60887.606"	"105155.093"	"3d6.(3H).4p"	"z 4H*"	"11/2"	"3d6.(3F2).4d"	"4G"	"9/2"		"T6892c83"	"L18349c139"	
"225.83855"	"0.00016"	"225.838638"	"0.000011"	"1700"	"1.0e+06"	"6.e-04"	"-2.1"	D	"21430.3564"	"65696.053"	"3d6.(3H).4s"	"a 4H"	"11/2"	"3d6.(3G).4p"	"x 4G*"	"9/2"		"T6892c83"	"L18349c139"	
"225.8489"	"0.0005"	"225.848168"	"0.000011"	"270d?"	"2.0e+06"	"1.5e-03"	"-1.9"	D	"60956.781"	"105220.610"	"3d6.(3H).4p"	"z 4G*"	"7/2"	"3d6.(3H).4d"	"4F"	"7/2"		"T6892c83"	"L18349c143"	
"225.85653"	"0.00005"	"225.856537"	"0.000011"	"1100"	"1.0e+07"	"6.2e-03"	"-1.13"	D+	"62662.252"	"106924.441"	"3d6.(3H).4p"	"z 2I*"	"11/2"	"3d6.(3F2).4d"	"2G"	"9/2"		"T6892c83"	"L18349c139"	
"225.85950"	"0.00007"	"225.859497"	"0.000011"	"500"	"1.9e+07"	"1.2e-02"	"-0.84"	D+	"65363.607"	"109625.216"	"3d6.(3H).4p"	"z 2H*"	"11/2"	"3d6.(3G).4d"	"2G"	"9/2"		"T6892c83"	"L18349c139"	
"225.87593"	"0.00011"	"225.875936"	"0.000011"	"500"	"1.6e+06"	"1.0e-03"	"-2.0"	D	"60807.239"	"105065.627"	"3d6.(3H).4p"	"z 4G*"	"9/2"	"3d6.(5D).5d"	"6G"	"7/2"		"T6892c83"	"L18349c139"	
"225.8824"	"0.0003"	"225.882265"	"0.000012"	"140"	"2.1e+06"	"1.9e-03"	"-1.65"	D+	"63876.325"	"108133.473"	"3d6.(3F2).4p"	"y 4G*"	"11/2"	"3d6.(3G).4d"	"4H"	"13/2"		"T6892c83"	"L18349c139"	
"225.88659"	"0.00010"	"225.886481"	"0.000011"	"600"	"1.5e+07"	"1.4e-02"	"-0.85"	D+	"60807.239"	"105063.561"	"3d6.(3H).4p"	"z 4G*"	"9/2"	"3d6.(3F2).4d"	"4G"	"11/2"		"T6892c83"	"L18349c139"	
"225.92255"	"0.00007"	"225.922433"	"0.000011"	"700"	"1.8e+07"	"1.9e-02"	"-0.95"	D+	"61041.734"	"105291.014"	"3d6.(3H).4p"	"z 4G*"	"5/2"	"3d6.(3F2).4d"	"4G"	"7/2"		"T6892c83"	"L18349c139"	
"225.95395"	"0.00010"	"225.954116"	"0.000011"	"700"	"6.4e+06"	"4.1e-03"	"-1.31"	D+	"60625.446"	"104868.522"	"3d6.(3H).4p"	"z 4G*"	"11/2"	"3d6.(5D).5d"	"6G"	"9/2"		"T6892c83"	"L18349c139"	
"225.96253"	"0.00004"	"225.962471"	"0.000016"	"8000"	"2.2e+07"	"1.3e-02"	"-1.00"	D+	"33501.2957"	"77742.736"	"3d6.(1G2).4s"	"c 2G"	"7/2"	"3d6.(1D2).4p"	"v 2F*"	"5/2"		"T6892c83"	"L18349c139"	
"225.98010"	"0.00012"	"225.980117"	"0.000011"	"500"	"1.2e+06"	"9.e-04"	"-2.0"	D	"60625.446"	"104863.432"	"3d6.(3H).4p"	"z 4G*"	"11/2"	"3d6.(5D).5d"	"4G"	"11/2"		"T6892c83"	"L18349c139"	
"225.98568"	"0.00012"	"225.985767"	"0.000012"	"310"	"1.7e+06"	"2.6e-03"	"-2.3"	D	"62829.071"	"107065.951"	"3d6.(3P2).4p"	"y 4D*"	"1/2"	"3d6.(5D).5d"	"4P"	"3/2"		"T6892c83"	"L18349c139"	
"226.007942"	"0.000011"	"226.007943"	"0.000011"	"14000"	"3.18e+06"	"2.44e-03"	"-1.61"	B	"0.0000"	"44232.5398"	"3d6.(5D).4s"	"a 6D"	"9/2"	"3d6.(5D).4p"	"z 4F*"	"9/2"		"T6610"	"L18349c139"	
"226.02390"	"0.00005"	"226.023884"	"0.000011"	"2000bl(Fe II)*"	"3.4e+06"	"2.6e-03"	"-2.3"	D	"977.0498"	"45206.4704"	"3d6.(5D).4s"	"a 6D"	"1/2"	"3d6.(5D).4p"	"z 4D*"	"1/2"		"T6892c83"	"L18349c148"	
"226.0412"	"0.0003"	"226.041362"	"0.000011"	"400"	"6.5e+06"	"4.2e-03"	"-1.23"	D+	"60837.560"	"105063.561"	"3d6.(3H).4p"	"z 4H*"	"13/2"	"3d6.(3F2).4d"	"4G"	"11/2"		"T6892c83"	"L18349c139"	
"226.05173"	"0.00019"	"226.051621"	"0.000011"	"270"	"1.0e+07"	"5.3e-03"	"-1.50"	D+	"61093.406"	"105317.400"	"3d6.(3P2).4p"	"z 2D*"	"5/2"	"3d6.(3P2).4d"	"2P"	"3/2"		"T6892c83"	"L18349c139"	
"226.08590"	"0.00002"	"226.085896"	"0.000011"	"4000"	"2.16e+06"	"2.49e-03"	"-2.002"	C+	"862.6118"	"45079.9019"	"3d6.(5D).4s"	"a 6D"	"3/2"	"3d6.(5D).4p"	"z 4F*"	"5/2"		"T7958,T6610,T7589"	"L18349c139"	
"226.12057"	"0.00009"	"226.120628"	"0.000011"	"600"	"2.2e+07"	"2.2e-02"	"-0.87"	D+	"62689.874"	"106900.373"	"3d6.(3P2).4p"	"y 4D*"	"5/2"	"3d6.(3F2).4d"	"2G"	"7/2"		"T6892c83"	"L18349c139"	
"226.18291"	"0.00004"	"226.182984"	"0.000011"	"1500"	"2.8e+07"	"2.7e-02"	"-0.66"	D+	"60956.781"	"105155.093"	"3d6.(3H).4p"	"z 4G*"	"7/2"	"3d6.(3F2).4d"	"4G"	"9/2"		"T6892c83"	"L18349c139"	
"226.18661"	"0.00010"	"226.186587"	"0.000011"	"500"	"8.e+06"	"9.e-03"	"-1.29"	D+	"61093.406"	"105291.014"	"3d6.(3P2).4p"	"z 2D*"	"5/2"	"3d6.(3F2).4d"	"4G"	"7/2"		"T6892c83"	"L18349c139"	
"226.22451"	"0.00015"	"226.224589"	"0.000011"	"1800"	"1.8e+06"	"1.0e-03"	"-2.1"	D	"22810.3459"	"67000.530"	"3d6.(3F2).4s"	"b 4F"	"7/2"	"3d6.(3F2).4p"	"y 2D*"	"5/2"		"T6892c83"	"L18349c139"	
"226.23290"	"0.00006"	"226.232843"	"0.000012"	"800"	"8.e+06"	"6.1e-03"	"-1.43"	D+	"64425.405"	"108613.977"	"3d6.(3F2).4p"	"z 2F*"	"5/2"	"3d6.(3G).4d"	"4G"	"5/2"		"T6892c83"	"L18349c139"	
"226.24278"	"0.00009"	"226.242736"	"0.000011"	"600"	"1.2e+07"	"7.2e-03"	"-1.14"	D+	"60807.239"	"104993.879"	"3d6.(3H).4p"	"z 4G*"	"9/2"	"3d6.(3F2).4d"	"4D"	"7/2"		"T6892c83"	"L18349c139"	
"226.26862"	"0.00004"	"226.268650"	"0.000011"	"2300"	"1.98e+06"	"1.52e-03"	"-2.22"	B	"862.6118"	"45044.1916"	"3d6.(5D).4s"	"a 6D"	"3/2"	"3d6.(5D).4p"	"z 4D*"	"3/2"		"T7589"	"L18349c139"	
"226.2900"	"0.0005"	"226.290665"	"0.000016"	"1000"	"1.0e+07"	"5.1e-03"	"-1.51"	D+	"48039.109"	"92216.391"	"3d7"	"d 2D1"	"5/2"	"3d6.(3P1).4p"	"u 2D*"	"3/2"		"T6892c83"	"L18349c142"	
"226.323198"	"0.000017"	"226.323226"	"0.000011"	"24000"	"3.7e+07"	"2.3e-02"	"-0.64"	D+	"26352.7671"	"70523.694"	"3d6.(3H).4s"	"b 2H"	"9/2"	"3d6.(3G).4p"	"x 2G*"	"7/2"		"T6892c83"	"L18349c139"	
"226.34740"	"0.00003"	"226.347327"	"0.000011"	"2200bl(Fe I)"	"6.5e+06"	"5.0e-03"	"-1.40"	D+	"60956.781"	"105123.005"	"3d6.(3H).4p"	"z 4G*"	"7/2"	"3d6.(3H).4d"	"2G"	"7/2"		"T6892c83"	"L18349c148"	
"226.43199"	"0.00007"	"226.432006"	"0.000011"	"3400"	"2.2e+06"	"1.7e-03"	"-1.68"	D+	"21430.3564"	"65580.065"	"3d6.(3H).4s"	"a 4H"	"11/2"	"3d6.(3G).4p"	"x 4G*"	"11/2"		"T6892c83"	"L18349c139"	
"226.459017"	"0.000016"	"226.459018"	"0.000011"	"26000"	"3.7e+07"	"2.4e-02"	"-0.55"	D+	"26170.1810"	"70314.624"	"3d6.(3H).4s"	"b 2H"	"11/2"	"3d6.(3G).4p"	"x 2G*"	"9/2"		"T6892c83"	"L18349c139"	
"226.4808"	"0.0005"	"226.481748"	"0.000011"	"220d?"	"3.8e+06"	"2.9e-03"	"-1.46"	D+	"60625.446"	"104765.459"	"3d6.(3H).4p"	"z 4G*"	"11/2"	"3d6.(3H).4d"	"2I"	"11/2"		"T6892c83"	"L18349c142"	
"226.59942"	"0.00005"	"226.599371"	"0.000010"	"1800"	"1.0e+06"	"8.e-04"	"-2.3"	D	"667.6829"	"44784.7859"	"3d6.(5D).4s"	"a 6D"	"5/2"	"3d6.(5D).4p"	"z 4D*"	"5/2"		"T6892c83"	"L18349c139"	
"226.6128"	"0.0005"	"226.613062"	"0.000011"	"1600"	"6.e+05"	"4.7e-04"	"-2.3"	D	"21581.6151"	"65696.053"	"3d6.(3H).4s"	"a 4H"	"9/2"	"3d6.(3G).4p"	"x 4G*"	"9/2"		"T6892c83"	"L18349c142"	
"226.62553"	"0.00006"	"226.625465"	"0.000011"	"4000"	"3.3e+06"	"2.2e-03"	"-1.52"	D+	"21251.5833"	"65363.607"	"3d6.(3H).4s"	"a 4H"	"13/2"	"3d6.(3H).4p"	"z 2H*"	"11/2"		"T6892c83"	"L18349c139"	
"226.63932"	"0.00017"	"226.639394"	"0.000011"	"280"	"3.7e+06"	"2.9e-03"	"-1.54"	D+	"60807.239"	"104916.552"	"3d6.(3H).4p"	"z 4G*"	"9/2"	"3d6.(3F2).4d"	"4F"	"9/2"		"T6892c83"	"L18349c139"	
"226.67060"	"0.00003"	"226.670471"	"0.000016"	"1200bl(Fe II)*"	"8.e+06"	"5.9e-03"	"-1.45"	D+	"31811.814"	"75915.080"	"3d7"	"b 2F"	"5/2"	"3d6.(3D).4p"	"w 2F*"	"5/2"		"T6892c83"	"L18349c148"	
"226.67060"	"0.00003"	"226.670615"	"0.000011"	"1200bl(Fe II)*"	"3.0e+07"	"2.3e-02"	"-0.56"	D+	"65580.065"	"109683.303"	"3d6.(3G).4p"	"x 4G*"	"11/2"	"3d6.(3G).4d"	"2H"	"11/2"		"T6892c83"	"L18349c148"	
"226.758567"	"0.000013"	"226.758559"	"0.000010"	"10000"	"3.69e+06"	"3.80e-03"	"-1.642"	C+	"667.6829"	"44753.8179"	"3d6.(5D).4s"	"a 6D"	"5/2"	"3d6.(5D).4p"	"z 4F*"	"7/2"		"T7958,T6610,T7589"	"L18349c139"	
"226.803685"	"0.000016"	"226.803748"	"0.000010"	"4000"	"2.0e+07"	"2.1e-02"	"-0.90"	D+	"62689.874"	"106767.226"	"3d6.(3P2).4p"	"y 4D*"	"5/2"	"3d6.(3F2).4d"	"4F"	"7/2"		"T6892c83"	"L18349c148"	
"226.81358"	"0.00004"	"226.813577"	"0.000016"	"6000"	"7.5e+06"	"1.2e-02"	"-1.63"	D+	"18886.773"	"62962.215"	"3d7"	"a 2P"	"1/2"	"3d6.(3P2).4p"	"y 4D*"	"3/2"		"T6892c83"	"L18349c139"	
"226.84700"	"0.00003"	"226.847019"	"0.000011"	"1200"	"5.2e+07"	"4.0e-02"	"-0.40"	D+	"65556.271"	"109625.216"	"3d6.(3H).4p"	"z 2H*"	"9/2"	"3d6.(3G).4d"	"2G"	"9/2"		"T6892c83"	"L18349c139"	
"226.85638"	"0.00010"	"226.856302"	"0.000010"	"900"	"6.1e+05"	"9.3e-04"	"-2.73"	C	"977.0498"	"45044.1916"	"3d6.(5D).4s"	"a 6D"	"1/2"	"3d6.(5D).4p"	"z 4D*"	"3/2"		"T7589"	"L18349c139"	
"226.86226"	"0.00003"	"226.862217"	"0.000010"	"2500"	"1.1e+07"	"6.5e-03"	"-1.18"	D+	"60807.239"	"104873.232"	"3d6.(3H).4p"	"z 4G*"	"9/2"	"3d6.(5D).5d"	"4D"	"7/2"		"T6892c83"	"L18349c139"	
"226.88216"	"0.00011"	"226.882171"	"0.000010"	"700"	"4.0e+05"	"3.1e-04"	"-2.61"	C+	"384.7872"	"44446.9051"	"3d6.(5D).4s"	"a 6D"	"7/2"	"3d6.(5D).4p"	"z 4D*"	"7/2"		"T6610"	"L18349c139"	
"226.88673"	"0.00006"	"226.886470"	"0.000011"	"1100"	"4.3e+06"	"3.3e-03"	"-1.48"	D+	"60807.239"	"104868.522"	"3d6.(3H).4p"	"z 4G*"	"9/2"	"3d6.(5D).5d"	"6G"	"9/2"		"T6892c83"	"L18349c145"	
"226.89317"	"0.00012"	"226.893412"	"0.000010"	"500"	"6.1e+06"	"3.9e-03"	"-1.33"	D+	"62662.252"	"106722.187"	"3d6.(3H).4p"	"z 2I*"	"11/2"	"3d6.(3H).4d"	"4F"	"9/2"		"T6892c83"	"L18349c139"	
"226.9704"	"0.0005"	"226.969577"	"0.000011"	"170d?"	"3.0e+06"	"1.9e-03"	"-1.64"	D+	"65580.065"	"109625.216"	"3d6.(3G).4p"	"x 4G*"	"11/2"	"3d6.(3G).4d"	"2G"	"9/2"		"T6892c83"	"L18349c142"	
"227.03709"	"0.00009"	"227.03706"	"0.00009"	"2300"	"2.4e+07"	"2.2e-02"	"-0.65"	D+	"50157.475"	"94189.536"	"3d6.(3F1).4s"	"c 4F"	"9/2"	"3d5.(4G).4s.4p.(3P*)"	"w 4G*"	"11/2"		"T6892c83"	"L18349c139"	
"227.05324"	"0.00009"	"227.053122"	"0.000011"	"600"	"5.2e+06"	"3.3e-03"	"-1.40"	D+	"60887.606"	"104916.552"	"3d6.(3H).4p"	"z 4H*"	"11/2"	"3d6.(3F2).4d"	"4F"	"9/2"		"T6892c83"	"L18349c139"	
"227.0577"	"0.0005"	"227.05774"	"0.00004"	"300d?"	"2.3e+06"	"2.4e-03"	"-1.8"	D	"54870.541"	"98898.591"	"3d6.(3F1).4s"	"d 2F"	"5/2"	"3d6.(1G1).4p"	"2F*"	"7/2"		"T6892c83"	"L18349c142"	
"227.11175"	"0.00003"	"227.111766"	"0.000011"	"2100"	"3.7e+07"	"5.7e-02"	"-0.94"	D+	"62829.071"	"106846.649"	"3d6.(3P2).4p"	"y 4D*"	"1/2"	"3d6.(5D).5d"	"4F"	"3/2"		"T6892c83"	"L18349c139"	
"227.14129"	"0.00013"	"227.141317"	"0.000010"	"500"	"9.e+06"	"7.1e-03"	"-1.15"	D+	"61512.630"	"105524.482"	"3d6.(3H).4p"	"z 4I*"	"9/2"	"3d6.(3F2).4d"	"4H"	"9/2"		"T6892c83"	"L18349c139"	
"227.1536"	"0.0003"	"227.153405"	"0.000010"	"900"	"2.1e+06"	"1.6e-03"	"-1.8"	D	"42114.8380"	"86124.348"	"3d6.(5D).4p"	"z 6F*"	"9/2"	"3d6.(5D).4d"	"e 4F"	"9/2"		"T6892c83"	"L18349c139"	
"227.18436"	"0.00009"	"227.184352"	"0.000011"	"2900"	"3.1e+06"	"1.6e-03"	"-2.0"	D	"20830.5534"	"64834.069"	"3d6.(3P2).4s"	"b 4P"	"5/2"	"3d6.(3P2).4p"	"z 2P*"	"3/2"		"T6892c83"	"L18349c139"	
"227.218570"	"0.000016"	"227.218712"	"0.000011"	"4000bl(Fe II)*"	"2.7e+06"	"2.4e-03"	"-1.54"	D+	"60625.446"	"104622.308"	"3d6.(3H).4p"	"z 4G*"	"11/2"	"3d6.(3H).4d"	"2I"	"13/2"		"T6892c83"	"L18349c148"	
"227.2315"	"0.0005"	"227.23169"	"0.00004"	"600"	"1.2e+07"	"1.0e-02"	"-1.12"	D+	"54904.241"	"98898.591"	"3d6.(3F1).4s"	"d 2F"	"7/2"	"3d6.(1G1).4p"	"2F*"	"7/2"		"T6892c83"	"L18349c142"	
"227.3003"	"0.0005"	"227.299272"	"0.000012"	"230d,bl(Fe II)?*"	"1.4e+06"	"9.e-04"	"-2.1"	D	"66589.042"	"110570.312"	"3d6.(3G).4p"	"y 4H*"	"9/2"	"3d6.(3G).4d"	"2F"	"7/2"		"T6892c83"	"L18349c143"	
"227.3003"	"0.0005"	"227.301102"	"0.000010"	"230d,bl(Fe II)?*"	"1.1e+06"	"7.e-04"	"-2.1"	D	"60887.606"	"104868.522"	"3d6.(3H).4p"	"z 4H*"	"11/2"	"3d6.(5D).5d"	"6G"	"9/2"		"T6892c83"	"L18349c143"	
"227.36875"	"0.00017"	"227.368676"	"0.000010"	"400"	"1.2e+06"	"9.e-04"	"-2.0"	D	"60625.446"	"104593.292"	"3d6.(3H).4p"	"z 4G*"	"11/2"	"3d6.(5D).5d"	"6G"	"11/2"		"T6892c83"	"L18349c139"	
"227.37730"	"0.00015"	"227.377303"	"0.000011"	"500"	"1.0e+07"	"8.e-03"	"-1.19"	D+	"61156.827"	"105123.005"	"3d6.(3H).4p"	"z 4H*"	"7/2"	"3d6.(3H).4d"	"2G"	"7/2"		"T6892c83"	"L18349c139"	
"227.39585"	"0.00002"	"227.395841"	"0.000010"	"2600"	"3.7e+07"	"3.5e-02"	"-0.46"	D+	"62083.118"	"106045.712"	"3d6.(3H).4p"	"z 2G*"	"9/2"	"3d6.(3H).4d"	"2H"	"11/2"		"T6892c83"	"L18349c139"	
"227.3991"	"0.0005"	"227.399654"	"0.000011"	"1500d?"	"1.3e+06"	"1.0e-03"	"-2.0"	D	"26352.7671"	"70314.624"	"3d6.(3H).4s"	"b 2H"	"9/2"	"3d6.(3G).4p"	"x 2G*"	"9/2"		"T6892c83"	"L18349c143"	
"227.40642"	"0.00012"	"227.40632"	"0.00011"	"700"	"1.8e+07"	"1.7e-02"	"-0.85"	D+	"50187.822"	"94148.39"	"3d6.(3F1).4s"	"c 4F"	"7/2"	"3d5.(4G).4s.4p.(3P*)"	"w 4G*"	"9/2"		"T6892c83"	"L18349c139"	
"227.41853"	"0.00011"	"227.418470"	"0.000010"	"600"	"1.8e+07"	"1.7e-02"	"-0.78"	D+	"60807.239"	"104765.459"	"3d6.(3H).4p"	"z 4G*"	"9/2"	"3d6.(3H).4d"	"2I"	"11/2"		"T6892c83"	"L18349c139"	
"227.4510"	"0.0005"	"227.449906"	"0.000010"	"1100bl(Fe II)*"	"1.2e+06"	"1.2e-03"	"-2.1"	D	"61041.734"	"104993.879"	"3d6.(3H).4p"	"z 4G*"	"5/2"	"3d6.(3F2).4d"	"4D"	"7/2"		"T6892c83"	"L18349c142"	
"227.53561"	"0.00015"	"227.535752"	"0.000010"	"350"	"7.e+05"	"5.e-04"	"-2.3"	D	"62083.118"	"106018.682"	"3d6.(3H).4p"	"z 2G*"	"9/2"	"3d6.(3H).4d"	"2H"	"9/2"		"T6892c83"	"L18349c139"	
"227.5679"	"0.0005"	"227.568910"	"0.000010"	"200d,bl(Fe I)?"	"1.3e+06"	"1.0e-03"	"-2.0"	D	"65696.053"	"109625.216"	"3d6.(3G).4p"	"x 4G*"	"9/2"	"3d6.(3G).4d"	"2G"	"9/2"		"T6892c83"	"L18349c143"	
"227.5758"	"0.0005"	"227.575459"	"0.000011"	"350bl(Fe I)"	"1.1e+06"	"7.e-04"	"-2.0"	D	"60837.560"	"104765.459"	"3d6.(3H).4p"	"z 4H*"	"13/2"	"3d6.(3H).4d"	"2I"	"11/2"		"T6892c83"	"L18349c143"	
"227.607433"	"0.000011"	"227.607451"	"0.000010"	"11000"	"6.9e+07"	"4.0e-02"	"-0.49"	D+	"62945.045"	"106866.770"	"3d6.(3F2).4p"	"x 4D*"	"7/2"	"3d6.(3F2).4d"	"4F"	"5/2"		"T6892c83"	"L18349c139"	
"227.63489"	"0.00011"	"227.634788"	"0.000010"	"500"	"1.5e+06"	"1.1e-03"	"-2.0"	D	"60956.781"	"104873.232"	"3d6.(3H).4p"	"z 4G*"	"7/2"	"3d6.(5D).5d"	"4D"	"7/2"		"T6892c83"	"L18349c139"	
"227.6572"	"0.0005"	"227.656515"	"0.000016"	"700"	"1.5e+07"	"1.7e-02"	"-1.16"	D+	"50075.921"	"93988.181"	"3d6.(3F1).4s"	"c 4F"	"3/2"	"3d5.(4G).4s.4p.(3P*)"	"w 4G*"	"5/2"		"T6892c83"	"L18349c142"	
"227.696470"	"0.000019"	"227.696471"	"0.000011"	"3200"	"3.5e+07"	"4.0e-02"	"-0.79"	D+	"62962.215"	"106866.770"	"3d6.(3P2).4p"	"y 4D*"	"3/2"	"3d6.(3F2).4d"	"4F"	"5/2"		"T6892c83"	"L18349c139"	
"227.72950"	"0.00018"	"227.729583"	"0.000010"	"400"	"2.2e+06"	"1.4e-03"	"-1.9"	D	"60807.239"	"104705.411"	"3d6.(3H).4p"	"z 4G*"	"9/2"	"3d6.(5D).5d"	"6D"	"7/2"		"T6892c83"	"L18349c146"	
"227.7795"	"0.0005"	"227.77985"	"0.00016"	"500bl(Fe II)*"	"5.0e+06"	"5.9e-03"	"-1.63"	D+	"49506.922"	"93395.407"	"3d6.(3P1).4s"	"c 4P"	"3/2"	"3d6.(3F1).4p"	"u 4F*"	"5/2"		"T6892c83"	"L18349c142"	
"227.79206"	"0.00015"	"227.792081"	"0.000010"	"350"	"4.3e+06"	"2.5e-03"	"-1.70"	D+	"62322.445"	"106208.574"	"3d6.(3H).4p"	"z 2G*"	"7/2"	"3d6.(3F2).4d"	"2F"	"5/2"		"T6892c83"	"L18349c139"	
"227.7958"	"0.0005"	"227.795481"	"0.000012"	"600"	"6.0e+06"	"4.6e-03"	"-1.43"	D+	"50187.822"	"94073.296"	"3d6.(3F1).4s"	"c 4F"	"7/2"	"3d5.(4G).4s.4p.(3P*)"	"w 4G*"	"7/2"		"T6892c83"	"L18349c142"	
"227.80092"	"0.00009"	"227.800880"	"0.000010"	"600"	"5.e+06"	"3.9e-03"	"-1.8"	D	"62962.215"	"106846.649"	"3d6.(3P2).4p"	"y 4D*"	"3/2"	"3d6.(5D).5d"	"4F"	"3/2"		"T6892c83"	"L18349c139"	
"227.82875"	"0.00015"	"227.828688"	"0.000011"	"300"	"1.1e+06"	"8.e-04"	"-2.1"	D	"60989.444"	"104868.522"	"3d6.(3H).4p"	"z 4H*"	"9/2"	"3d6.(5D).5d"	"6G"	"9/2"		"T6892c83"	"L18349c139"	
"227.86866"	"0.00012"	"227.868658"	"0.000011"	"600"	"1.3e+06"	"8.e-04"	"-2.2"	D	"60956.781"	"104828.163"	"3d6.(3H).4p"	"z 4G*"	"7/2"	"3d6.(5D).5d"	"6D"	"5/2"		"T6892c83"	"L18349c139"	
"227.8771"	"0.0005"	"227.876331"	"0.000011"	"1100"	"8.e+05"	"8.e-04"	"-2.2"	D	"50187.822"	"94057.727"	"3d6.(3F1).4s"	"c 4F"	"7/2"	"3d5.(4D).4s.4p.(3P*)"	"6D*"	"9/2"		"T6892c83"	"L18349c142"	
"227.971273"	"0.000011"	"227.971285"	"0.000011"	"14000"	"1.48e+08"	"8.7e-02"	"-0.16"	C+	"62945.045"	"106796.679"	"3d6.(3F2).4p"	"x 4D*"	"7/2"	"3d6.(5D).5d"	"4P"	"5/2"		"T6892c83"	"L18349c139"	
"227.991462"	"0.000011"	"227.991467"	"0.000010"	"19000"	"4.49e+06"	"4.38e-03"	"-1.456"	B+	"384.7872"	"44232.5398"	"3d6.(5D).4s"	"a 6D"	"7/2"	"3d6.(5D).4p"	"z 4F*"	"9/2"		"T6610"	"L18349c139"	
"228.0100"	"0.0005"	"228.009034"	"0.000011"	"1500d?"	"7.e+05"	"7.e-04"	"-2.3"	D	"21711.8963"	"65556.271"	"3d6.(3H).4s"	"a 4H"	"7/2"	"3d6.(3H).4p"	"z 2H*"	"9/2"		"T6892c83"	"L18349c143"	
"228.04722"	"0.00009"	"228.047125"	"0.000010"	"600"	"1.3e+07"	"1.0e-02"	"-1.10"	D+	"61156.827"	"104993.879"	"3d6.(3H).4p"	"z 4H*"	"7/2"	"3d6.(3F2).4d"	"4D"	"7/2"		"T6892c83"	"L18349c139"	
"228.06058"	"0.00005"	"228.060590"	"0.000010"	"1100"	"5.3e+06"	"6.2e-03"	"-1.61"	D+	"62962.215"	"106796.679"	"3d6.(3P2).4p"	"y 4D*"	"3/2"	"3d6.(5D).5d"	"4P"	"5/2"		"T6892c83"	"L18349c139"	
"228.065023"	"0.000016"	"228.065044"	"0.000016"	"3200"	"9.9e+07"	"9.3e-02"	"-0.03"	C+	"65556.271"	"109389.879"	"3d6.(3H).4p"	"z 2H*"	"9/2"	"3d6.(3G).4d"	"2I"	"11/2"		"T6892c83"	"L18349c148"	
"228.12457"	"0.00013"	"228.124519"	"0.000010"	"500"	"1.8e+06"	"1.4e-03"	"-2.0"	D	"62945.045"	"106767.226"	"3d6.(3F2).4p"	"x 4D*"	"7/2"	"3d6.(3F2).4d"	"4F"	"7/2"		"T6892c83"	"L18349c139"	
"228.14749"	"0.00012"	"228.147481"	"0.000011"	"500"	"8.e+06"	"6.2e-03"	"-1.20"	D+	"60989.444"	"104807.215"	"3d6.(3H).4p"	"z 4H*"	"9/2"	"3d6.(3H).4d"	"2G"	"9/2"		"T6892c83"	"L18349c139"	
"228.17923"	"0.00011"	"228.179249"	"0.000011"	"700"	"1.1e+07"	"8.e-03"	"-1.00"	D+	"61587.205"	"105398.876"	"3d6.(3H).4p"	"z 4I*"	"11/2"	"3d6.(3F2).4d"	"4H"	"11/2"		"T6892c83"	"L18349c139"	
"228.21556"	"0.00018"	"228.215538"	"0.000013"	"300"	"7.4e+06"	"1.1e-02"	"-1.64"	D+	"61035.285"	"104839.990"	"3d6.(3P2).4p"	"y 4P*"	"1/2"	"3d6.(3F2).4d"	"4P"	"3/2"		"T6892c83"	"L18349c139"	
"228.26607"	"0.00008"	"228.266011"	"0.000011"	"800"	"7.1e+06"	"8.e-03"	"-1.48"	D+	"61332.753"	"105127.773"	"3d6.(3P2).4p"	"y 4P*"	"3/2"	"3d6.(5D).5d"	"4D"	"5/2"		"T6892c83"	"L18349c139"	
"228.276684"	"0.000011"	"228.276698"	"0.000011"	"22000"	"1.86e+08"	"9.7e-02"	"-0.24"	C+	"63272.981"	"107065.951"	"3d6.(3F2).4p"	"x 4D*"	"5/2"	"3d6.(5D).5d"	"4P"	"3/2"		"T6892c83"	"L18349c139"	
"228.31184"	"0.00006"	"228.311865"	"0.000011"	"1100"	"6.4e+06"	"4.2e-03"	"-1.30"	D+	"60625.446"	"104411.671"	"3d6.(3H).4p"	"z 4G*"	"11/2"	"3d6.(5D).5d"	"6D"	"9/2"		"T6892c83"	"L18349c139"	
"228.3526"	"0.0004"	"228.352761"	"0.000011"	"290"	"5.2e+06"	"3.3e-03"	"-1.48"	D+	"61512.630"	"105291.014"	"3d6.(3H).4p"	"z 4I*"	"9/2"	"3d6.(3F2).4d"	"4G"	"7/2"		"T6892c83"	"L18349c139"	
"228.359235"	"0.000012"	"228.359241"	"0.000010"	"8000"	"5.0e+07"	"4.9e-02"	"-0.41"	D+	"62945.045"	"106722.187"	"3d6.(3F2).4p"	"x 4D*"	"7/2"	"3d6.(3H).4d"	"4F"	"9/2"		"T6892c83"	"L18349c139"	
"228.369937"	"0.000014"	"228.369972"	"0.000010"	"6000"	"1.25e+08"	"1.22e-01"	"-0.01"	C+	"62322.445"	"106097.530"	"3d6.(3H).4p"	"z 2G*"	"7/2"	"3d6.(3F2).4d"	"2H"	"9/2"		"T6892c83"	"L18349c139"	
"228.399607"	"0.000019"	"228.399634"	"0.000012"	"18000"	"1.1e+07"	"1.1e-02"	"-1.17"	D+	"20516.9534"	"64286.354"	"3d7"	"a 2D2"	"5/2"	"3d6.(3F2).4p"	"z 2F*"	"7/2"		"T6892c83"	"L18349c139"	
"228.42271"	"0.00007"	"228.422789"	"0.000016"	"3000"	"2.0e+06"	"1.5e-03"	"-2.2"	D	"18360.6399"	"62125.604"	"3d7"	"a 2P"	"3/2"	"3d6.(3P2).4p"	"z 2D*"	"3/2"		"T6892c83"	"L18349c139"	
"228.44216"	"0.00008"	"228.442104"	"0.000010"	"700"	"8.e+06"	"6.3e-03"	"-1.05"	D+	"61527.610"	"105288.874"	"3d6.(3H).4p"	"z 4I*"	"13/2"	"3d6.(3F2).4d"	"4H"	"13/2"		"T6892c83"	"L18349c139"	
"228.48770"	"0.00003"	"228.487684"	"0.000011"	"2000"	"3.6e+07"	"2.4e-02"	"-0.47"	D+	"62293.177"	"106045.712"	"3d6.(3H).4p"	"z 2I*"	"13/2"	"3d6.(3H).4d"	"2H"	"11/2"		"T6892c83"	"L18349c139"	
"228.58068"	"0.00015"	"228.580860"	"0.000011"	"400"	"9.e+06"	"8.e-03"	"-1.02"	D+	"60887.606"	"104622.308"	"3d6.(3H).4p"	"z 4H*"	"11/2"	"3d6.(3H).4d"	"2I"	"13/2"		"T6892c83"	"L18349c139"	
"228.64798"	"0.00008"	"228.648015"	"0.000013"	"800"	"1.9e+07"	"1.5e-02"	"-1.52"	D+	"61035.285"	"104757.143"	"3d6.(3P2).4p"	"y 4P*"	"1/2"	"3d6.(5D).5d"	"6D"	"1/2"		"T6892c83"	"L18349c139"	
"228.705029"	"0.000011"	"228.705032"	"0.000010"	"10000"	"1.7e+08"	"6.6e-02"	"-0.58"	D+	"63465.134"	"107176.093"	"3d6.(3F2).4p"	"x 4D*"	"3/2"	"3d6.(5D).5d"	"4P"	"1/2"		"T6892c83"	"L18349c139"	
"228.71032"	"0.00009"	"228.710108"	"0.000010"	"600"	"2.8e+06"	"2.2e-03"	"-1.8"	D	"62065.528"	"105775.517"	"3d6.(3F2).4p"	"y 4F*"	"7/2"	"3d6.(3F2).4d"	"2F"	"7/2"		"T6892c83"	"L18349c139"	
"228.73309"	"0.00006"	"228.733046"	"0.000010"	"900"	"3.4e+06"	"3.5e-03"	"-1.68"	D+	"60402.333"	"104107.939"	"3d6.(3P2).4p"	"y 4P*"	"5/2"	"3d6.(3P2).4d"	"4F"	"7/2"		"T6892c83"	"L18349c139"	
"228.75623"	"0.00006"	"228.756229"	"0.000016"	"1100"	"6.8e+07"	"5.3e-02"	"-0.97"	D+	"61035.285"	"104736.462"	"3d6.(3P2).4p"	"y 4P*"	"1/2"	"3d6.(3P2).4d"	"2P"	"1/2"		"T6892c83"	"L18349c139"	
"228.77042"	"0.00008"	"228.770511"	"0.000010"	"400"	"8.e+05"	"6.e-04"	"-2.2"	D	"61512.630"	"105211.079"	"3d6.(3H).4p"	"z 4I*"	"9/2"	"3d6.(5D).5d"	"4G"	"9/2"		"T6892c83"	"L18349c139"	
"228.78209"	"0.00007"	"228.782093"	"0.000011"	"900"	"4.4e+07"	"4.3e-02"	"-0.46"	D+	"62322.445"	"106018.682"	"3d6.(3H).4p"	"z 2G*"	"7/2"	"3d6.(3H).4d"	"2H"	"9/2"		"T6892c83"	"L18349c139"	
"228.8019"	"0.0002"	"228.802192"	"0.000010"	"400"	"3.1e+06"	"1.9e-03"	"-1.71"	D+	"62083.118"	"105775.517"	"3d6.(3H).4p"	"z 2G*"	"9/2"	"3d6.(3F2).4d"	"2F"	"7/2"		"T6892c83"	"L18349c139"	
"228.81514"	"0.00019"	"228.815139"	"0.000011"	"320"	"6.9e+06"	"6.3e-03"	"-1.12"	D+	"60625.446"	"104315.373"	"3d6.(3H).4p"	"z 4G*"	"11/2"	"3d6.(3H).4d"	"2K"	"13/2"		"T6892c83"	"L18349c139"	
"228.8238"	"0.0005"	"228.822870"	"0.000011"	"160bl(Fe II)*"	"6.6e+06"	"3.9e-03"	"-1.51"	D+	"66377.315"	"110065.766"	"3d6.(3G).4p"	"x 4F*"	"7/2"	"3d6.(3G).4d"	"2D"	"5/2"		"T6892c83"	"L18349c142"	
"228.8238"	"0.0005"	"228.824446"	"0.000016"	"160bl(Fe II)*"	"1.2e+06"	"1.0e-03"	"-2.2"	D	"50142.811"	"93830.961"	"3d6.(3F1).4s"	"c 4F"	"5/2"	"3d5.(4D).4s.4p.(3P*)"	"6D*"	"5/2"		"T6892c83"	"L18349c142"	
"228.835674"	"0.000013"	"228.835688"	"0.000011"	"5000"	"8.2e+07"	"7.5e-02"	"-0.04"	C+	"65363.607"	"109049.611"	"3d6.(3H).4p"	"z 2H*"	"11/2"	"3d6.(3G).4d"	"2I"	"13/2"		"T6892c83"	"L18349c139"	
"228.866255"	"0.000015"	"228.866265"	"0.000010"	"5000"	"1.56e+08"	"1.47e-01"	"0.17"	B+	"62083.118"	"105763.286"	"3d6.(3H).4p"	"z 2G*"	"9/2"	"3d6.(3F2).4d"	"2H"	"11/2"		"T6892c83"	"L18349c139"	
"228.89679"	"0.00003"	"228.896667"	"0.000010"	"2300bl(Fe I)"	"1.9e+07"	"1.2e-02"	"-0.93"	D+	"60807.239"	"104481.606"	"3d6.(3H).4p"	"z 4G*"	"9/2"	"3d6.(3H).4d"	"2F"	"7/2"		"T6892c83"	"L18349c148"	
"228.91681"	"0.00012"	"228.916790"	"0.000010"	"280"	"3.1e+06"	"2.9e-03"	"-1.53"	D+	"66012.775"	"109683.303"	"3d6.(3G).4p"	"x 4F*"	"9/2"	"3d6.(3G).4d"	"2H"	"11/2"		"T6892c83"	"L18349c139"	
"229.06401"	"0.00014"	"229.064012"	"0.000011"	"500"	"6.5e+06"	"5.1e-03"	"-1.29"	D+	"61512.630"	"105155.093"	"3d6.(3H).4p"	"z 4I*"	"9/2"	"3d6.(3F2).4d"	"4G"	"9/2"		"T6892c83"	"L18349c139"	
"229.1922"	"0.0005"	"229.191837"	"0.000016"	"400"	"4.6e+06"	"3.7e-03"	"-1.66"	D+	"50212.836"	"93830.961"	"3d6.(3P1).4s"	"c 4P"	"5/2"	"3d5.(4D).4s.4p.(3P*)"	"6D*"	"5/2"		"T6892c83"	"L18349c142"	
"229.199876"	"0.000011"	"229.199877"	"0.000010"	"10000"	"1.7e+08"	"1.3e-01"	"-0.57"	D+	"63559.498"	"107176.093"	"3d6.(3F2).4p"	"x 4D*"	"1/2"	"3d6.(5D).5d"	"4P"	"1/2"		"T6892c83"	"L18349c139"	
"229.22174"	"0.00013"	"229.221689"	"0.000011"	"500"	"1.0e+07"	"5.9e-03"	"-1.32"	D+	"60956.781"	"104569.226"	"3d6.(3H).4p"	"z 4G*"	"7/2"	"3d6.(3P2).4d"	"4F"	"5/2"		"T6892c83"	"L18349c139"	
"229.22797"	"0.00015"	"229.227708"	"0.000012"	"260"	"3.1e+06"	"2.5e-03"	"-1.8"	D	"67000.530"	"110611.830"	"3d6.(3F2).4p"	"y 2D*"	"5/2"	"3d6.(3G).4d"	"2F"	"5/2"		"T6892c83"	"L18349c139"	
"229.24210"	"0.00011"	"229.242128"	"0.000011"	"1700"	"8.4e+05"	"5.5e-04"	"-2.18"	C+	"20340.2461"	"63948.803"	"3d7"	"a 2H"	"11/2"	"3d6.(3F2).4p"	"y 4G*"	"9/2"		"T7461"	"L18349c139"	
"229.25982"	"0.00011"	"229.259988"	"0.000010"	"500"	"2.2e+06"	"2.0e-03"	"-1.69"	D+	"62158.126"	"105763.286"	"3d6.(3F2).4p"	"y 4F*"	"9/2"	"3d6.(3F2).4d"	"2H"	"11/2"		"T6892c83"	"L18349c139"	
"229.26398"	"0.00010"	"229.263816"	"0.000010"	"400"	"8.e+05"	"6.e-04"	"-2.2"	D	"60807.239"	"104411.671"	"3d6.(3H).4p"	"z 4G*"	"9/2"	"3d6.(5D).5d"	"6D"	"9/2"		"T6892c83"	"L18349c139"	
"229.282805"	"0.000011"	"229.282826"	"0.000010"	"12000bl(Fe II)*"	"1.0e+08"	"7.5e-02"	"-0.52"	D+	"63465.134"	"107065.951"	"3d6.(3F2).4p"	"x 4D*"	"3/2"	"3d6.(5D).5d"	"4P"	"3/2"		"T6892c83"	"L18349c148"	
"229.31977"	"0.00007"	"229.319793"	"0.000010"	"900"	"3.3e+06"	"2.6e-03"	"-1.8"	D	"63272.981"	"106866.770"	"3d6.(3F2).4p"	"x 4D*"	"5/2"	"3d6.(3F2).4d"	"4F"	"5/2"		"T6892c83"	"L18349c139"	
"229.37680"	"0.00004"	"229.376783"	"0.000010"	"8000"	"1.0e+07"	"8.e-03"	"-1.31"	D+	"22939.3512"	"66522.310"	"3d6.(3F2).4s"	"b 4F"	"5/2"	"3d6.(3G).4p"	"x 4F*"	"5/2"		"T6892c83"	"L18349c139"	
"229.38613"	"0.00009"	"229.385958"	"0.000016"	"2900bl(Fe II)*"	"2.4e+06"	"2.3e-03"	"-1.64"	D+	"30388.5451"	"73969.761"	"3d6.(3G).4s"	"b 2G"	"9/2"	"3d6.(1I).4p"	"y 2I*"	"11/2"		"T6892c83"	"L18349c148"	
"229.42555"	"0.00005"	"229.425517"	"0.000010"	"1500bl(Fe II)*"	"1.7e+07"	"1.0e-02"	"-0.98"	D+	"60807.239"	"104380.941"	"3d6.(3H).4p"	"z 4G*"	"9/2"	"3d6.(5D).5d"	"6F"	"7/2"		"T6892c83"	"L18349c148"	
"229.45615"	"0.00012"	"229.456136"	"0.000011"	"500"	"8.e+06"	"5.5e-03"	"-1.18"	D+	"61587.205"	"105155.093"	"3d6.(3H).4p"	"z 4I*"	"11/2"	"3d6.(3F2).4d"	"4G"	"9/2"		"T6892c83"	"L18349c139"	
"229.46099"	"0.00003"	"229.460976"	"0.000010"	"12000"	"1.4e+07"	"1.1e-02"	"-1.05"	D+	"22810.3459"	"66377.315"	"3d6.(3F2).4s"	"b 4F"	"7/2"	"3d6.(3G).4p"	"x 4F*"	"7/2"		"T6892c83"	"L18349c139"	
"229.60966"	"0.00002"	"229.609648"	"0.000010"	"15000"	"8.e+07"	"4.5e-02"	"-0.44"	D+	"44446.9051"	"87985.667"	"3d6.(5D).4p"	"z 4D*"	"7/2"	"3d6.(5D).4d"	"4P"	"5/2"		"T6892c83"	"L18349c139"	
"229.61562"	"0.00007"	"229.615571"	"0.000012"	"1000"	"1.4e+07"	"2.2e-02"	"-1.36"	D+	"61035.285"	"104572.924"	"3d6.(3P2).4p"	"y 4P*"	"1/2"	"3d6.(3P2).4d"	"4F"	"3/2"		"T6892c83"	"L18349c139"	
"229.66604"	"0.00007"	"229.666022"	"0.000010"	"5000"	"4.6e+06"	"2.9e-03"	"-1.54"	D+	"21581.6151"	"65109.691"	"3d6.(3H).4s"	"a 4H"	"9/2"	"3d6.(3F2).4p"	"y 2G*"	"7/2"		"T6892c83"	"L18349c139"	
"229.67658"	"0.00011"	"229.676607"	"0.000016"	"2800"	"2.9e+06"	"2.3e-03"	"-2.0"	D	"21307.999"	"64834.069"	"3d7"	"a 2D2"	"3/2"	"3d6.(3P2).4p"	"z 2P*"	"3/2"		"T6892c83"	"L18349c139"	
"229.6879"	"0.0002"	"229.687861"	"0.000008"	"2200"	"1.82e+06"	"1.92e-03"	"-1.94"	C+	"20516.9534"	"64040.891"	"3d7"	"a 2D2"	"5/2"	"3d6.(3F2).4p"	"y 4G*"	"7/2"		"T7461"	"L18196"	
"229.689095"	"0.000014"	"229.689125"	"0.000010"	"6000"	"5.2e+07"	"4.1e-02"	"-0.61"	D+	"63272.981"	"106796.679"	"3d6.(3F2).4p"	"x 4D*"	"5/2"	"3d6.(5D).5d"	"4P"	"5/2"		"T6892c83"	"L18349c139"	
"229.78024"	"0.00002"	"229.780177"	"0.000010"	"2000"	"1.1e+07"	"1.7e-02"	"-1.46"	D+	"63559.498"	"107065.951"	"3d6.(3F2).4p"	"x 4D*"	"1/2"	"3d6.(5D).5d"	"4P"	"3/2"		"T6892c83"	"L18349c139"	
"229.82219"	"0.00003"	"229.822219"	"0.000016"	"13000"	"3.4e+07"	"1.3e-02"	"-1.27"	D+	"21307.999"	"64806.494"	"3d7"	"a 2D2"	"3/2"	"3d6.(3P2).4p"	"z 2P*"	"1/2"		"T6892c83"	"L18349c139"	
"229.83852"	"0.00006"	"229.838521"	"0.000011"	"1100"	"1.8e+06"	"2.1e-03"	"-2.1"	D	"61332.753"	"104828.163"	"3d6.(3P2).4p"	"y 4P*"	"3/2"	"3d6.(5D).5d"	"6D"	"5/2"		"T6892c83"	"L18349c139"	
"229.844668"	"0.000015"	"229.844678"	"0.000010"	"5000"	"2.9e+07"	"3.1e-02"	"-0.73"	D+	"63272.981"	"106767.226"	"3d6.(3F2).4p"	"x 4D*"	"5/2"	"3d6.(3F2).4d"	"4F"	"7/2"		"T6892c83"	"L18349c139"	
"229.86166"	"0.00015"	"229.861685"	"0.000010"	"2000"	"2.0e+06"	"2.4e-03"	"-2.0"	D	"23031.2829"	"66522.310"	"3d6.(3F2).4s"	"b 4F"	"3/2"	"3d6.(3G).4p"	"x 4F*"	"5/2"		"T6892c83"	"L18349c139"	
"229.89347"	"0.00010"	"229.893495"	"0.000011"	"600"	"2.0e+06"	"1.9e-03"	"-1.8"	D	"61726.069"	"105211.079"	"3d6.(3P2).4p"	"y 4D*"	"7/2"	"3d6.(5D).5d"	"4G"	"9/2"		"T6892c83"	"L18349c139"	
"229.91338"	"0.00011"	"229.913381"	"0.000010"	"500"	"1.2e+07"	"8.e-03"	"-1.11"	D+	"61512.630"	"104993.879"	"3d6.(3H).4p"	"z 4I*"	"9/2"	"3d6.(3F2).4d"	"4D"	"7/2"		"T6892c83"	"L18349c139"	
"229.9314"	"0.0005"	"229.931553"	"0.000011"	"260d?"	"1.8e+06"	"1.4e-03"	"-1.70"	D+	"60837.560"	"104315.373"	"3d6.(3H).4p"	"z 4H*"	"13/2"	"3d6.(3H).4d"	"2K"	"13/2"		"T6892c83"	"L18349c143"	
"229.94209"	"0.00004"	"229.942094"	"0.000010"	"1800"	"1.0e+07"	"8.e-03"	"-1.33"	D+	"61093.406"	"104569.226"	"3d6.(3P2).4p"	"z 2D*"	"5/2"	"3d6.(3P2).4d"	"4F"	"5/2"		"T6892c83"	"L18349c139"	
"229.97234"	"0.00009"	"229.972306"	"0.000010"	"800"	"2.1e+07"	"1.4e-02"	"-0.71"	D+	"62293.177"	"105763.286"	"3d6.(3H).4p"	"z 2I*"	"13/2"	"3d6.(3F2).4d"	"2H"	"11/2"		"T6892c83"	"L18349c139"	
"229.97505"	"0.00004"	"229.975285"	"0.000010"	"1600"	"2.0e+07"	"1.9e-02"	"-0.65"	D+	"65580.065"	"109049.611"	"3d6.(3G).4p"	"x 4G*"	"11/2"	"3d6.(3G).4d"	"2I"	"13/2"		"T6892c83"	"L18349c145"	
"229.99343"	"0.00008"	"229.993500"	"0.000010"	"3000"	"5.6e+06"	"5.6e-03"	"-1.35"	D+	"42658.2444"	"86124.348"	"3d6.(5D).4p"	"z 6P*"	"7/2"	"3d6.(5D).4d"	"e 4F"	"9/2"		"T6892c83"	"L18349c139"	
"229.9975"	"0.0005"	"229.997625"	"0.000010"	"260d?"	"1.4e+07"	"1.1e-02"	"-1.18"	D+	"61041.734"	"104507.058"	"3d6.(3H).4p"	"z 4G*"	"5/2"	"3d6.(3H).4d"	"4F"	"5/2"		"T6892c83"	"L18349c143"	
"230.03132"	"0.00007"	"230.031340"	"0.000010"	"900"	"1.8e+07"	"1.7e-02"	"-0.85"	D+	"62065.528"	"105524.482"	"3d6.(3F2).4p"	"y 4F*"	"7/2"	"3d6.(3F2).4d"	"4H"	"9/2"		"T6892c83"	"L18349c139"	
"230.05238"	"0.00003"	"230.052374"	"0.000011"	"3000"	"2.5e+06"	"2.0e-03"	"-2.1"	D	"59663.440"	"103118.421"	"3d6.(3P2).4p"	"z 4S*"	"3/2"	"3d6.(5D).6s"	"4D"	"3/2"		"T6892c83"	"L18349c139"	
"230.06248"	"0.00007"	"230.062481"	"0.000010"	"900bl(Fe II)*"	"2.1e+07"	"1.7e-02"	"-0.87"	D+	"62322.445"	"105775.517"	"3d6.(3H).4p"	"z 2G*"	"7/2"	"3d6.(3F2).4d"	"2F"	"7/2"		"T6892c83"	"L18349c148"	
"230.13242"	"0.00008"	"230.132396"	"0.000010"	"900"	"1.2e+07"	"1.3e-02"	"-1.11"	D+	"61041.734"	"104481.606"	"3d6.(3H).4p"	"z 4G*"	"5/2"	"3d6.(3H).4d"	"2F"	"7/2"		"T6892c83"	"L18349c139"	
"230.15672"	"0.00003"	"230.156739"	"0.000010"	"2100"	"2.1e+07"	"1.4e-02"	"-0.77"	D+	"62662.252"	"106097.530"	"3d6.(3H).4p"	"z 2I*"	"11/2"	"3d6.(3F2).4d"	"2H"	"9/2"		"T6892c83"	"L18349c139"	
"230.18985"	"0.00006"	"230.189885"	"0.000010"	"1100"	"1.6e+07"	"1.6e-02"	"-0.89"	D+	"61726.069"	"105155.093"	"3d6.(3P2).4p"	"y 4D*"	"7/2"	"3d6.(3F2).4d"	"4G"	"9/2"		"T6892c83"	"L18349c139"	
"230.19647"	"0.00004"	"230.196549"	"0.000010"	"2300"	"1.3e+06"	"1.2e-03"	"-1.8"	D	"60887.606"	"104315.373"	"3d6.(3H).4p"	"z 4H*"	"11/2"	"3d6.(3H).4d"	"2K"	"13/2"		"T6892c83"	"L18349c139"	
"230.21551"	"0.00015"	"230.215671"	"0.000010"	"600"	"5.2e+06"	"4.1e-03"	"-1.48"	D+	"60956.781"	"104380.941"	"3d6.(3H).4p"	"z 4G*"	"7/2"	"3d6.(5D).5d"	"6F"	"7/2"		"T6892c83"	"L18349c139"	
"230.27130"	"0.00011"	"230.271399"	"0.000011"	"1100"	"2.9e+06"	"2.3e-03"	"-1.9"	D	"61093.406"	"104507.058"	"3d6.(3P2).4p"	"z 2D*"	"5/2"	"3d6.(3H).4d"	"4F"	"5/2"		"T6892c83"	"L18349c139"	
"230.27890"	"0.00011"	"230.279000"	"0.000010"	"1200"	"1.5e+07"	"1.6e-02"	"-1.02"	D+	"60402.333"	"103814.552"	"3d6.(3P2).4p"	"y 4P*"	"5/2"	"3d6.(5D).5d"	"4F"	"7/2"		"T6892c83"	"L18349c139"	
"230.31039"	"0.00006"	"230.310383"	"0.000011"	"2200"	"2.0e+07"	"2.3e-02"	"-1.03"	D+	"61332.753"	"104739.057"	"3d6.(3P2).4p"	"y 4P*"	"3/2"	"3d6.(3F2).4d"	"4P"	"5/2"		"T6892c83"	"L18349c139"	
"230.33520"	"0.00002"	"230.335156"	"0.000010"	"5000"	"1.2e+07"	"1.5e-02"	"-1.23"	D+	"63465.134"	"106866.770"	"3d6.(3F2).4p"	"x 4D*"	"3/2"	"3d6.(3F2).4d"	"4F"	"5/2"		"T6892c83"	"L18349c139"	
"230.38432"	"0.00018"	"230.384272"	"0.000016"	"3100"	"3.0e+07"	"3.6e-02"	"-0.84"	D+	"49506.922"	"92899.306"	"3d6.(3P1).4s"	"c 4P"	"3/2"	"3d6.(3F1).4p"	"4D*"	"5/2"		"T6892c83"	"L18349c139"	
"230.40649"	"0.00006"	"230.406490"	"0.000010"	"2200"	"2.6e+07"	"2.8e-02"	"-0.77"	D+	"61093.406"	"104481.606"	"3d6.(3P2).4p"	"z 2D*"	"5/2"	"3d6.(3H).4d"	"2F"	"7/2"		"T6892c83"	"L18349c139"	
"230.41684"	"0.00011"	"230.416852"	"0.000010"	"800"	"4.8e+06"	"5.8e-03"	"-1.64"	D+	"62244.515"	"105630.764"	"3d6.(3F2).4p"	"y 4F*"	"3/2"	"3d6.(5D).5d"	"4G"	"5/2"		"T6892c83"	"L18349c139"	
"230.4224"	"0.0005"	"230.422169"	"0.000010"	"220"	"8.e+06"	"6.6e-03"	"-1.18"	D+	"60807.239"	"104192.487"	"3d6.(3H).4p"	"z 4G*"	"9/2"	"3d6.(3H).4d"	"4I"	"9/2"		"T6892c83"	"L18349c142"	
"230.42844"	"0.00016"	"230.428644"	"0.000010"	"700"	"9.e+05"	"7.e-04"	"-2.2"	D	"62065.528"	"105449.557"	"3d6.(3F2).4p"	"y 4F*"	"7/2"	"3d6.(5D).5d"	"4G"	"7/2"		"T6892c83"	"L18349c139"	
"230.47348"	"0.00002"	"230.473532"	"0.000010"	"21000bl(Fe I)"	"1.1e+07"	"9.e-03"	"-1.06"	D+	"22637.1950"	"66012.775"	"3d6.(3F2).4s"	"b 4F"	"9/2"	"3d6.(3G).4p"	"x 4F*"	"9/2"		"T6892c83"	"L18349c148"	
"230.49047"	"0.00003"	"230.490484"	"0.000010"	"13000"	"6.8e+07"	"3.6e-02"	"-0.67"	D+	"44784.7859"	"88157.176"	"3d6.(5D).4p"	"z 4D*"	"5/2"	"3d6.(5D).4d"	"4P"	"3/2"		"T6892c83"	"L18349c139"	
"230.51954"	"0.00007"	"230.519523"	"0.000011"	"1400"	"2.2e+07"	"1.3e-02"	"-0.98"	D+	"64040.891"	"107407.818"	"3d6.(3F2).4p"	"y 4G*"	"7/2"	"3d6.(3F2).4d"	"2D"	"5/2"		"T6892c83"	"L18349c139"	
"230.5234"	"0.0005"	"230.522558"	"0.000010"	"200d?"	"4.6e+06"	"3.7e-03"	"-1.44"	D+	"62158.126"	"105524.482"	"3d6.(3F2).4p"	"y 4F*"	"9/2"	"3d6.(3F2).4d"	"4H"	"9/2"		"T6892c83"	"L18349c142"	
"230.59679"	"0.00015"	"230.59673"	"0.00003"	"3000"	"9.e+07"	"7.2e-02"	"-0.84"	D+	"49100.956"	"92453.365"	"3d6.(3P1).4s"	"c 4P"	"1/2"	"3d6.(3F1).4p"	"4D*"	"1/2"		"T6892c83"	"L18349c139"	
"230.60831"	"0.00006"	"230.608313"	"0.000010"	"1600"	"7.4e+06"	"4.4e-03"	"-1.45"	D+	"61156.827"	"104507.058"	"3d6.(3H).4p"	"z 4H*"	"7/2"	"3d6.(3H).4d"	"4F"	"5/2"		"T6892c83"	"L18349c139"	
"230.63679"	"0.00009"	"230.636987"	"0.000016"	"4000bl(Fe II)*"	"2.2e+07"	"2.3e-02"	"-0.86"	D+	"50142.811"	"93487.653"	"3d6.(3F1).4s"	"c 4F"	"5/2"	"3d6.(3F1).4p"	"u 4F*"	"7/2"		"T6892c83"	"L18349c148"	
"230.64501"	"0.00004"	"230.645012"	"0.000016"	"2300"	"4.9e+07"	"2.6e-02"	"-0.80"	D+	"64087.408"	"107430.742"	"3d6.(3F2).4p"	"y 4G*"	"5/2"	"3d6.(3F2).4d"	"2D"	"3/2"		"T6892c83"	"L18349c139"	
"230.666904"	"0.000013"	"230.666908"	"0.000011"	"15000bl(Fe II)*"	"1.90e+08"	"2.3e-01"	"-0.04"	C+	"59663.440"	"103002.660"	"3d6.(3P2).4p"	"z 4S*"	"3/2"	"3d6.(3P2).4d"	"4D"	"5/2"		"T6892c83"	"L18349c148"	
"230.666904"	"0.000013"	"230.666977"	"0.000010"	"15000bl(Fe II)*"	"3.7e+06"	"4.0e-03"	"-1.62"	D+	"61041.734"	"104380.941"	"3d6.(3H).4p"	"z 4G*"	"5/2"	"3d6.(5D).5d"	"6F"	"7/2"		"T6892c83"	"L18349c148"	
"230.67326"	"0.00012"	"230.673418"	"0.000013"	"400"	"1.1e+07"	"1.3e-02"	"-1.27"	D+	"67273.833"	"110611.830"	"3d6.(3F2).4p"	"y 2D*"	"3/2"	"3d6.(3G).4d"	"2F"	"5/2"		"T6892c83"	"L18349c139"	
"230.6996"	"0.0003"	"230.699733"	"0.000011"	"400"	"2.8e+06"	"2.2e-03"	"-1.9"	D	"61093.406"	"104426.460"	"3d6.(3P2).4p"	"z 2D*"	"5/2"	"3d6.(5D).5d"	"6F"	"5/2"		"T6892c83"	"L18349c139"	
"230.707741"	"0.000018"	"230.707768"	"0.000011"	"6000"	"2.2e+07"	"2.6e-02"	"-0.98"	D+	"63465.134"	"106796.679"	"3d6.(3F2).4p"	"x 4D*"	"3/2"	"3d6.(5D).5d"	"4P"	"5/2"		"T6892c83"	"L18349c139"	
"230.71933"	"0.00015"	"230.719472"	"0.000010"	"900"	"5.0e+06"	"3.3e-03"	"-1.40"	D+	"61587.205"	"104916.552"	"3d6.(3H).4p"	"z 4I*"	"11/2"	"3d6.(3F2).4d"	"4F"	"9/2"		"T6892c83"	"L18349c139"	
"230.73129"	"0.00002"	"230.731295"	"0.000021"	"20000"	"2.04e+08"	"1.63e-01"	"0.21"	B+	"50157.475"	"93484.602"	"3d6.(3F1).4s"	"c 4F"	"9/2"	"3d6.(3F1).4p"	"u 4F*"	"9/2"		"T6892c83"	"L18349c139"	
"230.77203"	"0.00015"	"230.77200"	"0.00016"	"2900"	"3.5e+07"	"4.2e-02"	"-0.78"	D+	"50075.921"	"93395.407"	"3d6.(3F1).4s"	"c 4F"	"3/2"	"3d6.(3F1).4p"	"u 4F*"	"5/2"		"T6892c83"	"L18349c139"	
"230.79184"	"0.00007"	"230.791860"	"0.000010"	"1800"	"1.3e+07"	"1.3e-02"	"-0.89"	D+	"62083.118"	"105398.876"	"3d6.(3H).4p"	"z 2G*"	"9/2"	"3d6.(3F2).4d"	"4H"	"11/2"		"T6892c83"	"L18349c139"	
"230.80182"	"0.00006"	"230.801777"	"0.000010"	"1900"	"2.3e+07"	"1.4e-02"	"-0.96"	D+	"62065.528"	"105379.425"	"3d6.(3F2).4p"	"y 4F*"	"7/2"	"3d6.(3F2).4d"	"4D"	"5/2"		"T6892c83"	"L18349c139"	
"230.82953"	"0.00011"	"230.829587"	"0.000011"	"800"	"2.22e+08"	"1.18e-01"	"-0.15"	C+	"62151.554"	"105460.233"	"3d6.(3F2).4p"	"y 4F*"	"5/2"	"3d6.(3F2).4d"	"4D"	"3/2"		"T6892c83"	"L18349c139"	
"230.87219"	"0.00017"	"230.872126"	"0.000010"	"700"	"3.0e+06"	"1.9e-03"	"-1.71"	D+	"60807.239"	"104107.939"	"3d6.(3H).4p"	"z 4G*"	"9/2"	"3d6.(3P2).4d"	"4F"	"7/2"		"T6892c83"	"L18349c139"	
"230.87664"	"0.00004"	"230.876760"	"0.000016"	"13000"	"1.69e+08"	"1.35e-01"	"0.03"	C+	"50187.822"	"93487.653"	"3d6.(3F1).4s"	"c 4F"	"7/2"	"3d6.(3F1).4p"	"u 4F*"	"7/2"		"T6892c83"	"L18349c148"	
"230.88649"	"0.00008"	"230.886508"	"0.000010"	"1300"	"6.1e+06"	"6.5e-03"	"-1.41"	D+	"62151.554"	"105449.557"	"3d6.(3F2).4p"	"y 4F*"	"5/2"	"3d6.(5D).5d"	"4G"	"7/2"		"T6892c83"	"L18349c139"	
"230.8931"	"0.0002"	"230.89303"	"0.00003"	"2300"	"2.5e+07"	"2.5e-02"	"-0.69"	D+	"50187.822"	"93484.602"	"3d6.(3F1).4s"	"c 4F"	"7/2"	"3d6.(3F1).4p"	"u 4F*"	"9/2"		"T6892c83"	"L18349c139"	
"230.90475"	"0.00007"	"230.904737"	"0.000012"	"1200"	"9.e+06"	"7.3e-03"	"-1.14"	D+	"61512.630"	"104807.215"	"3d6.(3H).4p"	"z 4I*"	"9/2"	"3d6.(3H).4d"	"2G"	"9/2"		"T6892c83"	"L18349c139"	
"230.94226"	"0.00010"	"230.942347"	"0.000010"	"900"	"9.e+06"	"1.0e-02"	"-1.22"	D+	"61093.406"	"104380.941"	"3d6.(3P2).4p"	"z 2D*"	"5/2"	"3d6.(5D).5d"	"6F"	"7/2"		"T6892c83"	"L18349c139"	
"230.94437"	"0.00003"	"230.944396"	"0.000012"	"4000"	"3.0e+07"	"4.8e-02"	"-1.02"	D+	"63559.498"	"106846.649"	"3d6.(3F2).4p"	"x 4D*"	"1/2"	"3d6.(5D).5d"	"4F"	"3/2"		"T6892c83"	"L18349c139"	
"230.94694"	"0.00005"	"230.946914"	"0.000012"	"2300"	"6.3e+07"	"5.1e-02"	"-0.22"	C+	"60887.606"	"104174.285"	"3d6.(3H).4p"	"z 4H*"	"11/2"	"3d6.(3H).4d"	"4I"	"11/2"		"T6892c83"	"L18349c139"	
"230.95530"	"0.00010"	"230.955313"	"0.000012"	"700"	"1.1e+07"	"1.0e-02"	"-0.91"	D+	"65363.607"	"108648.712"	"3d6.(3H).4p"	"z 2H*"	"11/2"	"3d6.(1I).5s"	"2I"	"13/2"		"T6892c83"	"L18349c139"	
"230.97105"	"0.00012"	"230.970922"	"0.000010"	"700"	"6.2e+06"	"5.7e-03"	"-1.10"	D+	"60837.560"	"104119.740"	"3d6.(3H).4p"	"z 4H*"	"13/2"	"3d6.(3H).4d"	"2K"	"15/2"		"T6892c83"	"L18349c139"	
"231.01657"	"0.00002"	"231.016577"	"0.000012"	"5000"	"1.24e+08"	"9.9e-02"	"-0.40"	C+	"62244.515"	"105518.142"	"3d6.(3F2).4p"	"y 4F*"	"3/2"	"3d6.(3F2).4d"	"4F"	"3/2"		"T6892c83"	"L18349c139"	
"231.02596"	"0.00003"	"231.025964"	"0.000014"	"3100"	"8.e+07"	"6.4e-02"	"-0.59"	D+	"64834.069"	"108105.938"	"3d6.(3P2).4p"	"z 2P*"	"3/2"	"3d6.(3F2).4d"	"2P"	"3/2"		"T6892c83"	"L18349c139"	
"231.03789"	"0.00009"	"231.037903"	"0.000010"	"700"	"7.5e+06"	"4.5e-03"	"-1.44"	D+	"61156.827"	"104426.460"	"3d6.(3H).4p"	"z 4H*"	"7/2"	"3d6.(5D).5d"	"6F"	"5/2"		"T6892c83"	"L18349c139"	
"231.04746"	"0.00015"	"231.047638"	"0.000010"	"700"	"9.e+06"	"7.0e-03"	"-1.25"	D+	"61726.069"	"104993.879"	"3d6.(3P2).4p"	"y 4D*"	"7/2"	"3d6.(3F2).4d"	"4D"	"7/2"		"T6892c83"	"L18349c139"	
"231.07532"	"0.00010"	"231.075294"	"0.000012"	"800"	"3.7e+06"	"2.9e-03"	"-1.8"	D	"62151.554"	"105414.186"	"3d6.(3F2).4p"	"y 4F*"	"5/2"	"3d6.(3F2).4d"	"4G"	"5/2"		"T6892c83"	"L18349c139"	
"231.12244"	"0.00004"	"231.122370"	"0.000012"	"10000bl(Fe II)*"	"1.3e+07"	"1.6e-02"	"-1.20"	D+	"62125.604"	"105379.425"	"3d6.(3P2).4p"	"z 2D*"	"3/2"	"3d6.(3F2).4d"	"4D"	"5/2"		"T6892c83"	"L18349c148"	
"231.12244"	"0.00004"	"231.122482"	"0.000012"	"10000bl(Fe II)*"	"1.2e+07"	"7.4e-03"	"-1.13"	D+	"26352.7671"	"69606.567"	"3d6.(3H).4s"	"b 2H"	"9/2"	"3d6.(3G).4p"	"y 2F*"	"7/2"		"T6892c83"	"L18349c148"	
"231.12891"	"0.00004"	"231.128724"	"0.000022"	"14000bl(Fe II)*"	"1.51e+08"	"1.21e-01"	"-0.31"	C+	"50075.921"	"93328.553"	"3d6.(3F1).4s"	"c 4F"	"3/2"	"3d6.(3F1).4p"	"u 4F*"	"3/2"		"T6892c83"	"L18349c148"	
"231.12891"	"0.00004"	"231.12892"	"0.00016"	"14000bl(Fe II)*"	"1.56e+08"	"1.25e-01"	"-0.12"	C+	"50142.811"	"93395.407"	"3d6.(3F1).4s"	"c 4F"	"5/2"	"3d6.(3F1).4p"	"u 4F*"	"5/2"		"T6892c83"	"L18349c148"	
"231.19227"	"0.00017"	"231.192240"	"0.000012"	"600"	"8.e+06"	"8.e-03"	"-1.11"	D+	"62158.126"	"105398.876"	"3d6.(3F2).4p"	"y 4F*"	"9/2"	"3d6.(3F2).4d"	"4H"	"11/2"		"T6892c83"	"L18349c139"	
"231.19525"	"0.00011"	"231.195336"	"0.000012"	"800"	"7.4e+06"	"5.9e-03"	"-1.63"	D+	"61332.753"	"104572.924"	"3d6.(3P2).4p"	"y 4P*"	"3/2"	"3d6.(3P2).4d"	"4F"	"3/2"		"T6892c83"	"L18349c139"	
"231.20249"	"0.00002"	"231.202502"	"0.000016"	"20000"	"1.5e+07"	"2.4e-02"	"-1.32"	D+	"18886.773"	"62125.604"	"3d7"	"a 2P"	"1/2"	"3d6.(3P2).4p"	"z 2D*"	"3/2"		"T6892c83"	"L18349c139"	
"231.21922"	"0.00009"	"231.219214"	"0.000010"	"1200"	"2.8e+07"	"2.8e-02"	"-0.66"	D+	"60956.781"	"104192.487"	"3d6.(3H).4p"	"z 4G*"	"7/2"	"3d6.(3H).4d"	"4I"	"9/2"		"T6892c83"	"L18349c139"	
"231.22255"	"0.00010"	"231.222307"	"0.000012"	"2300"	"9.3e+05"	"6.0e-04"	"-2.22"	C+	"20805.7632"	"64040.891"	"3d7"	"a 2H"	"9/2"	"3d6.(3F2).4p"	"y 4G*"	"7/2"		"T7461"	"L18349c139"	
"231.23150"	"0.00003"	"231.231500"	"0.000016"	"3400"	"2.4e+08"	"1.0e-01"	"-0.41"	D+	"62244.515"	"105477.924"	"3d6.(3F2).4p"	"y 4F*"	"3/2"	"3d6.(3F2).4d"	"4D"	"1/2"		"T6892c83"	"L18349c139"	
"231.23990"	"0.00007"	"231.239844"	"0.000010"	"5000"	"1.8e+07"	"1.1e-02"	"-1.06"	D+	"44753.8179"	"87985.667"	"3d6.(5D).4p"	"z 4F*"	"7/2"	"3d6.(5D).4d"	"4P"	"5/2"		"T6892c83"	"L18349c139"	
"231.26113"	"0.00002"	"231.261126"	"0.000012"	"5000"	"1.18e+08"	"9.5e-02"	"-0.24"	C+	"62151.554"	"105379.425"	"3d6.(3F2).4p"	"y 4F*"	"5/2"	"3d6.(3F2).4d"	"4D"	"5/2"		"T6892c83"	"L18349c139"	
"231.26528"	"0.00005"	"231.265230"	"0.000010"	"2500"	"5.2e+07"	"4.2e-02"	"-0.23"	C+	"60837.560"	"104064.664"	"3d6.(3H).4p"	"z 4H*"	"13/2"	"3d6.(3H).4d"	"4I"	"13/2"		"T6892c83"	"L18349c139"	
"231.27374"	"0.00014"	"231.273887"	"0.000010"	"600"	"7.2e+06"	"5.8e-03"	"-1.34"	D+	"62065.528"	"105291.014"	"3d6.(3F2).4p"	"y 4F*"	"7/2"	"3d6.(3F2).4d"	"4G"	"7/2"		"T6892c83"	"L18349c139"	
"231.32615"	"0.00003"	"231.326166"	"0.000012"	"3400"	"4.1e+07"	"3.3e-02"	"-0.88"	D+	"62244.515"	"105460.233"	"3d6.(3F2).4p"	"y 4F*"	"3/2"	"3d6.(3F2).4d"	"4D"	"3/2"		"T6892c83"	"L18349c148"	
"231.33009"	"0.00008"	"231.330053"	"0.000022"	"4000"	"9.e+06"	"9.e-03"	"-1.05"	D+	"30388.5451"	"73603.537"	"3d6.(3G).4s"	"b 2G"	"9/2"	"3d6.(1I).4p"	"w 2H*"	"11/2"		"T6892c83"	"L18349c139"	
"231.33638"	"0.00006"	"231.336392"	"0.000016"	"6000"	"2.9e+07"	"2.4e-02"	"-1.33"	D+	"49100.956"	"92314.764"	"3d6.(3P1).4s"	"c 4P"	"1/2"	"3d6.(5D).5p"	"4P*"	"1/2"		"T6892c83"	"L18349c139"	
"231.39403"	"0.00003"	"231.394039"	"0.000010"	"4000"	"1.05e+08"	"8.4e-02"	"-0.08"	C+	"60989.444"	"104192.487"	"3d6.(3H).4p"	"z 4H*"	"9/2"	"3d6.(3H).4d"	"4I"	"9/2"		"T6892c83"	"L18349c139"	
"231.39746"	"0.00010"	"231.397328"	"0.000010"	"4000"	"3.1e+06"	"3.1e-03"	"-1.61"	D+	"22810.3459"	"66012.775"	"3d6.(3F2).4s"	"b 4F"	"7/2"	"3d6.(3G).4p"	"x 4F*"	"9/2"		"T6892c83"	"L18349c139"	
"231.40563"	"0.00005"	"231.405620"	"0.000010"	"7000"	"2.2e+07"	"1.8e-02"	"-0.97"	D+	"44784.7859"	"87985.667"	"3d6.(5D).4p"	"z 4D*"	"5/2"	"3d6.(5D).4d"	"4P"	"5/2"		"T6892c83"	"L18349c139"	
"231.45426"	"0.00007"	"231.454299"	"0.000012"	"1400"	"1.7e+07"	"1.4e-02"	"-1.25"	D+	"62125.604"	"105317.400"	"3d6.(3P2).4p"	"z 2D*"	"3/2"	"3d6.(3P2).4d"	"2P"	"3/2"		"T6892c83"	"L18349c139"	
"231.46134"	"0.00004"	"231.461336"	"0.000011"	"2400"	"2.3e+07"	"2.3e-02"	"-0.73"	D+	"61726.069"	"104916.552"	"3d6.(3P2).4p"	"y 4D*"	"7/2"	"3d6.(3F2).4d"	"4F"	"9/2"		"T6892c83"	"L18349c139"	
"231.4875"	"0.0005"	"231.486748"	"0.000022"	"500d?"	"2.1e+07"	"1.1e-02"	"-1.17"	D+	"50142.811"	"93328.553"	"3d6.(3F1).4s"	"c 4F"	"5/2"	"3d6.(3F1).4p"	"u 4F*"	"3/2"		"T6892c83"	"L18349c143"	
"231.54808"	"0.00004"	"231.548075"	"0.000012"	"3200"	"1.1e+07"	"1.3e-02"	"-1.27"	D+	"61332.753"	"104507.058"	"3d6.(3P2).4p"	"y 4P*"	"3/2"	"3d6.(3H).4d"	"4F"	"5/2"		"T6892c83"	"L18349c139"	
"231.553529"	"0.000015"	"231.553535"	"0.000011"	"8000"	"6.6e+07"	"4.0e-02"	"-0.50"	D+	"62065.528"	"105238.815"	"3d6.(3F2).4p"	"y 4F*"	"7/2"	"3d6.(3P2).4d"	"2D"	"5/2"		"T6892c83"	"L18349c139"	
"231.572926"	"0.000013"	"231.572932"	"0.000012"	"12000"	"2.4e+08"	"2.9e-01"	"0.06"	C+	"62244.515"	"105414.186"	"3d6.(3F2).4p"	"y 4F*"	"3/2"	"3d6.(3F2).4d"	"4G"	"5/2"		"T6892c83"	"L18349c139"	
"231.57803"	"0.00005"	"231.578045"	"0.000011"	"1800"	"4.6e+07"	"2.8e-02"	"-0.65"	D+	"62065.528"	"105234.246"	"3d6.(3F2).4p"	"y 4F*"	"7/2"	"3d6.(3P2).4d"	"4P"	"5/2"		"T6892c83"	"L18349c139"	
"231.58248"	"0.00007"	"231.582519"	"0.000012"	"1500"	"5.1e+07"	"4.1e-02"	"-0.61"	D+	"61041.734"	"104209.618"	"3d6.(3H).4p"	"z 4G*"	"5/2"	"3d6.(3H).4d"	"2F"	"5/2"		"T6892c83"	"L18349c139"	
"231.59339"	"0.00012"	"231.593454"	"0.000011"	"800"	"2.9e+07"	"1.5e-02"	"-1.04"	D+	"62151.554"	"105317.400"	"3d6.(3F2).4p"	"y 4F*"	"5/2"	"3d6.(3P2).4d"	"2P"	"3/2"		"T6892c83"	"L18349c139"	
"231.60628"	"0.00011"	"231.606241"	"0.000011"	"1000"	"9.e+06"	"5.6e-03"	"-1.35"	D+	"60956.781"	"104120.244"	"3d6.(3H).4p"	"z 4G*"	"7/2"	"3d6.(5D).5d"	"6P"	"5/2"		"T6892c83"	"L18349c139"	
"231.60901"	"0.00009"	"231.608967"	"0.000012"	"1100"	"7.6e+06"	"6.1e-03"	"-1.61"	D+	"62125.604"	"105288.559"	"3d6.(3P2).4p"	"z 2D*"	"3/2"	"3d6.(5D).5d"	"6G"	"3/2"		"T6892c83"	"L18349c139"	
"231.65122"	"0.00003"	"231.651225"	"0.000011"	"4000"	"7.7e+07"	"6.2e-02"	"-0.31"	C+	"62065.528"	"105220.610"	"3d6.(3F2).4p"	"y 4F*"	"7/2"	"3d6.(3H).4d"	"4F"	"7/2"		"T6892c83"	"L18349c139"	
"231.67251"	"0.00019"	"231.672292"	"0.000011"	"500"	"3.9e+06"	"3.1e-03"	"-1.60"	D+	"60956.781"	"104107.939"	"3d6.(3H).4p"	"z 4G*"	"7/2"	"3d6.(3P2).4d"	"4F"	"7/2"		"T6892c83"	"L18349c139"	
"231.691134"	"0.000017"	"231.691140"	"0.000011"	"8000"	"1.1e+08"	"5.7e-02"	"-0.47"	D+	"61041.734"	"104189.382"	"3d6.(3H).4p"	"z 4G*"	"5/2"	"3d6.(3H).4d"	"4F"	"3/2"		"T6892c83"	"L18349c139"	
"231.70032"	"0.00010"	"231.700549"	"0.000011"	"1100"	"2.4e+07"	"1.6e-02"	"-0.71"	D+	"60625.446"	"103771.342"	"3d6.(3H).4p"	"z 4G*"	"11/2"	"3d6.(3H).4d"	"4G"	"9/2"		"T6892c83"	"L18349c139"	
"231.70238"	"0.00002"	"231.702401"	"0.000011"	"4000"	"1.8e+07"	"1.8e-02"	"-0.84"	D+	"62065.528"	"105211.079"	"3d6.(3F2).4p"	"y 4F*"	"7/2"	"3d6.(5D).5d"	"4G"	"9/2"		"T6892c83"	"L18349c139"	
"231.70604"	"0.00006"	"231.706035"	"0.000012"	"6000"	"6.5e+07"	"2.6e-02"	"-0.98"	D+	"45044.1916"	"88189.066"	"3d6.(5D).4p"	"z 4D*"	"3/2"	"3d6.(5D).4d"	"4P"	"1/2"		"T6892c83"	"L18349c139"	
"231.71900"	"0.00015"	"231.719041"	"0.000011"	"600"	"3.6e+06"	"3.6e-03"	"-1.54"	D+	"61726.069"	"104868.522"	"3d6.(3P2).4p"	"y 4D*"	"7/2"	"3d6.(5D).5d"	"6G"	"9/2"		"T6892c83"	"L18349c139"	
"231.735121"	"0.000012"	"231.735119"	"0.000011"	"14000"	"2.34e+08"	"2.51e-01"	"0.18"	B+	"62151.554"	"105291.014"	"3d6.(3F2).4p"	"y 4F*"	"5/2"	"3d6.(3F2).4d"	"4G"	"7/2"		"T6892c83"	"L18349c139"	
"231.738036"	"0.000019"	"231.738016"	"0.000011"	"14000bl(Fe II)*"	"3.1e+06"	"2.5e-03"	"-1.8"	D	"22939.3512"	"66078.272"	"3d6.(3F2).4s"	"b 4F"	"5/2"	"3d6.(3G).4p"	"x 4G*"	"5/2"		"T6892c83"	"L18349c148"	
"231.738036"	"0.000019"	"231.738058"	"0.000012"	"14000bl(Fe II)*"	"9.e+06"	"1.1e-02"	"-1.35"	D+	"59663.440"	"102802.353"	"3d6.(3P2).4p"	"z 4S*"	"3/2"	"3d6.(5D).6s"	"4D"	"5/2"		"T6892c83"	"L18349c148"	
"231.75956"	"0.00002"	"231.759565"	"0.000012"	"5000"	"5.1e+07"	"6.1e-02"	"-0.61"	D+	"62244.515"	"105379.425"	"3d6.(3F2).4p"	"y 4F*"	"3/2"	"3d6.(3F2).4d"	"4D"	"5/2"		"T6892c83"	"L18349c139"	
"231.79650"	"0.00012"	"231.796365"	"0.000011"	"2700"	"2.2e+06"	"2.4e-03"	"-1.8"	D	"42334.8444"	"85462.907"	"3d6.(5D).4p"	"z 6F*"	"5/2"	"3d6.(5D).4d"	"e 4G"	"7/2"		"T6892c83"	"L18349c139"	
"231.81505"	"0.00003"	"231.815016"	"0.000016"	"12000"	"6.4e+07"	"1.0e-01"	"-0.69"	D+	"49100.956"	"92225.549"	"3d6.(3P1).4s"	"c 4P"	"1/2"	"3d6.(5D).5p"	"4P*"	"3/2"		"T6892c83"	"L18349c139"	
"231.83184"	"0.00002"	"231.831838"	"0.000012"	"4000"	"7.0e+07"	"4.2e-02"	"-0.47"	D+	"64286.354"	"107407.818"	"3d6.(3F2).4p"	"z 2F*"	"7/2"	"3d6.(3F2).4d"	"2D"	"5/2"		"T6892c83"	"L18349c139"	
"231.83430"	"0.00005"	"231.834268"	"0.000011"	"6000"	"5.6e+06"	"4.5e-03"	"-1.44"	D+	"22810.3459"	"65931.358"	"3d6.(3F2).4s"	"b 4F"	"7/2"	"3d6.(3G).4p"	"x 4G*"	"7/2"		"T6892c83"	"L18349c139"	
"231.8427"	"0.0005"	"231.842323"	"0.000016"	"500bl(Fe II)*"	"1.9e+06"	"1.5e-03"	"-2.2"	D	"36126.412"	"79245.926"	"3d6.(3D).4s"	"b 2D"	"3/2"	"3d5.(6S).4s.4p.(1P*)"	"x 6P*"	"3/2"		"T6370,T6892c83"	"L18349c142"	
"231.85367"	"0.00003"	"231.853659"	"0.000016"	"13000"	"8.e+06"	"9.e-03"	"-1.43"	D+	"21307.999"	"64425.405"	"3d7"	"a 2D2"	"3/2"	"3d6.(3F2).4p"	"z 2F*"	"5/2"		"T6892c83"	"L18349c139"	
"231.8556"	""	"231.855573"	"0.000011"	":"	"2.8e+06"	"2.3e-03"	"-2.0"	D	"36126.412"	"79243.462"	"3d6.(3D).4s"	"b 2D"	"3/2"	"3d6.(1D2).4p"	"w 2P*"	"3/2"		"T6370,T6892c83"	"L7770"	
"231.86014"	"0.00012"	"231.860080"	"0.000011"	"1000"	"1.9e+07"	"1.5e-02"	"-1.04"	D+	"61093.406"	"104209.618"	"3d6.(3P2).4p"	"z 2D*"	"5/2"	"3d6.(3H).4d"	"2F"	"5/2"		"T6892c83"	"L18349c139"	
"231.8643"	"0.0005"	"231.864259"	"0.000022"	"500"	"2.6e+06"	"4.1e-03"	"-2.1"	D	"49100.956"	"92216.391"	"3d6.(3P1).4s"	"c 4P"	"1/2"	"3d6.(3P1).4p"	"u 2D*"	"3/2"		"T6892c83"	"L18349c142"	
"231.8700"	"0.0002"	"231.869836"	"0.000011"	"700"	"1.7e+07"	"1.1e-02"	"-0.97"	D+	"60807.239"	"103921.637"	"3d6.(3H).4p"	"z 4G*"	"9/2"	"3d6.(3H).4d"	"4G"	"7/2"		"T6892c83"	"L18349c139"	
"231.90076"	"0.00008"	"231.900713"	"0.000016"	"1200bl(Fe II)*"	"1.9e+06"	"1.2e-03"	"-1.9"	D	"65696.053"	"108804.711"	"3d6.(3G).4p"	"x 4G*"	"9/2"	"3d6.(3D).5s"	"4D"	"7/2"		"T6892c83"	"L18349c148"	
"231.90076"	"0.00008"	"231.900799"	"0.000012"	"1200bl(Fe II)*"	"4.4e+07"	"5.3e-02"	"-0.67"	D+	"62125.604"	"105234.246"	"3d6.(3P2).4p"	"z 2D*"	"3/2"	"3d6.(3P2).4d"	"4P"	"5/2"		"T6892c83"	"L18349c148"	
"231.92200"	"0.00013"	"231.922078"	"0.000011"	"800"	"3.2e+06"	"2.6e-03"	"-2.0"	D	"62125.604"	"105230.291"	"3d6.(3P2).4p"	"z 2D*"	"3/2"	"3d6.(5D).5d"	"4D"	"3/2"		"T6892c83"	"L18349c139"	
"231.94561"	"0.00004"	"231.945628"	"0.000012"	"1800"	"4.1e+07"	"3.9e-02"	"-0.33"	C+	"65363.607"	"108463.918"	"3d6.(3H).4p"	"z 2H*"	"11/2"	"3d6.(3G).4d"	"4I"	"13/2"		"T6892c83"	"L18349c139"	
"231.96896"	"0.00003"	"231.968961"	"0.000011"	"3500"	"9.e+07"	"4.8e-02"	"-0.54"	D+	"61093.406"	"104189.382"	"3d6.(3P2).4p"	"z 2D*"	"5/2"	"3d6.(3H).4d"	"4F"	"3/2"		"T6892c83"	"L18349c139"	
"231.9765"	"0.0005"	"231.975841"	"0.000011"	"400"	"1.7e+06"	"1.4e-03"	"-1.72"	D+	"61527.610"	"104622.308"	"3d6.(3H).4p"	"z 4I*"	"13/2"	"3d6.(3H).4d"	"2I"	"13/2"		"T6892c83"	"L18349c142"	
"231.98118"	"0.00005"	"231.981176"	"0.000012"	"2100"	"4.1e+07"	"5.0e-02"	"-0.70"	D+	"61332.753"	"104426.460"	"3d6.(3P2).4p"	"y 4P*"	"3/2"	"3d6.(5D).5d"	"6F"	"5/2"		"T6892c83"	"L18349c139"	
"231.9916"	"0.0002"	"231.991761"	"0.000012"	"600"	"5.8e+06"	"3.5e-03"	"-1.55"	D+	"62322.445"	"105414.186"	"3d6.(3H).4p"	"z 2G*"	"7/2"	"3d6.(3F2).4d"	"4G"	"5/2"		"T6892c83"	"L18349c139"	
"232.003458"	"0.000012"	"232.003477"	"0.000011"	"15000"	"1.42e+08"	"1.44e-01"	"0.06"	C+	"62065.528"	"105155.093"	"3d6.(3F2).4p"	"y 4F*"	"7/2"	"3d6.(3F2).4d"	"4G"	"9/2"		"T6892c83"	"L18349c139"	
"232.01593"	"0.00009"	"232.015884"	"0.000011"	"1000"	"6.8e+07"	"5.5e-02"	"-0.48"	D+	"62151.554"	"105238.815"	"3d6.(3F2).4p"	"y 4F*"	"5/2"	"3d6.(3P2).4d"	"2D"	"5/2"		"T6892c83"	"L18349c139"	
"232.040465"	"0.000016"	"232.040492"	"0.000011"	"7000"	"2.7e+07"	"2.2e-02"	"-0.88"	D+	"62151.554"	"105234.246"	"3d6.(3F2).4p"	"y 4F*"	"5/2"	"3d6.(3P2).4d"	"4P"	"5/2"		"T6892c83"	"L18349c139"	
"232.06954"	"0.00013"	"232.069678"	"0.000011"	"3200"	"1.3e+07"	"6.9e-03"	"-1.38"	D+	"45079.9019"	"88157.176"	"3d6.(5D).4p"	"z 4F*"	"5/2"	"3d6.(5D).4d"	"4P"	"3/2"		"T6892c83"	"L18349c139"	
"232.09330"	"0.00009"	"232.093328"	"0.000012"	"1200"	"2.1e+07"	"1.7e-02"	"-1.16"	D+	"62244.515"	"105317.400"	"3d6.(3F2).4p"	"y 4F*"	"3/2"	"3d6.(3P2).4d"	"2P"	"3/2"		"T6892c83"	"L18349c139"	
"232.1140"	"0.0003"	"232.113964"	"0.000011"	"400"	"1.2e+06"	"1.3e-03"	"-2.1"	D	"62151.554"	"105220.610"	"3d6.(3F2).4p"	"y 4F*"	"5/2"	"3d6.(3H).4d"	"4F"	"7/2"		"T6892c83"	"L18349c139"	
"232.11630"	"0.00018"	"232.116168"	"0.000011"	"320"	"2.8e+06"	"2.6e-03"	"-1.50"	D+	"65580.065"	"108648.712"	"3d6.(3G).4p"	"x 4G*"	"11/2"	"3d6.(1I).5s"	"2I"	"13/2"		"T6892c83"	"L18349c139"	
"232.124284"	"0.000015"	"232.124291"	"0.000011"	"10000"	"6.8e+07"	"4.2e-02"	"-0.48"	D+	"60956.781"	"104023.921"	"3d6.(3H).4p"	"z 4G*"	"7/2"	"3d6.(5D).5d"	"4F"	"5/2"		"T6892c83"	"L18349c139"	
"232.12913"	"0.00008"	"232.129331"	"0.000011"	"1200"	"2.2e+07"	"2.3e-02"	"-0.85"	D+	"61041.734"	"104107.939"	"3d6.(3H).4p"	"z 4G*"	"5/2"	"3d6.(3P2).4d"	"4F"	"7/2"		"T6892c83"	"L18349c139"	
"232.14941"	"0.00006"	"232.149391"	"0.000012"	"2700"	"3.7e+07"	"2.4e-02"	"-0.62"	D+	"62158.126"	"105220.610"	"3d6.(3F2).4p"	"y 4F*"	"9/2"	"3d6.(3H).4d"	"4F"	"7/2"		"T6892c83"	"L18349c139"	
"232.16895"	"0.00003"	"232.168942"	"0.000011"	"14000"	"1.0e+07"	"8.e-03"	"-1.08"	D+	"22637.1950"	"65696.053"	"3d6.(3F2).4s"	"b 4F"	"9/2"	"3d6.(3G).4p"	"x 4G*"	"9/2"		"T6892c83"	"L18349c139"	
"232.175573"	"0.000012"	"232.175553"	"0.000011"	"25000"	"1.55e+08"	"1.04e-01"	"0.10"	C+	"60625.446"	"103683.078"	"3d6.(3H).4p"	"z 4G*"	"11/2"	"3d6.(5D).5d"	"4F"	"9/2"		"T6892c83"	"L18349c139"	
"232.22690"	"0.00008"	"232.226881"	"0.000011"	"1100"	"2.7e+07"	"1.8e-02"	"-0.66"	D+	"63876.325"	"106924.441"	"3d6.(3F2).4p"	"y 4G*"	"11/2"	"3d6.(3F2).4d"	"2G"	"9/2"		"T6892c83"	"L18349c139"	
"232.23298"	"0.00007"	"232.232961"	"0.000011"	"5000"	"6.8e+06"	"8.e-03"	"-1.48"	D+	"23031.2829"	"66078.272"	"3d6.(3F2).4s"	"b 4F"	"3/2"	"3d6.(3G).4p"	"x 4G*"	"5/2"		"T6892c83"	"L18349c139"	
"232.24885"	"0.00008"	"232.248852"	"0.000011"	"1200"	"1.1e+07"	"9.e-03"	"-1.45"	D+	"62244.515"	"105288.559"	"3d6.(3F2).4p"	"y 4F*"	"3/2"	"3d6.(5D).5d"	"6G"	"3/2"		"T6892c83"	"L18349c139"	
"232.26626"	"0.00009"	"232.266304"	"0.000011"	"1000"	"1.9e+07"	"1.8e-02"	"-0.60"	D+	"60837.560"	"103878.370"	"3d6.(3H).4p"	"z 4H*"	"13/2"	"3d6.(3H).4d"	"4I"	"15/2"		"T6892c83"	"L18349c139"	
"232.27124"	"0.00019"	"232.271286"	"0.000011"	"400"	"7.2e+06"	"4.7e-03"	"-1.33"	D+	"62083.118"	"105123.005"	"3d6.(3H).4p"	"z 2G*"	"9/2"	"3d6.(3H).4d"	"2G"	"7/2"		"T6892c83"	"L18349c139"	
"232.294098"	"0.000014"	"232.294102"	"0.000011"	"11000"	"3.22e+08"	"3.26e-01"	"0.42"	B+	"61156.827"	"104192.487"	"3d6.(3H).4p"	"z 4H*"	"7/2"	"3d6.(3H).4d"	"4I"	"9/2"		"T6892c83"	"L18349c139"	
"232.32703"	"0.00011"	"232.327051"	"0.000011"	"1000"	"3.0e+07"	"2.4e-02"	"-0.71"	D+	"60956.781"	"103986.338"	"3d6.(3H).4p"	"z 4G*"	"7/2"	"3d6.(3H).4d"	"4H"	"7/2"		"T6892c83"	"L18349c139"	
"232.34217"	"0.00011"	"232.342398"	"0.000011"	"1000bl(Fe I)"	"7.2e+06"	"5.8e-03"	"-1.33"	D+	"60956.781"	"103983.496"	"3d6.(3H).4p"	"z 4G*"	"7/2"	"3d6.(3G).5s"	"e 2G"	"7/2"		"T6892c83"	"L18349c148"	
"232.35535"	"0.00013"	"232.355295"	"0.000011"	"600"	"1.2e+07"	"1.0e-02"	"-0.93"	D+	"65363.607"	"108387.934"	"3d6.(3H).4p"	"z 2H*"	"11/2"	"3d6.(3G).4d"	"4H"	"11/2"		"T6892c83"	"L18349c139"	
"232.37152"	"0.00018"	"232.371505"	"0.000012"	"400"	"6.1e+06"	"4.9e-03"	"-1.31"	D+	"65556.271"	"108577.597"	"3d6.(3H).4p"	"z 2H*"	"9/2"	"3d6.(3G).4d"	"4H"	"9/2"		"T6892c83"	"L18349c139"	
"232.40818"	"0.00006"	"232.408205"	"0.000011"	"1800"	"2.8e+07"	"3.0e-02"	"-0.74"	D+	"61093.406"	"104107.939"	"3d6.(3P2).4p"	"z 2D*"	"5/2"	"3d6.(3P2).4d"	"4F"	"7/2"		"T6892c83"	"L18349c139"	
"232.45792"	"0.00004"	"232.457906"	"0.000016"	"2100"	"4.0e+07"	"2.2e-02"	"-0.89"	D+	"64425.405"	"107430.742"	"3d6.(3F2).4p"	"z 2F*"	"5/2"	"3d6.(3F2).4d"	"2D"	"3/2"		"T6892c83"	"L18349c139"	
"232.47506"	"0.00011"	"232.475033"	"0.000012"	"600"	"3.6e+06"	"4.4e-03"	"-1.8"	D	"62125.604"	"105127.773"	"3d6.(3P2).4p"	"z 2D*"	"3/2"	"3d6.(5D).5d"	"4D"	"5/2"		"T6892c83"	"L18349c139"	
"232.48159"	"0.00003"	"232.481580"	"0.000012"	"4000"	"5.4e+07"	"4.4e-02"	"-0.58"	D+	"61041.734"	"104042.692"	"3d6.(3H).4p"	"z 4G*"	"5/2"	"3d6.(3H).4d"	"4G"	"5/2"		"T6892c83"	"L18349c139"	
"232.50336"	"0.00003"	"232.503161"	"0.000011"	"5000bl(Fe II)*"	"2.7e+07"	"2.2e-02"	"-0.66"	D+	"62158.126"	"105155.093"	"3d6.(3F2).4p"	"y 4F*"	"9/2"	"3d6.(3F2).4d"	"4G"	"9/2"		"T6892c83"	"L18349c148"	
"232.50336"	"0.00003"	"232.503556"	"0.000010"	"5000bl(Fe II)*"	"1.47e+08"	"9.5e-02"	"-0.02"	C+	"60989.444"	"103986.338"	"3d6.(3H).4p"	"z 4H*"	"9/2"	"3d6.(3H).4d"	"4H"	"7/2"		"T6892c83"	"L18349c148"	
"232.50990"	"0.00009"	"232.510029"	"0.000012"	"600"	"3.3e+06"	"2.7e-03"	"-1.42"	D+	"62293.177"	"105288.874"	"3d6.(3H).4p"	"z 2I*"	"13/2"	"3d6.(3F2).4d"	"4H"	"13/2"		"T6892c83"	"L18349c139"	
"232.5194"	"0.0005"	"232.518926"	"0.000010"	"600"	"1.0e+07"	"6.2e-03"	"-1.21"	D+	"60989.444"	"103983.496"	"3d6.(3H).4p"	"z 4H*"	"9/2"	"3d6.(3G).5s"	"e 2G"	"7/2"		"T6892c83"	"L18349c142"	
"232.5246"	""	"232.524643"	"0.000012"	"1700:"	"8.e+06"	"4.3e-03"	"-1.6"	D	"36252.931"	"79245.926"	"3d6.(3D).4s"	"b 2D"	"5/2"	"3d5.(6S).4s.4p.(1P*)"	"x 6P*"	"3/2"		"T6370"	"L7770"	
"232.52945"	"0.00002"	"232.529317"	"0.000010"	"6000"	"1.33e+08"	"1.26e-01"	"0.18"	B+	"60625.446"	"103617.577"	"3d6.(3H).4p"	"z 4G*"	"11/2"	"3d6.(3H).4d"	"4H"	"13/2"		"T6892c83"	"L18349c145"	
"232.53809"	"0.00012"	"232.537972"	"0.000016"	"2600"	"1.2e+07"	"6.e-03"	"-1.4"	D	"36252.931"	"79243.462"	"3d6.(3D).4s"	"b 2D"	"5/2"	"3d6.(1D2).4p"	"w 2P*"	"3/2"		"T6370"	"L18349c139"	
"232.54247"	"0.00016"	"232.542299"	"0.000011"	"600"	"1.6e+07"	"2.0e-02"	"-1.10"	D+	"62244.515"	"105234.246"	"3d6.(3F2).4p"	"y 4F*"	"3/2"	"3d6.(3P2).4d"	"4P"	"5/2"		"T6892c83"	"L18349c139"	
"232.56369"	"0.00006"	"232.563697"	"0.000011"	"1900"	"1.3e+07"	"1.0e-02"	"-1.39"	D+	"62244.515"	"105230.291"	"3d6.(3F2).4p"	"y 4F*"	"3/2"	"3d6.(5D).5d"	"4D"	"3/2"		"T6892c83"	"L18349c139"	
"232.571468"	"0.000013"	"232.571478"	"0.000010"	"13000"	"3.72e+08"	"3.62e-01"	"0.56"	B+	"60989.444"	"103973.782"	"3d6.(3H).4p"	"z 4H*"	"9/2"	"3d6.(3H).4d"	"4K"	"11/2"		"T6892c83"	"L18349c139"	
"232.57606"	"0.00007"	"232.576147"	"0.000011"	"1500"	"4.0e+06"	"2.7e-03"	"-1.49"	D+	"60625.446"	"103608.921"	"3d6.(3H).4p"	"z 4G*"	"11/2"	"3d6.(3G).5s"	"e 2G"	"9/2"		"T6892c83"	"L18349c139"	
"232.58072"	"0.00006"	"232.580906"	"0.000012"	"7000"	"8.e+07"	"6.7e-02"	"-0.88"	D+	"45206.4704"	"88189.066"	"3d6.(5D).4p"	"z 4D*"	"1/2"	"3d6.(5D).4d"	"4P"	"1/2"		"T6892c83"	"L18349c148"	
"232.58319"	"0.00008"	"232.583117"	"0.000010"	"1300"	"2.8e+07"	"2.3e-02"	"-0.86"	D+	"61041.734"	"104023.921"	"3d6.(3H).4p"	"z 4G*"	"5/2"	"3d6.(5D).5d"	"4F"	"5/2"		"T6892c83"	"L18349c139"	
"232.61545"	"0.00006"	"232.615418"	"0.000011"	"1600"	"3.6e+06"	"2.9e-03"	"-1.8"	D	"62151.554"	"105127.773"	"3d6.(3F2).4p"	"y 4F*"	"5/2"	"3d6.(5D).5d"	"4D"	"5/2"		"T6892c83"	"L18349c139"	
"232.61855"	"0.00008"	"232.618563"	"0.000011"	"1100"	"1.4e+07"	"1.1e-02"	"-0.95"	D+	"63948.803"	"106924.441"	"3d6.(3F2).4p"	"y 4G*"	"9/2"	"3d6.(3F2).4d"	"2G"	"9/2"		"T6892c83"	"L18349c139"	
"232.622105"	"0.000013"	"232.622115"	"0.000011"	"12000"	"3.12e+08"	"2.54e-01"	"0.48"	B+	"60625.446"	"103600.428"	"3d6.(3H).4p"	"z 4G*"	"11/2"	"3d6.(3H).4d"	"4G"	"11/2"		"T6892c83"	"L18349c139"	
"232.63607"	"0.00005"	"232.63607"	"0.00003"	"7000"	"1.16e+08"	"7.5e-02"	"-0.12"	C+	"50157.475"	"93129.879"	"3d6.(3F1).4s"	"c 4F"	"9/2"	"3d6.(3F1).4p"	"4D*"	"7/2"		"T6892c83"	"L18349c139"	
"232.64125"	"0.00011"	"232.641231"	"0.000011"	"900"	"1.1e+07"	"1.2e-02"	"-1.13"	D+	"62151.554"	"105123.005"	"3d6.(3F2).4p"	"y 4F*"	"5/2"	"3d6.(3H).4d"	"2G"	"7/2"		"T6892c83"	"L18349c139"	
"232.65469"	"0.00007"	"232.654632"	"0.000012"	"1600"	"2.2e+06"	"1.4e-03"	"-1.8"	D	"61512.630"	"104481.606"	"3d6.(3H).4p"	"z 4I*"	"9/2"	"3d6.(3H).4d"	"2F"	"7/2"		"T6892c83"	"L18349c139"	
"232.676916"	"0.000015"	"232.676944"	"0.000011"	"9000"	"2.14e+08"	"1.74e-01"	"0.14"	B+	"60956.781"	"103921.637"	"3d6.(3H).4p"	"z 4G*"	"7/2"	"3d6.(3H).4d"	"4G"	"7/2"		"T6892c83"	"L18349c139"	
"232.681043"	"0.000014"	"232.681022"	"0.000011"	"11000"	"2.64e+08"	"2.14e-01"	"0.33"	B+	"60807.239"	"103771.342"	"3d6.(3H).4p"	"z 4G*"	"9/2"	"3d6.(3H).4d"	"4G"	"9/2"		"T6892c83"	"L18349c139"	
"232.739551"	"0.000011"	"232.739541"	"0.000010"	"260000"	"6.6e+07"	"3.55e-02"	"-0.67"	B+	"667.6829"	"43620.9842"	"3d6.(5D).4s"	"a 6D"	"5/2"	"3d6.(5D).4p"	"z 6P*"	"3/2"		"T6610"	"L18349c139"	
"232.74891"	"0.00007"	"232.748923"	"0.000011"	"1200"	"3.4e+07"	"2.2e-02"	"-0.66"	D+	"63948.803"	"106900.373"	"3d6.(3F2).4p"	"y 4G*"	"9/2"	"3d6.(3F2).4d"	"2G"	"7/2"		"T6892c83"	"L18349c139"	
"232.75380"	"0.00008"	"232.753607"	"0.000011"	"5000"	"1.0e+07"	"1.6e-02"	"-1.51"	D+	"45206.4704"	"88157.176"	"3d6.(5D).4p"	"z 4D*"	"1/2"	"3d6.(5D).4d"	"4P"	"3/2"		"T6892c83"	"L18349c139"	
"232.76132"	"0.00008"	"232.761301"	"0.000010"	"1300"	"9.3e+07"	"7.6e-02"	"-0.34"	C+	"61093.406"	"104042.692"	"3d6.(3P2).4p"	"z 2D*"	"5/2"	"3d6.(3H).4d"	"4G"	"5/2"		"T6892c83"	"L18349c139"	
"232.76987"	"0.00008"	"232.769814"	"0.000011"	"3100"	"4.7e+06"	"4.7e-03"	"-1.42"	D+	"42237.0575"	"85184.773"	"3d6.(5D).4p"	"z 6F*"	"7/2"	"3d6.(5D).4d"	"e 4G"	"9/2"		"T6892c83"	"L18349c139"	
"232.787515"	"0.000011"	"232.787510"	"0.000011"	"21000bl(Fe II)*"	"4.3e+08"	"4.1e-01"	"0.69"	B+	"60887.606"	"103832.057"	"3d6.(3H).4p"	"z 4H*"	"11/2"	"3d6.(3H).4d"	"4K"	"13/2"		"T6892c83"	"L18349c148"	
"232.787515"	"0.000011"	"232.787607"	"0.000011"	"21000bl(Fe II)*"	"1.08e+08"	"1.06e-01"	"0.02"	C+	"60807.239"	"103751.672"	"3d6.(3H).4p"	"z 4G*"	"9/2"	"3d6.(3H).4d"	"4H"	"11/2"		"T6892c83"	"L18349c148"	
"232.79608"	"0.00004"	"232.796081"	"0.000011"	"8000"	"5.9e+06"	"5.7e-03"	"-1.24"	D+	"22637.1950"	"65580.065"	"3d6.(3F2).4s"	"b 4F"	"9/2"	"3d6.(3G).4p"	"x 4G*"	"11/2"		"T6892c83"	"L18349c139"	
"232.80210"	"0.00008"	"232.802088"	"0.000011"	"1600"	"8.e+05"	"9.e-04"	"-2.3"	D	"61041.734"	"103983.496"	"3d6.(3H).4p"	"z 4G*"	"5/2"	"3d6.(3G).5s"	"e 2G"	"7/2"		"T6892c83"	"L18349c139"	
"232.80349"	"0.00015"	"232.803642"	"0.000011"	"1500"	"4.3e+06"	"5.2e-03"	"-1.68"	D+	"45044.1916"	"87985.667"	"3d6.(5D).4p"	"z 4D*"	"3/2"	"3d6.(5D).4d"	"4P"	"5/2"		"T6892c83"	"L18349c139"	
"232.85399"	"0.00006"	"232.853981"	"0.000011"	"2300"	"5.6e+07"	"3.6e-02"	"-0.44"	D+	"60989.444"	"103921.637"	"3d6.(3H).4p"	"z 4H*"	"9/2"	"3d6.(3H).4d"	"4G"	"7/2"		"T6892c83"	"L18349c139"	
"232.86308"	"0.00006"	"232.863083"	"0.000011"	"1600"	"1.6e+07"	"1.3e-02"	"-1.11"	D+	"61093.406"	"104023.921"	"3d6.(3P2).4p"	"z 2D*"	"5/2"	"3d6.(5D).5d"	"4F"	"5/2"		"T6892c83"	"L18349c139"	
"232.874819"	"0.000020"	"232.874822"	"0.000010"	"6000"	"1.24e+08"	"1.01e-01"	"-0.09"	C+	"62065.528"	"104993.879"	"3d6.(3F2).4p"	"y 4F*"	"7/2"	"3d6.(3F2).4d"	"4D"	"7/2"		"T6892c83"	"L18349c139"	
"232.93382"	"0.00004"	"232.933815"	"0.000011"	"2800"	"9.7e+07"	"9.8e-02"	"-0.10"	C+	"60956.781"	"103874.261"	"3d6.(3H).4p"	"z 4G*"	"7/2"	"3d6.(3H).4d"	"4H"	"9/2"		"T6892c83"	"L18349c139"	
"232.93618"	"0.00005"	"232.93619"	"0.00003"	"8000"	"1.31e+08"	"1.42e-01"	"-0.07"	C+	"50212.836"	"93129.879"	"3d6.(3P1).4s"	"c 4P"	"5/2"	"3d6.(3F1).4p"	"4D*"	"7/2"		"T6892c83"	"L18349c139"	
"232.95209"	"0.00006"	"232.952097"	"0.000011"	"2000"	"6.4e+07"	"4.4e-02"	"-0.21"	C+	"60837.560"	"103751.672"	"3d6.(3H).4p"	"z 4H*"	"13/2"	"3d6.(3H).4d"	"4H"	"11/2"		"T6892c83"	"L18349c139"	
"232.97032"	"0.00007"	"232.970291"	"0.000011"	"1500"	"2.3e+07"	"1.5e-02"	"-0.82"	D+	"62083.118"	"104993.879"	"3d6.(3H).4p"	"z 2G*"	"9/2"	"3d6.(3F2).4d"	"4D"	"7/2"		"T6892c83"	"L18349c139"	
"232.9885"	"0.0005"	"232.988519"	"0.000011"	"210d,bl(Fe II)*"	"4.5e+06"	"4.9e-03"	"-1.53"	D+	"61093.406"	"104000.810"	"3d6.(3P2).4p"	"z 2D*"	"5/2"	"3d6.(5D).5d"	"6P"	"7/2"		"T6892c83"	"L18349c142"	
"232.999216"	"0.000012"	"232.999213"	"0.000010"	"14000"	"2.70e+08"	"2.64e-01"	"0.42"	B+	"62158.126"	"105063.561"	"3d6.(3F2).4p"	"y 4F*"	"9/2"	"3d6.(3F2).4d"	"4G"	"11/2"		"T6892c83"	"L18349c139"	
"233.0110"	"0.0005"	"233.010859"	"0.000011"	"900"	"7.e+05"	"8.e-04"	"-2.3"	D	"27620.4033"	"70523.694"	"3d6.(3F2).4s"	"a 2F"	"5/2"	"3d6.(3G).4p"	"x 2G*"	"7/2"		"T6892c83"	"L18349c142"	
"233.0326"	"0.0005"	"233.032856"	"0.000012"	"500"	"7.e+06"	"2.8e-03"	"-1.9"	D	"45289.8248"	"88189.066"	"3d6.(5D).4p"	"z 4F*"	"3/2"	"3d6.(5D).4d"	"4P"	"1/2"		"T6892c83"	"L18349c142"	
"233.05398"	"0.00016"	"233.054202"	"0.000010"	"1500"	"2.1e+06"	"1.7e-03"	"-1.68"	D+	"41968.0698"	"84863.382"	"3d6.(5D).4p"	"z 6F*"	"11/2"	"3d6.(5D).4d"	"e 4G"	"11/2"		"T6892c83"	"L18349c139"	
"233.06703"	"0.00017"	"233.067136"	"0.000011"	"600"	"3.8e+07"	"4.2e-02"	"-0.60"	D+	"61093.406"	"103986.338"	"3d6.(3P2).4p"	"z 2D*"	"5/2"	"3d6.(3H).4d"	"4H"	"7/2"		"T6892c83"	"L18349c139"	
"233.09046"	"0.00005"	"233.090494"	"0.000010"	"2000"	"1.0e+07"	"1.1e-02"	"-1.07"	D+	"62322.445"	"105211.079"	"3d6.(3H).4p"	"z 2G*"	"7/2"	"3d6.(5D).5d"	"4G"	"9/2"		"T6892c83"	"L18349c139"	
"233.10568"	"0.00002"	"233.105546"	"0.000012"	"5000"	"1.77e+08"	"1.08e-01"	"-0.06"	C+	"61156.827"	"104042.692"	"3d6.(3H).4p"	"z 4H*"	"7/2"	"3d6.(3H).4d"	"4G"	"5/2"		"T6892c83"	"L18349c145"	
"233.111215"	"0.000019"	"233.111243"	"0.000011"	"7000"	"2.51e+08"	"2.04e-01"	"0.31"	B+	"60989.444"	"103874.261"	"3d6.(3H).4p"	"z 4H*"	"9/2"	"3d6.(3H).4d"	"4H"	"9/2"		"T6892c83"	"L18349c139"	
"233.130810"	"0.000011"	"233.130809"	"0.000010"	"270000"	"3.17e+07"	"2.07e-02"	"-0.68"	B+	"1872.5998"	"44753.8179"	"3d7"	"a 4F"	"9/2"	"3d6.(5D).4p"	"z 4F*"	"7/2"		"T6610"	"L18349c139"	
"233.15447"	"0.00003"	"233.154479"	"0.000012"	"4000"	"5.6e+07"	"6.8e-02"	"-0.57"	D+	"61332.753"	"104209.618"	"3d6.(3P2).4p"	"y 4P*"	"3/2"	"3d6.(3H).4d"	"2F"	"5/2"		"T6892c83"	"L18349c139"	
"233.197443"	"0.000011"	"233.197444"	"0.000011"	"20000"	"4.2e+08"	"3.95e-01"	"0.74"	B+	"60837.560"	"103706.526"	"3d6.(3H).4p"	"z 4H*"	"13/2"	"3d6.(3H).4d"	"4K"	"15/2"		"T6892c83"	"L18349c139"	
"233.20750"	"0.00012"	"233.207628"	"0.000010"	"1100"	"3.5e+07"	"2.2e-02"	"-0.76"	D+	"61156.827"	"104023.921"	"3d6.(3H).4p"	"z 4H*"	"7/2"	"3d6.(5D).5d"	"4F"	"5/2"		"T6892c83"	"L18349c139"	
"233.224116"	"0.000016"	"233.224104"	"0.000012"	"8000"	"2.44e+08"	"1.99e-01"	"0.38"	B+	"60887.606"	"103751.672"	"3d6.(3H).4p"	"z 4H*"	"11/2"	"3d6.(3H).4d"	"4H"	"11/2"		"T6892c83"	"L18349c139"	
"233.24912"	"0.00008"	"233.249050"	"0.000010"	"700"	"1.1e+07"	"9.e-03"	"-1.14"	D+	"64040.891"	"106900.373"	"3d6.(3F2).4p"	"y 4G*"	"7/2"	"3d6.(3F2).4d"	"2G"	"7/2"		"T6892c83"	"L18349c139"	
"233.26446"	"0.00007"	"233.264579"	"0.000012"	"1400"	"2.1e+07"	"1.7e-02"	"-1.16"	D+	"61332.753"	"104189.382"	"3d6.(3P2).4p"	"y 4P*"	"3/2"	"3d6.(3H).4d"	"4F"	"3/2"		"T6892c83"	"L18349c139"	
"233.279877"	"0.000011"	"233.279874"	"0.000010"	"600000"	"1.31e+08"	"8.0e-02"	"-0.19"	C+	"384.7872"	"43238.6066"	"3d6.(5D).4s"	"a 6D"	"7/2"	"3d6.(5D).4p"	"z 6P*"	"5/2"		"T7351"	"L18349c139"	
"233.2905"	"0.0005"	"233.291396"	"0.000017"	"500"	"5.e+06"	"4.4e-03"	"-1.8"	D	"49506.922"	"92358.625"	"3d6.(3P1).4s"	"c 4P"	"3/2"	"3d5.(4G).4s.4p.(3P*)"	"v 4F*"	"3/2"		"T6892c83"	"L18349c143"	
"233.29503"	"0.00007"	"233.295093"	"0.000010"	"1400"	"5.1e+06"	"5.2e-03"	"-1.38"	D+	"62065.528"	"104916.552"	"3d6.(3F2).4p"	"y 4F*"	"7/2"	"3d6.(3F2).4d"	"4F"	"9/2"		"T6892c83"	"L18349c139"	
"233.323203"	"0.000012"	"233.323203"	"0.000010"	"11000"	"4.7e+07"	"3.2e-02"	"-0.42"	D+	"63876.325"	"106722.187"	"3d6.(3F2).4p"	"y 4G*"	"11/2"	"3d6.(3H).4d"	"4F"	"9/2"		"T6892c83"	"L18349c139"	
"233.34658"	"0.00004"	"233.346580"	"0.000012"	"2000"	"4.4e+07"	"2.9e-02"	"-0.54"	D+	"65696.053"	"108537.623"	"3d6.(3G).4p"	"x 4G*"	"9/2"	"3d6.(3G).4d"	"4G"	"7/2"		"T6892c83"	"L18349c139"	
"233.370819"	"0.000013"	"233.370814"	"0.000011"	"40000"	"1.52e+08"	"9.3e-02"	"-0.13"	C+	"42658.2444"	"85495.366"	"3d6.(5D).4p"	"z 6P*"	"7/2"	"3d6.(5D).4d"	"6S"	"5/2"		"T6892c83"	"L18349c139"	
"233.37827"	"0.00003"	"233.378270"	"0.000011"	"3400"	"1.01e+08"	"6.6e-02"	"-0.18"	C+	"62158.126"	"104993.879"	"3d6.(3F2).4p"	"y 4F*"	"9/2"	"3d6.(3F2).4d"	"4D"	"7/2"		"T6892c83"	"L18349c139"	
"233.39092"	"0.00008"	"233.390907"	"0.000011"	"1400"	"1.3e+07"	"1.1e-02"	"-0.98"	D+	"62083.118"	"104916.552"	"3d6.(3H).4p"	"z 2G*"	"9/2"	"3d6.(3F2).4d"	"4F"	"9/2"		"T6892c83"	"L18349c139"	
"233.39517"	"0.00003"	"233.395190"	"0.000011"	"3100"	"4.3e+07"	"4.4e-02"	"-0.46"	D+	"62322.445"	"105155.093"	"3d6.(3H).4p"	"z 2G*"	"7/2"	"3d6.(3F2).4d"	"4G"	"9/2"		"T6892c83"	"L18349c139"	
"233.4073"	"0.0003"	"233.407048"	"0.000011"	"400"	"7.5e+06"	"6.1e-03"	"-1.31"	D+	"62945.045"	"105775.517"	"3d6.(3F2).4p"	"x 4D*"	"7/2"	"3d6.(3F2).4d"	"2F"	"7/2"		"T6892c83"	"L18349c139"	
"233.41228"	"0.00004"	"233.412286"	"0.000011"	"3000"	"2.74e+08"	"2.24e-01"	"0.25"	B+	"61156.827"	"103986.338"	"3d6.(3H).4p"	"z 4H*"	"7/2"	"3d6.(3H).4d"	"4H"	"7/2"		"T6892c83"	"L18349c139"	
"233.41926"	"0.00007"	"233.419061"	"0.000011"	"1300bl(Fe II)*"	"6.6e+06"	"3.6e-03"	"-1.66"	D+	"62689.874"	"105518.142"	"3d6.(3P2).4p"	"y 4D*"	"5/2"	"3d6.(3F2).4d"	"4F"	"3/2"		"T6892c83"	"L18349c148"	
"233.41926"	"0.00007"	"233.419263"	"0.000012"	"1300bl(Fe II)*"	"2.8e+06"	"3.1e-03"	"-1.73"	D+	"61093.406"	"103921.637"	"3d6.(3P2).4p"	"z 2D*"	"5/2"	"3d6.(3H).4d"	"4G"	"7/2"		"T6892c83"	"L18349c148"	
"233.42778"	"0.00002"	"233.427777"	"0.000010"	"5000"	"2.9e+06"	"2.4e-03"	"-1.72"	D+	"61156.827"	"103983.496"	"3d6.(3H).4p"	"z 4H*"	"7/2"	"3d6.(3G).5s"	"e 2G"	"7/2"		"T6892c83"	"L18349c139"	
"233.432089"	"0.000018"	"233.432083"	"0.000010"	"5000"	"4.1e+07"	"2.5e-02"	"-0.69"	D+	"64040.891"	"106866.770"	"3d6.(3F2).4p"	"y 4G*"	"7/2"	"3d6.(3F2).4d"	"4F"	"5/2"		"T6892c83"	"L18349c139"	
"233.43621"	"0.00009"	"233.436286"	"0.000010"	"1000"	"1.0e+07"	"6.2e-03"	"-1.21"	D+	"60989.444"	"103814.552"	"3d6.(3H).4p"	"z 4H*"	"9/2"	"3d6.(5D).5d"	"4F"	"7/2"		"T6892c83"	"L18349c139"	
"233.44787"	"0.00008"	"233.447871"	"0.000017"	"4000"	"3.7e+07"	"4.5e-02"	"-0.74"	D+	"49506.922"	"92329.905"	"3d6.(3P1).4s"	"c 4P"	"3/2"	"3d5.(4G).4s.4p.(3P*)"	"v 4F*"	"5/2"		"T6892c83"	"L18349c139"	
"233.472734"	"0.000013"	"233.472734"	"0.000011"	"8000"	"3.3e+07"	"2.1e-02"	"-0.67"	D+	"63948.803"	"106767.226"	"3d6.(3F2).4p"	"y 4G*"	"9/2"	"3d6.(3F2).4d"	"4F"	"7/2"		"T6892c83"	"L18349c139"	
"233.47530"	"0.00005"	"233.475275"	"0.000012"	"1000"	"1.7e+07"	"1.4e-02"	"-0.78"	D+	"65363.607"	"108181.564"	"3d6.(3H).4p"	"z 2H*"	"11/2"	"3d6.(3G).4d"	"4G"	"11/2"		"T6892c83"	"L18349c139"	
"233.49390"	"0.00008"	"233.493796"	"0.000010"	"1100"	"1.7e+07"	"1.8e-02"	"-0.85"	D+	"60956.781"	"103771.342"	"3d6.(3H).4p"	"z 4G*"	"7/2"	"3d6.(3H).4d"	"4G"	"9/2"		"T6892c83"	"L18349c139"	
"233.502508"	"0.000020"	"233.502501"	"0.000010"	"4000"	"2.7e+07"	"3.0e-02"	"-0.75"	D+	"64087.408"	"106900.373"	"3d6.(3F2).4p"	"y 4G*"	"5/2"	"3d6.(3F2).4d"	"2G"	"7/2"		"T6892c83"	"L18349c139"	
"233.51081"	"0.00006"	"233.510808"	"0.000012"	"1100"	"1.8e+07"	"1.2e-02"	"-0.83"	D+	"65580.065"	"108391.507"	"3d6.(3G).4p"	"x 4G*"	"11/2"	"3d6.(3G).4d"	"4G"	"9/2"		"T6892c83"	"L18349c139"	
"233.54402"	"0.00010"	"233.544164"	"0.000011"	"800"	"1.5e+07"	"1.0e-02"	"-1.12"	D+	"62322.445"	"105127.773"	"3d6.(3H).4p"	"z 2G*"	"7/2"	"3d6.(5D).5d"	"4D"	"5/2"		"T6892c83"	"L18349c139"	
"233.5651"	"0.0005"	"233.564060"	"0.000010"	"260d?"	"2.7e+06"	"2.2e-03"	"-1.66"	D+	"60807.239"	"103608.921"	"3d6.(3H).4p"	"z 4G*"	"9/2"	"3d6.(3G).5s"	"e 2G"	"9/2"		"T6892c83"	"L18349c143"	
"233.570157"	"0.000014"	"233.570183"	"0.000011"	"9000"	"1.73e+08"	"1.41e-01"	"0.05"	C+	"62322.445"	"105123.005"	"3d6.(3H).4p"	"z 2G*"	"7/2"	"3d6.(3H).4d"	"2G"	"7/2"		"T6892c83"	"L18349c139"	
"233.62982"	"0.00011"	"233.629823"	"0.000011"	"800"	"5.3e+07"	"5.7e-02"	"-0.46"	D+	"60402.333"	"103191.968"	"3d6.(3P2).4p"	"y 4P*"	"5/2"	"3d6.(3P2).4d"	"2F"	"7/2"		"T6892c83"	"L18349c139"	
"233.65293"	"0.00003"	"233.652929"	"0.000010"	"4000"	"1.7e+07"	"1.4e-02"	"-0.86"	D+	"62083.118"	"104868.522"	"3d6.(3H).4p"	"z 2G*"	"9/2"	"3d6.(5D).5d"	"6G"	"9/2"		"T6892c83"	"L18349c139"	
"233.682348"	"0.000014"	"233.682353"	"0.000010"	"10000"	"2.65e+08"	"2.17e-01"	"0.48"	B+	"60837.560"	"103617.577"	"3d6.(3H).4p"	"z 4H*"	"13/2"	"3d6.(3H).4d"	"4H"	"13/2"		"T6892c83"	"L18349c139"	
"233.68594"	"0.00004"	"233.685932"	"0.000010"	"2000"	"1.2e+07"	"1.0e-02"	"-1.21"	D+	"64087.408"	"106866.770"	"3d6.(3F2).4p"	"y 4G*"	"5/2"	"3d6.(3F2).4d"	"4F"	"5/2"		"T6892c83"	"L18349c139"	
"233.69278"	"0.00009"	"233.693012"	"0.000017"	"500"	"4.1e+06"	"3.4e-03"	"-1.57"	D+	"65931.358"	"108709.424"	"3d6.(3G).4p"	"x 4G*"	"7/2"	"3d6.(3G).4d"	"4H"	"7/2"		"T6892c83"	"L18349c139"	
"233.71860"	"0.00004"	"233.718594"	"0.000010"	"1900"	"4.9e+06"	"4.1e-03"	"-1.39"	D+	"63948.803"	"106722.187"	"3d6.(3F2).4p"	"y 4G*"	"9/2"	"3d6.(3H).4d"	"4F"	"9/2"		"T6892c83"	"L18349c139"	
"233.72516"	"0.00008"	"233.725207"	"0.000012"	"1100"	"1.0e+07"	"9.e-03"	"-0.86"	D+	"61347.566"	"104119.740"	"3d6.(3H).4p"	"z 4I*"	"15/2"	"3d6.(3H).4d"	"2K"	"15/2"		"T6892c83"	"L18349c139"	
"233.73781"	"0.00007"	"233.737820"	"0.000012"	"900bl(Fe II)*"	"1.3e+07"	"1.3e-02"	"-0.82"	D+	"65363.607"	"108133.473"	"3d6.(3H).4p"	"z 2H*"	"11/2"	"3d6.(3G).4d"	"4H"	"13/2"		"T6892c83"	"L18349c148"	
"233.74342"	"0.00003"	"233.743428"	"0.000012"	"4000"	"4.1e+08"	"3.3e-01"	"-0.18"	C+	"61035.285"	"103804.125"	"3d6.(3P2).4p"	"y 4P*"	"1/2"	"3d6.(3P2).4d"	"4D"	"1/2"		"T6892c83"	"L18349c139"	
"233.75238"	"0.00004"	"233.752387"	"0.000017"	"9000"	"7.3e+07"	"9.e-02"	"-0.45"	D+	"49506.922"	"92274.123"	"3d6.(3P1).4s"	"c 4P"	"3/2"	"3d6.(3P1).4p"	"4P*"	"5/2"		"T6892c83"	"L18349c139"	
"233.76550"	"0.00008"	"233.765457"	"0.000011"	"1300"	"5.3e+07"	"4.3e-02"	"-0.46"	D+	"61156.827"	"103921.637"	"3d6.(3H).4p"	"z 4H*"	"7/2"	"3d6.(3H).4d"	"4G"	"7/2"		"T6892c83"	"L18349c139"	
"233.77610"	"0.00002"	"233.776074"	"0.000010"	"5000"	"1.21e+08"	"8.5e-02"	"0.08"	C+	"60837.560"	"103600.428"	"3d6.(3H).4p"	"z 4H*"	"13/2"	"3d6.(3H).4d"	"4G"	"11/2"		"T6892c83"	"L18349c139"	
"233.795940"	"0.000018"	"233.795905"	"0.000011"	"4000"	"5.2e+07"	"2.8e-02"	"-0.77"	D+	"64087.408"	"106846.649"	"3d6.(3F2).4p"	"y 4G*"	"5/2"	"3d6.(5D).5d"	"4F"	"3/2"		"T6892c83"	"L18349c139"	
"233.800624"	"0.000011"	"233.800655"	"0.000010"	"400000"	"1.13e+08"	"9.3e-02"	"-0.43"	B+	"862.6118"	"43620.9842"	"3d6.(5D).4s"	"a 6D"	"3/2"	"3d6.(5D).4p"	"z 6P*"	"3/2"		"T6610"	"L18349c139"	
"233.81482"	"0.00002"	"233.814788"	"0.000011"	"4000"	"1.5e+07"	"9.e-03"	"-1.13"	D+	"64040.891"	"106796.679"	"3d6.(3F2).4p"	"y 4G*"	"7/2"	"3d6.(5D).5d"	"4P"	"5/2"		"T6892c83"	"L18349c139"	
"233.8204"	"0.0005"	"233.820187"	"0.000017"	"1300d?"	"2.8e+06"	"1.8e-03"	"-1.74"	D+	"30388.5451"	"73143.346"	"3d6.(3G).4s"	"b 2G"	"9/2"	"3d6.(1G2).4p"	"w 2G*"	"7/2"		"T6892c83"	"L18349c143"	
"233.85441"	"0.00009"	"233.854413"	"0.000010"	"3400"	"5.6e+06"	"5.5e-03"	"-1.262"	C	"42114.8380"	"84863.382"	"3d6.(5D).4p"	"z 6F*"	"9/2"	"3d6.(5D).4d"	"e 4G"	"11/2"		"T7186"	"L18349c139"	
"233.88374"	"0.00008"	"233.883752"	"0.000011"	"1300"	"5.0e+06"	"4.1e-03"	"-1.49"	D+	"62322.445"	"105065.627"	"3d6.(3H).4p"	"z 2G*"	"7/2"	"3d6.(5D).5d"	"6G"	"7/2"		"T6892c83"	"L18349c139"	
"233.89195"	"0.00008"	"233.891933"	"0.000011"	"1300"	"2.5e+07"	"2.5e-02"	"-0.69"	D+	"62065.528"	"104807.215"	"3d6.(3F2).4p"	"y 4F*"	"7/2"	"3d6.(3H).4d"	"2G"	"9/2"		"T6892c83"	"L18349c139"	
"233.940762"	"0.000019"	"233.940765"	"0.000012"	"20000"	"1.2e+07"	"1.5e-02"	"-1.22"	D+	"18360.6399"	"61093.406"	"3d7"	"a 2P"	"3/2"	"3d6.(3P2).4p"	"z 2D*"	"5/2"		"T6892c83"	"L18349c139"	
"233.96594"	"0.00004"	"233.965942"	"0.000011"	"800"	"1.8e+06"	"1.7e-03"	"-1.68"	D+	"61587.205"	"104315.373"	"3d6.(3H).4p"	"z 4I*"	"11/2"	"3d6.(3H).4d"	"2K"	"13/2"		"T6892c83"	"L18349c139"	
"233.97596"	"0.00003"	"233.975980"	"0.000010"	"2800"	"1.0e+07"	"8.e-03"	"-1.20"	D+	"64040.891"	"106767.226"	"3d6.(3F2).4p"	"y 4G*"	"7/2"	"3d6.(3F2).4d"	"4F"	"7/2"		"T6892c83"	"L18349c139"	
"233.988221"	"0.000013"	"233.988237"	"0.000010"	"11000"	"2.25e+08"	"1.85e-01"	"0.27"	B+	"62083.118"	"104807.215"	"3d6.(3H).4p"	"z 2G*"	"9/2"	"3d6.(3H).4d"	"2G"	"9/2"		"T6892c83"	"L18349c139"	
"234.00434"	"0.00020"	"234.004402"	"0.000011"	"500"	"8.e+06"	"9.e-03"	"-1.25"	D+	"61093.406"	"103814.552"	"3d6.(3P2).4p"	"z 2D*"	"5/2"	"3d6.(5D).5d"	"4F"	"7/2"		"T6892c83"	"L18349c139"	
"234.02664"	"0.00011"	"234.026578"	"0.000012"	"900"	"8.e+05"	"6.e-04"	"-2.0"	D	"61347.566"	"104064.664"	"3d6.(3H).4p"	"z 4I*"	"15/2"	"3d6.(3H).4d"	"4I"	"13/2"		"T6892c83"	"L18349c139"	
"234.03553"	"0.00009"	"234.03555"	"0.00004"	"3400"	"5.9e+07"	"2.4e-02"	"-1.01"	D+	"36126.412"	"78841.872"	"3d6.(3D).4s"	"b 2D"	"3/2"	"3d6.(1D2).4p"	"w 2P*"	"1/2"		"T6892c83"	"L18349c139"	
"234.046234"	"0.000018"	"234.046246"	"0.000010"	"21000"	"1.6e+07"	"1.0e-02"	"-1.10"	D+	"21711.8963"	"64425.405"	"3d6.(3H).4s"	"a 4H"	"7/2"	"3d6.(3F2).4p"	"z 2F*"	"5/2"		"T6892c83"	"L18349c139"	
"234.05952"	"0.00004"	"234.059490"	"0.000012"	"1700"	"5.8e+07"	"3.6e-02"	"-0.54"	D+	"65931.358"	"108642.450"	"3d6.(3G).4p"	"x 4G*"	"7/2"	"3d6.(3G).4d"	"4D"	"5/2"		"T6892c83"	"L18349c139"	
"234.06336"	"0.00008"	"234.063304"	"0.000011"	"1000"	"1.1e+07"	"9.e-03"	"-1.03"	D+	"62158.126"	"104868.522"	"3d6.(3F2).4p"	"y 4F*"	"9/2"	"3d6.(5D).5d"	"6G"	"9/2"		"T6892c83"	"L18349c139"	
"234.0664"	"0.0005"	"234.065809"	"0.000012"	"210d?"	"2.0e+07"	"2.5e-02"	"-1.00"	D+	"61332.753"	"104042.692"	"3d6.(3P2).4p"	"y 4P*"	"3/2"	"3d6.(3H).4d"	"4G"	"5/2"		"T6892c83"	"L18349c142"	
"234.06945"	"0.00008"	"234.069470"	"0.000010"	"1100"	"4.3e+06"	"3.5e-03"	"-1.68"	D+	"64087.408"	"106796.679"	"3d6.(3F2).4p"	"y 4G*"	"5/2"	"3d6.(5D).5d"	"4P"	"5/2"		"T6892c83"	"L18349c139"	
"234.09426"	"0.00004"	"234.094313"	"0.000010"	"9000"	"5.3e+06"	"3.5e-03"	"-1.46"	D+	"21581.6151"	"64286.354"	"3d6.(3H).4s"	"a 4H"	"9/2"	"3d6.(3F2).4p"	"z 2F*"	"7/2"		"T6892c83"	"L18349c139"	
"234.1033"	"0.0005"	"234.103381"	"0.000013"	"600"	"6.e+05"	"5.e-04"	"-2.3"	D	"30388.5451"	"73091.630"	"3d6.(3G).4s"	"b 2G"	"9/2"	"3d6.(1G2).4p"	"w 2G*"	"9/2"		"T6892c83"	"L18349c142"	
"234.10629"	"0.00004"	"234.106265"	"0.000012"	"2600"	"7.0e+06"	"9.e-03"	"-1.46"	D+	"62125.604"	"104828.163"	"3d6.(3P2).4p"	"z 2D*"	"3/2"	"3d6.(5D).5d"	"6D"	"5/2"		"T6892c83"	"L18349c139"	
"234.11141"	"0.00010"	"234.111479"	"0.000010"	"1000"	"1.5e+06"	"1.3e-03"	"-2.0"	D	"62171.624"	"104873.232"	"3d5.(6S).4s.4p.(3P*)"	"y 6P*"	"7/2"	"3d6.(5D).5d"	"4D"	"7/2"		"T6892c83"	"L18349c139"	
"234.117463"	"0.000012"	"234.117466"	"0.000011"	"20000"	"3.18e+08"	"3.49e-01"	"0.32"	B+	"60402.333"	"103102.849"	"3d6.(3P2).4p"	"y 4P*"	"5/2"	"3d6.(3P2).4d"	"4D"	"7/2"		"T6892c83"	"L18349c139"	
"234.145227"	"0.000011"	"234.145226"	"0.000010"	"12000"	"2.70e+08"	"2.22e-01"	"0.35"	B+	"65696.053"	"108391.507"	"3d6.(3G).4p"	"x 4G*"	"9/2"	"3d6.(3G).4d"	"4G"	"9/2"		"T6892c83"	"L18349c139"	
"234.164827"	"0.000013"	"234.164824"	"0.000010"	"7000"	"1.81e+08"	"1.79e-01"	"0.25"	B+	"65696.053"	"108387.934"	"3d6.(3G).4p"	"x 4G*"	"9/2"	"3d6.(3G).4d"	"4H"	"11/2"		"T6892c83"	"L18349c139"	
"234.17756"	"0.00007"	"234.177605"	"0.000011"	"1200"	"3.9e+07"	"3.2e-02"	"-0.72"	D+	"62689.874"	"105379.425"	"3d6.(3P2).4p"	"y 4D*"	"5/2"	"3d6.(3F2).4d"	"4D"	"5/2"		"T6892c83"	"L18349c139"	
"234.18023"	"0.00004"	"234.180239"	"0.000012"	"2500"	"9.e+07"	"1.4e-01"	"-0.55"	D+	"62829.071"	"105518.142"	"3d6.(3P2).4p"	"y 4D*"	"1/2"	"3d6.(3F2).4d"	"4F"	"3/2"		"T6892c83"	"L18349c139"	
"234.18375"	"0.00008"	"234.183723"	"0.000011"	"900"	"5.9e+06"	"3.2e-03"	"-1.71"	D+	"62151.554"	"104839.990"	"3d6.(3F2).4p"	"y 4F*"	"5/2"	"3d6.(3F2).4d"	"4P"	"3/2"		"T6892c83"	"L18349c139"	
"234.22399"	"0.00004"	"234.224010"	"0.000012"	"10000"	"8.e+06"	"9.e-03"	"-1.43"	D+	"18360.6399"	"61041.734"	"3d7"	"a 2P"	"3/2"	"3d6.(3H).4p"	"z 4G*"	"5/2"		"T6892c83"	"L18349c139"	
"234.23084"	"0.00002"	"234.230799"	"0.000011"	"5000bl(Fe II)*"	"1.37e+08"	"1.13e-01"	"0.05"	C+	"61512.630"	"104192.487"	"3d6.(3H).4p"	"z 4I*"	"9/2"	"3d6.(3H).4d"	"4I"	"9/2"		"T6892c83"	"L18349c148"	
"234.23084"	"0.00002"	"234.231013"	"0.000010"	"5000bl(Fe II)*"	"1.6e+07"	"1.7e-02"	"-0.98"	D+	"64087.408"	"106767.226"	"3d6.(3F2).4p"	"y 4G*"	"5/2"	"3d6.(3F2).4d"	"4F"	"7/2"		"T6892c83"	"L18349c148"	
"234.27698"	"0.00007"	"234.277038"	"0.000011"	"1400"	"3.1e+07"	"2.5e-02"	"-0.69"	D+	"62322.445"	"104993.879"	"3d6.(3H).4p"	"z 2G*"	"7/2"	"3d6.(3F2).4d"	"4D"	"7/2"		"T6892c83"	"L18349c139"	
"234.288791"	"0.000015"	"234.288806"	"0.000012"	"5000"	"1.01e+08"	"6.6e-02"	"-0.18"	C+	"65696.053"	"108365.344"	"3d6.(3G).4p"	"x 4G*"	"9/2"	"3d6.(3G).4d"	"4D"	"7/2"		"T6892c83"	"L18349c139"	
"234.330731"	"0.000012"	"234.330744"	"0.000010"	"19000"	"4.5e+08"	"4.5e-01"	"0.65"	B+	"61512.630"	"104174.285"	"3d6.(3H).4p"	"z 4I*"	"9/2"	"3d6.(3H).4d"	"4I"	"11/2"		"T6892c83"	"L18349c139"	
"234.349480"	"0.000012"	"234.349481"	"0.000010"	"1000000"	"1.73e+08"	"1.140e-01"	"0.057"	A+	"0.0000"	"42658.2444"	"3d6.(5D).4s"	"a 6D"	"9/2"	"3d6.(5D).4p"	"z 6P*"	"7/2"		"T6610"	"L18349c139"	
"234.3851"	"0.0005"	"234.385382"	"0.000017"	"180"	"4.2e+06"	"3.4e-03"	"-1.68"	D+	"67000.530"	"109652.241"	"3d6.(3F2).4p"	"y 2D*"	"5/2"	"3d6.(3D).5s"	"2D"	"5/2"		"T6892c83"	"L18349c143"	
"234.396076"	"0.000011"	"234.396077"	"0.000010"	"190000"	"3.13e+07"	"1.94e-02"	"-0.81"	B+	"2430.1369"	"45079.9019"	"3d7"	"a 4F"	"7/2"	"3d6.(5D).4p"	"z 4F*"	"5/2"		"T6610"	"L18349c139"	
"234.39990"	"0.00007"	"234.399793"	"0.000012"	"1300"	"2.0e+07"	"1.6e-02"	"-0.79"	D+	"62158.126"	"104807.215"	"3d6.(3F2).4p"	"y 4F*"	"9/2"	"3d6.(3H).4d"	"2G"	"9/2"		"T6892c83"	"L18349c139"	
"234.415471"	"0.000011"	"234.415459"	"0.000011"	"10000"	"2.73e+08"	"2.81e-01"	"0.35"	B+	"65931.358"	"108577.597"	"3d6.(3G).4p"	"x 4G*"	"7/2"	"3d6.(3G).4d"	"4H"	"9/2"		"T6892c83"	"L18349c139"	
"234.428135"	"0.000011"	"234.428128"	"0.000010"	"340000"	"9.27e+07"	"1.53e-01"	"-0.515"	B+	"977.0498"	"43620.9842"	"3d6.(5D).4s"	"a 6D"	"1/2"	"3d6.(5D).4p"	"z 6P*"	"3/2"		"T7958,T6610,T7589"	"L18349c139"	
"234.44653"	"0.00006"	"234.446308"	"0.000010"	"1900bl*"	"3.4e+07"	"2.1e-02"	"-0.77"	D+	"60956.781"	"103597.409"	"3d6.(3H).4p"	"z 4G*"	"7/2"	"3d6.(3P2).4d"	"2F"	"5/2"		"T6892c83"	"L18349c148"	
"234.44653"	"0.00006"	"234.446758"	"0.000011"	"1900bl*"	"8.e+06"	"4.2e-03"	"-1.60"	D+	"64425.405"	"107065.951"	"3d6.(3F2).4p"	"z 2F*"	"5/2"	"3d6.(5D).5d"	"4P"	"3/2"		"T6892c83"	"L18349c148"	
"234.460275"	"0.000012"	"234.460280"	"0.000010"	"14000"	"1.12e+08"	"1.16e-01"	"-0.03"	C+	"64286.354"	"106924.441"	"3d6.(3F2).4p"	"z 2F*"	"7/2"	"3d6.(3F2).4d"	"2G"	"9/2"		"T6892c83"	"L18349c139"	
"234.498419"	"0.000011"	"234.498369"	"0.000012"	"10000bl(Fe II)*"	"3.2e+07"	"5.3e-02"	"-0.97"	D+	"62829.071"	"105460.233"	"3d6.(3P2).4p"	"y 4D*"	"1/2"	"3d6.(3F2).4d"	"4D"	"3/2"		"T6892c83"	"L18349c148"	
"234.498419"	"0.000011"	"234.498424"	"0.000017"	"10000bl(Fe II)*"	"3.34e+08"	"3.68e-01"	"0.34"	B+	"66078.272"	"108709.424"	"3d6.(3G).4p"	"x 4G*"	"5/2"	"3d6.(3G).4d"	"4H"	"7/2"		"T6892c83"	"L18349c148"	
"234.51785"	"0.00011"	"234.517752"	"0.000012"	"4000"	"4.5e+06"	"3.0e-03"	"-1.53"	D+	"30388.5451"	"73016.184"	"3d6.(3G).4s"	"b 2G"	"9/2"	"3d6.(1G2).4p"	"x 2F*"	"7/2"		"T6892c83"	"L18349c139"	
"234.533697"	"0.000011"	"234.533693"	"0.000011"	"100000"	"7.3e+07"	"5.2e-02"	"-0.14"	C+	"21251.5833"	"63876.325"	"3d6.(3H).4s"	"a 4H"	"13/2"	"3d6.(3F2).4p"	"y 4G*"	"11/2"		"T6892c83"	"L18349c139"	
"234.53639"	"0.00002"	"234.536410"	"0.000017"	"2800"	"5.8e+07"	"1.0e-01"	"-0.72"	D+	"64806.494"	"107430.742"	"3d6.(3P2).4p"	"z 2P*"	"1/2"	"3d6.(3F2).4d"	"2D"	"3/2"		"T6892c83"	"L18349c139"	
"234.59272"	"0.00003"	"234.592712"	"0.000010"	"2500"	"2.0e+07"	"1.7e-02"	"-0.87"	D+	"64286.354"	"106900.373"	"3d6.(3F2).4p"	"z 2F*"	"7/2"	"3d6.(3F2).4d"	"2G"	"7/2"		"T6892c83"	"L18349c139"	
"234.59580"	"0.00005"	"234.595829"	"0.000011"	"1700"	"4.2e+07"	"5.2e-02"	"-0.68"	D+	"62125.604"	"104739.057"	"3d6.(3P2).4p"	"z 2D*"	"3/2"	"3d6.(3F2).4d"	"4P"	"5/2"		"T6892c83"	"L18349c139"	
"234.62691"	"0.00004"	"234.626874"	"0.000017"	"8000bl(Fe II)*"	"1.4e+07"	"9.e-03"	"-1.16"	D+	"31999.049"	"74606.864"	"3d7"	"b 2F"	"7/2"	"3d6.(3D).4p"	"x 2D*"	"5/2"		"T6892c83"	"L18349c148"	
"234.62691"	"0.00004"	"234.626910"	"0.000010"	"8000bl(Fe II)*"	"1.3e+07"	"8.e-03"	"-1.19"	D+	"42237.0575"	"84844.866"	"3d6.(5D).4p"	"z 6F*"	"7/2"	"3d6.(5D).4d"	"e 6G"	"5/2"		"T6892c83"	"L18349c148"	
"234.62943"	"0.00005"	"234.629528"	"0.000011"	"1600"	"4.3e+07"	"4.3e-02"	"-0.37"	C+	"62158.126"	"104765.459"	"3d6.(3F2).4p"	"y 4F*"	"9/2"	"3d6.(3H).4d"	"2I"	"11/2"		"T6892c83"	"L18349c139"	
"234.635412"	"0.000011"	"234.635410"	"0.000011"	"13000"	"3.20e+08"	"2.64e-01"	"0.32"	B+	"65931.358"	"108537.623"	"3d6.(3G).4p"	"x 4G*"	"7/2"	"3d6.(3G).4d"	"4G"	"7/2"		"T6892c83"	"L18349c139"	
"234.65112"	"0.00010"	"234.651077"	"0.000010"	"4000"	"1.8e+07"	"1.0e-02"	"-1.23"	D+	"42334.8444"	"84938.265"	"3d6.(5D).4p"	"z 6F*"	"5/2"	"3d6.(5D).4d"	"e 6G"	"3/2"		"T6892c83"	"L18349c139"	
"234.661657"	"0.000011"	"234.661662"	"0.000011"	"15000"	"3.59e+08"	"2.96e-01"	"0.55"	B+	"65580.065"	"108181.564"	"3d6.(3G).4p"	"x 4G*"	"11/2"	"3d6.(3G).4d"	"4G"	"11/2"		"T6892c83"	"L18349c139"	
"234.668111"	"0.000011"	"234.668118"	"0.000010"	"19000"	"3.40e+08"	"2.81e-01"	"0.23"	B+	"60402.333"	"103002.660"	"3d6.(3P2).4p"	"y 4P*"	"5/2"	"3d6.(3P2).4d"	"4D"	"5/2"		"T6892c83"	"L18349c139"	
"234.6882"	"0.0003"	"234.688250"	"0.000017"	"220"	"3.1e+06"	"2.6e-03"	"-2.0"	D	"64834.069"	"107430.742"	"3d6.(3P2).4p"	"z 2P*"	"3/2"	"3d6.(3F2).4d"	"2D"	"3/2"		"T6892c83"	"L18349c139"	
"234.69254"	"0.00009"	"234.692449"	"0.000010"	"3400"	"5.8e+06"	"3.9e-03"	"-1.41"	D+	"42114.8380"	"84710.749"	"3d6.(5D).4p"	"z 6F*"	"9/2"	"3d6.(5D).4d"	"e 6G"	"7/2"		"T6892c83"	"L18349c139"	
"234.69572"	"0.00009"	"234.695766"	"0.000011"	"1500"	"1.0e+07"	"6.9e-03"	"-1.16"	D+	"61512.630"	"104107.939"	"3d6.(3H).4p"	"z 4I*"	"9/2"	"3d6.(3P2).4d"	"4F"	"7/2"		"T6892c83"	"L18349c139"	
"234.7028"	"0.0005"	"234.702390"	"0.000010"	"200d?"	"1.3e+06"	"1.3e-03"	"-2.0"	D	"62322.445"	"104916.552"	"3d6.(3H).4p"	"z 2G*"	"7/2"	"3d6.(3F2).4d"	"4F"	"9/2"		"T6892c83"	"L18349c142"	
"234.71330"	"0.00004"	"234.713285"	"0.000011"	"2900"	"3.7e+07"	"3.5e-02"	"-0.30"	C+	"61527.610"	"104119.740"	"3d6.(3H).4p"	"z 4I*"	"13/2"	"3d6.(3H).4d"	"2K"	"15/2"		"T6892c83"	"L18349c139"	
"234.74106"	"0.00006"	"234.741119"	"0.000011"	"1800"	"5.6e+07"	"4.6e-02"	"-0.26"	C+	"61587.205"	"104174.285"	"3d6.(3H).4p"	"z 4I*"	"11/2"	"3d6.(3H).4d"	"4I"	"11/2"		"T6892c83"	"L18349c139"	
"234.74664"	"0.00006"	"234.746693"	"0.000012"	"1100"	"3.0e+07"	"2.9e-02"	"-0.46"	D+	"66463.542"	"109049.611"	"3d6.(3G).4p"	"y 4H*"	"11/2"	"3d6.(3G).4d"	"2I"	"13/2"		"T6892c83"	"L18349c139"	
"234.77786"	"0.00002"	"234.777860"	"0.000010"	"4000"	"2.8e+07"	"1.8e-02"	"-0.85"	D+	"64286.354"	"106866.770"	"3d6.(3F2).4p"	"z 2F*"	"7/2"	"3d6.(3F2).4d"	"4F"	"5/2"		"T6892c83"	"L18349c139"	
"234.78336"	"0.00017"	"234.783259"	"0.000010"	"500"	"3.6e+06"	"3.8e-03"	"-1.52"	D+	"62945.045"	"105524.482"	"3d6.(3F2).4p"	"x 4D*"	"7/2"	"3d6.(3F2).4d"	"4H"	"9/2"		"T6892c83"	"L18349c139"	
"234.811560"	"0.000011"	"234.811561"	"0.000010"	"500000"	"6.50e+07"	"4.30e-02"	"-0.367"	B+	"1872.5998"	"44446.9051"	"3d7"	"a 4F"	"9/2"	"3d6.(5D).4p"	"z 4D*"	"7/2"		"T7958,T6610,T7589"	"L18349c139"	
"234.814587"	"0.000017"	"234.814629"	"0.000011"	"4000"	"8.5e+07"	"1.06e-01"	"-0.37"	C+	"64834.069"	"107407.818"	"3d6.(3P2).4p"	"z 2P*"	"3/2"	"3d6.(3F2).4d"	"2D"	"5/2"		"T6892c83"	"L18349c139"	
"234.830221"	"0.000011"	"234.830215"	"0.000010"	"500000"	"1.15e+08"	"9.5e-02"	"-0.24"	C+	"667.6829"	"43238.6066"	"3d6.(5D).4s"	"a 6D"	"5/2"	"3d6.(5D).4p"	"z 6P*"	"5/2"		"T7351"	"L18349c139"	
"234.86747"	"0.00003"	"234.867434"	"0.000012"	"2100"	"5.4e+07"	"4.5e-02"	"-0.57"	D+	"66078.272"	"108642.450"	"3d6.(3G).4p"	"x 4G*"	"5/2"	"3d6.(3G).4d"	"4D"	"5/2"		"T6892c83"	"L18349c139"	
"234.8920"	"0.0005"	"234.891949"	"0.000010"	"400"	"2.1e+06"	"1.4e-03"	"-1.8"	D	"41968.0698"	"84527.806"	"3d6.(5D).4p"	"z 6F*"	"11/2"	"3d6.(5D).4d"	"e 6G"	"9/2"		"T6892c83"	"L18349c142"	
"234.926888"	"0.000011"	"234.926883"	"0.000012"	"14000bl(Fe II)*"	"3.30e+08"	"3.19e-01"	"0.58"	B+	"65580.065"	"108133.473"	"3d6.(3G).4p"	"x 4G*"	"11/2"	"3d6.(3G).4d"	"4H"	"13/2"		"T6892c83"	"L18349c148"	
"234.94121"	"0.00010"	"234.941355"	"0.000010"	"700"	"1.1e+06"	"9.e-04"	"-2.1"	D	"62322.445"	"104873.232"	"3d6.(3H).4p"	"z 2G*"	"7/2"	"3d6.(5D).5d"	"4D"	"7/2"		"T6892c83"	"L18349c139"	
"234.9520"	"0.0005"	"234.951549"	"0.000010"	"190d,bl(Fe II)?*"	"1.0e+07"	"8.e-03"	"-1.31"	D+	"62689.874"	"105238.815"	"3d6.(3P2).4p"	"y 4D*"	"5/2"	"3d6.(3P2).4d"	"2D"	"5/2"		"T6892c83"	"L18349c142"	
"234.97671"	"0.00010"	"234.976783"	"0.000010"	"500"	"1.8e+06"	"1.5e-03"	"-2.1"	D	"62689.874"	"105234.246"	"3d6.(3P2).4p"	"y 4D*"	"5/2"	"3d6.(3P2).4d"	"4P"	"5/2"		"T6892c83"	"L18349c139"	
"235.00164"	"0.00003"	"235.001631"	"0.000010"	"4000"	"9.6e+07"	"6.7e-02"	"-0.10"	C+	"60625.446"	"103165.320"	"3d6.(3H).4p"	"z 4G*"	"11/2"	"3d6.(3P2).4d"	"4F"	"9/2"		"T6892c83"	"L18349c139"	
"235.017736"	"0.000012"	"235.017812"	"0.000010"	"40000"	"1.93e+08"	"1.60e-01"	"-0.20"	C+	"42401.3198"	"84938.265"	"3d6.(5D).4p"	"z 6F*"	"3/2"	"3d6.(5D).4d"	"e 6G"	"3/2"		"T6892c83"	"L18349c145"	
"235.024695"	"0.000013"	"235.024665"	"0.000012"	"7000"	"3.19e+08"	"2.64e-01"	"0.20"	B+	"66078.272"	"108613.977"	"3d6.(3G).4p"	"x 4G*"	"5/2"	"3d6.(3G).4d"	"4G"	"5/2"		"T6892c83"	"L18349c139"	
"235.051784"	"0.000017"	"235.051751"	"0.000011"	"8000"	"1.52e+08"	"1.26e-01"	"0.30"	B+	"61347.566"	"103878.370"	"3d6.(3H).4p"	"z 4I*"	"15/2"	"3d6.(3H).4d"	"4I"	"15/2"		"T6892c83"	"L18349c139"	
"235.120070"	"0.000012"	"235.120071"	"0.000010"	"90000"	"7.2e+07"	"5.0e-02"	"-0.22"	C+	"21430.3564"	"63948.803"	"3d6.(3H).4s"	"a 4H"	"11/2"	"3d6.(3F2).4p"	"y 4G*"	"9/2"		"T7461"	"L18349c139"	
"235.166667"	"0.000012"	"235.166673"	"0.000010"	"50000"	"1.80e+08"	"1.49e-01"	"-0.05"	C+	"42334.8444"	"84844.866"	"3d6.(5D).4p"	"z 6F*"	"5/2"	"3d6.(5D).4d"	"e 6G"	"5/2"		"T6892c83"	"L18349c139"	
"235.1799"	"0.0005"	"235.18020"	"0.00004"	"400"	"4.8e+07"	"3.0e-02"	"-0.63"	D+	"50187.822"	"92695.398"	"3d6.(3F1).4s"	"c 4F"	"7/2"	"3d6.(3P1).4p"	"u 2D*"	"5/2"		"T6892c83"	"L18349c142"	
"235.19041"	"0.00011"	"235.190485"	"0.000011"	"1300"	"1.7e+06"	"1.0e-03"	"-2.1"	D	"62322.445"	"104828.163"	"3d6.(3H).4p"	"z 2G*"	"7/2"	"3d6.(5D).5d"	"6D"	"5/2"		"T6892c83"	"L18349c139"	
"235.19587"	"0.00009"	"235.195675"	"0.000017"	"5000"	"7.4e+07"	"4.1e-02"	"-0.61"	D+	"50142.811"	"92647.591"	"3d6.(3F1).4s"	"c 4F"	"5/2"	"3d6.(3F1).4p"	"4D*"	"3/2"		"T6892c83"	"L18349c139"	
"235.20001"	"0.00007"	"235.199975"	"0.000011"	"2200"	"8.1e+07"	"6.7e-02"	"-0.40"	C+	"61093.406"	"103597.409"	"3d6.(3P2).4p"	"z 2D*"	"5/2"	"3d6.(3P2).4d"	"2F"	"5/2"		"T6892c83"	"L18349c139"	
"235.20161"	"0.00008"	"235.201663"	"0.000011"	"1000"	"1.6e+07"	"1.0e-02"	"-1.11"	D+	"62065.528"	"104569.226"	"3d6.(3F2).4p"	"y 4F*"	"7/2"	"3d6.(3P2).4d"	"4F"	"5/2"		"T6892c83"	"L18349c139"	
"235.20808"	"0.00009"	"235.208094"	"0.000011"	"800"	"1.4e+07"	"1.5e-02"	"-1.03"	D+	"63272.981"	"105775.517"	"3d6.(3F2).4p"	"x 4D*"	"5/2"	"3d6.(3F2).4d"	"2F"	"7/2"		"T6892c83"	"L18349c139"	
"235.230893"	"0.000012"	"235.230910"	"0.000010"	"80000"	"4.4e+08"	"7.3e-01"	"0.16"	B+	"42439.8511"	"84938.265"	"3d6.(5D).4p"	"z 6F*"	"1/2"	"3d6.(5D).4d"	"e 6G"	"3/2"		"T6892c83"	"L18349c139"	
"235.26650"	"0.00009"	"235.266519"	"0.000011"	"600"	"1.2e+07"	"8.e-03"	"-1.01"	D+	"67516.328"	"110008.310"	"3d6.(3G).4p"	"y 2H*"	"11/2"	"3d6.(3G).4d"	"2H"	"9/2"		"T6892c83"	"L18349c139"	
"235.2758"	"0.0005"	"235.276168"	"0.000010"	"320d?"	"1.9e+06"	"1.1e-03"	"-2.2"	D	"43238.6066"	"85728.846"	"3d6.(5D).4p"	"z 6P*"	"5/2"	"3d6.(5D).4d"	"4S"	"3/2"		"T6892c83"	"L18349c142"	
"235.30237"	"0.00003"	"235.302355"	"0.000010"	"2600"	"5.4e+07"	"5.3e-02"	"-0.27"	C+	"65696.053"	"108181.564"	"3d6.(3G).4p"	"x 4G*"	"9/2"	"3d6.(3G).4d"	"4G"	"11/2"		"T6892c83"	"L18349c139"	
"235.346962"	"0.000012"	"235.346963"	"0.000011"	"23000"	"5.0e+08"	"4.8e-01"	"0.76"	B+	"61587.205"	"104064.664"	"3d6.(3H).4p"	"z 4I*"	"11/2"	"3d6.(3H).4d"	"4I"	"13/2"		"T6892c83"	"L18349c139"	
"235.360763"	"0.000012"	"235.360766"	"0.000010"	"20000"	"1.12e+08"	"1.24e-01"	"-0.13"	C+	"64425.405"	"106900.373"	"3d6.(3F2).4p"	"z 2F*"	"5/2"	"3d6.(3F2).4d"	"2G"	"7/2"		"T6892c83"	"L18349c139"	
"235.367834"	"0.000011"	"235.367840"	"0.000010"	"50000bl(Fe II)*"	"1.30e+08"	"1.08e-01"	"-0.06"	C+	"42237.0575"	"84710.749"	"3d6.(5D).4p"	"z 6F*"	"7/2"	"3d6.(5D).4d"	"e 6G"	"7/2"		"T6892c83"	"L18349c148"	
"235.3745"	"0.0005"	"235.375652"	"0.000011"	"260bl(Fe II)*"	"1.1e+06"	"8.e-04"	"-2.0"	D	"62293.177"	"104765.459"	"3d6.(3H).4p"	"z 2I*"	"13/2"	"3d6.(3H).4d"	"2I"	"11/2"		"T6892c83"	"L18349c142"	
"235.38079"	"0.00008"	"235.380696"	"0.000013"	"1200"	"6.9e+07"	"2.9e-02"	"-0.94"	D+	"61332.753"	"103804.125"	"3d6.(3P2).4p"	"y 4P*"	"3/2"	"3d6.(3P2).4d"	"4D"	"1/2"		"T6892c83"	"L18349c139"	
"235.43733"	"0.00004"	"235.437354"	"0.000011"	"2400"	"1.01e+08"	"1.01e-01"	"0.004"	C+	"61512.630"	"103973.782"	"3d6.(3H).4p"	"z 4I*"	"9/2"	"3d6.(3H).4d"	"4K"	"11/2"		"T6892c83"	"L18349c139"	
"235.44301"	"0.00005"	"235.442916"	"0.000011"	"1200bl(Fe II)*"	"2.0e+07"	"2.0e-02"	"-0.79"	D+	"65931.358"	"108391.507"	"3d6.(3G).4p"	"x 4G*"	"7/2"	"3d6.(3G).4d"	"4G"	"9/2"		"T6892c83"	"L18349c148"	
"235.447758"	"0.000012"	"235.447758"	"0.000010"	"90000"	"8.1e+07"	"5.4e-02"	"-0.27"	C+	"21581.6151"	"64040.891"	"3d6.(3H).4s"	"a 4H"	"9/2"	"3d6.(3F2).4p"	"y 4G*"	"7/2"		"T7461"	"L18349c139"	
"235.488966"	"0.000011"	"235.488980"	"0.000010"	"100000"	"2.67e+07"	"1.48e-02"	"-1.05"	B	"2837.9807"	"45289.8248"	"3d7"	"a 4F"	"5/2"	"3d6.(5D).4p"	"z 4F*"	"3/2"		"T6610"	"L18349c139"	
"235.51413"	"0.00006"	"235.514081"	"0.000011"	"1600"	"2.4e+07"	"2.0e-02"	"-1.10"	D+	"62125.604"	"104572.924"	"3d6.(3P2).4p"	"z 2D*"	"3/2"	"3d6.(3P2).4d"	"4F"	"3/2"		"T6892c83"	"L18349c139"	
"235.521585"	"0.000018"	"235.521516"	"0.000017"	"21000bl(Fe II)*"	"1.6e+06"	"2.7e-03"	"-2.3"	D	"18886.773"	"61332.753"	"3d7"	"a 2P"	"1/2"	"3d6.(3P2).4p"	"y 4P*"	"3/2"		"T6892c83"	"L18349c148"	
"235.521585"	"0.000018"	"235.521580"	"0.000010"	"21000bl(Fe II)*"	"1.6e+07"	"1.3e-02"	"-0.80"	D+	"21430.3564"	"63876.325"	"3d6.(3H).4s"	"a 4H"	"11/2"	"3d6.(3F2).4p"	"y 4G*"	"11/2"		"T6892c83"	"L18349c148"	
"235.535013"	"0.000012"	"235.535023"	"0.000010"	"120000"	"4.5e+08"	"5.6e-01"	"0.35"	B+	"42401.3198"	"84844.866"	"3d6.(5D).4p"	"z 6F*"	"3/2"	"3d6.(5D).4d"	"e 6G"	"5/2"		"T6892c83"	"L18349c139"	
"235.54634"	"0.00004"	"235.546213"	"0.000010"	"3300"	"2.7e+07"	"1.7e-02"	"-0.87"	D+	"62065.528"	"104507.058"	"3d6.(3F2).4p"	"y 4F*"	"7/2"	"3d6.(3H).4d"	"4F"	"5/2"		"T6892c83"	"L18349c139"	
"235.56636"	"0.00005"	"235.566368"	"0.000010"	"1800"	"7.4e+06"	"6.2e-03"	"-1.43"	D+	"62689.874"	"105127.773"	"3d6.(3P2).4p"	"y 4D*"	"5/2"	"3d6.(5D).5d"	"4D"	"5/2"		"T6892c83"	"L18349c139"	
"235.57782"	"0.00004"	"235.577838"	"0.000010"	"2100"	"4.9e+07"	"5.1e-02"	"-0.39"	C+	"64286.354"	"106722.187"	"3d6.(3F2).4p"	"z 2F*"	"7/2"	"3d6.(3H).4d"	"4F"	"9/2"		"T6892c83"	"L18349c139"	
"235.5848"	"0.0005"	"235.583823"	"0.000013"	"500d,bl(Fe II)?*"	"4.7e+07"	"2.6e-02"	"-0.80"	D+	"50212.836"	"92647.591"	"3d6.(3P1).4s"	"c 4P"	"5/2"	"3d6.(3F1).4p"	"4D*"	"3/2"		"T6892c83"	"L18349c143"	
"235.58806"	"0.00004"	"235.588092"	"0.000012"	"1500"	"4.5e+07"	"3.8e-02"	"-0.52"	D+	"65931.358"	"108365.344"	"3d6.(3G).4p"	"x 4G*"	"7/2"	"3d6.(3G).4d"	"4D"	"7/2"		"T6892c83"	"L18349c139"	
"235.59292"	"0.00007"	"235.592840"	"0.000010"	"1200"	"2.6e+07"	"2.9e-02"	"-0.76"	D+	"62689.874"	"105123.005"	"3d6.(3P2).4p"	"y 4D*"	"5/2"	"3d6.(3H).4d"	"2G"	"7/2"		"T6892c83"	"L18349c139"	
"235.6208"	"0.0002"	"235.620825"	"0.000008"	"900"	"7.e+05"	"8.e-04"	"-2.33"	D+	"20516.9534"	"62945.045"	"3d7"	"a 2D2"	"5/2"	"3d6.(3F2).4p"	"x 4D*"	"7/2"		"T7461"	"L18196"	
"235.6422"	"0.0002"	"235.642156"	"0.000012"	"1900"	"2.5e+06"	"4.1e-03"	"-2.1"	D	"22409.8178"	"64834.069"	"3d6.(3P2).4s"	"b 4P"	"1/2"	"3d6.(3P2).4p"	"z 2P*"	"3/2"		"T6892c83"	"L18349c139"	
"235.65883"	"0.00002"	"235.658861"	"0.000011"	"3400"	"4.7e+07"	"2.6e-02"	"-0.81"	D+	"64425.405"	"106846.649"	"3d6.(3F2).4p"	"z 2F*"	"5/2"	"3d6.(5D).5d"	"4F"	"3/2"		"T6892c83"	"L18349c139"	
"235.67872"	"0.00006"	"235.678708"	"0.000012"	"1600"	"2.8e+07"	"2.3e-02"	"-0.86"	D+	"62151.554"	"104569.226"	"3d6.(3F2).4p"	"y 4F*"	"5/2"	"3d6.(3P2).4d"	"4F"	"5/2"		"T6892c83"	"L18349c139"	
"235.68135"	"0.00012"	"235.681275"	"0.000011"	"700"	"1.4e+07"	"1.8e-02"	"-1.15"	D+	"62962.215"	"105379.425"	"3d6.(3P2).4p"	"y 4D*"	"3/2"	"3d6.(3F2).4d"	"4D"	"5/2"		"T6892c83"	"L18349c139"	
"235.68464"	"0.00008"	"235.684598"	"0.000010"	"1100"	"1.2e+07"	"7.4e-03"	"-1.23"	D+	"62322.445"	"104739.057"	"3d6.(3H).4p"	"z 2G*"	"7/2"	"3d6.(3F2).4d"	"4P"	"5/2"		"T6892c83"	"L18349c139"	
"235.68758"	"0.00005"	"235.687565"	"0.000010"	"1700"	"2.7e+07"	"2.2e-02"	"-0.75"	D+	"62065.528"	"104481.606"	"3d6.(3F2).4p"	"y 4F*"	"7/2"	"3d6.(3H).4d"	"2F"	"7/2"		"T6892c83"	"L18349c139"	
"235.700314"	"0.000019"	"235.700312"	"0.000017"	"18000"	"1.28e+08"	"8.0e-02"	"-0.19"	C+	"33501.2957"	"75915.080"	"3d6.(1G2).4s"	"c 2G"	"7/2"	"3d6.(3D).4p"	"w 2F*"	"5/2"		"T6892c83"	"L18349c139"	
"235.704846"	"0.000013"	"235.704849"	"0.000010"	"40000"	"9.2e+07"	"7.7e-02"	"-0.11"	C+	"42114.8380"	"84527.806"	"3d6.(5D).4p"	"z 6F*"	"9/2"	"3d6.(5D).4d"	"e 6G"	"9/2"		"T6892c83"	"L18349c139"	
"235.72686"	"0.00006"	"235.726866"	"0.000011"	"1800"	"6.4e+07"	"4.3e-02"	"-0.37"	C+	"61512.630"	"103921.637"	"3d6.(3H).4p"	"z 4I*"	"9/2"	"3d6.(3H).4d"	"4G"	"7/2"		"T6892c83"	"L18349c139"	
"235.76995"	"0.00005"	"235.770161"	"0.000011"	"2100"	"1.0e+07"	"1.7e-02"	"-1.48"	D+	"62829.071"	"105230.291"	"3d6.(3P2).4p"	"y 4D*"	"1/2"	"3d6.(5D).5d"	"4D"	"3/2"		"T6892c83"	"L18349c145"	
"235.776833"	"0.000015"	"235.776834"	"0.000010"	"10000"	"1.4e+07"	"1.2e-02"	"-1.15"	D+	"60402.333"	"102802.353"	"3d6.(3P2).4p"	"y 4P*"	"5/2"	"3d6.(5D).6s"	"4D"	"5/2"		"T6892c83"	"L18349c139"	
"235.78535"	"0.00002"	"235.785354"	"0.000010"	"4000"	"7.7e+07"	"5.1e-02"	"-0.29"	C+	"62083.118"	"104481.606"	"3d6.(3H).4p"	"z 2G*"	"9/2"	"3d6.(3H).4d"	"2F"	"7/2"		"T6892c83"	"L18349c139"	
"235.85160"	"0.00004"	"235.851617"	"0.000011"	"3000"	"8.0e+07"	"6.7e-02"	"-0.10"	C+	"61587.205"	"103973.782"	"3d6.(3H).4p"	"z 4I*"	"11/2"	"3d6.(3H).4d"	"4K"	"11/2"		"T6892c83"	"L18349c139"	
"235.88013"	"0.00002"	"235.880129"	"0.000011"	"5000"	"3.9e+07"	"4.9e-02"	"-0.71"	D+	"62125.604"	"104507.058"	"3d6.(3P2).4p"	"z 2D*"	"3/2"	"3d6.(3H).4d"	"4F"	"5/2"		"T6892c83"	"L18349c139"	
"235.895201"	"0.000012"	"235.895281"	"0.000011"	"12000bl(Fe II)*"	"1.12e+08"	"9.4e-02"	"-0.03"	C+	"66012.775"	"108391.507"	"3d6.(3G).4p"	"x 4F*"	"9/2"	"3d6.(3G).4d"	"4G"	"9/2"		"T6892c83"	"L18349c148"	
"235.90258"	"0.00007"	"235.90245"	"0.00003"	"5000bl(Fe II)*"	"1.4e+08"	"6.0e-02"	"-0.62"	D+	"50075.921"	"92453.365"	"3d6.(3F1).4s"	"c 4F"	"3/2"	"3d6.(3F1).4p"	"4D*"	"1/2"		"T6892c83"	"L18349c148"	
"235.910691"	"0.000012"	"235.910519"	"0.000010"	"400000"	"5.0e+07"	"6.3e-02"	"-0.60"	C+	"862.6118"	"43238.6066"	"3d6.(5D).4s"	"a 6D"	"3/2"	"3d6.(5D).4p"	"z 6P*"	"5/2"		"T7351"	"L18349c145"	
"235.913231"	"0.000011"	"235.913209"	"0.000010"	"90000"	"1.22e+08"	"7.6e-02"	"-0.22"	C+	"21711.8963"	"64087.408"	"3d6.(3H).4s"	"a 4H"	"7/2"	"3d6.(3F2).4p"	"y 4G*"	"5/2"		"T6892c83"	"L18349c139"	
"235.915259"	"0.000012"	"235.915173"	"0.000011"	"8000"	"1.79e+08"	"1.79e-01"	"0.25"	B+	"66012.775"	"108387.934"	"3d6.(3G).4p"	"x 4F*"	"9/2"	"3d6.(3G).4d"	"4H"	"11/2"		"T6892c83"	"L18349c145"	
"235.959562"	"0.000014"	"235.959562"	"0.000010"	"28000"	"2.3e+07"	"1.88e-02"	"-0.73"	C+	"21581.6151"	"63948.803"	"3d6.(3H).4s"	"a 4H"	"9/2"	"3d6.(3F2).4p"	"y 4G*"	"9/2"		"T7461"	"L18349c139"	
"235.99052"	"0.00006"	"235.990517"	"0.000013"	"1700"	"8.5e+07"	"7.1e-02"	"-0.15"	C+	"61512.630"	"103874.261"	"3d6.(3H).4p"	"z 4I*"	"9/2"	"3d6.(3H).4d"	"4H"	"9/2"		"T6892c83"	"L18349c139"	
"235.99433"	"0.00007"	"235.994412"	"0.000010"	"1000"	"2.7e+07"	"1.7e-02"	"-0.87"	D+	"62065.528"	"104426.460"	"3d6.(3F2).4p"	"y 4F*"	"7/2"	"3d6.(5D).5d"	"6F"	"5/2"		"T6892c83"	"L18349c139"	
"235.999939"	"0.000011"	"235.999939"	"0.000010"	"400000"	"3.59e+07"	"3.00e-02"	"-0.523"	B	"1872.5998"	"44232.5398"	"3d7"	"a 4F"	"9/2"	"3d6.(5D).4p"	"z 4F*"	"9/2"		"T7958,T6610,T7589"	"L18349c139"	
"236.005185"	"0.000020"	"236.005399"	"0.000011"	"6000"	"1.04e+08"	"8.7e-02"	"0.14"	B+	"61347.566"	"103706.526"	"3d6.(3H).4p"	"z 4I*"	"15/2"	"3d6.(3H).4d"	"4K"	"15/2"		"T6892c83"	"L18349c145"	
"236.029423"	"0.000011"	"236.029423"	"0.000010"	"300000"	"6.2e+07"	"3.90e-02"	"-0.51"	B+	"2430.1369"	"44784.7859"	"3d7"	"a 4F"	"7/2"	"3d6.(5D).4p"	"z 4D*"	"5/2"		"T7589"	"L18349c139"	
"236.041015"	"0.000012"	"236.041015"	"0.000011"	"13000"	"3.27e+08"	"2.19e-01"	"0.34"	B+	"66012.775"	"108365.344"	"3d6.(3G).4p"	"x 4F*"	"9/2"	"3d6.(3G).4d"	"4D"	"7/2"		"T6892c83"	"L18349c139"	
"236.051111"	"0.000012"	"236.051098"	"0.000010"	"22000"	"4.0e+08"	"3.86e-01"	"0.73"	B+	"61527.610"	"103878.370"	"3d6.(3H).4p"	"z 4I*"	"13/2"	"3d6.(3H).4d"	"4I"	"15/2"		"T6892c83"	"L18349c139"	
"236.05335"	"0.00003"	"236.053102"	"0.000010"	"11000"	"2.22e+07"	"2.48e-02"	"-0.828"	C+	"42334.8444"	"84685.245"	"3d6.(5D).4p"	"z 6F*"	"5/2"	"3d6.(5D).4d"	"f 4D"	"7/2"		"T7186"	"L18349c145"	
"236.100932"	"0.000013"	"236.100937"	"0.000010"	"8000"	"1.38e+08"	"1.54e-01"	"-0.03"	C+	"64425.405"	"106767.226"	"3d6.(3F2).4p"	"z 2F*"	"5/2"	"3d6.(3F2).4d"	"4F"	"7/2"		"T6892c83"	"L18349c139"	
"236.11115"	"0.00004"	"236.111153"	"0.000013"	"1500"	"3.4e+07"	"2.9e-02"	"-0.54"	D+	"66589.042"	"108929.031"	"3d6.(3G).4p"	"y 4H*"	"9/2"	"3d6.(3G).4d"	"4I"	"9/2"		"T6892c83"	"L18349c139"	
"236.126881"	"0.000017"	"236.126837"	"0.000013"	"4000"	"1.63e+08"	"9.1e-02"	"-0.26"	C+	"66522.310"	"108859.487"	"3d6.(3G).4p"	"x 4F*"	"5/2"	"3d6.(3G).4d"	"4D"	"3/2"		"T6892c83"	"L18349c139"	
"236.13576"	"0.00012"	"236.135841"	"0.000013"	"2400"	"1.6e+06"	"1.0e-03"	"-2.1"	D	"27314.9183"	"69650.481"	"3d6.(3F2).4s"	"a 2F"	"7/2"	"3d6.(3G).4p"	"y 2F*"	"5/2"		"T6892c83"	"L18349c139"	
"236.13841"	"0.00005"	"236.138422"	"0.000017"	"1400"	"1.1e+06"	"7.e-04"	"-2.3"	D	"66377.315"	"108712.415"	"3d6.(3G).4p"	"x 4F*"	"7/2"	"3d6.(3D).5s"	"4D"	"5/2"		"T6892c83"	"L18349c139"	
"236.1562"	"0.0003"	"236.156280"	"0.000011"	"600"	"7.e+05"	"8.e-04"	"-2.3"	D	"62049.042"	"104380.941"	"3d5.(6S).4s.4p.(3P*)"	"y 6P*"	"5/2"	"3d6.(5D).5d"	"6F"	"7/2"		"T6892c83"	"L18349c139"	
"236.172581"	"0.000017"	"236.172484"	"0.000010"	"27000"	"2.4e+07"	"2.01e-02"	"-0.79"	C+	"21711.8963"	"64040.891"	"3d6.(3H).4s"	"a 4H"	"7/2"	"3d6.(3F2).4p"	"y 4G*"	"7/2"		"T7461"	"L18349c145"	
"236.17593"	"0.00008"	"236.175753"	"0.000011"	"1000"	"2.0e+07"	"1.7e-02"	"-1.17"	D+	"62244.515"	"104572.924"	"3d6.(3F2).4p"	"y 4F*"	"3/2"	"3d6.(3P2).4d"	"4F"	"3/2"		"T6892c83"	"L18349c139"	
"236.202141"	"0.000011"	"236.202138"	"0.000010"	"100000"	"1.41e+07"	"1.18e-02"	"-1.024"	C+	"2430.1369"	"44753.8179"	"3d7"	"a 4F"	"7/2"	"3d6.(5D).4p"	"z 4F*"	"7/2"		"T7958,T6610,T7589"	"L18349c139"	
"236.20334"	"0.00007"	"236.203260"	"0.000011"	"900"	"4.7e+06"	"3.1e-03"	"-1.51"	D+	"62158.126"	"104481.606"	"3d6.(3F2).4p"	"y 4F*"	"9/2"	"3d6.(3H).4d"	"2F"	"7/2"		"T6892c83"	"L18349c139"	
"236.24834"	"0.00010"	"236.248293"	"0.000010"	"1000"	"8.e+06"	"6.4e-03"	"-1.29"	D+	"62065.528"	"104380.941"	"3d6.(3F2).4p"	"y 4F*"	"7/2"	"3d6.(5D).5d"	"6F"	"7/2"		"T6892c83"	"L18349c139"	
"236.25358"	"0.00002"	"236.253575"	"0.000022"	"2700"	"2.4e+08"	"1.0e-01"	"-0.40"	C+	"66612.659"	"108927.126"	"3d6.(3G).4p"	"x 4F*"	"3/2"	"3d6.(3G).4d"	"4D"	"1/2"		"T6892c83"	"L18349c139"	
"236.26977"	"0.00004"	"236.269764"	"0.000011"	"1500"	"2.7e+07"	"2.3e-02"	"-0.56"	D+	"66463.542"	"108775.110"	"3d6.(3G).4p"	"y 4H*"	"11/2"	"3d6.(3G).4d"	"4I"	"11/2"		"T6892c83"	"L18349c139"	
"236.30956"	"0.00003"	"236.309538"	"0.000010"	"4000"	"9.3e+07"	"7.8e-02"	"0.04"	C+	"61527.610"	"103832.057"	"3d6.(3H).4p"	"z 4I*"	"13/2"	"3d6.(3H).4d"	"4K"	"13/2"		"T6892c83"	"L18349c139"	
"236.31203"	"0.00008"	"236.312007"	"0.000010"	"1100"	"3.4e+07"	"3.7e-02"	"-0.65"	D+	"62689.874"	"104993.879"	"3d6.(3P2).4p"	"y 4D*"	"5/2"	"3d6.(3F2).4d"	"4D"	"7/2"		"T6892c83"	"L18349c139"	
"236.32962"	"0.00003"	"236.329600"	"0.000011"	"2900"	"1.05e+08"	"1.31e-01"	"-0.28"	C+	"62125.604"	"104426.460"	"3d6.(3P2).4p"	"z 2D*"	"3/2"	"3d6.(5D).5d"	"6F"	"5/2"		"T6892c83"	"L18349c139"	
"236.350026"	"0.000012"	"236.350029"	"0.000011"	"35000"	"6.3e+08"	"6.0e-01"	"0.98"	B+	"61347.566"	"103644.766"	"3d6.(3H).4p"	"z 4I*"	"15/2"	"3d6.(3H).4d"	"4K"	"17/2"		"T6892c83"	"L18349c139"	
"236.36397"	"0.00005"	"236.363945"	"0.000010"	"6000"	"2.6e+06"	"2.6e-03"	"-1.58"	D+	"21581.6151"	"63876.325"	"3d6.(3H).4s"	"a 4H"	"9/2"	"3d6.(3F2).4p"	"y 4G*"	"11/2"		"T6892c83"	"L18349c139"	
"236.381105"	"0.000019"	"236.381056"	"0.000011"	"17000"	"3.0e+07"	"2.5e-02"	"-0.69"	D+	"27314.9183"	"69606.567"	"3d6.(3F2).4s"	"a 2F"	"7/2"	"3d6.(3G).4p"	"y 2F*"	"7/2"		"T6892c83"	"L18349c139"	
"236.386087"	"0.000012"	"236.386088"	"0.000010"	"200000"	"5.3e+08"	"5.6e-01"	"0.65"	B+	"42237.0575"	"84527.806"	"3d6.(5D).4p"	"z 6F*"	"7/2"	"3d6.(5D).4d"	"e 6G"	"9/2"		"T6892c83"	"L18349c139"	
"236.387846"	"0.000017"	"236.387816"	"0.000017"	"12000"	"1.5e+07"	"9.e-03"	"-1.13"	D+	"30764.4737"	"73054.913"	"3d6.(3G).4s"	"b 2G"	"7/2"	"3d6.(1G2).4p"	"x 2F*"	"5/2"		"T6892c83"	"L18349c139"	
"236.4069"	"0.0005"	"236.406730"	"0.000012"	"200d,bl(Fe II)*"	"3.8e+06"	"2.7e-03"	"-1.49"	D+	"61587.205"	"103874.261"	"3d6.(3H).4p"	"z 4I*"	"11/2"	"3d6.(3H).4d"	"4H"	"9/2"		"T6892c83"	"L18349c142"	
"236.43118"	"0.00007"	"236.431065"	"0.000017"	"2800"	"5.5e+07"	"4.6e-02"	"-0.73"	D+	"50075.921"	"92358.625"	"3d6.(3F1).4s"	"c 4F"	"3/2"	"3d5.(4G).4s.4p.(3P*)"	"v 4F*"	"3/2"		"T6892c83"	"L18349c139"	
"236.46523"	"0.00003"	"236.465204"	"0.000011"	"3200"	"1.8e+06"	"2.3e-03"	"-2.0"	D	"62962.215"	"105238.815"	"3d6.(3P2).4p"	"y 4D*"	"3/2"	"3d6.(3P2).4d"	"2D"	"5/2"		"T6892c83"	"L18349c139"	
"236.470983"	"0.000013"	"236.470994"	"0.000010"	"10000"	"1.61e+08"	"1.35e-01"	"0.03"	C+	"62945.045"	"105220.610"	"3d6.(3F2).4p"	"x 4D*"	"7/2"	"3d6.(3H).4d"	"4F"	"7/2"		"T6892c83"	"L18349c139"	
"236.47473"	"0.00013"	"236.474680"	"0.000010"	"1000"	"8.e+06"	"6.6e-03"	"-1.40"	D+	"62151.554"	"104426.460"	"3d6.(3F2).4p"	"y 4F*"	"5/2"	"3d6.(5D).5d"	"6F"	"5/2"		"T6892c83"	"L18349c139"	
"236.482785"	"0.000012"	"236.482785"	"0.000010"	"500000"	"5.9e+07"	"4.95e-02"	"-0.402"	B+	"384.7872"	"42658.2444"	"3d6.(5D).4s"	"a 6D"	"7/2"	"3d6.(5D).4p"	"z 6P*"	"7/2"		"T6610"	"L18349c139"	
"236.490745"	"0.000016"	"236.490765"	"0.000011"	"7000"	"1.20e+08"	"1.52e-01"	"-0.22"	C+	"62962.215"	"105234.246"	"3d6.(3P2).4p"	"y 4D*"	"3/2"	"3d6.(3P2).4d"	"4P"	"5/2"		"T6892c83"	"L18349c139"	
"236.50196"	"0.00004"	"236.502067"	"0.000011"	"2500"	"7.2e+07"	"5.3e-02"	"-0.07"	C+	"61347.566"	"103617.577"	"3d6.(3H).4p"	"z 4I*"	"15/2"	"3d6.(3H).4d"	"4H"	"13/2"		"T6892c83"	"L18349c139"	
"236.50522"	"0.00011"	"236.504971"	"0.000017"	"1900"	"1.4e+07"	"1.2e-02"	"-0.93"	D+	"50157.475"	"92426.967"	"3d6.(3F1).4s"	"c 4F"	"9/2"	"3d5.(4G).4s.4p.(3P*)"	"v 4F*"	"9/2"		"T6892c83"	"L18349c148"	
"236.52432"	"0.00003"	"236.524322"	"0.000010"	"3200"	"1.7e+07"	"1.8e-02"	"-0.84"	D+	"62945.045"	"105211.079"	"3d6.(3F2).4p"	"x 4D*"	"7/2"	"3d6.(5D).5d"	"4G"	"9/2"		"T6892c83"	"L18349c139"	
"236.529400"	"0.000015"	"236.529354"	"0.000013"	"5000"	"2.5e+08"	"1.57e-01"	"0.10"	C+	"66377.315"	"108642.450"	"3d6.(3G).4p"	"x 4F*"	"7/2"	"3d6.(3G).4d"	"4D"	"5/2"		"T6892c83"	"L18349c139"	
"236.532026"	"0.000020"	"236.532035"	"0.000012"	"6000"	"2.23e+08"	"2.8e-01"	"0.05"	C+	"61332.753"	"103597.409"	"3d6.(3P2).4p"	"y 4P*"	"3/2"	"3d6.(3P2).4d"	"2F"	"5/2"		"T6892c83"	"L18349c139"	
"236.55391"	"0.00009"	"236.553825"	"0.000010"	"800"	"1.0e+06"	"6.e-04"	"-2.3"	D	"62945.045"	"105205.808"	"3d6.(3F2).4p"	"x 4D*"	"7/2"	"3d6.(5D).5d"	"6G"	"5/2"		"T6892c83"	"L18349c139"	
""	""	"236.576239"	"0.000005"	""	"2.16e+08"	"1.81e-01"	"0.04"	C+	"43238.6066"	"85495.366"	"3d6.(5D).4p"	"z 6P*"	"5/2"	"3d6.(5D).4d"	"6S"	"5/2"		"T6892c83"	""	
"236.576526"	"0.000012"	"236.576600"	"0.000013"	"32000"	"5.7e+08"	"6.0e-01"	"0.68"	B+	"66672.336"	"108929.031"	"3d6.(3G).4p"	"y 4H*"	"7/2"	"3d6.(3G).4d"	"4I"	"9/2"		"T6892c83"	"L18349c145"	
"236.59414"	"0.00015"	"236.594238"	"0.000010"	"700"	"1.7e+06"	"1.5e-03"	"-1.8"	D	"62158.126"	"104411.671"	"3d6.(3F2).4p"	"y 4F*"	"9/2"	"3d6.(5D).5d"	"6D"	"9/2"		"T6892c83"	"L18349c139"	
"236.60438"	"0.00009"	"236.604513"	"0.000013"	"4000"	"4.4e+06"	"3.7e-03"	"-1.52"	D+	"30764.4737"	"73016.184"	"3d6.(3G).4s"	"b 2G"	"7/2"	"3d6.(1G2).4p"	"x 2F*"	"7/2"		"T6892c83"	"L18349c139"	
"236.63200"	"0.00003"	"236.631858"	"0.000014"	"3400bl(Fe II)*"	"4.1e+07"	"3.4e-02"	"-0.86"	D+	"66612.659"	"108859.487"	"3d6.(3G).4p"	"x 4F*"	"3/2"	"3d6.(3G).4d"	"4D"	"3/2"		"T6892c83"	"L18349c148"	
"236.63200"	"0.00003"	"236.632122"	"0.000013"	"3400bl(Fe II)*"	"3.7e+07"	"2.4e-02"	"-0.73"	D+	"62322.445"	"104569.226"	"3d6.(3H).4p"	"z 2G*"	"7/2"	"3d6.(3P2).4d"	"4F"	"5/2"		"T6892c83"	"L18349c148"	
"236.64291"	"0.00006"	"236.642928"	"0.000011"	"1700"	"6.8e+07"	"6.7e-02"	"-0.09"	C+	"61587.205"	"103832.057"	"3d6.(3H).4p"	"z 4I*"	"11/2"	"3d6.(3H).4d"	"4K"	"13/2"		"T6892c83"	"L18349c139"	
"236.659349"	"0.000011"	"236.659348"	"0.000010"	"60000"	"1.01e+07"	"8.5e-03"	"-1.29"	B	"2837.9807"	"45079.9019"	"3d7"	"a 4F"	"5/2"	"3d6.(5D).4p"	"z 4F*"	"5/2"		"T6610"	"L18349c139"	
"236.67668"	"0.00016"	"236.676596"	"0.000017"	"2400"	"4.3e+06"	"1.8e-03"	"-2.1"	D	"50075.921"	"92314.764"	"3d6.(3F1).4s"	"c 4F"	"3/2"	"3d6.(5D).5p"	"4P*"	"1/2"		"T6892c83"	"L18349c139"	
"236.68714"	"0.00006"	"236.686924"	"0.000012"	"1100"	"1.9e+06"	"1.6e-03"	"-1.64"	D+	"66411.712"	"108648.712"	"3d6.(3G).4p"	"y 4H*"	"13/2"	"3d6.(1I).5s"	"2I"	"13/2"		"T6892c83"	"L18349c148"	
"236.6875"	"0.0002"	"236.687447"	"0.000005"	"5000"	"3.5e+06"	"3.7e-03"	"-1.53"	C+	"21711.8963"	"63948.803"	"3d6.(3H).4s"	"a 4H"	"7/2"	"3d6.(3F2).4p"	"y 4G*"	"9/2"		"T7461"	"L18196"	
"236.68883"	"0.00003"	"236.688818"	"0.000013"	"2900"	"1.15e+08"	"7.2e-02"	"-0.24"	C+	"66377.315"	"108613.977"	"3d6.(3G).4p"	"x 4F*"	"7/2"	"3d6.(3G).4d"	"4G"	"5/2"		"T6892c83"	"L18349c139"	
"236.8060"	"0.0005"	"236.805715"	"0.000017"	"350bl(Fe II)*"	"2.8e+07"	"1.6e-02"	"-1.03"	D+	"50142.811"	"92358.625"	"3d6.(3F1).4s"	"c 4F"	"5/2"	"3d5.(4G).4s.4p.(3P*)"	"v 4F*"	"3/2"		"T6892c83"	"L18349c142"	
"236.82331"	"0.00010"	"236.823373"	"0.000010"	"2800"	"4.8e+06"	"3.1e-03"	"-1.61"	D+	"42658.2444"	"84870.911"	"3d6.(5D).4p"	"z 6P*"	"7/2"	"3d6.(5D).4d"	"f 4D"	"5/2"		"T6892c83"	"L18349c139"	
"236.83809"	"0.00005"	"236.838066"	"0.000010"	"2000"	"2.9e+07"	"3.0e-02"	"-0.62"	D+	"62945.045"	"105155.093"	"3d6.(3F2).4p"	"x 4D*"	"7/2"	"3d6.(3F2).4d"	"4G"	"9/2"		"T6892c83"	"L18349c139"	
"236.859607"	"0.000011"	"236.859599"	"0.000010"	"200000"	"6.06e+07"	"3.40e-02"	"-0.690"	B+	"2837.9807"	"45044.1916"	"3d7"	"a 4F"	"5/2"	"3d6.(5D).4p"	"z 4D*"	"3/2"		"T7958,T6610,T7589"	"L18349c139"	
"236.8805"	"0.0005"	"236.880293"	"0.000011"	"210d?"	"3.9e+06"	"2.6e-03"	"-1.58"	D+	"60989.444"	"103191.968"	"3d6.(3H).4p"	"z 4H*"	"9/2"	"3d6.(3P2).4d"	"2F"	"7/2"		"T6892c83"	"L18349c142"	
"236.89288"	"0.00002"	"236.892879"	"0.000011"	"3500"	"1.02e+08"	"1.08e-01"	"-0.06"	C+	"66377.315"	"108577.597"	"3d6.(3G).4p"	"x 4F*"	"7/2"	"3d6.(3G).4d"	"4H"	"9/2"		"T6892c83"	"L18349c139"	
"236.9047"	"0.0005"	"236.904557"	"0.000017"	"360d"	"5.0e+06"	"6.3e-03"	"-1.60"	D+	"50075.921"	"92274.123"	"3d6.(3F1).4s"	"c 4F"	"3/2"	"3d6.(3P1).4p"	"4P*"	"5/2"		"T6892c83"	"L18349c142"	
"236.92370"	"0.00008"	"236.923906"	"0.000010"	"5000"	"4.2e+06"	"3.5e-03"	"-1.45"	D+	"22637.1950"	"64831.951"	"3d6.(3F2).4s"	"b 4F"	"9/2"	"3d6.(3F2).4p"	"y 2G*"	"9/2"		"T6892c83"	"L18349c139"	
"236.966245"	"0.000020"	"236.966052"	"0.000010"	"6000"	"3.8e+07"	"2.1e-02"	"-0.89"	D+	"63272.981"	"105460.233"	"3d6.(3F2).4p"	"x 4D*"	"5/2"	"3d6.(3F2).4d"	"4D"	"3/2"		"T6892c83"	"L18349c145"	
"236.972709"	"0.000011"	"236.972704"	"0.000012"	"23000"	"5.4e+08"	"5.4e-01"	"0.74"	B+	"66589.042"	"108775.110"	"3d6.(3G).4p"	"y 4H*"	"9/2"	"3d6.(3G).4d"	"4I"	"11/2"		"T6892c83"	"L18349c139"	
"236.977738"	"0.000012"	"236.977748"	"0.000012"	"8000"	"4.2e+07"	"4.2e-02"	"-0.30"	C+	"66463.542"	"108648.712"	"3d6.(3G).4p"	"y 4H*"	"11/2"	"3d6.(1I).5s"	"2I"	"13/2"		"T6892c83"	"L18349c139"	
"236.98081"	"0.00002"	"236.980878"	"0.000010"	"5000"	"2.9e+07"	"1.8e-02"	"-0.84"	D+	"62322.445"	"104507.058"	"3d6.(3H).4p"	"z 2G*"	"7/2"	"3d6.(3H).4d"	"4F"	"5/2"		"T6892c83"	"L18349c139"	
"236.9862"	"0.0005"	"236.985276"	"0.000010"	"1500bl(Fe II)*"	"1.1e+07"	"7.2e-03"	"-1.14"	D+	"44232.5398"	"86416.370"	"3d6.(5D).4p"	"z 4F*"	"9/2"	"3d6.(5D).4d"	"e 4F"	"7/2"		"T6892c83"	"L18349c143"	
"236.988020"	"0.000019"	"236.987929"	"0.000010"	"5000"	"2.5e+07"	"2.8e-02"	"-0.78"	D+	"62689.874"	"104873.232"	"3d6.(3P2).4p"	"y 4D*"	"5/2"	"3d6.(5D).5d"	"4D"	"7/2"		"T6892c83"	"L18349c145"	
"236.991465"	"0.000017"	"236.991468"	"0.000010"	"8000"	"8.0e+07"	"5.1e-02"	"-0.39"	C+	"62945.045"	"105127.773"	"3d6.(3F2).4p"	"x 4D*"	"7/2"	"3d6.(5D).5d"	"4D"	"5/2"		"T6892c83"	"L18349c139"	
"236.995313"	"0.000012"	"236.995317"	"0.000010"	"280000"	"5.9e+08"	"6.0e-01"	"0.78"	B+	"42114.8380"	"84296.881"	"3d6.(5D).4p"	"z 6F*"	"9/2"	"3d6.(5D).4d"	"e 6G"	"11/2"		"T6892c83"	"L18349c139"	
"237.01290"	"0.00002"	"237.012889"	"0.000010"	"4000"	"1.19e+08"	"1.15e-01"	"0.21"	B+	"61527.610"	"103706.526"	"3d6.(3H).4p"	"z 4I*"	"13/2"	"3d6.(3H).4d"	"4K"	"15/2"		"T6892c83"	"L18349c139"	
"237.01827"	"0.00004"	"237.018261"	"0.000010"	"2300"	"5.8e+07"	"4.9e-02"	"-0.41"	C+	"62945.045"	"105123.005"	"3d6.(3F2).4p"	"x 4D*"	"7/2"	"3d6.(3H).4d"	"2G"	"7/2"		"T6892c83"	"L18349c139"	
"237.02611"	"0.00010"	"237.026039"	"0.000010"	"1000"	"5.3e+06"	"5.9e-03"	"-1.45"	D+	"63272.981"	"105449.557"	"3d6.(3F2).4p"	"x 4D*"	"5/2"	"3d6.(5D).5d"	"4G"	"7/2"		"T6892c83"	"L18349c139"	
"237.049867"	"0.000011"	"237.049866"	"0.000010"	"60000"	"1.73e+07"	"1.46e-02"	"-1.234"	B	"3117.4877"	"45289.8248"	"3d7"	"a 4F"	"3/2"	"3d6.(5D).4p"	"z 4F*"	"3/2"		"T7958,T6610,T7589"	"L18349c139"	
"237.06109"	"0.00004"	"237.061094"	"0.000010"	"6000"	"4.5e+06"	"5.1e-03"	"-1.52"	D+	"22939.3512"	"65109.691"	"3d6.(3F2).4s"	"b 4F"	"5/2"	"3d6.(3F2).4p"	"y 2G*"	"7/2"		"T6892c83"	"L18349c139"	
"237.06981"	"0.00002"	"237.069813"	"0.000012"	"3400"	"9.5e+07"	"9.7e-02"	"-0.02"	C+	"66012.775"	"108181.564"	"3d6.(3G).4p"	"x 4F*"	"9/2"	"3d6.(3G).4d"	"4G"	"11/2"		"T6892c83"	"L18349c139"	
"237.080045"	"0.000019"	"237.080012"	"0.000012"	"3000"	"7.5e+07"	"6.4e-02"	"-0.12"	C+	"67516.328"	"109683.303"	"3d6.(3G).4p"	"y 2H*"	"11/2"	"3d6.(3G).4d"	"2H"	"11/2"		"T6892c83"	"L18349c139"	
"237.08790"	"0.00004"	"237.087980"	"0.000012"	"2400"	"1.9e+07"	"2.4e-02"	"-1.01"	D+	"62962.215"	"105127.773"	"3d6.(3P2).4p"	"y 4D*"	"3/2"	"3d6.(5D).5d"	"4D"	"5/2"		"T6892c83"	"L18349c139"	
"237.09412"	"0.00003"	"237.094115"	"0.000012"	"4000"	"1.20e+08"	"1.02e-01"	"0.09"	C+	"61587.205"	"103751.672"	"3d6.(3H).4p"	"z 4I*"	"11/2"	"3d6.(3H).4d"	"4H"	"11/2"		"T6892c83"	"L18349c139"	
"237.11746"	"0.00007"	"237.117506"	"0.000013"	"900"	"3.1e+07"	"2.6e-02"	"-0.68"	D+	"66377.315"	"108537.623"	"3d6.(3G).4p"	"x 4F*"	"7/2"	"3d6.(3G).4d"	"4G"	"7/2"		"T6892c83"	"L18349c139"	
"237.15937"	"0.00009"	"237.159260"	"0.000010"	"2800"	"5.6e+06"	"3.6e-03"	"-1.55"	D+	"44446.9051"	"86599.791"	"3d6.(5D).4p"	"z 4D*"	"7/2"	"3d6.(5D).4d"	"e 4F"	"5/2"		"T6892c83"	"L18349c139"	
"237.16565"	"0.00012"	"237.165618"	"0.000010"	"2400"	"5.0e+06"	"3.4e-03"	"-1.47"	D+	"42114.8380"	"84266.594"	"3d6.(5D).4p"	"z 6F*"	"9/2"	"3d6.(5D).4d"	"6P"	"7/2"		"T6892c83"	"L18349c139"	
"237.17418"	"0.00002"	"237.174182"	"0.000012"	"6000"	"1.39e+08"	"1.56e-01"	"-0.03"	C+	"61041.734"	"103191.968"	"3d6.(3H).4p"	"z 4G*"	"5/2"	"3d6.(3P2).4d"	"2F"	"7/2"		"T6892c83"	"L18349c139"	
"237.1989"	"0.0005"	"237.199198"	"0.000013"	"350d?"	"1.7e+07"	"9.e-03"	"-1.25"	D+	"50212.836"	"92358.625"	"3d6.(3P1).4s"	"c 4P"	"5/2"	"3d5.(4G).4s.4p.(3P*)"	"v 4F*"	"3/2"		"T6892c83"	"L18349c142"	
"237.20875"	"0.00006"	"237.208761"	"0.000010"	"1600"	"2.1e+07"	"1.4e-02"	"-0.97"	D+	"62065.528"	"104209.618"	"3d6.(3F2).4p"	"y 4F*"	"7/2"	"3d6.(3H).4d"	"2F"	"5/2"		"T6892c83"	"L18349c139"	
"237.2294"	"0.0005"	"237.229140"	"0.000017"	"600bl(Fe II)*"	"1.5e+07"	"1.3e-02"	"-1.29"	D+	"50075.921"	"92216.391"	"3d6.(3F1).4s"	"c 4F"	"3/2"	"3d6.(3P1).4p"	"u 2D*"	"3/2"		"T6892c83"	"L18349c142"	
"237.23187"	"0.00009"	"237.231842"	"0.000017"	"900"	"1.7e+07"	"1.0e-02"	"-1.24"	D+	"66522.310"	"108662.300"	"3d6.(3G).4p"	"x 4F*"	"5/2"	"3d6.(3D).5s"	"4D"	"3/2"		"T6892c83"	"L18349c139"	
"237.2359"	"0.0002"	"237.235830"	"0.000007"	"800"	"6.6e+05"	"4.5e-04"	"-2.35"	D+	"20805.7632"	"62945.045"	"3d7"	"a 2H"	"9/2"	"3d6.(3F2).4p"	"x 4D*"	"7/2"		"T7461"	"L18196"	
"237.263283"	"0.000019"	"237.263287"	"0.000017"	"18000"	"9.4e+07"	"6.3e-02"	"-0.20"	C+	"33466.4943"	"75600.900"	"3d6.(1G2).4s"	"c 2G"	"9/2"	"3d6.(3D).4p"	"w 2F*"	"7/2"		"T6892c83"	"L18349c139"	
"237.27872"	"0.00007"	"237.278741"	"0.000012"	"4000"	"3.3e+06"	"1.8e-03"	"-2.0"	D	"20830.5534"	"62962.215"	"3d6.(3P2).4s"	"b 4P"	"5/2"	"3d6.(3P2).4p"	"y 4D*"	"3/2"		"T6892c83"	"L18349c139"	
"237.28072"	"0.00017"	"237.280710"	"0.000014"	"1900"	"2.8e+07"	"2.4e-02"	"-0.85"	D+	"50142.811"	"92274.123"	"3d6.(3F1).4s"	"c 4F"	"5/2"	"3d6.(3P1).4p"	"4P*"	"5/2"		"T6892c83"	"L18349c139"	
"237.30516"	"0.00010"	"237.305230"	"0.000010"	"1000"	"1.8e+07"	"1.9e-02"	"-0.82"	D+	"62065.528"	"104192.487"	"3d6.(3F2).4p"	"y 4F*"	"7/2"	"3d6.(3H).4d"	"4I"	"9/2"		"T6892c83"	"L18349c139"	
"237.3160"	"0.0005"	"237.316295"	"0.000012"	"500d"	"1.3e+07"	"9.e-03"	"-1.07"	D+	"50157.475"	"92282.470"	"3d6.(3F1).4s"	"c 4F"	"9/2"	"3d5.(4G).4s.4p.(3P*)"	"v 4F*"	"7/2"		"T6892c83"	"L18349c143"	
"237.33790"	"0.00008"	"237.337870"	"0.000012"	"1300"	"2.4e+07"	"2.1e-02"	"-0.91"	D+	"64087.408"	"106208.574"	"3d6.(3F2).4p"	"y 4G*"	"5/2"	"3d6.(3F2).4d"	"2F"	"5/2"		"T6892c83"	"L18349c139"	
"237.34359"	"0.00004"	"237.343652"	"0.000012"	"1300"	"7.2e+07"	"6.1e-02"	"-0.43"	D+	"66522.310"	"108642.450"	"3d6.(3G).4p"	"x 4F*"	"5/2"	"3d6.(3G).4d"	"4D"	"5/2"		"T6892c83"	"L18349c139"	
"237.36080"	"0.00003"	"237.360959"	"0.000013"	"7000"	"7.3e+07"	"6.2e-02"	"-0.43"	D+	"50212.836"	"92329.905"	"3d6.(3P1).4s"	"c 4P"	"5/2"	"3d5.(4G).4s.4p.(3P*)"	"v 4F*"	"5/2"		"T6892c83"	"L18349c145"	
"237.373538"	"0.000012"	"237.373534"	"0.000010"	"400000"	"4.25e+07"	"3.59e-02"	"-0.444"	B+	"0.0000"	"42114.8380"	"3d6.(5D).4s"	"a 6D"	"9/2"	"3d6.(5D).4p"	"z 6F*"	"9/2"		"T7958,T6610,T7589"	"L18349c139"	
"237.37802"	"0.00010"	"237.377948"	"0.000012"	"500"	"3.5e+06"	"2.4e-03"	"-1.53"	D+	"66463.542"	"108577.597"	"3d6.(3G).4p"	"y 4H*"	"11/2"	"3d6.(3G).4d"	"4H"	"9/2"		"T6892c83"	"L18349c139"	
"237.40711"	"0.00005"	"237.407078"	"0.000012"	"1100"	"4.0e+07"	"2.8e-02"	"-0.47"	D+	"67516.328"	"109625.216"	"3d6.(3G).4p"	"y 2H*"	"11/2"	"3d6.(3G).4d"	"2G"	"9/2"		"T6892c83"	"L18349c139"	
"237.4126"	"0.0005"	"237.412446"	"0.000017"	"500d,bl(Fe II)?*"	"2.5e+06"	"4.1e-03"	"-2.1"	D	"49100.956"	"91208.892"	"3d6.(3P1).4s"	"c 4P"	"1/2"	"3d6.(5D).5p"	"4F*"	"3/2"		"T6892c83"	"L18349c143"	
"237.420854"	"0.000019"	"237.420859"	"0.000010"	"6000"	"9.8e+07"	"8.2e-02"	"-0.31"	C+	"63272.981"	"105379.425"	"3d6.(3F2).4p"	"x 4D*"	"5/2"	"3d6.(3F2).4d"	"4D"	"5/2"		"T6892c83"	"L18349c139"	
"237.43452"	"0.00014"	"237.434557"	"0.000010"	"700"	"1.7e+07"	"1.1e-02"	"-1.05"	D+	"62322.445"	"104426.460"	"3d6.(3H).4p"	"z 2G*"	"7/2"	"3d6.(5D).5d"	"6F"	"5/2"		"T6892c83"	"L18349c139"	
"237.439109"	"0.000017"	"237.439114"	"0.000012"	"7000"	"2.10e+08"	"1.77e-01"	"0.33"	B+	"62662.252"	"104765.459"	"3d6.(3H).4p"	"z 2I*"	"11/2"	"3d6.(3H).4d"	"2I"	"11/2"		"T6892c83"	"L18349c139"	
"237.4593"	"0.0005"	"237.459435"	"0.000017"	"600bl(Fe II)*"	"2.4e+06"	"2.0e-03"	"-1.8"	D	"33501.2957"	"75600.900"	"3d6.(1G2).4s"	"c 2G"	"7/2"	"3d6.(3D).4p"	"w 2F*"	"7/2"		"T6892c83"	"L18349c142"	
"237.465303"	"0.000014"	"237.465314"	"0.000012"	"10000"	"2.31e+08"	"2.60e-01"	"0.19"	B+	"61093.406"	"103191.968"	"3d6.(3P2).4p"	"z 2D*"	"5/2"	"3d6.(3P2).4d"	"2F"	"7/2"		"T6892c83"	"L18349c139"	
"237.47447"	"0.00012"	"237.474639"	"0.000011"	"600"	"4.8e+06"	"4.9e-03"	"-1.31"	D+	"63948.803"	"106045.712"	"3d6.(3F2).4p"	"y 4G*"	"9/2"	"3d6.(3H).4d"	"2H"	"11/2"		"T6892c83"	"L18349c139"	
"237.48745"	"0.00007"	"237.487396"	"0.000014"	"4000"	"5.3e+07"	"4.5e-02"	"-0.45"	D+	"50187.822"	"92282.470"	"3d6.(3F1).4s"	"c 4F"	"7/2"	"3d5.(4G).4s.4p.(3P*)"	"v 4F*"	"7/2"		"T6892c83"	"L18349c139"	
"237.499564"	"0.000013"	"237.499572"	"0.000010"	"9000"	"7.4e+07"	"6.3e-02"	"-0.20"	C+	"64831.951"	"106924.441"	"3d6.(3F2).4p"	"y 2G*"	"9/2"	"3d6.(3F2).4d"	"2G"	"9/2"		"T6892c83"	"L18349c139"	
"237.50423"	"0.00008"	"237.504216"	"0.000013"	"700"	"1.1e+07"	"9.e-03"	"-1.26"	D+	"66522.310"	"108613.977"	"3d6.(3G).4p"	"x 4F*"	"5/2"	"3d6.(3G).4d"	"4G"	"5/2"		"T6892c83"	"L18349c139"	
"237.50697"	"0.00005"	"237.507038"	"0.000011"	"1800"	"3.2e+07"	"3.3e-02"	"-0.48"	D+	"62083.118"	"104174.285"	"3d6.(3H).4p"	"z 2G*"	"9/2"	"3d6.(3H).4d"	"4I"	"11/2"		"T6892c83"	"L18349c139"	
"237.51390"	"0.00003"	"237.513810"	"0.000011"	"4000"	"1.21e+08"	"1.02e-01"	"0.16"	B+	"61527.610"	"103617.577"	"3d6.(3H).4p"	"z 4I*"	"13/2"	"3d6.(3H).4d"	"4H"	"13/2"		"T6892c83"	"L18349c139"	
"237.519368"	"0.000011"	"237.519365"	"0.000010"	"130000"	"9.8e+07"	"4.2e-02"	"-0.78"	B	"3117.4877"	"45206.4704"	"3d7"	"a 4F"	"3/2"	"3d6.(5D).4p"	"z 4D*"	"1/2"		"T6610"	"L18349c139"	
"237.547423"	"0.000019"	"237.547410"	"0.000012"	"6000"	"6.6e+07"	"8.e-02"	"-0.48"	D+	"62125.604"	"104209.618"	"3d6.(3P2).4p"	"z 2D*"	"3/2"	"3d6.(3H).4d"	"2F"	"5/2"		"T6892c83"	"L18349c139"	
"237.55465"	"0.00014"	"237.554613"	"0.000013"	"2400"	"2.7e+07"	"1.5e-02"	"-1.04"	D+	"50142.811"	"92225.549"	"3d6.(3F1).4s"	"c 4F"	"5/2"	"3d6.(5D).5p"	"4P*"	"3/2"		"T6892c83"	"L18349c139"	
"237.61060"	"0.00005"	"237.610629"	"0.000011"	"2200"	"7.2e+07"	"5.2e-02"	"-0.14"	C+	"61527.610"	"103600.428"	"3d6.(3H).4p"	"z 4I*"	"13/2"	"3d6.(3H).4d"	"4G"	"11/2"		"T6892c83"	"L18349c139"	
"237.642906"	"0.000012"	"237.642916"	"0.000010"	"400000"	"6.4e+08"	"6.3e-01"	"0.88"	B+	"41968.0698"	"84035.172"	"3d6.(5D).4p"	"z 6F*"	"11/2"	"3d6.(5D).4d"	"e 6G"	"13/2"		"T6892c83"	"L18349c139"	
"237.67588"	"0.00008"	"237.675775"	"0.000012"	"5000"	"2.7e+07"	"2.3e-02"	"-0.87"	D+	"50212.836"	"92274.123"	"3d6.(3P1).4s"	"c 4P"	"5/2"	"3d6.(3P1).4p"	"4P*"	"5/2"		"T6892c83"	"L18349c139"	
"237.71345"	"0.00006"	"237.71344"	"0.00003"	"900"	"2.3e+07"	"1.0e-02"	"-1.40"	D+	"66612.659"	"108667.282"	"3d6.(3G).4p"	"x 4F*"	"3/2"	"3d6.(3D).5s"	"4D"	"1/2"		"T6892c83"	"L18349c139"	
"237.72714"	"0.00010"	"237.727104"	"0.000012"	"600"	"1.1e+07"	"1.0e-02"	"-0.87"	D+	"66411.712"	"108463.918"	"3d6.(3G).4p"	"y 4H*"	"13/2"	"3d6.(3G).4d"	"4I"	"13/2"		"T6892c83"	"L18349c139"	
"237.74089"	"0.00006"	"237.740831"	"0.000013"	"2000"	"1.0e+07"	"6.9e-03"	"-1.16"	D+	"60989.444"	"103039.222"	"3d6.(3H).4p"	"z 4H*"	"9/2"	"3d6.(3G).5s"	"f 4G"	"7/2"		"T6892c83"	"L18349c139"	
"237.74614"	"0.00004"	"237.746169"	"0.000010"	"2700"	"8.8e+07"	"7.5e-02"	"-0.22"	C+	"62945.045"	"104993.879"	"3d6.(3F2).4p"	"x 4D*"	"7/2"	"3d6.(3F2).4d"	"4D"	"7/2"		"T6892c83"	"L18349c139"	
"237.78841"	"0.00004"	"237.788297"	"0.000017"	"1600bl(Fe I)"	"1.2e+07"	"1.2e-02"	"-0.91"	D+	"66589.042"	"108630.427"	"3d6.(3G).4p"	"y 4H*"	"9/2"	"3d6.(1I).5s"	"2I"	"11/2"		"T6892c83"	"L18349c148"	
"237.79523"	"0.00007"	"237.795255"	"0.000012"	"1100"	"1.5e+07"	"2.5e-02"	"-1.30"	D+	"64806.494"	"106846.649"	"3d6.(3P2).4p"	"z 2P*"	"1/2"	"3d6.(5D).5d"	"4F"	"3/2"		"T6892c83"	"L18349c139"	
"237.812610"	"0.000015"	"237.812606"	"0.000017"	"5000"	"2.19e+08"	"1.86e-01"	"0.17"	B+	"66672.336"	"108709.424"	"3d6.(3G).4p"	"y 4H*"	"7/2"	"3d6.(3G).4d"	"4H"	"7/2"		"T6892c83"	"L18349c139"	
"237.83732"	"0.00013"	"237.837428"	"0.000012"	"600"	"2.9e+06"	"3.7e-03"	"-1.8"	D	"64834.069"	"106866.770"	"3d6.(3P2).4p"	"z 2P*"	"3/2"	"3d6.(3F2).4d"	"4F"	"5/2"		"T6892c83"	"L18349c139"	
"237.85227"	"0.00003"	"237.852274"	"0.000013"	"10000"	"2.4e+07"	"2.1e-02"	"-0.91"	D+	"27620.4033"	"69650.481"	"3d6.(3F2).4s"	"a 2F"	"5/2"	"3d6.(3G).4p"	"y 2F*"	"5/2"		"T6892c83"	"L18349c139"	
"237.85397"	"0.00006"	"237.853897"	"0.000013"	"1300"	"4.3e+07"	"5.5e-02"	"-0.66"	D+	"66612.659"	"108642.450"	"3d6.(3G).4p"	"x 4F*"	"3/2"	"3d6.(3G).4d"	"4D"	"5/2"		"T6892c83"	"L18349c139"	
"237.85540"	"0.00006"	"237.855337"	"0.000010"	"5000"	"1.70e+07"	"1.44e-02"	"-0.94"	C	"42237.0575"	"84266.594"	"3d6.(5D).4p"	"z 6F*"	"7/2"	"3d6.(5D).4d"	"6P"	"7/2"		"T7186"	"L18349c139"	
"237.8653"	"0.0005"	"237.865924"	"0.000014"	"190d?"	"6.9e+06"	"3.9e-03"	"-1.63"	D+	"66078.272"	"108105.938"	"3d6.(3G).4p"	"x 4G*"	"5/2"	"3d6.(3F2).4d"	"2P"	"3/2"		"T6892c83"	"L18349c143"	
"237.86971"	"0.00005"	"237.869690"	"0.000010"	"7000"	"1.49e+07"	"1.27e-02"	"-0.994"	C+	"42658.2444"	"84685.245"	"3d6.(5D).4p"	"z 6P*"	"7/2"	"3d6.(5D).4d"	"f 4D"	"7/2"		"T7186"	"L18349c139"	
"237.882028"	"0.000014"	"237.882028"	"0.000010"	"11000"	"1.22e+08"	"8.3e-02"	"-0.08"	C+	"62083.118"	"104107.939"	"3d6.(3H).4p"	"z 2G*"	"9/2"	"3d6.(3P2).4d"	"4F"	"7/2"		"T6892c83"	"L18349c139"	
"237.89165"	"0.00010"	"237.891759"	"0.000010"	"3300"	"1.5e+07"	"1.3e-02"	"-1.29"	D+	"42401.3198"	"84424.422"	"3d6.(5D).4p"	"z 6F*"	"3/2"	"3d6.(5D).4d"	"6P"	"3/2"		"T6892c83"	"L18349c139"	
"237.89691"	"0.00005"	"237.896889"	"0.000012"	"2200"	"7.5e+07"	"6.4e-02"	"-0.05"	C+	"62293.177"	"104315.373"	"3d6.(3H).4p"	"z 2I*"	"13/2"	"3d6.(3H).4d"	"2K"	"13/2"		"T6892c83"	"L18349c139"	
"237.90023"	"0.00003"	"237.900235"	"0.000010"	"11000"	"1.1e+07"	"1.1e-02"	"-1.04"	D+	"22810.3459"	"64831.951"	"3d6.(3F2).4s"	"b 4F"	"7/2"	"3d6.(3F2).4p"	"y 2G*"	"9/2"		"T6892c83"	"L18349c139"	
"237.91429"	"0.00003"	"237.914193"	"0.000011"	"10000"	"7.2e+06"	"8.e-03"	"-1.21"	D+	"25981.6451"	"68000.785"	"3d6.(3G).4s"	"a 4G"	"7/2"	"3d6.(3G).4p"	"y 2H*"	"9/2"		"T6892c83"	"L18349c139"	
"237.91692"	"0.00004"	"237.916973"	"0.000023"	"7000"	"5.4e+07"	"9.1e-02"	"-0.74"	C+	"37227.277"	"79245.926"	"3d6.(1S2).4s"	"a 2S"	"1/2"	"3d5.(6S).4s.4p.(1P*)"	"x 6P*"	"3/2"		"T6370,T6892c83"	"L18349c139"	
"237.92049"	"0.00005"	"237.920461"	"0.000010"	"1700"	"3.1e+07"	"3.5e-02"	"-0.67"	D+	"63272.981"	"105291.014"	"3d6.(3F2).4p"	"x 4D*"	"5/2"	"3d6.(3F2).4d"	"4G"	"7/2"		"T6892c83"	"L18349c139"	
"237.927622"	"0.000011"	"237.927624"	"0.000010"	"190000"	"2.73e+07"	"2.32e-02"	"-0.731"	B+	"2430.1369"	"44446.9051"	"3d7"	"a 4F"	"7/2"	"3d6.(5D).4p"	"z 4D*"	"7/2"		"T7958,T6610,T7589"	"L18349c139"	
"237.93108"	"0.00005"	"237.930926"	"0.000023"	"6000bl(Fe II)*"	"8.0e+07"	"1.36e-01"	"-0.56"	C+	"37227.277"	"79243.462"	"3d6.(1S2).4s"	"a 2S"	"1/2"	"3d6.(1D2).4p"	"w 2P*"	"3/2"		"T6370,T6892c83"	"L18349c148"	
"237.93108"	"0.00005"	"237.931074"	"0.000012"	"6000bl(Fe II)*"	"5.7e+06"	"5.8e-03"	"-1.24"	D+	"62158.126"	"104174.285"	"3d6.(3F2).4p"	"y 4F*"	"9/2"	"3d6.(3H).4d"	"4I"	"11/2"		"T6892c83"	"L18349c148"	
"237.935848"	"0.000019"	"237.935865"	"0.000012"	"4000"	"1.11e+08"	"1.26e-01"	"-0.12"	C+	"66522.310"	"108537.623"	"3d6.(3G).4p"	"x 4F*"	"5/2"	"3d6.(3G).4d"	"4G"	"7/2"		"T6892c83"	"L18349c139"	
""	""	"237.942084"	"0.000009"	""	"3.7e+07"	"3.1e-02"	"-0.50"	D+	"50157.475"	"92171.690"	"3d6.(3F1).4s"	"c 4F"	"9/2"	"3d6.(3F1).4p"	"u 2G*"	"9/2"		"T6892c83"	""	
"237.942220"	"0.000017"	"237.942214"	"0.000011"	"5000"	"1.17e+08"	"1.25e-01"	"0.00"	C+	"66377.315"	"108391.507"	"3d6.(3G).4p"	"x 4F*"	"7/2"	"3d6.(3G).4d"	"4G"	"9/2"		"T6892c83"	"L18349c139"	
"237.95044"	"0.00003"	"237.950591"	"0.000012"	"12000"	"3.8e+07"	"2.2e-02"	"-0.88"	D+	"50212.836"	"92225.549"	"3d6.(3P1).4s"	"c 4P"	"5/2"	"3d6.(5D).5p"	"4P*"	"3/2"		"T6892c83"	"L18349c145"	
"237.96078"	"0.00008"	"237.960753"	"0.000012"	"1400"	"1.9e+07"	"3.2e-02"	"-1.19"	D+	"62829.071"	"104839.990"	"3d6.(3P2).4p"	"y 4D*"	"1/2"	"3d6.(3F2).4d"	"4P"	"3/2"		"T6892c83"	"L18349c139"	
"237.96926"	"0.00011"	"237.969114"	"0.000011"	"1000"	"3.4e+07"	"3.9e-02"	"-0.63"	D+	"61093.406"	"103102.849"	"3d6.(3P2).4p"	"z 2D*"	"5/2"	"3d6.(3P2).4d"	"4D"	"7/2"		"T6892c83"	"L18349c139"	
"237.97998"	"0.00002"	"237.979981"	"0.000012"	"2300"	"7.3e+07"	"6.2e-02"	"-0.21"	C+	"68000.785"	"110008.310"	"3d6.(3G).4p"	"y 2H*"	"9/2"	"3d6.(3G).4d"	"2H"	"9/2"		"T6892c83"	"L18349c139"	
"238.01521"	"0.00005"	"238.015152"	"0.000013"	"1100"	"5.9e+07"	"7.5e-02"	"-0.52"	D+	"66612.659"	"108613.977"	"3d6.(3G).4p"	"x 4F*"	"3/2"	"3d6.(3G).4d"	"4G"	"5/2"		"T6892c83"	"L18349c139"	
"238.020486"	"0.000012"	"238.020491"	"0.000012"	"16000"	"4.6e+08"	"4.6e-01"	"0.74"	B+	"66463.542"	"108463.918"	"3d6.(3G).4p"	"y 4H*"	"11/2"	"3d6.(3G).4d"	"4I"	"13/2"		"T6892c83"	"L18349c139"	
"238.0366"	"0.0005"	"238.036860"	"0.000013"	"200d?"	"3.3e+06"	"3.8e-03"	"-1.65"	D+	"61041.734"	"103039.222"	"3d6.(3H).4p"	"z 4G*"	"5/2"	"3d6.(3G).5s"	"f 4G"	"7/2"		"T6892c83"	"L18349c142"	
"238.05040"	"0.00005"	"238.050403"	"0.000010"	"1800"	"1.45e+08"	"1.23e-01"	"-0.31"	C+	"63465.134"	"105460.233"	"3d6.(3F2).4p"	"x 4D*"	"3/2"	"3d6.(3F2).4d"	"4D"	"3/2"		"T6892c83"	"L18349c139"	
"238.06545"	"0.00007"	"238.065528"	"0.000010"	"1600"	"1.4e+06"	"1.6e-03"	"-2.0"	D	"60402.333"	"102394.764"	"3d6.(3P2).4p"	"y 4P*"	"5/2"	"3d6.(5D).6s"	"4D"	"7/2"		"T6892c83"	"L18349c139"	
"238.06732"	"0.00005"	"238.067277"	"0.000010"	"6000"	"3.0e+07"	"2.5e-02"	"-0.82"	D+	"42334.8444"	"84326.967"	"3d6.(5D).4p"	"z 6F*"	"5/2"	"3d6.(5D).4d"	"6P"	"5/2"		"T6892c83"	"L18349c139"	
"238.076131"	"0.000011"	"238.076128"	"0.000010"	"260000"	"3.10e+07"	"3.51e-02"	"-0.676"	B	"667.6829"	"42658.2444"	"3d6.(5D).4s"	"a 6D"	"5/2"	"3d6.(5D).4p"	"z 6P*"	"7/2"		"T7958,T6610,T7589"	"L18349c139"	
"238.087490"	"0.000014"	"238.087506"	"0.000011"	"6000"	"1.89e+08"	"1.61e-01"	"0.21"	B+	"66589.042"	"108577.597"	"3d6.(3G).4p"	"y 4H*"	"9/2"	"3d6.(3G).4d"	"4H"	"9/2"		"T6892c83"	"L18349c139"	
"238.09052"	"0.00003"	"238.090489"	"0.000012"	"2100"	"5.6e+07"	"4.8e-02"	"-0.42"	D+	"66377.315"	"108365.344"	"3d6.(3G).4p"	"x 4F*"	"7/2"	"3d6.(3G).4d"	"4D"	"7/2"		"T6892c83"	"L18349c139"	
"238.10112"	"0.00008"	"238.101067"	"0.000011"	"2400"	"2.1e+06"	"2.4e-03"	"-1.8"	D	"27620.4033"	"69606.567"	"3d6.(3F2).4s"	"a 2F"	"5/2"	"3d6.(3G).4p"	"y 2F*"	"7/2"		"T6892c83"	"L18349c139"	
"238.1098"	"0.0005"	"238.110101"	"0.000010"	"320d?"	"3.5e+06"	"6.e-03"	"-1.9"	D	"42439.8511"	"84424.422"	"3d6.(5D).4p"	"z 6F*"	"1/2"	"3d6.(5D).4d"	"6P"	"3/2"		"T6892c83"	"L18349c142"	
"238.1142"	"0.0005"	"238.114088"	"0.000013"	"500d?"	"9.e+06"	"1.0e-02"	"-1.10"	D+	"50187.822"	"92171.690"	"3d6.(3F1).4s"	"c 4F"	"7/2"	"3d6.(3F1).4p"	"u 2G*"	"9/2"		"T6892c83"	"L18349c143"	
"238.1574"	"0.0005"	"238.157464"	"0.000012"	"190d?"	"3.0e+06"	"2.2e-03"	"-1.52"	D+	"66411.712"	"108387.934"	"3d6.(3G).4p"	"y 4H*"	"13/2"	"3d6.(3G).4d"	"4H"	"11/2"		"T6892c83"	"L18349c143"	
"238.19195"	"0.00006"	"238.192126"	"0.000013"	"1600"	"1.4e+07"	"9.e-03"	"-1.15"	D+	"66672.336"	"108642.450"	"3d6.(3G).4p"	"y 4H*"	"7/2"	"3d6.(3G).4d"	"4D"	"5/2"		"T6892c83"	"L18349c139"	
"238.195806"	"0.000019"	"238.195810"	"0.000011"	"22000"	"7.1e+07"	"6.1e-02"	"-0.31"	C+	"44446.9051"	"86416.370"	"3d6.(5D).4p"	"z 4D*"	"7/2"	"3d6.(5D).4d"	"e 4F"	"7/2"		"T6892c83"	"L18349c139"	
"238.203733"	"0.000013"	"238.203729"	"0.000011"	"1800000"	"3.13e+08"	"3.20e-01"	"0.505"	B+	"0.0000"	"41968.0698"	"3d6.(5D).4s"	"a 6D"	"9/2"	"3d6.(5D).4p"	"z 6F*"	"11/2"		"T7958,T6610,T7589"	"L18349c139"	
"238.21648"	"0.00002"	"238.216421"	"0.000011"	"4000"	"1.50e+08"	"1.28e-01"	"-0.11"	C+	"63272.981"	"105238.815"	"3d6.(3F2).4p"	"x 4D*"	"5/2"	"3d6.(3P2).4d"	"2D"	"5/2"		"T6892c83"	"L18349c139"	
"238.22055"	"0.00007"	"238.220571"	"0.000011"	"1900"	"9.e+06"	"1.1e-02"	"-1.34"	D+	"62244.515"	"104209.618"	"3d6.(3F2).4p"	"y 4F*"	"3/2"	"3d6.(3H).4d"	"2F"	"5/2"		"T6892c83"	"L18349c139"	
"238.235798"	"0.000018"	"238.235836"	"0.000011"	"19000"	"3.2e+06"	"4.1e-03"	"-1.79"	C+	"3117.4877"	"45079.9019"	"3d7"	"a 4F"	"3/2"	"3d6.(5D).4p"	"z 4F*"	"5/2"		"T6610"	"L18349c139"	
"238.24237"	"0.00003"	"238.242361"	"0.000011"	"3200"	"3.4e+07"	"2.9e-02"	"-0.76"	D+	"63272.981"	"105234.246"	"3d6.(3F2).4p"	"x 4D*"	"5/2"	"3d6.(3P2).4d"	"4P"	"5/2"		"T6892c83"	"L18349c139"	
"238.24929"	"0.00003"	"238.249227"	"0.000012"	"3600"	"1.29e+08"	"1.28e-01"	"0.19"	B+	"62662.252"	"104622.308"	"3d6.(3H).4p"	"z 2I*"	"11/2"	"3d6.(3H).4d"	"2I"	"13/2"		"T6892c83"	"L18349c139"	
"238.25725"	"0.00002"	"238.257245"	"0.000012"	"5000"	"8.e+07"	"1.4e-01"	"-0.55"	D+	"63559.498"	"105518.142"	"3d6.(3F2).4p"	"x 4D*"	"1/2"	"3d6.(3F2).4d"	"4F"	"3/2"		"T6892c83"	"L18349c139"	
"238.26492"	"0.00007"	"238.264821"	"0.000011"	"1600"	"3.8e+07"	"2.2e-02"	"-0.89"	D+	"63272.981"	"105230.291"	"3d6.(3F2).4p"	"x 4D*"	"5/2"	"3d6.(5D).5d"	"4D"	"3/2"		"T6892c83"	"L18349c139"	
"238.289687"	"0.000014"	"238.289693"	"0.000012"	"31000"	"1.6e+07"	"1.6e-02"	"-0.71"	D+	"20340.2461"	"62293.177"	"3d7"	"a 2H"	"11/2"	"3d6.(3H).4p"	"z 2I*"	"13/2"		"T6892c83"	"L18349c139"	
"238.306019"	"0.000012"	"238.306018"	"0.000011"	"50000"	"9.4e+06"	"6.0e-03"	"-1.32"	C+	"384.7872"	"42334.8444"	"3d6.(5D).4s"	"a 6D"	"7/2"	"3d6.(5D).4p"	"z 6F*"	"5/2"		"T7351"	"L18349c139"	
"238.31172"	"0.00002"	"238.311729"	"0.000011"	"5000"	"9.3e+07"	"1.18e-01"	"-0.32"	C+	"63465.134"	"105414.186"	"3d6.(3F2).4p"	"x 4D*"	"3/2"	"3d6.(3F2).4d"	"4G"	"5/2"		"T6892c83"	"L18349c139"	
"238.31440"	"0.00004"	"238.314405"	"0.000013"	"1600"	"4.3e+07"	"2.9e-02"	"-0.53"	D+	"66589.042"	"108537.623"	"3d6.(3G).4p"	"y 4H*"	"9/2"	"3d6.(3G).4d"	"4G"	"7/2"		"T6892c83"	"L18349c139"	
"238.319806"	"0.000014"	"238.319814"	"0.000011"	"8000"	"1.54e+08"	"1.75e-01"	"0.02"	C+	"63272.981"	"105220.610"	"3d6.(3F2).4p"	"x 4D*"	"5/2"	"3d6.(3H).4d"	"4F"	"7/2"		"T6892c83"	"L18349c139"	
"238.32184"	"0.00009"	"238.321859"	"0.000017"	"2900"	"2.2e+07"	"3.7e-02"	"-1.13"	D+	"49100.956"	"91048.225"	"3d6.(3P1).4s"	"c 4P"	"1/2"	"3d6.(3P1).5p"	"4P*"	"3/2"		"T6892c83"	"L18349c139"	
"238.324495"	"0.000011"	"238.324494"	"0.000011"	"170000"	"3.59e+07"	"3.06e-02"	"-0.74"	B+	"2837.9807"	"44784.7859"	"3d7"	"a 4F"	"5/2"	"3d6.(5D).4p"	"z 4D*"	"5/2"		"T7589"	"L18349c139"	
"238.3355"	"0.0005"	"238.335508"	"0.000011"	"240"	"5.e+06"	"4.1e-03"	"-1.8"	D	"62244.515"	"104189.382"	"3d6.(3F2).4p"	"y 4F*"	"3/2"	"3d6.(3H).4d"	"4F"	"3/2"		"T6892c83"	"L18349c143"	
"238.35380"	"0.00014"	"238.353841"	"0.000012"	"700"	"2.7e+07"	"1.7e-02"	"-0.86"	D+	"66672.336"	"108613.977"	"3d6.(3G).4p"	"y 4H*"	"7/2"	"3d6.(3G).4d"	"4G"	"5/2"		"T6892c83"	"L18349c139"	
"238.37795"	"0.00011"	"238.378015"	"0.000012"	"1000"	"8.e+06"	"5.6e-03"	"-1.17"	D+	"60887.606"	"102824.994"	"3d6.(3H).4p"	"z 4H*"	"11/2"	"3d6.(3G).5s"	"f 4G"	"9/2"		"T6892c83"	"L18349c139"	
"238.40391"	"0.00020"	"238.403945"	"0.000011"	"800"	"2.3e+06"	"2.0e-03"	"-1.9"	D	"63272.981"	"105205.808"	"3d6.(3F2).4p"	"x 4D*"	"5/2"	"3d6.(5D).5d"	"6G"	"5/2"		"T6892c83"	"L18349c139"	
"238.41006"	"0.00013"	"238.410072"	"0.000011"	"1400"	"7.e+05"	"8.e-04"	"-2.3"	D	"42334.8444"	"84266.594"	"3d6.(5D).4p"	"z 6F*"	"5/2"	"3d6.(5D).4d"	"6P"	"7/2"		"T6892c83"	"L18349c139"	
"238.43159"	"0.00003"	"238.431593"	"0.000012"	"2000"	"4.1e+07"	"2.9e-02"	"-0.45"	D+	"66463.542"	"108391.507"	"3d6.(3G).4p"	"y 4H*"	"11/2"	"3d6.(3G).4d"	"4G"	"9/2"		"T6892c83"	"L18349c139"	
"238.438768"	"0.000012"	"238.438765"	"0.000011"	"110000"	"3.2e+07"	"2.75e-02"	"-0.96"	B	"3117.4877"	"45044.1916"	"3d7"	"a 4F"	"3/2"	"3d6.(5D).4p"	"z 4D*"	"3/2"		"T6610"	"L18349c139"	
"238.442283"	"0.000012"	"238.442280"	"0.000011"	"40000"	"6.0e+08"	"5.8e-01"	"0.91"	B+	"66411.712"	"108337.798"	"3d6.(3G).4p"	"y 4H*"	"13/2"	"3d6.(3G).4d"	"4I"	"15/2"		"T6892c83"	"L18349c139"	
"238.451904"	"0.000013"	"238.451915"	"0.000011"	"7000"	"1.81e+08"	"1.54e-01"	"0.27"	B+	"66463.542"	"108387.934"	"3d6.(3G).4p"	"y 4H*"	"11/2"	"3d6.(3G).4d"	"4H"	"11/2"		"T6892c83"	"L18349c139"	
"238.45719"	"0.00009"	"238.457120"	"0.000011"	"1100"	"8.e+06"	"9.e-03"	"-1.14"	D+	"62945.045"	"104868.522"	"3d6.(3F2).4p"	"x 4D*"	"7/2"	"3d6.(5D).5d"	"6G"	"9/2"		"T6892c83"	"L18349c139"	
"238.46429"	"0.00005"	"238.464270"	"0.000011"	"1700"	"3.8e+07"	"2.4e-02"	"-0.71"	D+	"64286.354"	"106208.574"	"3d6.(3F2).4p"	"z 2F*"	"7/2"	"3d6.(3F2).4d"	"2F"	"5/2"		"T6892c83"	"L18349c139"	
"238.47233"	"0.00009"	"238.472292"	"0.000011"	"900"	"8.e+06"	"7.2e-03"	"-1.24"	D+	"62065.528"	"103986.338"	"3d6.(3F2).4p"	"y 4F*"	"7/2"	"3d6.(3H).4d"	"4H"	"7/2"		"T6892c83"	"L18349c139"	
"238.48583"	"0.00004"	"238.485855"	"0.000017"	"2400"	"2.1e+08"	"1.8e-01"	"-0.44"	D+	"63559.498"	"105477.924"	"3d6.(3F2).4p"	"x 4D*"	"1/2"	"3d6.(3F2).4d"	"4D"	"1/2"		"T6892c83"	"L18349c139"	
"238.500586"	"0.000015"	"238.500586"	"0.000011"	"25000"	"3.60e+06"	"4.09e-03"	"-1.610"	C+	"2837.9807"	"44753.8179"	"3d7"	"a 4F"	"5/2"	"3d6.(5D).4p"	"z 4F*"	"7/2"		"T7958,T6610,T7589"	"L18349c139"	
"238.50938"	"0.00003"	"238.509385"	"0.000012"	"2800"	"9.9e+07"	"1.26e-01"	"-0.30"	C+	"63465.134"	"105379.425"	"3d6.(3F2).4p"	"x 4D*"	"3/2"	"3d6.(3F2).4d"	"4D"	"5/2"		"T6892c83"	"L18349c139"	
"238.5382"	"0.0005"	"238.538053"	"0.000011"	"270"	"3.2e+06"	"2.7e-03"	"-1.8"	D	"61093.406"	"103002.660"	"3d6.(3P2).4p"	"z 2D*"	"5/2"	"3d6.(3P2).4d"	"4D"	"5/2"		"T6892c83"	"L18349c142"	
"238.56079"	"0.00010"	"238.560784"	"0.000012"	"800"	"2.5e+07"	"2.6e-02"	"-0.68"	D+	"66672.336"	"108577.597"	"3d6.(3G).4p"	"y 4H*"	"7/2"	"3d6.(3G).4d"	"4H"	"9/2"		"T6892c83"	"L18349c148"	
"238.58657"	"0.00005"	"238.586538"	"0.000013"	"1200bl(Fe II)*"	"4.5e+07"	"3.1e-02"	"-0.51"	D+	"68000.785"	"109901.523"	"3d6.(3G).4p"	"y 2H*"	"9/2"	"3d6.(3G).4d"	"2G"	"7/2"		"T6892c83"	"L18349c148"	
"238.58657"	"0.00005"	"238.586555"	"0.000012"	"1200bl(Fe II)*"	"1.3e+06"	"2.2e-03"	"-2.4"	D	"63559.498"	"105460.233"	"3d6.(3F2).4p"	"x 4D*"	"1/2"	"3d6.(3F2).4d"	"4D"	"3/2"		"T6892c83"	"L18349c148"	
"238.60029"	"0.00006"	"238.600325"	"0.000012"	"2000"	"5.0e+07"	"6.4e-02"	"-0.59"	D+	"62125.604"	"104023.921"	"3d6.(3P2).4p"	"z 2D*"	"3/2"	"3d6.(5D).5d"	"4F"	"5/2"		"T6892c83"	"L18349c139"	
"238.637405"	"0.000012"	"238.637400"	"0.000011"	"50000"	"1.35e+08"	"1.15e-01"	"0.06"	C+	"44232.5398"	"86124.348"	"3d6.(5D).4p"	"z 4F*"	"9/2"	"3d6.(5D).4d"	"e 4F"	"9/2"		"T6892c83"	"L18349c139"	
"238.64630"	"0.00004"	"238.646357"	"0.000011"	"2200"	"4.0e+07"	"3.5e-02"	"-0.46"	D+	"64831.951"	"106722.187"	"3d6.(3F2).4p"	"y 2G*"	"9/2"	"3d6.(3H).4d"	"4F"	"9/2"		"T6892c83"	"L18349c139"	
"238.686910"	"0.000017"	"238.686918"	"0.000011"	"7000"	"1.8e+07"	"1.1e-02"	"-1.04"	D+	"62945.045"	"104828.163"	"3d6.(3F2).4p"	"x 4D*"	"7/2"	"3d6.(5D).5d"	"6D"	"5/2"		"T6892c83"	"L18349c139"	
"238.70838"	"0.00004"	"238.708383"	"0.000012"	"2900"	"6.0e+07"	"5.1e-02"	"-0.52"	D+	"62689.874"	"104569.226"	"3d6.(3P2).4p"	"y 4D*"	"5/2"	"3d6.(3P2).4d"	"4F"	"5/2"		"T6892c83"	"L18349c139"	
"238.736712"	"0.000012"	"238.736719"	"0.000011"	"60000"	"2.4e+08"	"3.0e-01"	"0.08"	C+	"43620.9842"	"85495.366"	"3d6.(5D).4p"	"z 6P*"	"3/2"	"3d6.(5D).4d"	"6S"	"5/2"		"T6892c83"	"L18349c139"	
"238.74126"	"0.00013"	"238.741456"	"0.000017"	"350"	"8.e+06"	"6.6e-03"	"-1.10"	D+	"67516.328"	"109389.879"	"3d6.(3G).4p"	"y 2H*"	"11/2"	"3d6.(3G).4d"	"2I"	"11/2"		"T6892c83"	"L18349c139"	
"238.74347"	"0.00004"	"238.743475"	"0.000013"	"10000"	"1.8e+07"	"1.8e-02"	"-0.75"	D+	"30388.5451"	"72261.742"	"3d6.(3G).4s"	"b 2G"	"9/2"	"3d6.(1G2).4p"	"x 2H*"	"11/2"		"T6892c83"	"L18349c139"	
"238.74832"	"0.00014"	"238.748207"	"0.000011"	"600"	"5.3e+06"	"4.5e-03"	"-1.57"	D+	"62151.554"	"104023.921"	"3d6.(3F2).4p"	"y 4F*"	"5/2"	"3d6.(5D).5d"	"4F"	"5/2"		"T6892c83"	"L18349c139"	
"238.76142"	"0.00011"	"238.761465"	"0.000011"	"600"	"1.3e+07"	"1.4e-02"	"-0.94"	D+	"62322.445"	"104192.487"	"3d6.(3H).4p"	"z 2G*"	"7/2"	"3d6.(3H).4d"	"4I"	"9/2"		"T6892c83"	"L18349c139"	
"238.76425"	"0.00009"	"238.764205"	"0.000011"	"5000"	"1.1e+07"	"1.2e-02"	"-1.03"	D+	"42658.2444"	"84527.806"	"3d6.(5D).4p"	"z 6P*"	"7/2"	"3d6.(5D).4d"	"e 6G"	"9/2"		"T6892c83"	"L18349c139"	
"238.7725"	"0.0005"	"238.771896"	"0.000011"	"200d?"	"1.8e+06"	"1.9e-03"	"-1.8"	D	"60956.781"	"102824.994"	"3d6.(3H).4p"	"z 4G*"	"7/2"	"3d6.(3G).5s"	"f 4G"	"9/2"		"T6892c83"	"L18349c142"	
"238.78471"	"0.00006"	"238.784815"	"0.000012"	"2000"	"4.6e+06"	"5.9e-03"	"-1.63"	D+	"62962.215"	"104828.163"	"3d6.(3P2).4p"	"y 4D*"	"3/2"	"3d6.(5D).5d"	"6D"	"5/2"		"T6892c83"	"L18349c139"	
"238.82261"	"0.00002"	"238.822624"	"0.000011"	"17000"	"2.1e+07"	"1.8e-02"	"-0.97"	D+	"20830.5534"	"62689.874"	"3d6.(3P2).4s"	"b 4P"	"5/2"	"3d6.(3P2).4p"	"y 4D*"	"5/2"		"T6892c83"	"L18349c139"	
"238.82474"	"0.00002"	"238.824699"	"0.000012"	"3200"	"1.81e+08"	"1.03e-01"	"-0.21"	C+	"67000.530"	"108859.487"	"3d6.(3F2).4p"	"y 2D*"	"5/2"	"3d6.(3G).4d"	"4D"	"3/2"		"T6892c83"	"L18349c139"	
"238.83425"	"0.00002"	"238.834205"	"0.000014"	"2700"	"1.0e+08"	"1.7e-01"	"-0.47"	D+	"66248.647"	"108105.938"	"3d6.(3P2).4p"	"z 2S*"	"1/2"	"3d6.(3F2).4d"	"2P"	"3/2"		"T6892c83"	"L18349c139"	
"238.838782"	"0.000017"	"238.838783"	"0.000012"	"25000"	"2.02e+07"	"2.07e-02"	"-0.684"	C+	"20805.7632"	"62662.252"	"3d7"	"a 2H"	"9/2"	"3d6.(3H).4p"	"z 2I*"	"11/2"		"T7158"	"L18349c139"	
"238.862863"	"0.000012"	"238.862859"	"0.000011"	"700000bl(Fe II)*"	"1.05e+08"	"9.00e-02"	"-0.142"	B+	"384.7872"	"42237.0575"	"3d6.(5D).4s"	"a 6D"	"7/2"	"3d6.(5D).4p"	"z 6F*"	"7/2"		"T7958,T6610,T7589"	"L18349c148"	
"238.862863"	"0.000012"	"238.862883"	"0.000012"	"700000bl(Fe II)*"	"5.1e+07"	"4.4e-02"	"-0.75"	D+	"63465.134"	"105317.400"	"3d6.(3F2).4p"	"x 4D*"	"3/2"	"3d6.(3P2).4d"	"2P"	"3/2"		"T6892c83"	"L18349c148"	
"238.8749"	"0.0005"	"238.875681"	"0.000011"	"400d,bl"	"4.3e+06"	"4.9e-03"	"-1.53"	D+	"63272.981"	"105123.005"	"3d6.(3F2).4p"	"x 4D*"	"5/2"	"3d6.(3H).4d"	"2G"	"7/2"		"T6892c83"	"L18349c143"	
"238.89883"	"0.00006"	"238.898807"	"0.000011"	"6000"	"1.7e+07"	"1.1e-02"	"-1.05"	D+	"44753.8179"	"86599.791"	"3d6.(5D).4p"	"z 4F*"	"7/2"	"3d6.(5D).4d"	"e 4F"	"5/2"		"T6892c83"	"L18349c139"	
"238.9406"	"0.0005"	"238.941373"	"0.000012"	"310bl(Fe I)"	"9.e+05"	"6.e-04"	"-2.2"	D	"62083.118"	"103921.637"	"3d6.(3H).4p"	"z 2G*"	"9/2"	"3d6.(3H).4d"	"4G"	"7/2"		"T6892c83"	"L18349c143"	
"238.94363"	"0.00008"	"238.943869"	"0.000023"	"3300"	"2.2e+07"	"1.9e-02"	"-0.95"	D+	"44929.532"	"86767.614"	"3d6.(1F).4s"	"c 2F"	"5/2"	"3d6.(3P1).4p"	"v 4D*"	"5/2"		"T6892c83"	"L18349c139"	
"238.9625"	"0.0005"	"238.962707"	"0.000012"	"400"	"7.e+05"	"8.e-04"	"-2.3"	D	"62151.554"	"103986.338"	"3d6.(3F2).4p"	"y 4F*"	"5/2"	"3d6.(3H).4d"	"4H"	"7/2"		"T6892c83"	"L18349c142"	
"238.98667"	"0.00005"	"238.986588"	"0.000011"	"8000"	"2.2e+06"	"1.6e-03"	"-1.72"	D+	"26170.1810"	"68000.785"	"3d6.(3H).4s"	"b 2H"	"11/2"	"3d6.(3G).4p"	"y 2H*"	"9/2"		"T6892c83"	"L18349c139"	
"239.009685"	"0.000012"	"239.009679"	"0.000012"	"26000"	"5.5e+08"	"5.4e-01"	"0.88"	B+	"62293.177"	"104119.740"	"3d6.(3H).4p"	"z 2I*"	"13/2"	"3d6.(3H).4d"	"2K"	"15/2"		"T6892c83"	"L18349c139"	
"239.03080"	"0.00009"	"239.030828"	"0.000017"	"3300"	"1.3e+07"	"5.8e-03"	"-1.64"	D+	"31364.4554"	"73187.318"	"3d6.(3D).4s"	"b 4D"	"3/2"	"3d6.(3D).4p"	"y 2P*"	"1/2"		"T6892c83"	"L18349c139"	
"239.0435"	"0.0005"	"239.043412"	"0.000017"	"600"	"1.7e+06"	"2.9e-03"	"-2.2"	D	"31368.453"	"73189.114"	"3d6.(3D).4s"	"b 4D"	"1/2"	"3d6.(3D).4p"	"y 2P*"	"3/2"		"T6892c83"	"L18349c142"	
"239.0539"	"0.0005"	"239.053679"	"0.000023"	"1200bl(Fe II)?*"	"7.e+06"	"6.e-03"	"-1.9"	D	"31368.453"	"73187.318"	"3d6.(3D).4s"	"b 4D"	"1/2"	"3d6.(3D).4p"	"y 2P*"	"1/2"		"T6892c83"	"L18349c143"	
"239.06324"	"0.00014"	"239.063290"	"0.000011"	"900"	"9.e+06"	"8.e-03"	"-1.32"	D+	"62689.874"	"104507.058"	"3d6.(3P2).4p"	"y 4D*"	"5/2"	"3d6.(3H).4d"	"4F"	"5/2"		"T6892c83"	"L18349c139"	
"239.075750"	"0.000014"	"239.075748"	"0.000010"	"28000"	"1.17e+08"	"1.0e-01"	"-0.22"	C+	"44784.7859"	"86599.791"	"3d6.(5D).4p"	"z 4D*"	"5/2"	"3d6.(5D).4d"	"e 4F"	"5/2"		"T6892c83"	"L18349c139"	
"239.077203"	"0.000015"	"239.077207"	"0.000011"	"7000"	"4.2e+07"	"4.5e-02"	"-0.44"	D+	"65109.691"	"106924.441"	"3d6.(3F2).4p"	"y 2G*"	"7/2"	"3d6.(3F2).4d"	"2G"	"9/2"		"T6892c83"	"L18349c139"	
"239.09764"	"0.00004"	"239.097644"	"0.000011"	"2100"	"6.2e+06"	"6.7e-03"	"-1.27"	D+	"64286.354"	"106097.530"	"3d6.(3F2).4p"	"z 2F*"	"7/2"	"3d6.(3F2).4d"	"2H"	"9/2"		"T6892c83"	"L18349c139"	
"239.147824"	"0.000013"	"239.147828"	"0.000010"	"40000"	"3.77e+06"	"4.05e-03"	"-1.490"	B	"2430.1369"	"44232.5398"	"3d7"	"a 4F"	"7/2"	"3d6.(5D).4p"	"z 4F*"	"9/2"		"T7958,T6610,T7589"	"L18349c139"	
"239.15387"	"0.00004"	"239.153806"	"0.000012"	"2700"	"2.3e+07"	"3.9e-02"	"-1.11"	D+	"62829.071"	"104630.429"	"3d6.(3P2).4p"	"y 4D*"	"1/2"	"3d6.(5D).5d"	"6F"	"3/2"		"T6892c83"	"L18349c139"	
"239.15529"	"0.00005"	"239.155081"	"0.000017"	"5000"	"1.2e+07"	"6.7e-03"	"-1.40"	D+	"31387.9788"	"73189.114"	"3d6.(3D).4s"	"b 4D"	"5/2"	"3d6.(3D).4p"	"y 2P*"	"3/2"		"T6892c83"	"L18349c145"	
"239.16793"	"0.00004"	"239.167917"	"0.000012"	"1500"	"2.8e+07"	"2.9e-02"	"-0.53"	D+	"66589.042"	"108387.934"	"3d6.(3G).4p"	"y 4H*"	"9/2"	"3d6.(3G).4d"	"4H"	"11/2"		"T6892c83"	"L18349c148"	
"239.17218"	"0.00010"	"239.172008"	"0.000012"	"1100"	"2.6e+07"	"3.4e-02"	"-0.87"	D+	"62244.515"	"104042.692"	"3d6.(3F2).4p"	"y 4F*"	"3/2"	"3d6.(3H).4d"	"4G"	"5/2"		"T6892c83"	"L18349c139"	
"239.17414"	"0.00009"	"239.174171"	"0.000011"	"1200"	"5.0e+06"	"3.2e-03"	"-1.59"	D+	"62322.445"	"104120.244"	"3d6.(3H).4p"	"z 2G*"	"7/2"	"3d6.(5D).5d"	"6P"	"5/2"		"T6892c83"	"L18349c139"	
"239.19584"	"0.00003"	"239.195845"	"0.000011"	"3200"	"5.3e+07"	"3.4e-02"	"-0.56"	D+	"62945.045"	"104739.057"	"3d6.(3F2).4p"	"x 4D*"	"7/2"	"3d6.(3F2).4d"	"4P"	"5/2"		"T6892c83"	"L18349c139"	
"239.208890"	"0.000013"	"239.208896"	"0.000010"	"11000"	"2.22e+08"	"2.54e-01"	"0.18"	B+	"62689.874"	"104481.606"	"3d6.(3P2).4p"	"y 4D*"	"5/2"	"3d6.(3H).4d"	"2F"	"7/2"		"T6892c83"	"L18349c139"	
"239.21206"	"0.00005"	"239.212267"	"0.000011"	"1700"	"2.4e+07"	"2.0e-02"	"-0.69"	D+	"62083.118"	"103874.261"	"3d6.(3H).4p"	"z 2G*"	"9/2"	"3d6.(3H).4d"	"4H"	"9/2"		"T6892c83"	"L18349c145"	
"239.214902"	"0.000012"	"239.214906"	"0.000010"	"13000"	"6.6e+07"	"5.7e-02"	"-0.34"	C+	"65109.691"	"106900.373"	"3d6.(3F2).4p"	"y 2G*"	"7/2"	"3d6.(3F2).4d"	"2G"	"7/2"		"T6892c83"	"L18349c139"	
"239.24452"	"0.00007"	"239.244609"	"0.000011"	"1700"	"9.e+06"	"8.e-03"	"-1.20"	D+	"62322.445"	"104107.939"	"3d6.(3H).4p"	"z 2G*"	"7/2"	"3d6.(3P2).4d"	"4F"	"7/2"		"T6892c83"	"L18349c139"	
"239.257926"	"0.000013"	"239.257923"	"0.000011"	"10000"	"2.4e+08"	"2.03e-01"	"0.09"	C+	"64425.405"	"106208.574"	"3d6.(3F2).4p"	"z 2F*"	"5/2"	"3d6.(3F2).4d"	"2F"	"5/2"		"T6892c83"	"L18349c139"	
"239.29393"	"0.00008"	"239.294161"	"0.000011"	"1100"	"1.5e+07"	"1.9e-02"	"-1.12"	D+	"62962.215"	"104739.057"	"3d6.(3P2).4p"	"y 4D*"	"3/2"	"3d6.(3F2).4d"	"4P"	"5/2"		"T6892c83"	"L18349c139"	
"239.3096"	"0.0005"	"239.309027"	"0.000012"	"230d,bl(Fe II)?*"	"3.4e+06"	"1.5e-03"	"-2.2"	D	"62962.215"	"104736.462"	"3d6.(3P2).4p"	"y 4D*"	"3/2"	"3d6.(3P2).4d"	"2P"	"1/2"		"T6892c83"	"L18349c143"	
"239.31226"	"0.00011"	"239.312269"	"0.000011"	"800"	"9.e+05"	"1.1e-03"	"-2.3"	D	"63465.134"	"105238.815"	"3d6.(3F2).4p"	"x 4D*"	"3/2"	"3d6.(3P2).4d"	"2D"	"5/2"		"T6892c83"	"L18349c139"	
"239.32459"	"0.00015"	"239.324840"	"0.000012"	"600"	"5.4e+06"	"4.6e-03"	"-1.19"	D+	"62293.177"	"104064.664"	"3d6.(3H).4p"	"z 2I*"	"13/2"	"3d6.(3H).4d"	"4I"	"13/2"		"T6892c83"	"L18349c139"	
"239.33412"	"0.00003"	"239.334209"	"0.000012"	"2300"	"5.0e+07"	"3.7e-02"	"-0.29"	C+	"66411.712"	"108181.564"	"3d6.(3G).4p"	"y 4H*"	"13/2"	"3d6.(3G).4d"	"4G"	"11/2"		"T6892c83"	"L18349c139"	
"239.40010"	"0.00005"	"239.400158"	"0.000011"	"6000"	"9.4e+06"	"6.7e-03"	"-1.092"	C	"41968.0698"	"83726.416"	"3d6.(5D).4p"	"z 6F*"	"11/2"	"3d6.(5D).4d"	"6D"	"9/2"		"T7186"	"L18349c139"	
"239.40268"	"0.00007"	"239.402705"	"0.000012"	"1700"	"5.9e+07"	"1.0e-01"	"-0.69"	D+	"63559.498"	"105317.400"	"3d6.(3F2).4p"	"x 4D*"	"1/2"	"3d6.(3P2).4d"	"2P"	"3/2"		"T6892c83"	"L18349c139"	
"239.40744"	"0.00007"	"239.407424"	"0.000010"	"1000"	"6.6e+06"	"4.2e-03"	"-1.47"	D+	"65109.691"	"106866.770"	"3d6.(3F2).4p"	"y 2G*"	"7/2"	"3d6.(3F2).4d"	"4F"	"5/2"		"T6892c83"	"L18349c139"	
"239.4175"	"0.0005"	"239.417239"	"0.000015"	"800"	"1.2e+06"	"1.3e-03"	"-2.1"	D	"31387.9788"	"73143.346"	"3d6.(3D).4s"	"b 4D"	"5/2"	"3d6.(1G2).4p"	"w 2G*"	"7/2"		"T6892c83"	"L18349c142"	
"239.46273"	"0.00008"	"239.462796"	"0.000012"	"1600bl(Fe II)*"	"1.0e+07"	"7.2e-03"	"-1.00"	D+	"60837.560"	"102584.984"	"3d6.(3H).4p"	"z 4H*"	"13/2"	"3d6.(3G).5s"	"f 4G"	"11/2"		"T6892c83"	"L18349c148"	
"239.483266"	"0.000014"	"239.483283"	"0.000012"	"11000"	"2.4e+08"	"4.1e-01"	"-0.09"	C+	"62829.071"	"104572.924"	"3d6.(3P2).4p"	"y 4D*"	"1/2"	"3d6.(3P2).4d"	"4F"	"3/2"		"T6892c83"	"L18349c139"	
"239.48889"	"0.00002"	"239.488912"	"0.000011"	"16000"	"9.e+06"	"6.3e-03"	"-1.12"	D+	"20340.2461"	"62083.118"	"3d7"	"a 2H"	"11/2"	"3d6.(3H).4p"	"z 2G*"	"9/2"		"T6892c83"	"L18349c139"	
"239.5026"	"0.0005"	"239.501524"	"0.000011"	"290bl(Fe I)"	"1.6e+06"	"2.1e-03"	"-2.1"	D	"63465.134"	"105205.808"	"3d6.(3F2).4p"	"x 4D*"	"3/2"	"3d6.(5D).5d"	"6G"	"5/2"		"T6892c83"	"L18349c143"	
"239.51369"	"0.00007"	"239.513816"	"0.000017"	"4000"	"3.1e+07"	"2.6e-02"	"-1.28"	D+	"49100.956"	"90839.488"	"3d6.(3P1).4s"	"c 4P"	"1/2"	"3d6.(3P1).4p"	"4P*"	"1/2"		"T6892c83"	"L18349c148"	
"239.53604"	"0.00013"	"239.536234"	"0.000011"	"900"	"1.3e+07"	"1.1e-02"	"-1.05"	D+	"64040.891"	"105775.517"	"3d6.(3F2).4p"	"y 4G*"	"7/2"	"3d6.(3F2).4d"	"2F"	"7/2"		"T6892c83"	"L18349c139"	
"239.541909"	"0.000012"	"239.541911"	"0.000010"	"110000"	"2.67e+07"	"1.53e-02"	"-1.04"	B+	"667.6829"	"42401.3198"	"3d6.(5D).4s"	"a 6D"	"5/2"	"3d6.(5D).4p"	"z 6F*"	"3/2"		"T6610"	"L18349c139"	
"239.54954"	"0.00004"	"239.549425"	"0.000011"	"3000"	"9.4e+07"	"1.02e-01"	"-0.09"	C+	"64286.354"	"106018.682"	"3d6.(3F2).4p"	"z 2F*"	"7/2"	"3d6.(3H).4d"	"2H"	"9/2"		"T6892c83"	"L18349c139"	
"239.55453"	"0.00002"	"239.554557"	"0.000011"	"5000"	"7.0e+07"	"4.8e-02"	"-0.32"	C+	"62083.118"	"103814.552"	"3d6.(3H).4p"	"z 2G*"	"9/2"	"3d6.(5D).5d"	"4F"	"7/2"		"T6892c83"	"L18349c139"	
"239.562504"	"0.000013"	"239.562498"	"0.000010"	"1500000"	"2.59e+08"	"2.79e-01"	"0.348"	B+	"384.7872"	"42114.8380"	"3d6.(5D).4s"	"a 6D"	"7/2"	"3d6.(5D).4p"	"z 6F*"	"9/2"		"T7958,T6610,T7589"	"L18349c139"	
"239.610105"	"0.000012"	"239.610101"	"0.000011"	"9000"	"2.32e+08"	"2.00e-01"	"0.45"	B+	"66411.712"	"108133.473"	"3d6.(3G).4p"	"y 4H*"	"13/2"	"3d6.(3G).4d"	"4H"	"13/2"		"T6892c83"	"L18349c139"	
"239.671947"	"0.000015"	"239.671917"	"0.000011"	"27000"	"2.1e+07"	"2.2e-02"	"-0.65"	D+	"25805.3270"	"67516.328"	"3d6.(3G).4s"	"a 4G"	"9/2"	"3d6.(3G).4p"	"y 2H*"	"11/2"		"T6892c83"	"L18349c139"	
"239.6836"	"0.0005"	"239.684025"	"0.000017"	"150d,bl(Fe II)?*"	"3.3e+06"	"3.8e-03"	"-1.64"	D+	"67000.530"	"108709.424"	"3d6.(3F2).4p"	"y 2D*"	"5/2"	"3d6.(3G).4d"	"4H"	"7/2"		"T6892c83"	"L18349c142"	
"239.70173"	"0.00006"	"239.701728"	"0.000011"	"1700"	"3.0e+07"	"3.2e-02"	"-0.59"	D+	"62065.528"	"103771.342"	"3d6.(3F2).4p"	"y 4F*"	"7/2"	"3d6.(3H).4d"	"4G"	"9/2"		"T6892c83"	"L18349c139"	
"239.72665"	"0.00003"	"239.726665"	"0.000011"	"4000"	"1.15e+08"	"7.4e-02"	"-0.23"	C+	"62322.445"	"104023.921"	"3d6.(3H).4p"	"z 2G*"	"7/2"	"3d6.(5D).5d"	"4F"	"5/2"		"T6892c83"	"L18349c139"	
"239.78236"	"0.00007"	"239.782462"	"0.000012"	"5000"	"3.1e+07"	"2.7e-02"	"-1.27"	D+	"42439.8511"	"84131.624"	"3d6.(5D).4p"	"z 6F*"	"1/2"	"3d6.(5D).4d"	"6D"	"1/2"		"T6892c83"	"L18349c139"	
"239.7903"	"0.0005"	"239.790027"	"0.000017"	"500"	"1.0e+06"	"1.3e-03"	"-2.3"	D	"31364.4554"	"73054.913"	"3d6.(3D).4s"	"b 4D"	"3/2"	"3d6.(1G2).4p"	"x 2F*"	"5/2"		"T6892c83"	"L18349c142"	
"239.8036"	"0.0005"	"239.802876"	"0.000011"	"180d,bl(Fe II)?*"	"3.1e+06"	"2.7e-03"	"-1.57"	D+	"62083.118"	"103771.342"	"3d6.(3H).4p"	"z 2G*"	"9/2"	"3d6.(3H).4d"	"4G"	"9/2"		"T6892c83"	"L18349c142"	
"239.8036"	"0.0005"	"239.803537"	"0.000011"	"180d,bl(Fe II)?*"	"5.5e+06"	"6.3e-03"	"-1.42"	D+	"64087.408"	"105775.517"	"3d6.(3F2).4p"	"y 4G*"	"5/2"	"3d6.(3F2).4d"	"2F"	"7/2"		"T6892c83"	"L18349c142"	
"239.8103"	"0.0005"	"239.809986"	"0.000011"	"200d?"	"9.e+05"	"6.e-04"	"-2.4"	D	"65109.691"	"106796.679"	"3d6.(3F2).4p"	"y 2G*"	"7/2"	"3d6.(5D).5d"	"4P"	"5/2"		"T6892c83"	"L18349c143"	
"239.85420"	"0.00018"	"239.854005"	"0.000012"	"700"	"1.0e+07"	"6.9e-03"	"-1.16"	D+	"61512.630"	"103191.968"	"3d6.(3H).4p"	"z 4I*"	"9/2"	"3d6.(3P2).4d"	"2F"	"7/2"		"T6892c83"	"L18349c139"	
"239.864918"	"0.000012"	"239.864913"	"0.000010"	"70000"	"1.94e+08"	"2.09e-01"	"0.22"	B+	"44446.9051"	"86124.348"	"3d6.(5D).4p"	"z 4D*"	"7/2"	"3d6.(5D).4d"	"e 4F"	"9/2"		"T6892c83"	"L18349c139"	
"239.90324"	"0.00007"	"239.903194"	"0.000012"	"1200"	"3.2e+06"	"6.e-03"	"-2.0"	D	"63559.498"	"105230.291"	"3d6.(3F2).4p"	"x 4D*"	"1/2"	"3d6.(5D).5d"	"4D"	"3/2"		"T6892c83"	"L18349c139"	
"239.90811"	"0.00006"	"239.908157"	"0.000012"	"1200bl(Fe II)*"	"2.7e+07"	"2.7e-02"	"-0.48"	D+	"66463.542"	"108133.473"	"3d6.(3G).4p"	"y 4H*"	"11/2"	"3d6.(3G).4d"	"4H"	"13/2"		"T6892c83"	"L18349c148"	
"239.90811"	"0.00006"	"239.908295"	"0.000011"	"1200bl(Fe II)*"	"3.4e+06"	"4.4e-03"	"-1.8"	D	"61332.753"	"103002.660"	"3d6.(3P2).4p"	"y 4P*"	"3/2"	"3d6.(3P2).4d"	"4D"	"5/2"		"T6892c83"	"L18349c148"	
"239.915119"	"0.000013"	"239.915115"	"0.000011"	"36000"	"1.06e+08"	"6.9e-02"	"-0.26"	C+	"42658.2444"	"84326.967"	"3d6.(5D).4p"	"z 6P*"	"7/2"	"3d6.(5D).4d"	"6P"	"5/2"		"T6892c83"	"L18349c139"	
"239.924102"	"0.000012"	"239.924104"	"0.000010"	"700000"	"1.39e+08"	"1.20e-01"	"-0.143"	B+	"667.6829"	"42334.8444"	"3d6.(5D).4s"	"a 6D"	"5/2"	"3d6.(5D).4p"	"z 6F*"	"5/2"		"T7958,T6610,T7589"	"L18349c139"	
"239.926637"	"0.000017"	"239.926650"	"0.000010"	"23000"	"1.51e+08"	"1.31e-01"	"-0.28"	C+	"45044.1916"	"86710.911"	"3d6.(5D).4p"	"z 4D*"	"3/2"	"3d6.(5D).4d"	"e 4F"	"3/2"		"T6892c83"	"L18349c139"	
"239.94288"	"0.00006"	"239.942927"	"0.000011"	"1500"	"1.9e+07"	"1.7e-02"	"-0.88"	D+	"62322.445"	"103986.338"	"3d6.(3H).4p"	"z 2G*"	"7/2"	"3d6.(3H).4d"	"4H"	"7/2"		"T6892c83"	"L18349c139"	
"239.950601"	"0.000019"	"239.950650"	"0.000010"	"20000"	"5.9e+07"	"5.1e-02"	"-0.39"	C+	"44753.8179"	"86416.370"	"3d6.(5D).4p"	"z 4F*"	"7/2"	"3d6.(5D).4d"	"e 4F"	"7/2"		"T6892c83"	"L18349c139"	
"239.9648"	"0.0005"	"239.964498"	"0.000015"	"1200d?"	"2.1e+06"	"1.8e-03"	"-1.8"	D	"31483.1979"	"73143.346"	"3d6.(3D).4s"	"b 4D"	"7/2"	"3d6.(1G2).4p"	"w 2G*"	"7/2"		"T6892c83"	"L18349c143"	
"239.979542"	"0.000017"	"239.979552"	"0.000010"	"6000"	"9.7e+07"	"8.3e-02"	"-0.18"	C+	"65109.691"	"106767.226"	"3d6.(3F2).4p"	"y 2G*"	"7/2"	"3d6.(3F2).4d"	"4F"	"7/2"		"T6892c83"	"L18349c139"	
"239.98592"	"0.00010"	"239.985941"	"0.000010"	"1200"	"6.6e+06"	"4.6e-03"	"-1.34"	D+	"62158.126"	"103814.552"	"3d6.(3F2).4p"	"y 4F*"	"9/2"	"3d6.(5D).5d"	"4F"	"7/2"		"T6892c83"	"L18349c139"	
"240.004908"	"0.000012"	"240.004984"	"0.000011"	"17000"	"4.6e+08"	"4.6e-01"	"0.74"	B+	"62662.252"	"104315.373"	"3d6.(3H).4p"	"z 2I*"	"11/2"	"3d6.(3H).4d"	"2K"	"13/2"		"T6892c83"	"L18349c145"	
"240.02781"	"0.00002"	"240.027817"	"0.000010"	"16000"	"1.4e+07"	"1.0e-02"	"-1.02"	D+	"22637.1950"	"64286.354"	"3d6.(3F2).4s"	"b 4F"	"9/2"	"3d6.(3F2).4p"	"z 2F*"	"7/2"		"T6892c83"	"L18349c139"	
"240.034398"	"0.000012"	"240.034394"	"0.000011"	"80000"	"8.1e+07"	"7.0e-02"	"-0.15"	C+	"26352.7671"	"68000.785"	"3d6.(3H).4s"	"b 2H"	"9/2"	"3d6.(3G).4p"	"y 2H*"	"9/2"		"T6892c83"	"L18349c139"	
"240.06959"	"0.00008"	"240.069547"	"0.000012"	"600"	"1.8e+07"	"1.6e-02"	"-1.02"	D+	"67000.530"	"108642.450"	"3d6.(3F2).4p"	"y 2D*"	"5/2"	"3d6.(3G).4d"	"4D"	"5/2"		"T6892c83"	"L18349c139"	
"240.129155"	"0.000012"	"240.129154"	"0.000010"	"60000"	"1.89e+08"	"2.18e-01"	"0.12"	C+	"44784.7859"	"86416.370"	"3d6.(5D).4p"	"z 4D*"	"5/2"	"3d6.(5D).4d"	"e 4F"	"7/2"		"T6892c83"	"L18349c139"	
"240.13249"	"0.00005"	"240.132470"	"0.000010"	"5000"	"2.2e+07"	"1.3e-02"	"-1.11"	D+	"45079.9019"	"86710.911"	"3d6.(5D).4p"	"z 4F*"	"5/2"	"3d6.(5D).4d"	"e 4F"	"3/2"		"T6892c83"	"L18349c139"	
"240.17047"	"0.00005"	"240.170423"	"0.000011"	"1100"	"2.3e+07"	"2.0e-02"	"-0.71"	D+	"68000.785"	"109625.216"	"3d6.(3G).4p"	"y 2H*"	"9/2"	"3d6.(3G).4d"	"2G"	"9/2"		"T6892c83"	"L18349c139"	
"240.18946"	"0.00003"	"240.189466"	"0.000012"	"3400"	"8.e+07"	"3.6e-02"	"-0.85"	D+	"63465.134"	"105086.265"	"3d6.(3F2).4p"	"x 4D*"	"3/2"	"3d6.(3F2).4d"	"4P"	"1/2"		"T6892c83"	"L18349c139"	
"240.20807"	"0.00002"	"240.208144"	"0.000023"	"15000"	"2.5e+08"	"2.20e-01"	"0.12"	C+	"44929.532"	"86547.427"	"3d6.(1F).4s"	"c 2F"	"5/2"	"3d6.(1F).4p"	"u 2F*"	"5/2"		"T6892c83"	"L18349c148"	
"240.21028"	"0.00006"	"240.210135"	"0.000010"	"1100"	"5.0e+06"	"5.4e-03"	"-1.36"	D+	"62065.528"	"103683.078"	"3d6.(3F2).4p"	"y 4F*"	"7/2"	"3d6.(5D).5d"	"4F"	"9/2"		"T6892c83"	"L18349c139"	
"240.22452"	"0.00004"	"240.224514"	"0.000010"	"7000"	"5.0e+06"	"3.3e-03"	"-1.58"	D+	"22810.3459"	"64425.405"	"3d6.(3F2).4s"	"b 4F"	"7/2"	"3d6.(3F2).4p"	"z 2F*"	"5/2"		"T6892c83"	"L18349c139"	
"240.2272"	""	"240.22719"	"0.00005"	"25000:"	"1.1e+08"	"1.0e-01"	"-0.72"	D+	"37227.277"	"78841.872"	"3d6.(1S2).4s"	"a 2S"	"1/2"	"3d6.(1D2).4p"	"w 2P*"	"1/2"		"T6892c83"	"L7770,L7357"	
"240.23390"	"0.00008"	"240.233821"	"0.000013"	"700"	"1.5e+07"	"1.3e-02"	"-1.12"	D+	"67000.530"	"108613.977"	"3d6.(3F2).4p"	"y 2D*"	"5/2"	"3d6.(3G).4d"	"4G"	"5/2"		"T6892c83"	"L18349c139"	
"240.23931"	"0.00004"	"240.239312"	"0.000010"	"2100"	"2.5e+07"	"2.7e-02"	"-0.66"	D+	"65109.691"	"106722.187"	"3d6.(3F2).4p"	"y 2G*"	"7/2"	"3d6.(3H).4d"	"4F"	"9/2"		"T6892c83"	"L18349c139"	
"240.244606"	"0.000017"	"240.244612"	"0.000011"	"24000"	"5.8e+07"	"5.0e-02"	"-0.298"	C	"42114.8380"	"83726.416"	"3d6.(5D).4p"	"z 6F*"	"9/2"	"3d6.(5D).4d"	"6D"	"9/2"		"T7186"	"L18349c139"	
"240.24961"	"0.00009"	"240.249630"	"0.000011"	"1200"	"1.9e+07"	"1.7e-02"	"-1.17"	D+	"62962.215"	"104572.924"	"3d6.(3P2).4p"	"y 4D*"	"3/2"	"3d6.(3P2).4d"	"4F"	"3/2"		"T6892c83"	"L18349c139"	
"240.25995"	"0.00002"	"240.259935"	"0.000010"	"18000"	"2.17e+06"	"2.5e-03"	"-1.82"	B	"2837.9807"	"44446.9051"	"3d7"	"a 4F"	"5/2"	"3d6.(5D).4p"	"z 4D*"	"7/2"		"T6610"	"L18349c139"	
"240.263255"	"0.000015"	"240.263254"	"0.000010"	"27000"	"8.19e+07"	"7.09e-02"	"-0.246"	C+	"42658.2444"	"84266.594"	"3d6.(5D).4p"	"z 6P*"	"7/2"	"3d6.(5D).4d"	"6P"	"7/2"		"T7186"	"L18349c139"	
"240.270976"	"0.000019"	"240.270985"	"0.000012"	"6000"	"1.36e+08"	"1.76e-01"	"-0.15"	C+	"62962.215"	"104569.226"	"3d6.(3P2).4p"	"y 4D*"	"3/2"	"3d6.(3P2).4d"	"4F"	"5/2"		"T6892c83"	"L18349c139"	
"240.31005"	"0.00004"	"240.310032"	"0.000010"	"2500"	"5.5e+06"	"6.4e-03"	"-1.42"	D+	"63272.981"	"104873.232"	"3d6.(3F2).4p"	"x 4D*"	"5/2"	"3d6.(5D).5d"	"4D"	"7/2"		"T6892c83"	"L18349c139"	
"240.3494"	"0.0005"	"240.348773"	"0.000011"	"190"	"1.1e+07"	"1.2e-02"	"-0.94"	D+	"62158.126"	"103751.672"	"3d6.(3F2).4p"	"y 4F*"	"9/2"	"3d6.(3H).4d"	"4H"	"11/2"		"T6892c83"	"L18349c142"	
"240.36870"	"0.00006"	"240.368695"	"0.000011"	"1700"	"1.7e+06"	"1.0e-03"	"-2.2"	D	"63272.981"	"104863.080"	"3d6.(3F2).4p"	"x 4D*"	"5/2"	"3d6.(5D).5d"	"6P"	"3/2"		"T6892c83"	"L18349c139"	
"240.37627"	"0.00005"	"240.376283"	"0.000011"	"6000"	"2.5e+07"	"2.2e-02"	"-1.06"	D+	"42401.3198"	"83990.106"	"3d6.(5D).4p"	"z 6F*"	"3/2"	"3d6.(5D).4d"	"6D"	"3/2"		"T6892c83"	"L18349c139"	
"240.38325"	"0.00016"	"240.383300"	"0.000011"	"1900"	"1.8e+06"	"1.5e-03"	"-1.9"	D	"30764.4737"	"72352.046"	"3d6.(3G).4s"	"b 2G"	"7/2"	"3d6.(3D).4p"	"w 4F*"	"7/2"		"T6892c83"	"L18349c139"	
"240.39444"	"0.00004"	"240.394390"	"0.000014"	"1600"	"6.5e+07"	"5.6e-02"	"-0.65"	D+	"67273.833"	"108859.487"	"3d6.(3F2).4p"	"y 2D*"	"3/2"	"3d6.(3G).4d"	"4D"	"3/2"		"T6892c83"	"L18349c139"	
"240.39705"	"0.00003"	"240.397055"	"0.000012"	"4000"	"4.7e+07"	"4.7e-02"	"-0.18"	C+	"62293.177"	"103878.370"	"3d6.(3H).4p"	"z 2I*"	"13/2"	"3d6.(3H).4d"	"4I"	"15/2"		"T6892c83"	"L18349c139"	
"240.406091"	"0.000020"	"240.406103"	"0.000014"	"4000"	"1.6e+08"	"9.4e-02"	"-0.25"	C	"66522.310"	"108105.938"	"3d6.(3G).4p"	"x 4F*"	"5/2"	"3d6.(3F2).4d"	"2P"	"3/2"		"T6892c83"	"L18349c139"	
"240.443072"	"0.000012"	"240.443046"	"0.000010"	"120000"	"6.44e+07"	"2.79e-02"	"-0.952"	B+	"862.6118"	"42439.8511"	"3d6.(5D).4s"	"a 6D"	"3/2"	"3d6.(5D).4p"	"z 6F*"	"1/2"		"T7958,T6610,T7589"	"L18349c139"	
"240.45420"	"0.00004"	"240.454294"	"0.000010"	"6000"	"8.e+06"	"5.5e-03"	"-1.35"	D+	"42237.0575"	"83812.352"	"3d6.(5D).4p"	"z 6F*"	"7/2"	"3d6.(5D).4d"	"6D"	"5/2"		"T6892c83"	"L18349c139"	
"240.488550"	"0.000012"	"240.488540"	"0.000010"	"1100000"	"1.96e+08"	"2.27e-01"	"0.134"	B+	"667.6829"	"42237.0575"	"3d6.(5D).4s"	"a 6D"	"5/2"	"3d6.(5D).4p"	"z 6F*"	"7/2"		"T7958,T6610,T7589"	"L18349c139"	
"240.499322"	"0.000017"	"240.499369"	"0.000018"	"20000"	"2.46e+08"	"2.13e-01"	"0.23"	B+	"44915.057"	"86482.560"	"3d6.(1F).4s"	"c 2F"	"7/2"	"3d6.(1F).4p"	"u 2F*"	"7/2"		"T6892c83"	"L18349c139"	
"240.502250"	"0.000019"	"240.502227"	"0.000011"	"7000"	"6.2e+07"	"3.6e-02"	"-0.66"	D+	"63272.981"	"104839.990"	"3d6.(3F2).4p"	"x 4D*"	"5/2"	"3d6.(3F2).4d"	"4P"	"3/2"		"T6892c83"	"L18349c139"	
"240.52172"	"0.00012"	"240.521700"	"0.000018"	"3400"	"5.4e+06"	"7.1e-03"	"-1.55"	D+	"49506.922"	"91070.566"	"3d6.(3P1).4s"	"c 4P"	"3/2"	"3d6.(5D).5p"	"4F*"	"5/2"		"T6892c83"	"L18349c139"	
"240.53116"	"0.00008"	"240.531140"	"0.000011"	"1200"	"6.0e+06"	"3.9e-03"	"-1.50"	D+	"62945.045"	"104507.058"	"3d6.(3F2).4p"	"x 4D*"	"7/2"	"3d6.(3H).4d"	"4F"	"5/2"		"T6892c83"	"L18349c139"	
"240.53803"	"0.00012"	"240.537963"	"0.000011"	"600"	"2.0e+06"	"1.4e-03"	"-1.8"	D	"65363.607"	"106924.441"	"3d6.(3H).4p"	"z 2H*"	"11/2"	"3d6.(3F2).4d"	"2G"	"9/2"		"T6892c83"	"L18349c139"	
"240.568263"	"0.000012"	"240.568265"	"0.000010"	"50000"	"2.11e+08"	"2.7e-01"	"0.04"	C+	"45044.1916"	"86599.791"	"3d6.(5D).4p"	"z 4D*"	"3/2"	"3d6.(5D).4d"	"e 4F"	"5/2"		"T6892c83"	"L18349c139"	
"240.57057"	"0.00007"	"240.570682"	"0.000011"	"1400"	"1.1e+06"	"9.e-04"	"-2.3"	D	"63272.981"	"104828.163"	"3d6.(3F2).4p"	"x 4D*"	"5/2"	"3d6.(5D).5d"	"6D"	"5/2"		"T6892c83"	"L18349c139"	
"240.58307"	"0.00014"	"240.583154"	"0.000018"	"2400"	"1.6e+07"	"1.9e-02"	"-0.94"	D+	"44929.532"	"86482.560"	"3d6.(1F).4s"	"c 2F"	"5/2"	"3d6.(1F).4p"	"u 2F*"	"7/2"		"T6892c83"	"L18349c139"	
"240.5898"	"0.0005"	"240.590171"	"0.000012"	"310bl(Fe II)*"	"4.2e+06"	"4.5e-03"	"-1.44"	D+	"62322.445"	"103874.261"	"3d6.(3H).4p"	"z 2G*"	"7/2"	"3d6.(3H).4d"	"4H"	"9/2"		"T6892c83"	"L18349c142"	
"240.59923"	"0.00007"	"240.599211"	"0.000012"	"3400"	"1.0e+07"	"1.7e-02"	"-1.47"	D+	"42439.8511"	"83990.106"	"3d6.(5D).4p"	"z 6F*"	"1/2"	"3d6.(5D).4d"	"6D"	"3/2"		"T6892c83"	"L18349c139"	
"240.60903"	"0.00006"	"240.608942"	"0.000014"	"5000"	"2.1e+06"	"2.4e-03"	"-1.85"	C+	"20516.9534"	"62065.528"	"3d7"	"a 2D2"	"5/2"	"3d6.(3F2).4p"	"y 4F*"	"7/2"		"T7461"	"L18349c139"	
"240.63059"	"0.00003"	"240.630556"	"0.000011"	"3300"	"3.4e+06"	"4.5e-03"	"-1.75"	D+	"62962.215"	"104507.058"	"3d6.(3P2).4p"	"y 4D*"	"3/2"	"3d6.(3H).4d"	"4F"	"5/2"		"T6892c83"	"L18349c139"	
"240.63919"	"0.00007"	"240.639170"	"0.000011"	"1300"	"4.6e+06"	"4.0e-03"	"-1.62"	D+	"64087.408"	"105630.764"	"3d6.(3F2).4p"	"y 4G*"	"5/2"	"3d6.(5D).5d"	"4G"	"5/2"		"T6892c83"	"L18349c148"	
"240.666097"	"0.000012"	"240.666098"	"0.000010"	"600000"	"1.61e+08"	"1.40e-01"	"-0.252"	B+	"862.6118"	"42401.3198"	"3d6.(5D).4s"	"a 6D"	"3/2"	"3d6.(5D).4p"	"z 6F*"	"3/2"		"T7958,T6610,T7589"	"L18349c139"	
"240.67547"	"0.00003"	"240.675456"	"0.000013"	"1800"	"3.3e+07"	"3.8e-02"	"-0.64"	D+	"67000.530"	"108537.623"	"3d6.(3F2).4p"	"y 2D*"	"5/2"	"3d6.(3G).4d"	"4G"	"7/2"		"T6892c83"	"L18349c139"	
"240.697542"	"0.000012"	"240.697536"	"0.000011"	"21000"	"4.4e+08"	"4.4e-01"	"0.73"	B+	"67516.328"	"109049.611"	"3d6.(3G).4p"	"y 2H*"	"11/2"	"3d6.(3G).4d"	"2I"	"13/2"		"T6892c83"	"L18349c139"	
"240.699263"	"0.000013"	"240.699257"	"0.000012"	"36000"	"7.6e+07"	"6.6e-02"	"-0.28"	C+	"31483.1979"	"73016.184"	"3d6.(3D).4s"	"b 4D"	"7/2"	"3d6.(1G2).4p"	"x 2F*"	"7/2"		"T6892c83"	"L18349c139"	
"240.73530"	"0.00004"	"240.735307"	"0.000012"	"2900"	"5.4e+07"	"4.7e-02"	"-1.03"	D+	"63559.498"	"105086.265"	"3d6.(3F2).4p"	"x 4D*"	"1/2"	"3d6.(3F2).4d"	"4P"	"1/2"		"T6892c83"	"L18349c139"	
"240.74084"	"0.00006"	"240.740896"	"0.000011"	"1800"	"1.6e+07"	"1.4e-02"	"-0.86"	D+	"62083.118"	"103608.921"	"3d6.(3H).4p"	"z 2G*"	"9/2"	"3d6.(3G).5s"	"e 2G"	"9/2"		"T6892c83"	"L18349c139"	
"240.77535"	"0.00003"	"240.775189"	"0.000010"	"13000"	"4.9e+07"	"4.3e-02"	"-0.59"	D+	"45079.9019"	"86599.791"	"3d6.(5D).4p"	"z 4F*"	"5/2"	"3d6.(5D).4d"	"e 4F"	"5/2"		"T6892c83"	"L18349c145"	
"240.79378"	"0.00003"	"240.793791"	"0.000012"	"11000"	"6.8e+06"	"4.7e-03"	"-1.32"	D+	"20805.7632"	"62322.445"	"3d7"	"a 2H"	"9/2"	"3d6.(3H).4p"	"z 2G*"	"7/2"		"T6892c83"	"L18349c139"	
"240.864822"	"0.000013"	"240.864815"	"0.000010"	"40000"	"2.9e+08"	"5.0e-01"	"0.00"	C+	"45206.4704"	"86710.911"	"3d6.(5D).4p"	"z 4D*"	"1/2"	"3d6.(5D).4d"	"e 4F"	"3/2"		"T6892c83"	"L18349c139"	
"240.877445"	"0.000012"	"240.877437"	"0.000011"	"14000"	"3.16e+08"	"3.67e-01"	"0.34"	B+	"64087.408"	"105589.674"	"3d6.(3F2).4p"	"y 4G*"	"5/2"	"3d6.(3F2).4d"	"4H"	"7/2"		"T6892c83"	"L18349c139"	
"240.92960"	"0.00004"	"240.929612"	"0.000014"	"1800"	"5.4e+07"	"4.7e-02"	"-0.73"	D+	"66612.659"	"108105.938"	"3d6.(3G).4p"	"x 4F*"	"3/2"	"3d6.(3F2).4d"	"2P"	"3/2"		"T6892c83"	"L18349c139"	
"240.953517"	"0.000013"	"240.953516"	"0.000011"	"10000"	"2.39e+08"	"2.08e-01"	"0.22"	B+	"64286.354"	"105775.517"	"3d6.(3F2).4p"	"z 2F*"	"7/2"	"3d6.(3F2).4d"	"2F"	"7/2"		"T6892c83"	"L18349c139"	
"240.985873"	"0.000012"	"240.985883"	"0.000011"	"21000"	"3.74e+08"	"4.1e-01"	"0.51"	B+	"64040.891"	"105524.482"	"3d6.(3F2).4p"	"y 4G*"	"7/2"	"3d6.(3F2).4d"	"4H"	"9/2"		"T6892c83"	"L18349c139"	
"240.99857"	"0.00005"	"240.998525"	"0.000011"	"1200"	"1.7e+07"	"1.1e-02"	"-1.05"	D+	"62945.045"	"104426.460"	"3d6.(3F2).4p"	"x 4D*"	"7/2"	"3d6.(5D).5d"	"6F"	"5/2"		"T6892c83"	"L18349c139"	
"241.02118"	"0.00003"	"241.021230"	"0.000010"	"10000"	"3.5e+07"	"3.0e-02"	"-0.74"	D+	"42334.8444"	"83812.352"	"3d6.(5D).4p"	"z 6F*"	"5/2"	"3d6.(5D).4d"	"6D"	"5/2"		"T6892c83"	"L18349c139"	
"241.026963"	"0.000018"	"241.026938"	"0.000011"	"23000"	"7.65e+07"	"6.67e-02"	"-0.273"	C+	"42237.0575"	"83713.583"	"3d6.(5D).4p"	"z 6F*"	"7/2"	"3d6.(5D).4d"	"6D"	"7/2"		"T7186"	"L18349c139"	
"241.03007"	"0.00007"	"241.029945"	"0.000010"	"4000"	"1.6e+06"	"1.4e-03"	"-2.0"	D	"22810.3459"	"64286.354"	"3d6.(3F2).4s"	"b 4F"	"7/2"	"3d6.(3F2).4p"	"z 2F*"	"7/2"		"T6892c83"	"L18349c139"	
"241.04119"	"0.00012"	"241.041091"	"0.000012"	"2900"	"3.2e+06"	"2.1e-03"	"-1.8"	D	"30764.4737"	"72238.564"	"3d6.(3G).4s"	"b 2G"	"7/2"	"3d6.(3D).4p"	"w 4F*"	"5/2"		"T6892c83"	"L18349c139"	
"241.051891"	"0.000012"	"241.051889"	"0.000010"	"800000"	"1.55e+08"	"2.03e-01"	"-0.090"	B+	"862.6118"	"42334.8444"	"3d6.(5D).4s"	"a 6D"	"3/2"	"3d6.(5D).4p"	"z 6F*"	"5/2"		"T7958,T6610,T7589"	"L18349c139"	
"241.05425"	"0.00002"	"241.054375"	"0.000011"	"5000"	"7.1e+07"	"9.e-02"	"-0.43"	D+	"62125.604"	"103597.409"	"3d6.(3P2).4p"	"z 2D*"	"3/2"	"3d6.(3P2).4d"	"2F"	"5/2"		"T6892c83"	"L18349c139"	
"241.09833"	"0.00003"	"241.098328"	"0.000011"	"4000"	"8.7e+07"	"1.13e-01"	"-0.34"	C+	"62962.215"	"104426.460"	"3d6.(3P2).4p"	"y 4D*"	"3/2"	"3d6.(5D).5d"	"6F"	"5/2"		"T6892c83"	"L18349c139"	
"241.106689"	"0.000012"	"241.106724"	"0.000010"	"400000"	"2.37e+08"	"2.07e-01"	"-0.384"	B+	"977.0498"	"42439.8511"	"3d6.(5D).4s"	"a 6D"	"1/2"	"3d6.(5D).4p"	"z 6F*"	"1/2"		"T7958,T6610,T7589"	"L18349c139"	
"241.11759"	"0.00007"	"241.117574"	"0.000011"	"4000"	"5.2e+06"	"6.8e-03"	"-1.56"	D+	"21812.0454"	"63272.981"	"3d6.(3P2).4s"	"b 4P"	"3/2"	"3d6.(3F2).4p"	"x 4D*"	"5/2"		"T6892c83"	"L18349c139"	
"241.13155"	"0.00004"	"241.131770"	"0.000011"	"2700"	"5.3e+06"	"4.0e-03"	"-1.25"	D+	"62293.177"	"103751.672"	"3d6.(3H).4p"	"z 2I*"	"13/2"	"3d6.(3H).4d"	"4H"	"11/2"		"T6892c83"	"L18349c145"	
"241.16795"	"0.00009"	"241.16775"	"0.00003"	"5000"	"5.7e+07"	"5.0e-02"	"-0.40"	C+	"54904.241"	"96356.551"	"3d6.(3F1).4s"	"d 2F"	"7/2"	"3d5.(4G).4s.4p.(3P*)"	"t 2F*"	"7/2"		"T6892c83"	"L18349c139"	
"241.180771"	"0.000012"	"241.180768"	"0.000011"	"29000"	"4.3e+08"	"4.5e-01"	"0.66"	B+	"63948.803"	"105398.876"	"3d6.(3F2).4p"	"y 4G*"	"9/2"	"3d6.(3F2).4d"	"4H"	"11/2"		"T6892c83"	"L18349c139"	
"241.18764"	"0.00006"	"241.187611"	"0.000011"	"1400"	"1.3e+07"	"1.4e-02"	"-0.96"	D+	"62322.445"	"103771.342"	"3d6.(3H).4p"	"z 2G*"	"7/2"	"3d6.(3H).4d"	"4G"	"9/2"		"T6892c83"	"L18349c139"	
"241.20074"	"0.00005"	"241.200755"	"0.000010"	"7000"	"1.66e+07"	"1.93e-02"	"-0.936"	C+	"43238.6066"	"84685.245"	"3d6.(5D).4p"	"z 6P*"	"5/2"	"3d6.(5D).4d"	"f 4D"	"7/2"		"T7186"	"L18349c139"	
"241.22597"	"0.00004"	"241.225996"	"0.000012"	"2200"	"3.3e+07"	"3.4e-02"	"-0.47"	D+	"62158.126"	"103600.428"	"3d6.(3F2).4p"	"y 4F*"	"9/2"	"3d6.(3H).4d"	"4G"	"11/2"		"T6892c83"	"L18349c139"	
"241.243744"	"0.000012"	"241.243758"	"0.000010"	"27000"	"4.5e+08"	"5.0e-01"	"0.60"	B+	"61726.069"	"103165.320"	"3d6.(3P2).4p"	"y 4D*"	"7/2"	"3d6.(3P2).4d"	"4F"	"9/2"		"T6892c83"	"L18349c139"	
"241.331010"	"0.000012"	"241.331009"	"0.000010"	"400000"	"1.02e+08"	"1.79e-01"	"-0.447"	B+	"977.0498"	"42401.3198"	"3d6.(5D).4s"	"a 6D"	"1/2"	"3d6.(5D).4p"	"z 6F*"	"3/2"		"T7958,T6610,T7589"	"L18349c139"	
"241.34956"	"0.00003"	"241.349561"	"0.000010"	"14000"	"9.e+07"	"8.e-02"	"-0.49"	D+	"45289.8248"	"86710.911"	"3d6.(5D).4p"	"z 4F*"	"3/2"	"3d6.(5D).4d"	"e 4F"	"3/2"		"T6892c83"	"L18349c139"	
"241.367167"	"0.000015"	"241.367167"	"0.000010"	"9000"	"9.7e+07"	"1.13e-01"	"-0.17"	C+	"62689.874"	"104107.939"	"3d6.(3P2).4p"	"y 4D*"	"5/2"	"3d6.(3P2).4d"	"4F"	"7/2"		"T6892c83"	"L18349c139"	
"241.399345"	"0.000012"	"241.399319"	"0.000011"	"28000"	"4.7e+08"	"4.7e-01"	"0.76"	B+	"63876.325"	"105288.874"	"3d6.(3F2).4p"	"y 4G*"	"11/2"	"3d6.(3F2).4d"	"4H"	"13/2"		"T6892c83"	"L18349c139"	
"241.40829"	"0.00006"	"241.408161"	"0.000010"	"6000"	"1.1e+07"	"1.5e-02"	"-1.23"	D+	"42401.3198"	"83812.352"	"3d6.(5D).4p"	"z 6F*"	"3/2"	"3d6.(5D).4d"	"6D"	"5/2"		"T6892c83"	"L18349c139"	
"241.41015"	"0.00010"	"241.410281"	"0.000011"	"2900"	"1.05e+06"	"7.9e-04"	"-1.96"	C	"21251.5833"	"62662.252"	"3d6.(3H).4s"	"a 4H"	"13/2"	"3d6.(3H).4p"	"z 2I*"	"11/2"		"T7158"	"L18349c139"	
"241.42190"	"0.00003"	"241.42180"	"0.00003"	"3400bl(Fe II)*"	"5.5e+07"	"4.8e-02"	"-0.54"	D+	"54870.541"	"96279.234"	"3d6.(3F1).4s"	"d 2F"	"5/2"	"3d5.(4G).4s.4p.(3P*)"	"t 2F*"	"5/2"		"T6892c83"	"L18349c148"	
"241.42190"	"0.00003"	"241.421957"	"0.000010"	"3400bl(Fe II)*"	"1.0e+07"	"9.e-03"	"-1.15"	D+	"64040.891"	"105449.557"	"3d6.(3F2).4p"	"y 4G*"	"7/2"	"3d6.(5D).5d"	"4G"	"7/2"		"T6892c83"	"L18349c148"	
"241.4515"	"0.0005"	"241.450939"	"0.000011"	"500d?"	"4.2e+05"	"3.0e-04"	"-2.53"	D+	"22637.1950"	"64040.891"	"3d6.(3F2).4s"	"b 4F"	"9/2"	"3d6.(3F2).4p"	"y 4G*"	"7/2"		"T7461"	"L18349c142"	
"241.45838"	"0.00008"	"241.458428"	"0.000011"	"800"	"2.8e+06"	"2.8e-03"	"-1.47"	D+	"62662.252"	"104064.664"	"3d6.(3H).4p"	"z 2I*"	"11/2"	"3d6.(3H).4d"	"4I"	"13/2"		"T6892c83"	"L18349c139"	
"241.506693"	"0.000015"	"241.506788"	"0.000011"	"31000"	"2.1e+07"	"2.8e-02"	"-0.95"	D+	"23031.2829"	"64425.405"	"3d6.(3F2).4s"	"b 4F"	"3/2"	"3d6.(3F2).4p"	"z 2F*"	"5/2"		"T6892c83"	"L18349c145"	
"241.536098"	"0.000012"	"241.536129"	"0.000018"	"15000"	"4.5e+08"	"4.7e-01"	"0.68"	B+	"68000.785"	"109389.879"	"3d6.(3G).4p"	"y 2H*"	"9/2"	"3d6.(3G).4d"	"2I"	"11/2"		"T6892c83"	"L18349c148"	
"241.59668"	"0.00006"	"241.596580"	"0.000011"	"6000"	"9.e+06"	"1.1e-02"	"-1.20"	D+	"42334.8444"	"83713.583"	"3d6.(5D).4p"	"z 6F*"	"5/2"	"3d6.(5D).4d"	"6D"	"7/2"		"T6892c83"	"L18349c139"	
"241.608005"	"0.000016"	"241.608017"	"0.000011"	"9000"	"1.59e+08"	"1.39e-01"	"0.05"	C+	"61726.069"	"103102.849"	"3d6.(3P2).4p"	"y 4D*"	"7/2"	"3d6.(3P2).4d"	"4D"	"7/2"		"T6892c83"	"L18349c139"	
"241.61922"	"0.00005"	"241.619253"	"0.000010"	"2400"	"2.3e+07"	"2.0e-02"	"-1.09"	D+	"63465.134"	"104839.990"	"3d6.(3F2).4p"	"x 4D*"	"3/2"	"3d6.(3F2).4d"	"4P"	"3/2"		"T6892c83"	"L18349c139"	
"241.644523"	"0.000012"	"241.644520"	"0.000010"	"80000"	"2.38e+08"	"2.61e-01"	"0.32"	B+	"44753.8179"	"86124.348"	"3d6.(5D).4p"	"z 4F*"	"7/2"	"3d6.(5D).4d"	"e 4F"	"9/2"		"T6892c83"	"L18349c139"	
"241.65573"	"0.00006"	"241.655696"	"0.000014"	"1000"	"2.1e+07"	"2.7e-02"	"-0.97"	D+	"67273.833"	"108642.450"	"3d6.(3F2).4p"	"y 2D*"	"3/2"	"3d6.(3G).4d"	"4D"	"5/2"		"T6892c83"	"L18349c139"	
"241.65830"	"0.00003"	"241.658307"	"0.000011"	"2400"	"1.3e+07"	"1.1e-02"	"-0.96"	D+	"65556.271"	"106924.441"	"3d6.(3H).4p"	"z 2H*"	"9/2"	"3d6.(3F2).4d"	"2G"	"9/2"		"T6892c83"	"L18349c139"	
"241.67148"	"0.00005"	"241.671562"	"0.000014"	"7000"	"9.e+06"	"1.0e-02"	"-1.08"	D+	"30764.4737"	"72130.375"	"3d6.(3G).4s"	"b 2G"	"7/2"	"3d6.(1G2).4p"	"x 2H*"	"9/2"		"T6892c83"	"L18349c139"	
"241.70424"	"0.00008"	"241.704229"	"0.000013"	"1500"	"3.2e+07"	"5.6e-02"	"-0.95"	D+	"62829.071"	"104189.382"	"3d6.(3P2).4p"	"y 4D*"	"1/2"	"3d6.(3H).4d"	"4F"	"3/2"		"T6892c83"	"L18349c139"	
"241.71433"	"0.00007"	"241.714346"	"0.000011"	"1200"	"8.e+06"	"5.8e-03"	"-1.16"	D+	"65363.607"	"106722.187"	"3d6.(3H).4p"	"z 2H*"	"11/2"	"3d6.(3H).4d"	"4F"	"9/2"		"T6892c83"	"L18349c139"	
"241.72096"	"0.00015"	"241.720962"	"0.000011"	"700"	"6.3e+06"	"3.7e-03"	"-1.66"	D+	"63272.981"	"104630.429"	"3d6.(3F2).4p"	"x 4D*"	"5/2"	"3d6.(5D).5d"	"6F"	"3/2"		"T6892c83"	"L18349c139"	
"241.74983"	"0.00012"	"241.750063"	"0.000018"	"900"	"2.2e+07"	"1.3e-02"	"-1.12"	D+	"66078.272"	"107430.742"	"3d6.(3G).4p"	"x 4G*"	"5/2"	"3d6.(3F2).4d"	"2D"	"3/2"		"T6892c83"	"L18349c139"	
"241.7644"	"0.0005"	"241.763850"	"0.000011"	"170d"	"6.6e+06"	"8.e-03"	"-1.33"	D+	"64425.405"	"105775.517"	"3d6.(3F2).4p"	"z 2F*"	"5/2"	"3d6.(3F2).4d"	"2F"	"7/2"		"T6892c83"	"L18349c142"	
"241.782045"	"0.000020"	"241.782031"	"0.000010"	"17000"	"1.1e+07"	"1.2e-02"	"-1.13"	D+	"22939.3512"	"64286.354"	"3d6.(3F2).4s"	"b 4F"	"5/2"	"3d6.(3F2).4p"	"z 2F*"	"7/2"		"T6892c83"	"L18349c139"	
"241.787036"	"0.000012"	"241.787036"	"0.000010"	"120000"	"9.5e+07"	"8.3e-02"	"-0.00"	C+	"26170.1810"	"67516.328"	"3d6.(3H).4s"	"b 2H"	"11/2"	"3d6.(3G).4p"	"y 2H*"	"11/2"		"T6892c83"	"L18349c139"	
"241.81005"	"0.00008"	"241.810057"	"0.000011"	"1200"	"1.8e+07"	"1.2e-02"	"-0.91"	D+	"63948.803"	"105291.014"	"3d6.(3F2).4p"	"y 4G*"	"9/2"	"3d6.(3F2).4d"	"4G"	"7/2"		"T6892c83"	"L18349c139"	
"241.81672"	"0.00004"	"241.816728"	"0.000012"	"9000"	"2.0e+06"	"2.4e-03"	"-1.85"	D+	"20830.5534"	"62171.624"	"3d6.(3P2).4s"	"b 4P"	"5/2"	"3d5.(6S).4s.4p.(3P*)"	"y 6P*"	"7/2"		"T7503"	"L18349c139"	
"241.82224"	"0.00008"	"241.822149"	"0.000013"	"800"	"2.5e+07"	"3.3e-02"	"-0.88"	D+	"67273.833"	"108613.977"	"3d6.(3F2).4p"	"y 2D*"	"3/2"	"3d6.(3G).4d"	"4G"	"5/2"		"T6892c83"	"L18349c139"	
"241.83150"	"0.00014"	"241.831567"	"0.000011"	"700"	"6.6e+06"	"4.3e-03"	"-1.46"	D+	"64040.891"	"105379.425"	"3d6.(3F2).4p"	"y 4G*"	"7/2"	"3d6.(3F2).4d"	"4D"	"5/2"		"T6892c83"	"L18349c139"	
"241.843659"	"0.000012"	"241.843655"	"0.000010"	"60000"	"2.28e+08"	"2.67e-01"	"0.21"	B+	"45079.9019"	"86416.370"	"3d6.(5D).4p"	"z 4F*"	"5/2"	"3d6.(5D).4d"	"e 4F"	"7/2"		"T6892c83"	"L18349c139"	
"241.8577"	"0.0005"	"241.857821"	"0.000010"	"180d,bl(Fe III)?"	"1.0e+07"	"9.e-03"	"-1.29"	D+	"62689.874"	"104023.921"	"3d6.(3P2).4p"	"y 4D*"	"5/2"	"3d6.(5D).5d"	"4F"	"5/2"		"T6892c83"	"L18349c142"	
"241.86651"	"0.00002"	"241.866488"	"0.000018"	"15000"	"1.4e+08"	"6.0e-02"	"-0.62"	D+	"49506.922"	"90839.488"	"3d6.(3P1).4s"	"c 4P"	"3/2"	"3d6.(3P1).4p"	"4P*"	"1/2"		"T6892c83"	"L18349c139"	
"241.87258"	"0.00010"	"241.872539"	"0.000018"	"2900"	"7.3e+06"	"8.e-03"	"-1.29"	D+	"31811.814"	"73143.346"	"3d7"	"b 2F"	"5/2"	"3d6.(1G2).4p"	"w 2G*"	"7/2"		"T6892c83"	"L18349c139"	
"241.88416"	"0.00008"	"241.884163"	"0.000013"	"900"	"2.8e+06"	"2.5e-03"	"-1.8"	D	"66078.272"	"107407.818"	"3d6.(3G).4p"	"x 4G*"	"5/2"	"3d6.(3F2).4d"	"2D"	"5/2"		"T6892c83"	"L18349c139"	
"241.90037"	"0.00002"	"241.900365"	"0.000012"	"5000"	"1.12e+08"	"9.8e-02"	"-0.23"	C+	"64087.408"	"105414.186"	"3d6.(3F2).4p"	"y 4G*"	"5/2"	"3d6.(3F2).4d"	"4G"	"5/2"		"T6892c83"	"L18349c139"	
"241.98936"	"0.00008"	"241.989200"	"0.000010"	"4000"	"2.2e+06"	"2.0e-03"	"-1.71"	D+	"22637.1950"	"63948.803"	"3d6.(3F2).4s"	"b 4F"	"9/2"	"3d6.(3F2).4p"	"y 4G*"	"9/2"		"T7461"	"L18349c139"	
"241.99308"	"0.00010"	"241.993137"	"0.000010"	"900"	"2.0e+07"	"2.3e-02"	"-0.86"	D+	"62689.874"	"104000.810"	"3d6.(3P2).4p"	"y 4D*"	"5/2"	"3d6.(5D).5d"	"6P"	"7/2"		"T6892c83"	"L18349c139"	
"241.998813"	"0.000014"	"241.998818"	"0.000010"	"35000"	"1.62e+08"	"2.13e-01"	"-0.07"	C+	"45289.8248"	"86599.791"	"3d6.(5D).4p"	"z 4F*"	"3/2"	"3d6.(5D).4d"	"e 4F"	"5/2"		"T6892c83"	"L18349c139"	
"242.10405"	"0.00003"	"242.104020"	"0.000011"	"3100bl(Fe II)*"	"3.6e+07"	"3.2e-02"	"-0.72"	D+	"64087.408"	"105379.425"	"3d6.(3F2).4p"	"y 4G*"	"5/2"	"3d6.(3F2).4d"	"4D"	"5/2"		"T6892c83"	"L18349c148"	
"242.10405"	"0.00003"	"242.104067"	"0.000011"	"3100bl(Fe II)*"	"2.5e+06"	"1.1e-03"	"-2.4"	D	"63465.134"	"104757.143"	"3d6.(3F2).4p"	"x 4D*"	"3/2"	"3d6.(5D).5d"	"6D"	"1/2"		"T6892c83"	"L18349c148"	
"242.18170"	"0.00006"	"242.181733"	"0.000011"	"1600"	"1.5e+07"	"1.1e-02"	"-0.89"	D+	"63876.325"	"105155.093"	"3d6.(3F2).4p"	"y 4G*"	"11/2"	"3d6.(3F2).4d"	"4G"	"9/2"		"T6892c83"	"L18349c139"	
"242.18995"	"0.00011"	"242.190025"	"0.000013"	"2900"	"7.e+05"	"6.e-04"	"-2.2"	D	"20805.7632"	"62083.118"	"3d7"	"a 2H"	"9/2"	"3d6.(3H).4p"	"z 2G*"	"9/2"		"T6892c83"	"L18349c139"	
"242.19446"	"0.00004"	"242.194507"	"0.000011"	"2900"	"4.7e+07"	"3.1e-02"	"-0.61"	D+	"61726.069"	"103002.660"	"3d6.(3P2).4p"	"y 4D*"	"7/2"	"3d6.(3P2).4d"	"4D"	"5/2"		"T6892c83"	"L18349c139"	
"242.22260"	"0.00015"	"242.222583"	"0.000011"	"500"	"2.7e+06"	"1.9e-03"	"-1.73"	D+	"63948.803"	"105220.610"	"3d6.(3F2).4p"	"y 4G*"	"9/2"	"3d6.(3H).4d"	"4F"	"7/2"		"T6892c83"	"L18349c139"	
"242.26506"	"0.00009"	"242.265050"	"0.000011"	"1200"	"9.e+06"	"5.9e-03"	"-1.33"	D+	"62945.045"	"104209.618"	"3d6.(3F2).4p"	"x 4D*"	"7/2"	"3d6.(3H).4d"	"2F"	"5/2"		"T6892c83"	"L18349c139"	
"242.268803"	"0.000012"	"242.268795"	"0.000011"	"100000"	"1.46e+08"	"1.71e-01"	"0.01"	C+	"31387.9788"	"72651.914"	"3d6.(3D).4s"	"b 4D"	"5/2"	"3d6.(3D).4p"	"w 4D*"	"7/2"		"T6892c83"	"L18349c139"	
"242.278534"	"0.000016"	"242.278537"	"0.000010"	"8000"	"3.1e+07"	"2.8e-02"	"-0.56"	D+	"63948.803"	"105211.079"	"3d6.(3F2).4p"	"y 4G*"	"9/2"	"3d6.(5D).5d"	"4G"	"9/2"		"T6892c83"	"L18349c139"	
"242.29323"	"0.00009"	"242.293284"	"0.000013"	"4000"	"2.9e+06"	"2.1e-03"	"-1.68"	C+	"20805.7632"	"62065.528"	"3d7"	"a 2H"	"9/2"	"3d6.(3F2).4p"	"y 4F*"	"7/2"		"T7461"	"L18349c139"	
"242.321004"	"0.000012"	"242.321014"	"0.000011"	"70000"	"1.40e+08"	"1.85e-01"	"-0.13"	C+	"31364.4554"	"72619.499"	"3d6.(3D).4s"	"b 4D"	"3/2"	"3d6.(3D).4p"	"w 4D*"	"5/2"		"T6892c83"	"L18349c139"	
"242.349930"	"0.000017"	"242.349922"	"0.000010"	"7000"	"1.51e+08"	"1.33e-01"	"0.03"	C+	"64040.891"	"105291.014"	"3d6.(3F2).4p"	"y 4G*"	"7/2"	"3d6.(3F2).4d"	"4G"	"7/2"		"T6892c83"	"L18349c139"	
"242.36610"	"0.00018"	"242.365905"	"0.000011"	"600"	"4.1e+06"	"5.5e-03"	"-1.66"	D+	"62962.215"	"104209.618"	"3d6.(3P2).4p"	"y 4D*"	"3/2"	"3d6.(3H).4d"	"2F"	"5/2"		"T6892c83"	"L18349c139"	
"242.39121"	"0.00007"	"242.391199"	"0.000018"	"4000"	"9.e+06"	"8.e-03"	"-1.32"	D+	"31811.814"	"73054.913"	"3d7"	"b 2F"	"5/2"	"3d6.(1G2).4p"	"x 2F*"	"5/2"		"T6892c83"	"L18349c139"	
"242.414529"	"0.000012"	"242.414529"	"0.000011"	"270000"	"2.21e+08"	"2.33e-01"	"0.37"	B+	"22637.1950"	"63876.325"	"3d6.(3F2).4s"	"b 4F"	"9/2"	"3d6.(3F2).4p"	"y 4G*"	"11/2"		"T6892c83"	"L18349c139"	
"242.42035"	"0.00003"	"242.420420"	"0.000010"	"2900"	"3.0e+07"	"3.3e-02"	"-0.57"	D+	"64286.354"	"105524.482"	"3d6.(3F2).4p"	"z 2F*"	"7/2"	"3d6.(3F2).4d"	"4H"	"9/2"		"T6892c83"	"L18349c139"	
"242.438957"	"0.000015"	"242.438960"	"0.000011"	"28000"	"1.61e+07"	"1.89e-02"	"-0.94"	B	"20830.5534"	"62065.528"	"3d6.(3P2).4s"	"b 4P"	"5/2"	"3d6.(3F2).4p"	"y 4F*"	"7/2"		"T7461"	"L18349c139"	
"242.4491"	"0.0005"	"242.449697"	"0.000010"	"800"	"2.9e+05"	"2.6e-04"	"-2.7"	E	"21711.8963"	"62945.045"	"3d6.(3H).4s"	"a 4H"	"7/2"	"3d6.(3F2).4p"	"x 4D*"	"7/2"		"T6892c83"	"L18349c142"	
"242.459265"	"0.000012"	"242.459274"	"0.000011"	"50000"	"1.24e+08"	"1.09e-01"	"-0.18"	C+	"31387.9788"	"72619.499"	"3d6.(3D).4s"	"b 4D"	"5/2"	"3d6.(3D).4p"	"w 4D*"	"5/2"		"T6892c83"	"L18349c139"	
"242.46509"	"0.00005"	"242.465008"	"0.000010"	"8000"	"6.6e+06"	"5.8e-03"	"-1.34"	C+	"22810.3459"	"64040.891"	"3d6.(3F2).4s"	"b 4F"	"7/2"	"3d6.(3F2).4p"	"y 4G*"	"7/2"		"T7461"	"L18349c139"	
"242.47768"	"0.00009"	"242.477695"	"0.000010"	"900"	"2.2e+07"	"2.0e-02"	"-0.71"	D+	"65696.053"	"106924.441"	"3d6.(3G).4p"	"x 4G*"	"9/2"	"3d6.(3F2).4d"	"2G"	"9/2"		"T6892c83"	"L18349c139"	
"242.53632"	"0.00003"	"242.536333"	"0.000012"	"13000"	"2.6e+07"	"1.5e-02"	"-1.04"	D+	"26055.4120"	"67273.833"	"3d6.(3G).4s"	"a 4G"	"5/2"	"3d6.(3F2).4p"	"y 2D*"	"3/2"		"T6892c83"	"L18349c139"	
"242.563758"	"0.000013"	"242.563758"	"0.000012"	"10000"	"2.32e+08"	"2.46e-01"	"0.39"	B+	"64831.951"	"106045.712"	"3d6.(3F2).4p"	"y 2G*"	"9/2"	"3d6.(3H).4d"	"2H"	"11/2"		"T6892c83"	"L18349c139"	
"242.568545"	"0.000018"	"242.568541"	"0.000011"	"21000"	"3.2e+07"	"4.2e-02"	"-0.77"	D+	"25787.5816"	"67000.530"	"3d6.(3P2).4s"	"b 2P"	"3/2"	"3d6.(3F2).4p"	"y 2D*"	"5/2"		"T6892c83"	"L18349c139"	
"242.59112"	"0.00005"	"242.591104"	"0.000013"	"7000"	"4.1e+06"	"4.8e-03"	"-1.54"	D+	"20516.9534"	"61726.069"	"3d7"	"a 2D2"	"5/2"	"3d6.(3P2).4p"	"y 4D*"	"7/2"		"T6892c83"	"L18349c139"	
"242.607745"	"0.000014"	"242.607740"	"0.000011"	"10000"	"1.50e+08"	"1.33e-01"	"0.12"	B+	"63948.803"	"105155.093"	"3d6.(3F2).4p"	"y 4G*"	"9/2"	"3d6.(3F2).4d"	"4G"	"9/2"		"T6892c83"	"L18349c139"	
"242.61935"	"0.00004"	"242.619340"	"0.000011"	"1900"	"6.5e+07"	"4.6e-02"	"-0.34"	C+	"65696.053"	"106900.373"	"3d6.(3G).4p"	"x 4G*"	"9/2"	"3d6.(3F2).4d"	"2G"	"7/2"		"T6892c83"	"L18349c148"	
"242.65696"	"0.00010"	"242.657010"	"0.000010"	"900"	"1.6e+06"	"1.1e-03"	"-2.1"	D	"64040.891"	"105238.815"	"3d6.(3F2).4p"	"y 4G*"	"7/2"	"3d6.(3P2).4d"	"2D"	"5/2"		"T6892c83"	"L18349c139"	
"242.68391"	"0.00012"	"242.683926"	"0.000010"	"800"	"1.1e+07"	"7.5e-03"	"-1.22"	D+	"64040.891"	"105234.246"	"3d6.(3F2).4p"	"y 4G*"	"7/2"	"3d6.(3P2).4d"	"4P"	"5/2"		"T6892c83"	"L18349c139"	
"242.70545"	"0.00002"	"242.705457"	"0.000011"	"16000"	"1.11e+08"	"6.5e-02"	"-0.41"	C+	"46967.4751"	"88157.176"	"3d6.(5D).4p"	"z 4P*"	"5/2"	"3d6.(5D).4d"	"4P"	"3/2"		"T6892c83"	"L18349c139"	
"242.719946"	"0.000015"	"242.719984"	"0.000011"	"9000"	"1.99e+08"	"1.76e-01"	"0.32"	B+	"63876.325"	"105063.561"	"3d6.(3F2).4p"	"y 4G*"	"11/2"	"3d6.(3F2).4d"	"4G"	"11/2"		"T6892c83"	"L18349c139"	
"242.72297"	"0.00004"	"242.722960"	"0.000011"	"1500"	"6.8e+07"	"6.0e-02"	"-0.22"	C+	"64831.951"	"106018.682"	"3d6.(3F2).4p"	"y 2G*"	"9/2"	"3d6.(3H).4d"	"2H"	"9/2"		"T6892c83"	"L18349c139"	
"242.728208"	"0.000016"	"242.728356"	"0.000011"	"29000"	"1.0e+08"	"5.6e-02"	"-0.47"	D+	"43238.6066"	"84424.422"	"3d6.(5D).4p"	"z 6P*"	"5/2"	"3d6.(5D).4d"	"6P"	"3/2"		"T6892c83"	"L18349c145"	
"242.75030"	"0.00004"	"242.750286"	"0.000018"	"1700"	"3.1e+07"	"5.5e-02"	"-0.96"	D+	"66248.647"	"107430.742"	"3d6.(3P2).4p"	"z 2S*"	"1/2"	"3d6.(3F2).4d"	"2D"	"3/2"		"T6892c83"	"L18349c139"	
"242.7808"	"0.0002"	"242.78076"	"0.00004"	"700"	"9.e+06"	"6.2e-03"	"-1.21"	D+	"58631.623"	"99808.549"	"3d6.(1G1).4s"	"d 2G"	"9/2"	"3d6.(1G1).4p"	"2G*"	"7/2"		"T6892c83"	"L18349c139"	
"242.7977"	"0.0005"	"242.796824"	"0.000011"	"170d?"	"7.e+05"	"5.e-04"	"-2.3"	D	"63948.803"	"105123.005"	"3d6.(3F2).4p"	"y 4G*"	"9/2"	"3d6.(3H).4d"	"2G"	"7/2"		"T6892c83"	"L18349c142"	
"242.80766"	"0.00014"	"242.807546"	"0.000013"	"1900"	"7.0e+05"	"5.2e-04"	"-2.207"	C	"20340.2461"	"61512.630"	"3d7"	"a 2H"	"11/2"	"3d6.(3H).4p"	"z 4I*"	"9/2"		"T7158"	"L18349c139"	
"242.829180"	"0.000012"	"242.829180"	"0.000011"	"40000"	"8.0e+07"	"7.1e-02"	"-0.24"	C+	"31483.1979"	"72651.914"	"3d6.(3D).4s"	"b 4D"	"7/2"	"3d6.(3D).4p"	"w 4D*"	"7/2"		"T6892c83"	"L18349c139"	
"242.836349"	"0.000012"	"242.836353"	"0.000011"	"190000"	"2.68e+08"	"2.97e-01"	"0.38"	B+	"31483.1979"	"72650.698"	"3d6.(3D).4s"	"b 4D"	"7/2"	"3d6.(3D).4p"	"w 4F*"	"9/2"		"T6892c83"	"L18349c139"	
"242.84564"	"0.00003"	"242.845699"	"0.000011"	"2700"	"2.2e+07"	"2.0e-02"	"-0.71"	D+	"65556.271"	"106722.187"	"3d6.(3H).4p"	"z 2H*"	"9/2"	"3d6.(3H).4d"	"4F"	"9/2"		"T6892c83"	"L18349c139"	
"242.85542"	"0.00004"	"242.855416"	"0.000011"	"2500"	"4.3e+07"	"5.1e-02"	"-0.51"	D+	"64425.405"	"105589.674"	"3d6.(3F2).4p"	"z 2F*"	"5/2"	"3d6.(3F2).4d"	"4H"	"7/2"		"T6892c83"	"L18349c139"	
"242.86167"	"0.00011"	"242.861705"	"0.000011"	"700"	"6.e+05"	"6.e-04"	"-2.4"	D	"64286.354"	"105449.557"	"3d6.(3F2).4p"	"z 2F*"	"7/2"	"3d6.(5D).5d"	"4G"	"7/2"		"T6892c83"	"L18349c139"	
"242.880002"	"0.000013"	"242.879983"	"0.000012"	"40000"	"1.38e+08"	"1.22e-01"	"-0.31"	C+	"31364.4554"	"72524.561"	"3d6.(3D).4s"	"b 4D"	"3/2"	"3d6.(3D).4p"	"w 4D*"	"3/2"		"T6892c83"	"L18349c139"	
"242.89684"	"0.00003"	"242.896840"	"0.000011"	"13000"	"1.1e+08"	"4.8e-02"	"-0.72"	D+	"42401.3198"	"83558.569"	"3d6.(5D).4p"	"z 6F*"	"3/2"	"3d6.(5D).4d"	"e 6F"	"1/2"		"T6892c83"	"L18349c139"	
"242.903588"	"0.000013"	"242.903576"	"0.000013"	"40000"	"1.23e+08"	"2.17e-01"	"-0.36"	C+	"31368.453"	"72524.561"	"3d6.(3D).4s"	"b 4D"	"1/2"	"3d6.(3D).4p"	"w 4D*"	"3/2"		"T6892c83"	"L18349c139"	
"242.915382"	"0.000013"	"242.915384"	"0.000010"	"35000"	"1.75e+08"	"1.16e-01"	"-0.03"	C+	"42658.2444"	"83812.352"	"3d6.(5D).4p"	"z 6P*"	"7/2"	"3d6.(5D).4d"	"6D"	"5/2"		"T6892c83"	"L18349c139"	
"242.938623"	"0.000012"	"242.938632"	"0.000011"	"50000"	"6.9e+07"	"6.1e-02"	"-0.61"	D+	"21812.0454"	"62962.215"	"3d6.(3P2).4s"	"b 4P"	"3/2"	"3d6.(3P2).4p"	"y 4D*"	"3/2"		"T6892c83"	"L18349c139"	
"242.95109"	"0.00005"	"242.951107"	"0.000011"	"8000"	"7.5e+06"	"6.6e-03"	"-1.40"	D+	"22939.3512"	"64087.408"	"3d6.(3F2).4s"	"b 4F"	"5/2"	"3d6.(3F2).4p"	"y 4G*"	"5/2"		"T6892c83"	"L18349c139"	
"242.9586"	"0.0005"	"242.958304"	"0.000011"	"170d,bl(Fe II)?*"	"4.1e+06"	"3.6e-03"	"-1.66"	D+	"64087.408"	"105234.246"	"3d6.(3F2).4p"	"y 4G*"	"5/2"	"3d6.(3P2).4d"	"4P"	"5/2"		"T6892c83"	"L18349c142"	
"242.98484"	"0.00003"	"242.98481"	"0.00004"	"4000"	"1.51e+08"	"1.33e-01"	"0.03"	C+	"58666.199"	"99808.549"	"3d6.(1G1).4s"	"d 2G"	"7/2"	"3d6.(1G1).4p"	"2G*"	"7/2"		"T6892c83"	"L18349c148"	
"242.986086"	"0.000013"	"242.986156"	"0.000011"	"11000"	"5.4e+07"	"4.0e-02"	"-0.32"	C+	"65580.065"	"106722.187"	"3d6.(3G).4p"	"x 4G*"	"11/2"	"3d6.(3H).4d"	"4F"	"9/2"		"T6892c83"	"L18349c139"	
"243.007802"	"0.000012"	"243.007804"	"0.000010"	"220000"	"1.91e+08"	"2.1e-01"	"0.23"	C+	"22810.3459"	"63948.803"	"3d6.(3F2).4s"	"b 4F"	"7/2"	"3d6.(3F2).4p"	"y 4G*"	"9/2"		"T7461"	"L18349c139"	
"243.04368"	"0.00003"	"243.043686"	"0.000011"	"2400"	"4.9e+06"	"5.1e-03"	"-1.22"	D+	"67516.328"	"108648.712"	"3d6.(3G).4p"	"y 2H*"	"11/2"	"3d6.(1I).5s"	"2I"	"13/2"		"T6892c83"	"L18349c139"	
"243.04656"	"0.00006"	"243.046541"	"0.000018"	"5000"	"1.2e+06"	"1.6e-03"	"-2.2"	D	"49506.922"	"90638.823"	"3d6.(3P1).4s"	"c 4P"	"3/2"	"3d6.(5D).5p"	"4D*"	"5/2"		"T6892c83"	"L18349c139"	
"243.08385"	"0.00005"	"243.08385"	"0.00005"	"4000"	"3.9e+07"	"3.5e-02"	"-0.46"	D+	"58631.623"	"99757.211"	"3d6.(1G1).4s"	"d 2G"	"9/2"	"3d5.(4G).4s.4p.(3P*)"	"2G*"	"9/2"		"T6892c83"	"L18349c139"	
"243.08823"	"0.00003"	"243.088058"	"0.000011"	"14000"	"9.e+07"	"5.4e-02"	"-0.49"	D+	"42334.8444"	"83459.721"	"3d6.(5D).4p"	"z 6F*"	"5/2"	"3d6.(5D).4d"	"e 6F"	"3/2"		"T6892c83"	"L18349c145"	
"243.09977"	"0.00005"	"243.099808"	"0.000018"	"6000"	"1.07e+08"	"9.5e-02"	"-0.42"	C+	"49506.922"	"90629.811"	"3d6.(3P1).4s"	"c 4P"	"3/2"	"3d6.(3P1).4p"	"4S*"	"3/2"		"T6892c83"	"L18349c139"	
"243.12445"	"0.00004"	"243.124470"	"0.000011"	"8000"	"6.8e+07"	"6.0e-02"	"-0.92"	D+	"42439.8511"	"83558.569"	"3d6.(5D).4p"	"z 6F*"	"1/2"	"3d6.(5D).4d"	"e 6F"	"1/2"		"T6892c83"	"L18349c139"	
"243.14803"	"0.00015"	"243.147888"	"0.000011"	"500"	"4.5e+06"	"4.8e-03"	"-1.32"	D+	"63948.803"	"105063.561"	"3d6.(3F2).4p"	"y 4G*"	"9/2"	"3d6.(3F2).4d"	"4G"	"11/2"		"T6892c83"	"L18349c139"	
"243.15111"	"0.00018"	"243.151176"	"0.000011"	"400"	"1.5e+06"	"1.7e-03"	"-1.9"	D	"64040.891"	"105155.093"	"3d6.(3F2).4p"	"y 4G*"	"7/2"	"3d6.(3F2).4d"	"4G"	"9/2"		"T6892c83"	"L18349c139"	
"243.18282"	"0.00004"	"243.182835"	"0.000011"	"2800"	"7.3e+07"	"5.2e-02"	"-0.29"	C+	"62083.118"	"103191.968"	"3d6.(3H).4p"	"z 2G*"	"9/2"	"3d6.(3P2).4d"	"2F"	"7/2"		"T6892c83"	"L18349c139"	
"243.1967"	"0.0005"	"243.195880"	"0.000014"	"190d?"	"2.0e+06"	"1.3e-03"	"-2.0"	D	"62065.528"	"103172.173"	"3d6.(3F2).4p"	"y 4F*"	"7/2"	"3d6.(3G).5s"	"f 4G"	"5/2"		"T6892c83"	"L18349c142"	
"243.20320"	"0.00002"	"243.203199"	"0.000013"	"3300"	"8.e+07"	"4.5e-02"	"-0.57"	D+	"67000.530"	"108105.938"	"3d6.(3F2).4p"	"y 2D*"	"5/2"	"3d6.(3F2).4d"	"2P"	"3/2"		"T6892c83"	"L18349c139"	
"243.226088"	"0.000012"	"243.226090"	"0.000011"	"150000"	"1.57e+08"	"1.86e-01"	"0.05"	C+	"22939.3512"	"64040.891"	"3d6.(3F2).4s"	"b 4F"	"5/2"	"3d6.(3F2).4p"	"y 4G*"	"7/2"		"T7461"	"L18349c139"	
"243.23643"	"0.00005"	"243.236434"	"0.000011"	"2500"	"2.5e+07"	"2.8e-02"	"-0.65"	D+	"62065.528"	"103165.320"	"3d6.(3F2).4p"	"y 4F*"	"7/2"	"3d6.(3P2).4d"	"4F"	"9/2"		"T6892c83"	"L18349c139"	
"243.24170"	"0.00005"	"243.241814"	"0.000011"	"1500bl(Fe I)"	"1.7e+07"	"1.1e-02"	"-1.05"	D+	"65109.691"	"106208.574"	"3d6.(3F2).4p"	"y 2G*"	"7/2"	"3d6.(3F2).4d"	"2F"	"5/2"		"T6892c83"	"L18349c148"	
"243.27002"	"0.00008"	"243.270008"	"0.000018"	"4000"	"8.e+06"	"6.2e-03"	"-1.06"	D+	"32875.6409"	"73969.761"	"3d6.(1I).4s"	"a 2I"	"13/2"	"3d6.(1I).4p"	"y 2I*"	"11/2"		"T6892c83"	"L18349c139"	
"243.27900"	"0.00008"	"243.279121"	"0.000018"	"5000"	"9.e+06"	"1.0e-02"	"-1.10"	D+	"31999.049"	"73091.630"	"3d7"	"b 2F"	"7/2"	"3d6.(1G2).4p"	"w 2G*"	"9/2"		"T6892c83"	"L18349c139"	
"243.287288"	"0.000012"	"243.287285"	"0.000011"	"100000"	"2.86e+08"	"2.54e-01"	"0.55"	B+	"32875.6409"	"73966.843"	"3d6.(1I).4s"	"a 2I"	"13/2"	"3d6.(1I).4p"	"y 2I*"	"13/2"		"T6892c83"	"L18349c139"	
"243.30410"	"0.00003"	"243.304112"	"0.000011"	"10000"	"4.1e+07"	"3.6e-02"	"-0.66"	D+	"43238.6066"	"84326.967"	"3d6.(5D).4p"	"z 6P*"	"5/2"	"3d6.(5D).4d"	"6P"	"5/2"		"T6892c83"	"L18349c139"	
"243.34352"	"0.00008"	"243.343525"	"0.000018"	"5000"	"4.4e+07"	"2.6e-02"	"-0.81"	C+	"38164.220"	"79245.926"	"3d6.(1D2).4s"	"c 2D"	"5/2"	"3d5.(6S).4s.4p.(1P*)"	"x 6P*"	"3/2"		"T6370,T6892c83"	"L18349c139"	
"243.34987"	"0.00002"	"243.349859"	"0.000012"	"18000"	"1.30e+07"	"1.39e-02"	"-0.858"	C+	"21581.6151"	"62662.252"	"3d6.(3H).4s"	"a 4H"	"9/2"	"3d6.(3H).4p"	"z 2I*"	"11/2"		"T7158"	"L18349c139"	
"243.35822"	"0.00006"	"243.358123"	"0.000018"	"5000bl(Ne)"	"6.6e+07"	"3.9e-02"	"-0.63"	C+	"38164.220"	"79243.462"	"3d6.(1D2).4s"	"c 2D"	"5/2"	"3d6.(1D2).4p"	"w 2P*"	"3/2"		"T6370,T6892c83"	"L18349c148"	
"243.37560"	"0.00005"	"243.375649"	"0.000012"	"2400"	"1.3e+06"	"9.e-04"	"-2.2"	D	"61726.069"	"102802.353"	"3d6.(3P2).4p"	"y 4D*"	"7/2"	"3d6.(5D).6s"	"4D"	"5/2"		"T6892c83"	"L18349c139"	
"243.405926"	"0.000012"	"243.405875"	"0.000012"	"70000bl(Fe II)*"	"7.2e+07"	"4.8e-02"	"-0.41"	C+	"42237.0575"	"83308.241"	"3d6.(5D).4p"	"z 6F*"	"7/2"	"3d6.(5D).4d"	"e 6F"	"5/2"		"T6892c83"	"L18349c148"	
"243.405926"	"0.000012"	"243.405937"	"0.000012"	"70000bl(Fe II)*"	"5.8e+07"	"4.1e-02"	"-0.39"	C+	"65696.053"	"106767.226"	"3d6.(3G).4p"	"x 4G*"	"9/2"	"3d6.(3F2).4d"	"4F"	"7/2"		"T6892c83"	"L18349c148"	
"243.423730"	"0.000012"	"243.423727"	"0.000010"	"80000"	"2.01e+08"	"2.24e-01"	"0.253"	C+	"42658.2444"	"83726.416"	"3d6.(5D).4p"	"z 6P*"	"7/2"	"3d6.(5D).4d"	"6D"	"9/2"		"T7186"	"L18349c139"	
"243.46204"	"0.00006"	"243.462060"	"0.000012"	"1500"	"2.5e+07"	"3.3e-02"	"-0.88"	D+	"62962.215"	"104023.921"	"3d6.(3P2).4p"	"y 4D*"	"3/2"	"3d6.(5D).5d"	"4F"	"5/2"		"T6892c83"	"L18349c139"	
"243.464872"	"0.000014"	"243.46493"	"0.00003"	"33000bl(Fe II)*"	"2.6e+08"	"2.3e-01"	"-0.33"	C+	"31368.453"	"72429.675"	"3d6.(3D).4s"	"b 4D"	"1/2"	"3d6.(3D).4p"	"w 4D*"	"1/2"		"T6892c83"	"L18349c148"	
"243.472903"	"0.000012"	"243.472900"	"0.000013"	"80000"	"2.79e+08"	"2.48e-01"	"0.47"	B+	"32909.883"	"73969.761"	"3d6.(1I).4s"	"a 2I"	"11/2"	"3d6.(1I).4p"	"y 2I*"	"11/2"		"T6892c83"	"L18349c139"	
"243.48171"	"0.00004"	"243.481658"	"0.000012"	"9000"	"3.6e+07"	"3.2e-02"	"-0.90"	D+	"42401.3198"	"83459.721"	"3d6.(5D).4p"	"z 6F*"	"3/2"	"3d6.(5D).4d"	"e 6F"	"3/2"		"T6892c83"	"L18349c139"	
"243.48769"	"0.00007"	"243.487750"	"0.000012"	"1600"	"1.0e+07"	"7.5e-03"	"-0.98"	D+	"61527.610"	"102584.984"	"3d6.(3H).4p"	"z 4I*"	"13/2"	"3d6.(3G).5s"	"f 4G"	"11/2"		"T6892c83"	"L18349c139"	
"243.49018"	"0.00005"	"243.490205"	"0.000018"	"7000"	"1.1e+07"	"1.1e-02"	"-0.88"	D+	"32909.883"	"73966.843"	"3d6.(1I).4s"	"a 2I"	"11/2"	"3d6.(1I).4p"	"y 2I*"	"13/2"		"T6892c83"	"L18349c139"	
"243.495154"	"0.000012"	"243.495157"	"0.000012"	"100000"	"1.39e+08"	"1.86e-01"	"-0.13"	C+	"23031.2829"	"64087.408"	"3d6.(3F2).4s"	"b 4F"	"3/2"	"3d6.(3F2).4p"	"y 4G*"	"5/2"		"T6892c83"	"L18349c139"	
"243.499838"	"0.000012"	"243.499822"	"0.000011"	"70000bl(Fe II)*"	"2.02e+08"	"1.79e-01"	"0.157"	C+	"42658.2444"	"83713.583"	"3d6.(5D).4p"	"z 6P*"	"7/2"	"3d6.(5D).4d"	"6D"	"7/2"		"T7186"	"L18349c148"	
"243.499838"	"0.000012"	"243.499955"	"0.000013"	"70000bl(Fe II)*"	"1.8e+06"	"3.2e-03"	"-2.2"	D	"22409.8178"	"63465.134"	"3d6.(3P2).4s"	"b 4P"	"1/2"	"3d6.(3F2).4p"	"x 4D*"	"3/2"		"T6892c83"	"L18349c148"	
"243.5405"	"0.0005"	"243.540624"	"0.000010"	"290d?"	"1.7e+06"	"1.2e-03"	"-2.0"	D	"44446.9051"	"85495.366"	"3d6.(5D).4p"	"z 4D*"	"7/2"	"3d6.(5D).4d"	"6S"	"5/2"		"T6892c83"	"L18349c142"	
"243.5608"	"0.0005"	"243.560709"	"0.000012"	"170d?"	"9.e+05"	"7.e-04"	"-2.2"	D	"63948.803"	"104993.879"	"3d6.(3F2).4p"	"y 4G*"	"9/2"	"3d6.(3F2).4d"	"4D"	"7/2"		"T6892c83"	"L18349c142"	
"243.58134"	"0.00012"	"243.581377"	"0.000012"	"2400"	"1.0e+06"	"9.e-04"	"-1.9"	D	"21251.5833"	"62293.177"	"3d6.(3H).4s"	"a 4H"	"13/2"	"3d6.(3H).4p"	"z 2I*"	"13/2"		"T6892c83"	"L18349c139"	
"243.60681"	"0.00010"	"243.606740"	"0.000012"	"1000"	"1.6e+06"	"1.4e-03"	"-1.9"	D	"62065.528"	"103102.849"	"3d6.(3F2).4p"	"y 4F*"	"7/2"	"3d6.(3P2).4d"	"4D"	"7/2"		"T6892c83"	"L18349c139"	
"243.62190"	"0.00003"	"243.621988"	"0.000012"	"11000"	"7.0e+06"	"6.2e-03"	"-1.13"	D+	"25428.7893"	"66463.542"	"3d6.(3G).4s"	"a 4G"	"11/2"	"3d6.(3G).4p"	"y 4H*"	"11/2"		"T6892c83"	"L18349c139"	
"243.64182"	"0.00009"	"243.641759"	"0.000018"	"2400"	"1.4e+07"	"1.2e-02"	"-1.31"	D+	"38214.503"	"79245.926"	"3d6.(1D2).4s"	"c 2D"	"3/2"	"3d5.(6S).4s.4p.(1P*)"	"x 6P*"	"3/2"		"T6370,T6892c83"	"L18349c139"	
"243.65661"	"0.00013"	"243.656392"	"0.000018"	"2400"	"2.0e+07"	"1.8e-02"	"-1.14"	D+	"38214.503"	"79243.462"	"3d6.(1D2).4s"	"c 2D"	"3/2"	"3d6.(1D2).4p"	"w 2P*"	"3/2"		"T6370,T6892c83"	"L18349c139"	
"243.662163"	"0.000012"	"243.662163"	"0.000010"	"90000"	"2.70e+08"	"3.21e-01"	"0.284"	C+	"43238.6066"	"84266.594"	"3d6.(5D).4p"	"z 6P*"	"5/2"	"3d6.(5D).4d"	"6P"	"7/2"		"T7186"	"L18349c139"	
"243.67319"	"0.00003"	"243.673171"	"0.000012"	"2900"	"1.4e+07"	"1.2e-02"	"-0.92"	D+	"65696.053"	"106722.187"	"3d6.(3G).4p"	"x 4G*"	"9/2"	"3d6.(3H).4d"	"4F"	"9/2"		"T6892c83"	"L18349c139"	
"243.699621"	"0.000016"	"243.699690"	"0.000010"	"13000bl(Fe II)*"	"6.6e+07"	"4.7e-02"	"-0.33"	C+	"42114.8380"	"83136.508"	"3d6.(5D).4p"	"z 6F*"	"9/2"	"3d6.(5D).4d"	"e 6F"	"7/2"		"T6892c83"	"L18349c148"	
"243.699621"	"0.000016"	"243.69990"	"0.00010"	"13000bl(Fe II)*"	"2.20e+08"	"1.96e-01"	"0.29"	B+	"58631.623"	"99653.257"	"3d6.(1G1).4s"	"d 2G"	"9/2"	"3d6.(1G1).4p"	"2G*"	"9/2"		"T6892c83"	"L18349c148"	
"243.71040"	"0.00005"	"243.710385"	"0.000012"	"8000"	"3.2e+07"	"5.8e-02"	"-0.94"	D+	"42439.8511"	"83459.721"	"3d6.(5D).4p"	"z 6F*"	"1/2"	"3d6.(5D).4d"	"e 6F"	"3/2"		"T6892c83"	"L18349c139"	
"243.71623"	"0.00003"	"243.716238"	"0.000012"	"12000"	"1.7e+07"	"1.1e-02"	"-1.04"	D+	"25981.6451"	"67000.530"	"3d6.(3G).4s"	"a 4G"	"7/2"	"3d6.(3F2).4p"	"y 2D*"	"5/2"		"T6892c83"	"L18349c139"	
"243.720356"	"0.000012"	"243.720356"	"0.000012"	"60000"	"2.88e+08"	"2.57e-01"	"0.19"	B+	"46967.4751"	"87985.667"	"3d6.(5D).4p"	"z 4P*"	"5/2"	"3d6.(5D).4d"	"4P"	"5/2"		"T6892c83"	"L18349c139"	
"243.72720"	"0.00003"	"243.727286"	"0.000013"	"11000"	"2.0e+07"	"9.e-03"	"-1.45"	D+	"21812.0454"	"62829.071"	"3d6.(3P2).4s"	"b 4P"	"3/2"	"3d6.(3P2).4p"	"y 4D*"	"1/2"		"T6892c83"	"L18349c148"	
"243.73340"	"0.00004"	"243.733370"	"0.000010"	"9000"	"2.0e+07"	"1.8e-02"	"-0.84"	D+	"44446.9051"	"85462.907"	"3d6.(5D).4p"	"z 4D*"	"7/2"	"3d6.(5D).4d"	"e 4G"	"7/2"		"T6892c83"	"L18349c139"	
"243.74880"	"0.00007"	"243.748679"	"0.000012"	"1000"	"9.e+06"	"1.6e-02"	"-1.49"	D+	"63559.498"	"104572.924"	"3d6.(3F2).4p"	"x 4D*"	"1/2"	"3d6.(3P2).4d"	"4F"	"3/2"		"T6892c83"	"L18349c139"	
"243.765195"	"0.000020"	"243.765196"	"0.000012"	"20000"	"4.9e+07"	"3.7e-02"	"-0.36"	C+	"41968.0698"	"82978.717"	"3d6.(5D).4p"	"z 6F*"	"11/2"	"3d6.(5D).4d"	"e 6F"	"9/2"		"T6892c83"	"L18349c139"	
"243.7865"	"0.0005"	"243.785725"	"0.000012"	"190d?"	"6.3e+06"	"5.6e-03"	"-1.25"	D+	"62158.126"	"103165.320"	"3d6.(3F2).4p"	"y 4F*"	"9/2"	"3d6.(3P2).4d"	"4F"	"9/2"		"T6892c83"	"L18349c142"	
"243.80090"	"0.00011"	"243.800791"	"0.000012"	"700"	"3.7e+06"	"3.3e-03"	"-1.58"	D+	"64286.354"	"105291.014"	"3d6.(3F2).4p"	"z 2F*"	"7/2"	"3d6.(3F2).4d"	"4G"	"7/2"		"T6892c83"	"L18349c139"	
"243.8056"	"0.0005"	"243.80592"	"0.00003"	"220d?"	"1.3e+07"	"9.e-03"	"-1.04"	D+	"58631.623"	"99635.420"	"3d6.(1G1).4s"	"d 2G"	"9/2"	"3d5.(4G).4s.4p.(3P*)"	"2G*"	"7/2"		"T6892c83"	"L18349c142"	
"243.85191"	"0.00007"	"243.851963"	"0.000014"	"5000"	"4.0e+06"	"2.4e-03"	"-1.8"	D	"50212.836"	"91208.892"	"3d6.(3P1).4s"	"c 4P"	"5/2"	"3d6.(5D).5p"	"4F*"	"3/2"		"T6892c83"	"L18349c139"	
"243.8615"	"0.0005"	"243.860356"	"0.000018"	"400d?"	"1.0e+06"	"1.4e-03"	"-2.3"	D	"50075.921"	"91070.566"	"3d6.(3F1).4s"	"c 4F"	"3/2"	"3d6.(5D).5p"	"4F*"	"5/2"		"T6892c83"	"L18349c143"	
"243.8657"	"0.0005"	"243.866002"	"0.000012"	"230d,bl(Fe II)?*"	"1.3e+06"	"1.4e-03"	"-1.9"	D	"62171.624"	"103165.320"	"3d5.(6S).4s.4p.(3P*)"	"y 6P*"	"7/2"	"3d6.(3P2).4d"	"4F"	"9/2"		"T6892c83"	"L18349c143"	
"243.90548"	"0.00009"	"243.90550"	"0.00009"	"1600"	"1.6e+07"	"1.8e-02"	"-0.85"	D+	"58666.199"	"99653.257"	"3d6.(1G1).4s"	"d 2G"	"7/2"	"3d6.(1G1).4p"	"2G*"	"9/2"		"T6892c83"	"L18349c139"	
"243.930114"	"0.000012"	"243.930113"	"0.000012"	"290000"	"2.25e+08"	"2.34e-01"	"0.45"	B+	"25428.7893"	"66411.712"	"3d6.(3G).4s"	"a 4G"	"11/2"	"3d6.(3G).4p"	"y 4H*"	"13/2"		"T6892c83"	"L18349c139"	
"243.9453"	"0.0005"	"243.944519"	"0.000010"	"300d,bl(Fe II)*"	"1.2e+06"	"8.e-04"	"-2.1"	D	"38458.9934"	"79439.496"	"3d6.(5D).4p"	"z 6D*"	"9/2"	"3d6.(5D).5s"	"e 4D"	"7/2"		"T6892c83"	"L18349c143"	
"243.9453"	"0.0005"	"243.94612"	"0.00004"	"300d,bl(Fe II)*"	"2.3e+06"	"2.7e-03"	"-1.8"	D	"57411.086"	"98391.320"	"3d5.4s2"	"d 4P"	"5/2"	"3d5.(4D).4s.4p.(3P*)"	"4D*"	"7/2"		"T6892c83"	"L18349c143"	
"243.98682"	"0.00004"	"243.986829"	"0.000012"	"10000"	"3.8e+07"	"3.4e-02"	"-0.69"	D+	"42334.8444"	"83308.241"	"3d6.(5D).4p"	"z 6F*"	"5/2"	"3d6.(5D).4d"	"e 6F"	"5/2"		"T6892c83"	"L18349c139"	
"244.042397"	"0.000012"	"244.042400"	"0.000011"	"70000"	"1.18e+08"	"1.41e-01"	"-0.07"	C+	"31387.9788"	"72352.046"	"3d6.(3D).4s"	"b 4D"	"5/2"	"3d6.(3D).4p"	"w 4F*"	"7/2"		"T6892c83"	"L18349c139"	
"244.044328"	"0.000017"	"244.044320"	"0.000013"	"3400"	"1.44e+08"	"1.29e-01"	"0.01"	C+	"69606.567"	"110570.312"	"3d6.(3G).4p"	"y 2F*"	"7/2"	"3d6.(3G).4d"	"2F"	"7/2"		"T6892c83"	"L18349c139"	
"244.058635"	"0.000015"	"244.058596"	"0.000013"	"4000bl(Fe II)*"	"2.65e+08"	"2.36e-01"	"0.15"	B+	"69650.481"	"110611.830"	"3d6.(3G).4p"	"y 2F*"	"5/2"	"3d6.(3G).4d"	"2F"	"5/2"		"T6892c83"	"L18349c148"	
"244.0899"	"0.0003"	"244.089854"	"0.000013"	"500"	"6.3e+06"	"4.5e-03"	"-1.35"	D+	"62083.118"	"103039.222"	"3d6.(3H).4p"	"z 2G*"	"9/2"	"3d6.(3G).5s"	"f 4G"	"7/2"		"T6892c83"	"L18349c139"	
"244.11131"	"0.00006"	"244.111569"	"0.000012"	"900"	"2.1e+06"	"1.4e-03"	"-1.9"	D	"64286.354"	"105238.815"	"3d6.(3F2).4p"	"z 2F*"	"7/2"	"3d6.(3P2).4d"	"2D"	"5/2"		"T6892c83"	"L18349c145"	
"244.112917"	"0.000014"	"244.112927"	"0.000010"	"34000"	"8.95e+07"	"8.00e-02"	"-0.097"	C+	"44232.5398"	"85184.773"	"3d6.(5D).4p"	"z 4F*"	"9/2"	"3d6.(5D).4d"	"e 4G"	"9/2"		"T7186"	"L18349c139"	
"244.14059"	"0.00006"	"244.140610"	"0.000012"	"1100"	"5.4e+06"	"5.7e-03"	"-1.17"	D+	"67516.328"	"108463.918"	"3d6.(3G).4p"	"y 2H*"	"11/2"	"3d6.(3G).4d"	"4I"	"13/2"		"T6892c83"	"L18349c139"	
"244.15533"	"0.00005"	"244.155350"	"0.000012"	"5000"	"4.5e+06"	"4.0e-03"	"-1.62"	D+	"26055.4120"	"67000.530"	"3d6.(3G).4s"	"a 4G"	"5/2"	"3d6.(3F2).4p"	"y 2D*"	"5/2"		"T6892c83"	"L18349c139"	
"244.16187"	"0.00004"	"244.161659"	"0.000010"	"6000"	"2.0e+06"	"1.2e-03"	"-2.1"	D	"44784.7859"	"85728.846"	"3d6.(5D).4p"	"z 4D*"	"5/2"	"3d6.(5D).4d"	"4S"	"3/2"		"T6892c83"	"L18349c145"	
"244.16463"	"0.00004"	"244.164606"	"0.000011"	"2900bl(Fe II)*"	"3.7e+07"	"2.6e-02"	"-0.58"	D+	"64831.951"	"105775.517"	"3d6.(3F2).4p"	"y 2G*"	"9/2"	"3d6.(3F2).4d"	"2F"	"7/2"		"T6892c83"	"L18349c148"	
"244.213243"	"0.000014"	"244.213245"	"0.000011"	"8000"	"7.5e+07"	"5.0e-02"	"-0.39"	C+	"65931.358"	"106866.770"	"3d6.(3G).4p"	"x 4G*"	"7/2"	"3d6.(3F2).4d"	"4F"	"5/2"		"T6892c83"	"L18349c139"	
"244.22015"	"0.00009"	"244.220142"	"0.000012"	"900"	"1.3e+07"	"1.2e-02"	"-1.03"	D+	"64286.354"	"105220.610"	"3d6.(3F2).4p"	"z 2F*"	"7/2"	"3d6.(3H).4d"	"4F"	"7/2"		"T6892c83"	"L18349c139"	
"244.237568"	"0.000012"	"244.237572"	"0.000012"	"14000"	"2.75e+08"	"2.96e-01"	"0.47"	B+	"64831.951"	"105763.286"	"3d6.(3F2).4p"	"y 2G*"	"9/2"	"3d6.(3F2).4d"	"2H"	"11/2"		"T6892c83"	"L18349c139"	
"244.25877"	"0.00005"	"244.258937"	"0.000015"	"4000"	"3.5e+06"	"3.1e-03"	"-1.73"	D+	"50142.811"	"91070.566"	"3d6.(3F1).4s"	"c 4F"	"5/2"	"3d6.(5D).5p"	"4F*"	"5/2"		"T6892c83"	"L18349c148"	
"244.26979"	"0.00014"	"244.269788"	"0.000010"	"2400"	"4.6e+06"	"3.1e-03"	"-1.61"	D+	"44753.8179"	"85679.755"	"3d6.(5D).4p"	"z 4F*"	"7/2"	"3d6.(5D).4d"	"e 4G"	"5/2"		"T6892c83"	"L18349c139"	
"244.30622"	"0.00003"	"244.306241"	"0.000014"	"1600"	"5.1e+07"	"6.1e-02"	"-0.44"	D+	"69650.481"	"110570.312"	"3d6.(3G).4p"	"y 2F*"	"5/2"	"3d6.(3G).4d"	"2F"	"7/2"		"T6892c83"	"L18349c139"	
"244.370978"	"0.000012"	"244.370981"	"0.000012"	"19000"	"1.44e+08"	"1.61e-01"	"0.11"	C+	"65109.691"	"106018.682"	"3d6.(3F2).4p"	"y 2G*"	"7/2"	"3d6.(3H).4d"	"2H"	"9/2"		"T6892c83"	"L18349c139"	
"244.37447"	"0.00015"	"244.374321"	"0.000018"	"500"	"4.0e+06"	"2.4e-03"	"-1.8"	D	"66522.310"	"107430.742"	"3d6.(3G).4p"	"x 4F*"	"5/2"	"3d6.(3F2).4d"	"2D"	"3/2"		"T6892c83"	"L18349c139"	
"244.38340"	"0.00004"	"244.383347"	"0.000011"	"10000"	"2.8e+07"	"3.8e-02"	"-0.82"	D+	"42401.3198"	"83308.241"	"3d6.(5D).4p"	"z 6F*"	"3/2"	"3d6.(5D).4d"	"e 6F"	"5/2"		"T6892c83"	"L18349c139"	
"244.39244"	"0.00015"	"244.392352"	"0.000015"	"1900"	"1.6e+07"	"1.0e-02"	"-1.24"	D+	"50142.811"	"91048.225"	"3d6.(3F1).4s"	"c 4F"	"5/2"	"3d6.(3P1).5p"	"4P*"	"3/2"		"T6892c83"	"L18349c139"	
"244.42799"	"0.00002"	"244.427989"	"0.000011"	"16000"	"4.9e+07"	"4.4e-02"	"-0.45"	D+	"42237.0575"	"83136.508"	"3d6.(5D).4p"	"z 6F*"	"7/2"	"3d6.(5D).4d"	"e 6F"	"7/2"		"T6892c83"	"L18349c139"	
"244.451511"	"0.000012"	"244.451510"	"0.000012"	"280000"	"2.78e+08"	"3.32e-01"	"0.30"	B+	"20830.5534"	"61726.069"	"3d6.(3P2).4s"	"b 4P"	"5/2"	"3d6.(3P2).4p"	"y 4D*"	"7/2"		"T6892c83"	"L18349c139"	
"244.45465"	"0.00003"	"244.454777"	"0.000010"	"10000"	"1.9e+07"	"1.7e-02"	"-1.00"	D+	"44784.7859"	"85679.755"	"3d6.(5D).4p"	"z 4D*"	"5/2"	"3d6.(5D).4d"	"e 4G"	"5/2"		"T6892c83"	"L18349c145"	
"244.47232"	"0.00011"	"244.472557"	"0.000012"	"700"	"6.5e+06"	"3.9e-03"	"-1.63"	D+	"64425.405"	"105317.400"	"3d6.(3F2).4p"	"z 2F*"	"5/2"	"3d6.(3P2).4d"	"2P"	"3/2"		"T6892c83"	"L18349c139"	
"244.48967"	"0.00007"	"244.489664"	"0.000011"	"1400"	"2.7e+07"	"2.4e-02"	"-0.54"	D+	"63876.325"	"104765.459"	"3d6.(3F2).4p"	"y 4G*"	"11/2"	"3d6.(3H).4d"	"2I"	"11/2"		"T6892c83"	"L18349c139"	
"244.510618"	"0.000012"	"244.510594"	"0.000012"	"120000"	"2.03e+08"	"1.82e-01"	"0.34"	B+	"41968.0698"	"82853.704"	"3d6.(5D).4p"	"z 6F*"	"11/2"	"3d6.(5D).4d"	"e 6F"	"11/2"		"T6892c83"	"L18349c139"	
"244.511363"	"0.000018"	"244.511349"	"0.000012"	"4000"	"4.4e+07"	"4.0e-02"	"-0.62"	D+	"66522.310"	"107407.818"	"3d6.(3G).4p"	"x 4F*"	"5/2"	"3d6.(3F2).4d"	"2D"	"5/2"		"T6892c83"	"L18349c139"	
"244.557290"	"0.000012"	"244.557287"	"0.000011"	"170000"	"2.07e+08"	"2.8e-01"	"0.05"	C+	"21812.0454"	"62689.874"	"3d6.(3P2).4s"	"b 4P"	"3/2"	"3d6.(3P2).4p"	"y 4D*"	"5/2"		"T6892c83"	"L18349c139"	
"244.579540"	"0.000012"	"244.579546"	"0.000012"	"50000"	"1.23e+08"	"1.65e-01"	"-0.18"	C+	"31364.4554"	"72238.564"	"3d6.(3D).4s"	"b 4D"	"3/2"	"3d6.(3D).4p"	"w 4F*"	"5/2"		"T6892c83"	"L18349c139"	
"244.59454"	"0.00006"	"244.594523"	"0.000011"	"1000"	"1.7e+07"	"1.5e-02"	"-0.75"	D+	"67516.328"	"108387.934"	"3d6.(3G).4p"	"y 2H*"	"11/2"	"3d6.(3G).4d"	"4H"	"11/2"		"T6892c83"	"L18349c139"	
"244.611024"	"0.000012"	"244.611029"	"0.000011"	"60000"	"1.06e+08"	"9.5e-02"	"-0.12"	C+	"31483.1979"	"72352.046"	"3d6.(3D).4s"	"b 4D"	"7/2"	"3d6.(3D).4p"	"w 4F*"	"7/2"		"T6892c83"	"L18349c139"	
"244.62202"	"0.00010"	"244.622038"	"0.000012"	"2400"	"1.7e+06"	"1.2e-03"	"-1.9"	D	"25805.3270"	"66672.336"	"3d6.(3G).4s"	"a 4G"	"9/2"	"3d6.(3G).4p"	"y 4H*"	"7/2"		"T6892c83"	"L18349c139"	
"244.632128"	"0.000017"	"244.632143"	"0.000012"	"5000"	"2.6e+07"	"1.7e-02"	"-0.85"	D+	"65931.358"	"106796.679"	"3d6.(3G).4p"	"x 4G*"	"7/2"	"3d6.(5D).5d"	"4P"	"5/2"		"T6892c83"	"L18349c139"	
"244.640772"	"0.000013"	"244.640777"	"0.000010"	"40000"	"1.00e+08"	"9.0e-02"	"-0.05"	C+	"42114.8380"	"82978.717"	"3d6.(5D).4p"	"z 6F*"	"9/2"	"3d6.(5D).4d"	"e 6F"	"9/2"		"T6892c83"	"L18349c139"	
"244.64530"	"0.00003"	"244.645117"	"0.000012"	"1200"	"3.2e+06"	"1.9e-03"	"-1.9"	D	"64425.405"	"105288.559"	"3d6.(3F2).4p"	"z 2F*"	"5/2"	"3d6.(5D).5d"	"6G"	"3/2"		"T6892c83"	"L18349c145"	
"244.647114"	"0.000012"	"244.647114"	"0.000012"	"40000"	"3.0e+07"	"3.1e-02"	"-0.42"	C+	"21430.3564"	"62293.177"	"3d6.(3H).4s"	"a 4H"	"11/2"	"3d6.(3H).4p"	"z 2I*"	"13/2"		"T6892c83"	"L18349c139"	
"244.67763"	"0.00005"	"244.677597"	"0.000013"	"6000"	"7.1e+06"	"6.4e-03"	"-1.41"	D+	"50212.836"	"91070.566"	"3d6.(3P1).4s"	"c 4P"	"5/2"	"3d6.(5D).5p"	"4F*"	"5/2"		"T6892c83"	"L18349c139"	
"244.720390"	"0.000012"	"244.720395"	"0.000012"	"50000"	"1.15e+08"	"1.04e-01"	"-0.21"	C+	"31387.9788"	"72238.564"	"3d6.(3D).4s"	"b 4D"	"5/2"	"3d6.(3D).4p"	"w 4F*"	"5/2"		"T6892c83"	"L18349c139"	
"244.732682"	"0.000014"	"244.732687"	"0.000018"	"31000"	"2.6e+08"	"1.15e-01"	"-0.34"	C+	"31364.4554"	"72212.989"	"3d6.(3D).4s"	"b 4D"	"3/2"	"3d6.(3D).4p"	"w 4P*"	"1/2"		"T6892c83"	"L18349c139"	
"244.75666"	"0.00007"	"244.756641"	"0.000018"	"5000"	"7.e+06"	"7.e-03"	"-1.9"	D	"31368.453"	"72212.989"	"3d6.(3D).4s"	"b 4D"	"1/2"	"3d6.(3D).4p"	"w 4P*"	"1/2"		"T6892c83"	"L18349c139"	
"244.775491"	"0.000012"	"244.775478"	"0.000018"	"40000"	"1.97e+08"	"1.48e-01"	"0.25"	B+	"32909.883"	"73751.276"	"3d6.(1I).4s"	"a 2I"	"11/2"	"3d6.(1I).4p"	"w 2H*"	"9/2"		"T6892c83"	"L18349c148"	
"244.80392"	"0.00009"	"244.803904"	"0.000012"	"1100"	"1.2e+07"	"1.1e-02"	"-1.07"	D+	"64286.354"	"105123.005"	"3d6.(3F2).4p"	"z 2F*"	"7/2"	"3d6.(3H).4d"	"2G"	"7/2"		"T6892c83"	"L18349c139"	
"244.80853"	"0.00007"	"244.808598"	"0.000011"	"800"	"3.6e+06"	"3.3e-03"	"-1.58"	D+	"65931.358"	"106767.226"	"3d6.(3G).4p"	"x 4G*"	"7/2"	"3d6.(3F2).4d"	"4F"	"7/2"		"T6892c83"	"L18349c139"	
"244.81146"	"0.00002"	"244.811470"	"0.000013"	"16000"	"8.e+07"	"4.6e-02"	"-0.56"	D+	"50212.836"	"91048.225"	"3d6.(3P1).4s"	"c 4P"	"5/2"	"3d6.(3P1).5p"	"4P*"	"3/2"		"T6892c83"	"L18349c139"	
"244.83118"	"0.00007"	"244.831161"	"0.000015"	"1100"	"1.3e+07"	"1.2e-02"	"-1.32"	D+	"67273.833"	"108105.938"	"3d6.(3F2).4p"	"y 2D*"	"3/2"	"3d6.(3F2).4d"	"2P"	"3/2"		"T6892c83"	"L18349c139"	
"244.87328"	"0.00009"	"244.873309"	"0.000013"	"2400"	"2.0e+06"	"1.8e-03"	"-2.1"	D	"25787.5816"	"66612.659"	"3d6.(3P2).4s"	"b 2P"	"3/2"	"3d6.(3G).4p"	"x 4F*"	"3/2"		"T6892c83"	"L18349c139"	
"244.91521"	"0.00004"	"244.915272"	"0.000018"	"2500"	"3.5e+07"	"3.2e-02"	"-0.90"	D+	"66612.659"	"107430.742"	"3d6.(3G).4p"	"x 4F*"	"3/2"	"3d6.(3F2).4d"	"2D"	"3/2"		"T6892c83"	"L18349c148"	
"244.91813"	"0.00007"	"244.918141"	"0.000018"	"4000"	"1.5e+06"	"1.4e-03"	"-2.3"	D	"21307.999"	"62125.604"	"3d7"	"a 2D2"	"3/2"	"3d6.(3P2).4p"	"z 2D*"	"3/2"		"T6892c83"	"L18349c139"	
"244.94332"	"0.00007"	"244.943316"	"0.000012"	"1300"	"8.e+06"	"6.9e-03"	"-1.38"	D+	"64425.405"	"105238.815"	"3d6.(3F2).4p"	"z 2F*"	"5/2"	"3d6.(3P2).4d"	"2D"	"5/2"		"T6892c83"	"L18349c139"	
"244.97073"	"0.00006"	"244.970743"	"0.000011"	"1600"	"3.8e+07"	"3.4e-02"	"-0.69"	D+	"64425.405"	"105234.246"	"3d6.(3F2).4p"	"z 2F*"	"5/2"	"3d6.(3P2).4d"	"4P"	"5/2"		"T6892c83"	"L18349c139"	
"244.996527"	"0.000013"	"244.996514"	"0.000013"	"40000"	"1.24e+08"	"1.11e-01"	"-0.35"	C+	"31364.4554"	"72169.004"	"3d6.(3D).4s"	"b 4D"	"3/2"	"3d6.(3D).4p"	"w 4F*"	"3/2"		"T6892c83"	"L18349c139"	
"245.003185"	"0.000013"	"245.003184"	"0.000012"	"40000"	"2.5e+08"	"2.21e-01"	"-0.05"	C+	"43620.9842"	"84424.422"	"3d6.(5D).4p"	"z 6P*"	"3/2"	"3d6.(5D).4d"	"6P"	"3/2"		"T6892c83"	"L18349c139"	
"245.01384"	"0.00003"	"245.013838"	"0.000011"	"10000"	"2.3e+07"	"2.8e-02"	"-0.78"	D+	"42334.8444"	"83136.508"	"3d6.(5D).4p"	"z 6F*"	"5/2"	"3d6.(5D).4d"	"e 6F"	"7/2"		"T6892c83"	"L18349c139"	
"245.020514"	"0.000012"	"245.020520"	"0.000013"	"40000"	"1.26e+08"	"2.3e-01"	"-0.34"	C+	"31368.453"	"72169.004"	"3d6.(3D).4s"	"b 4D"	"1/2"	"3d6.(3D).4p"	"w 4F*"	"3/2"		"T6892c83"	"L18349c139"	
"245.028292"	"0.000018"	"245.028292"	"0.000013"	"21000"	"3.4e+08"	"1.52e-01"	"-0.22"	C+	"47389.809"	"88189.066"	"3d6.(5D).4p"	"z 4P*"	"3/2"	"3d6.(5D).4d"	"4P"	"1/2"		"T6892c83"	"L18349c139"	
"245.05288"	"0.00010"	"245.052631"	"0.000012"	"700bl(Fe II)*"	"5.0e+06"	"6.0e-03"	"-1.44"	D+	"64425.405"	"105220.610"	"3d6.(3F2).4p"	"z 2F*"	"5/2"	"3d6.(3H).4d"	"4F"	"7/2"		"T6892c83"	"L18349c148"	
"245.05288"	"0.00010"	"245.052908"	"0.000013"	"700bl(Fe II)*"	"5.5e+06"	"7.4e-03"	"-1.53"	D+	"66612.659"	"107407.818"	"3d6.(3G).4p"	"x 4F*"	"3/2"	"3d6.(3F2).4d"	"2D"	"5/2"		"T6892c83"	"L18349c148"	
"245.07891"	"0.00009"	"245.078922"	"0.000011"	"500"	"1.4e+06"	"1.6e-03"	"-1.9"	D	"65931.358"	"106722.187"	"3d6.(3G).4p"	"x 4G*"	"7/2"	"3d6.(3H).4d"	"4F"	"9/2"		"T6892c83"	"L18349c139"	
"245.12168"	"0.00002"	"245.121675"	"0.000011"	"16000"	"1.2e+07"	"1.1e-02"	"-0.96"	D+	"25805.3270"	"66589.042"	"3d6.(3G).4s"	"a 4G"	"9/2"	"3d6.(3G).4p"	"y 4H*"	"9/2"		"T6892c83"	"L18349c139"	
"245.1354"	"0.0005"	"245.135339"	"0.000013"	"1200"	"7.e+05"	"7.e-04"	"-2.1"	D	"20805.7632"	"61587.205"	"3d7"	"a 2H"	"9/2"	"3d6.(3H).4p"	"z 4I*"	"11/2"		"T6892c83"	"L18349c142"	
"245.213896"	"0.000018"	"245.213902"	"0.000012"	"6000"	"6.9e+07"	"4.2e-02"	"-0.60"	D+	"66078.272"	"106846.649"	"3d6.(3G).4p"	"x 4G*"	"5/2"	"3d6.(5D).5d"	"4F"	"3/2"		"T6892c83"	"L18349c139"	
"245.21997"	"0.00003"	"245.219978"	"0.000011"	"13000"	"8.e+07"	"7.4e-02"	"-0.53"	D+	"47389.809"	"88157.176"	"3d6.(5D).4p"	"z 4P*"	"3/2"	"3d6.(5D).4d"	"4P"	"3/2"		"T6892c83"	"L18349c139"	
"245.2256"	"0.0005"	"245.226252"	"0.000012"	"210d?"	"8.e+05"	"9.e-04"	"-2.1"	D	"64040.891"	"104807.215"	"3d6.(3F2).4p"	"y 4G*"	"7/2"	"3d6.(3H).4d"	"2G"	"9/2"		"T6892c83"	"L18349c143"	
"245.27442"	"0.00019"	"245.274418"	"0.000014"	"1400"	"2.8e+06"	"2.5e-03"	"-1.8"	D	"50142.811"	"90901.130"	"3d6.(3F1).4s"	"c 4F"	"5/2"	"3d6.(5D).5p"	"4P*"	"5/2"		"T6892c83"	"L18349c139"	
"245.28483"	"0.00005"	"245.284716"	"0.000011"	"1900"	"6.e+05"	"4.4e-04"	"-2.4"	D	"63948.803"	"104705.411"	"3d6.(3F2).4p"	"y 4G*"	"9/2"	"3d6.(5D).5d"	"6D"	"7/2"		"T6892c83"	"L18349c139"	
"245.29223"	"0.00008"	"245.292191"	"0.000012"	"4000"	"4.9e+06"	"3.3e-03"	"-1.58"	D+	"31483.1979"	"72238.564"	"3d6.(3D).4s"	"b 4D"	"7/2"	"3d6.(3D).4p"	"w 4F*"	"5/2"		"T6892c83"	"L18349c139"	
"245.315469"	"0.000015"	"245.315467"	"0.000012"	"29000"	"2.21e+08"	"1.33e-01"	"-0.10"	C+	"43238.6066"	"83990.106"	"3d6.(5D).4p"	"z 6P*"	"5/2"	"3d6.(5D).4d"	"6D"	"3/2"		"T6892c83"	"L18349c139"	
"245.37472"	"0.00002"	"245.374720"	"0.000011"	"14000"	"2.2e+07"	"2.5e-02"	"-0.70"	D+	"42237.0575"	"82978.717"	"3d6.(5D).4p"	"z 6F*"	"7/2"	"3d6.(5D).4d"	"e 6F"	"9/2"		"T6892c83"	"L18349c139"	
"245.379738"	"0.000018"	"245.379717"	"0.000011"	"22000"	"1.6e+07"	"1.2e-02"	"-0.93"	D+	"21581.6151"	"62322.445"	"3d6.(3H).4s"	"a 4H"	"9/2"	"3d6.(3H).4p"	"z 2G*"	"7/2"		"T6892c83"	"L18349c139"	
"245.39155"	"0.00003"	"245.391547"	"0.000011"	"10000"	"1.3e+07"	"1.4e-02"	"-0.85"	D+	"42114.8380"	"82853.704"	"3d6.(5D).4p"	"z 6F*"	"9/2"	"3d6.(5D).4d"	"e 6F"	"11/2"		"T6892c83"	"L18349c139"	
"245.397560"	"0.000012"	"245.397559"	"0.000011"	"50000"	"1.31e+08"	"1.48e-01"	"0.073"	C+	"44446.9051"	"85184.773"	"3d6.(5D).4p"	"z 4D*"	"7/2"	"3d6.(5D).4d"	"e 4G"	"9/2"		"T7186"	"L18349c139"	
"245.41669"	"0.00004"	"245.416474"	"0.000012"	"9000"	"8.e+06"	"1.1e-02"	"-1.36"	D+	"25787.5816"	"66522.310"	"3d6.(3P2).4s"	"b 2P"	"3/2"	"3d6.(3G).4p"	"x 4F*"	"5/2"		"T6892c83"	"L18349c145"	
"245.42125"	"0.00009"	"245.421327"	"0.000012"	"800"	"1.5e+06"	"1.2e-03"	"-1.9"	D	"65363.607"	"106097.530"	"3d6.(3H).4p"	"z 2H*"	"11/2"	"3d6.(3F2).4d"	"2H"	"9/2"		"T6892c83"	"L18349c139"	
"245.457782"	"0.000013"	"245.457647"	"0.000018"	"40000"	"1.16e+08"	"9.0e-02"	"0.10"	C+	"32875.6409"	"73603.537"	"3d6.(1I).4s"	"a 2I"	"13/2"	"3d6.(1I).4p"	"w 2H*"	"11/2"		"T6892c83"	"L18349c145"	
"245.45871"	"0.00002"	"245.458409"	"0.000011"	"12000"	"8.e+06"	"6.3e-03"	"-1.12"	D+	"21430.3564"	"62158.126"	"3d6.(3H).4s"	"a 4H"	"11/2"	"3d6.(3F2).4p"	"y 4F*"	"9/2"		"T6892c83"	"L18349c145"	
"245.5461"	"0.0005"	"245.545604"	"0.000012"	"340d?"	"2.6e+06"	"1.7e-03"	"-1.9"	D	"50187.822"	"90901.130"	"3d6.(3F1).4s"	"c 4F"	"7/2"	"3d6.(5D).5p"	"4P*"	"5/2"		"T6892c83"	"L18349c142"	
"245.569096"	"0.000017"	"245.569105"	"0.000012"	"5000"	"4.1e+07"	"3.7e-02"	"-0.44"	D+	"66012.775"	"106722.187"	"3d6.(3G).4p"	"x 4F*"	"9/2"	"3d6.(3H).4d"	"4F"	"9/2"		"T6892c83"	"L18349c139"	
"245.571056"	"0.000015"	"245.571053"	"0.000011"	"31000"	"1.01e+08"	"9.1e-02"	"-0.14"	C+	"44753.8179"	"85462.907"	"3d6.(5D).4p"	"z 4F*"	"7/2"	"3d6.(5D).4d"	"e 4G"	"7/2"		"T6892c83"	"L18349c139"	
"245.58043"	"0.00013"	"245.580489"	"0.000011"	"500"	"1.0e+07"	"9.e-03"	"-1.14"	D+	"64286.354"	"104993.879"	"3d6.(3F2).4p"	"z 2F*"	"7/2"	"3d6.(3F2).4d"	"4D"	"7/2"		"T6892c83"	"L18349c139"	
"245.589787"	"0.000013"	"245.589794"	"0.000011"	"40000"	"1.73e+08"	"2.3e-01"	"-0.03"	C+	"43620.9842"	"84326.967"	"3d6.(5D).4p"	"z 6P*"	"3/2"	"3d6.(5D).4d"	"6P"	"5/2"		"T6892c83"	"L18349c139"	
"245.61177"	"0.00013"	"245.611606"	"0.000011"	"500"	"1.1e+06"	"1.0e-03"	"-2.2"	D	"64425.405"	"105127.773"	"3d6.(3F2).4p"	"z 2F*"	"5/2"	"3d6.(5D).5d"	"4D"	"5/2"		"T6892c83"	"L18349c139"	
"245.64049"	"0.00009"	"245.640383"	"0.000012"	"1100"	"1.3e+07"	"1.6e-02"	"-1.02"	D+	"64425.405"	"105123.005"	"3d6.(3F2).4p"	"z 2F*"	"5/2"	"3d6.(3H).4d"	"2G"	"7/2"		"T6892c83"	"L18349c139"	
"245.66419"	"0.00005"	"245.66420"	"0.00003"	"6000"	"1.5e+07"	"1.4e-02"	"-0.78"	D+	"32909.883"	"73603.537"	"3d6.(1I).4s"	"a 2I"	"11/2"	"3d6.(1I).4p"	"w 2H*"	"11/2"		"T6892c83"	"L18349c139"	
"245.68210"	"0.00002"	"245.682095"	"0.000012"	"14000"	"1.3e+07"	"1.2e-02"	"-1.01"	D+	"25981.6451"	"66672.336"	"3d6.(3G).4s"	"a 4G"	"7/2"	"3d6.(3G).4p"	"y 4H*"	"7/2"		"T6892c83"	"L18349c139"	
"245.69658"	"0.00002"	"245.696569"	"0.000014"	"14000"	"2.2e+07"	"2.0e-02"	"-0.92"	D+	"50212.836"	"90901.130"	"3d6.(3P1).4s"	"c 4P"	"5/2"	"3d6.(5D).5p"	"4P*"	"5/2"		"T6892c83"	"L18349c139"	
"245.710162"	"0.000017"	"245.710169"	"0.000013"	"23000"	"4.7e+07"	"2.8e-02"	"-0.77"	D+	"50212.836"	"90898.878"	"3d6.(3P1).4s"	"c 4P"	"5/2"	"3d6.(5D).5p"	"4D*"	"3/2"		"T6892c83"	"L18349c139"	
"245.7187"	"0.0003"	"245.718550"	"0.000011"	"1400"	"5.1e+06"	"4.6e-03"	"-1.74"	D+	"45044.1916"	"85728.846"	"3d6.(5D).4p"	"z 4D*"	"3/2"	"3d6.(5D).4d"	"4S"	"3/2"		"T6892c83"	"L18349c139"	
"245.7231"	"0.0005"	"245.722062"	"0.000012"	"200d?"	"3.5e+06"	"3.1e-03"	"-1.9"	D	"64834.069"	"105518.142"	"3d6.(3P2).4p"	"z 2P*"	"3/2"	"3d6.(3F2).4d"	"4F"	"3/2"		"T6892c83"	"L18349c143"	
"245.733958"	"0.000016"	"245.733950"	"0.000011"	"7000"	"8.9e+07"	"8.1e-02"	"-0.01"	C+	"65363.607"	"106045.712"	"3d6.(3H).4p"	"z 2H*"	"11/2"	"3d6.(3H).4d"	"2H"	"11/2"		"T6892c83"	"L18349c139"	
"245.75505"	"0.00004"	"245.755097"	"0.000018"	"7000"	"3.3e+06"	"3.0e-03"	"-1.9"	D	"31364.4554"	"72043.060"	"3d6.(3D).4s"	"b 4D"	"3/2"	"3d6.(3D).4p"	"w 4P*"	"3/2"		"T6892c83"	"L18349c148"	
"245.757918"	"0.000011"	"245.758018"	"0.000011"	"60000"	"1.11e+08"	"1.34e-01"	"-0.09"	C+	"44784.7859"	"85462.907"	"3d6.(5D).4p"	"z 4D*"	"5/2"	"3d6.(5D).4d"	"e 4G"	"7/2"		"T6892c83"	"L18349c145"	
"245.7791"	"0.0005"	"245.779252"	"0.000018"	"900"	"9.e+06"	"1.6e-02"	"-1.48"	D+	"31368.453"	"72043.060"	"3d6.(3D).4s"	"b 4D"	"1/2"	"3d6.(3D).4p"	"w 4P*"	"3/2"		"T6892c83"	"L18349c142"	
"245.83587"	"0.00005"	"245.835894"	"0.000011"	"1400"	"2.1e+07"	"1.9e-02"	"-0.64"	D+	"67516.328"	"108181.564"	"3d6.(3G).4p"	"y 2H*"	"11/2"	"3d6.(3G).4d"	"4G"	"11/2"		"T6892c83"	"L18349c139"	
"245.878354"	"0.000012"	"245.878349"	"0.000012"	"230000"	"2.31e+08"	"2.51e-01"	"0.40"	B+	"25805.3270"	"66463.542"	"3d6.(3G).4s"	"a 4G"	"9/2"	"3d6.(3G).4p"	"y 4H*"	"11/2"		"T6892c83"	"L18349c139"	
"245.897276"	"0.000012"	"245.897303"	"0.000018"	"60000bl(Fe II)*"	"2.5e+08"	"1.51e-01"	"-0.04"	C+	"31387.9788"	"72043.060"	"3d6.(3D).4s"	"b 4D"	"5/2"	"3d6.(3D).4p"	"w 4P*"	"3/2"		"T6892c83"	"L18349c148"	
"245.897276"	"0.000012"	"245.897341"	"0.000011"	"60000bl(Fe II)*"	"5.8e+06"	"4.4e-03"	"-1.28"	D+	"65363.607"	"106018.682"	"3d6.(3H).4p"	"z 2H*"	"11/2"	"3d6.(3H).4d"	"2H"	"9/2"		"T6892c83"	"L18349c148"	
"245.90538"	"0.00006"	"245.905422"	"0.000012"	"1400"	"7.3e+06"	"1.3e-02"	"-1.58"	D+	"64806.494"	"105460.233"	"3d6.(3P2).4p"	"z 2P*"	"1/2"	"3d6.(3F2).4d"	"4D"	"3/2"		"T6892c83"	"L18349c139"	
"245.91133"	"0.00004"	"245.911335"	"0.000012"	"9000"	"5.9e+06"	"4.4e-03"	"-1.27"	D+	"21430.3564"	"62083.118"	"3d6.(3H).4s"	"a 4H"	"11/2"	"3d6.(3H).4p"	"z 2G*"	"9/2"		"T6892c83"	"L18349c139"	
"245.92803"	"0.00005"	"245.928063"	"0.000011"	"6000"	"1.6e+07"	"1.1e-02"	"-1.07"	D+	"42658.2444"	"83308.241"	"3d6.(5D).4p"	"z 6P*"	"7/2"	"3d6.(5D).4d"	"e 6F"	"5/2"		"T6892c83"	"L18349c139"	
"246.00197"	"0.00020"	"246.001806"	"0.000014"	"1900"	"9.e+05"	"1.1e-03"	"-2.2"	D	"50142.811"	"90780.623"	"3d6.(3F1).4s"	"c 4F"	"5/2"	"3d6.(5D).5p"	"4F*"	"7/2"		"T6892c83"	"L18349c139"	
"246.01543"	"0.00002"	"246.015419"	"0.000011"	"19000"	"6.7e+07"	"9.e-02"	"-0.44"	D+	"45044.1916"	"85679.755"	"3d6.(5D).4p"	"z 4D*"	"3/2"	"3d6.(5D).4d"	"e 4G"	"5/2"		"T6892c83"	"L18349c139"	
"246.044008"	"0.000012"	"246.044008"	"0.000011"	"250000"	"5.39e+08"	"5.87e-01"	"0.769"	C+	"44232.5398"	"84863.382"	"3d6.(5D).4p"	"z 4F*"	"9/2"	"3d6.(5D).4d"	"e 4G"	"11/2"		"T7186"	"L18349c139"	
"246.04798"	"0.00014"	"246.047909"	"0.000011"	"800"	"6.2e+06"	"7.1e-03"	"-1.25"	D+	"64286.354"	"104916.552"	"3d6.(3F2).4p"	"z 2F*"	"7/2"	"3d6.(3F2).4d"	"4F"	"9/2"		"T6892c83"	"L18349c139"	
"246.06503"	"0.00006"	"246.06504"	"0.00004"	"6000"	"1.3e+08"	"6.0e-02"	"-0.62"	D+	"38214.503"	"78841.872"	"3d6.(1D2).4s"	"c 2D"	"3/2"	"3d6.(1D2).4p"	"w 2P*"	"1/2"		"T6892c83"	"L18349c139"	
"246.128325"	"0.000012"	"246.128326"	"0.000011"	"180000"	"2.34e+08"	"2.84e-01"	"0.23"	B+	"26055.4120"	"66672.336"	"3d6.(3G).4s"	"a 4G"	"5/2"	"3d6.(3G).4p"	"y 4H*"	"7/2"		"T6892c83"	"L18349c139"	
"246.166996"	"0.000020"	"246.166967"	"0.000012"	"18000"	"9.e+06"	"8.e-03"	"-1.17"	D+	"21711.8963"	"62322.445"	"3d6.(3H).4s"	"a 4H"	"7/2"	"3d6.(3H).4p"	"z 2G*"	"7/2"		"T6892c83"	"L18349c139"	
"246.186072"	"0.000012"	"246.186075"	"0.000011"	"220000"	"2.43e+08"	"2.76e-01"	"0.34"	B+	"25981.6451"	"66589.042"	"3d6.(3G).4s"	"a 4G"	"7/2"	"3d6.(3G).4p"	"y 4H*"	"9/2"		"T6892c83"	"L18349c139"	
"246.231828"	"0.000016"	"246.231822"	"0.000011"	"27000"	"9.1e+07"	"8.2e-02"	"-0.31"	C+	"45079.9019"	"85679.755"	"3d6.(5D).4p"	"z 4F*"	"5/2"	"3d6.(5D).4d"	"e 4G"	"5/2"		"T6892c83"	"L18349c148"	
"246.24299"	"0.00008"	"246.243050"	"0.000013"	"1000"	"1.1e+07"	"2.0e-02"	"-1.39"	D+	"66248.647"	"106846.649"	"3d6.(3P2).4p"	"z 2S*"	"1/2"	"3d6.(5D).5d"	"4F"	"3/2"		"T6892c83"	"L18349c139"	
"246.27474"	"0.00007"	"246.274602"	"0.000012"	"2800"	"3.4e+06"	"3.1e-03"	"-1.61"	D+	"50187.822"	"90780.623"	"3d6.(3F1).4s"	"c 4F"	"7/2"	"3d6.(5D).5p"	"4F*"	"7/2"		"T6892c83"	"L18349c139"	
"246.328118"	"0.000012"	"246.328100"	"0.000011"	"70000"	"7.1e+07"	"5.4e-02"	"-0.19"	C+	"25428.7893"	"66012.775"	"3d6.(3G).4s"	"a 4G"	"11/2"	"3d6.(3G).4p"	"x 4F*"	"9/2"		"T6892c83"	"L18349c139"	
"246.34923"	"0.00017"	"246.349100"	"0.000011"	"1800"	"7.e+05"	"9.e-04"	"-2.3"	D	"38858.9696"	"79439.496"	"3d6.(5D).4p"	"z 6D*"	"5/2"	"3d6.(5D).5s"	"e 4D"	"7/2"		"T6892c83"	"L18349c139"	
"246.37170"	"0.00003"	"246.371652"	"0.000014"	"1800"	"4.0e+06"	"3.6e-03"	"-1.44"	D+	"68000.785"	"108577.597"	"3d6.(3G).4p"	"y 2H*"	"9/2"	"3d6.(3G).4d"	"4H"	"9/2"		"T6892c83"	"L18349c139"	
"246.39027"	"0.00002"	"246.390275"	"0.000011"	"17000"	"6.8e+07"	"6.2e-02"	"-0.43"	C+	"43238.6066"	"83812.352"	"3d6.(5D).4p"	"z 6P*"	"5/2"	"3d6.(5D).4d"	"6D"	"5/2"		"T6892c83"	"L18349c139"	
"246.400952"	"0.000012"	"246.400948"	"0.000011"	"90000"	"1.32e+08"	"9.6e-02"	"-0.02"	C+	"25805.3270"	"66377.315"	"3d6.(3G).4s"	"a 4G"	"9/2"	"3d6.(3G).4p"	"x 4F*"	"7/2"		"T6892c83"	"L18349c139"	
"246.42213"	"0.00018"	"246.422292"	"0.000011"	"700"	"9.e+06"	"1.1e-02"	"-1.19"	D+	"64425.405"	"104993.879"	"3d6.(3F2).4p"	"z 2F*"	"5/2"	"3d6.(3F2).4d"	"4D"	"7/2"		"T6892c83"	"L18349c139"	
"246.4316"	"0.0002"	"246.431702"	"0.000011"	"500"	"8.e+05"	"9.e-04"	"-2.0"	D	"64831.951"	"105398.876"	"3d6.(3F2).4p"	"y 2G*"	"9/2"	"3d6.(3F2).4d"	"4H"	"11/2"		"T6892c83"	"L18349c139"	
"246.45287"	"0.00010"	"246.452912"	"0.000013"	"600"	"6.e+06"	"2.7e-03"	"-2.0"	D	"66612.659"	"107176.093"	"3d6.(3G).4p"	"x 4F*"	"3/2"	"3d6.(5D).5d"	"4P"	"1/2"		"T6892c83"	"L18349c139"	
"246.45583"	"0.00005"	"246.455817"	"0.000013"	"7000"	"8.e+07"	"7.2e-02"	"-0.84"	D+	"47626.110"	"88189.066"	"3d6.(5D).4p"	"z 4P*"	"1/2"	"3d6.(5D).4d"	"4P"	"1/2"		"T6892c83"	"L18349c139"	
"246.490515"	"0.000012"	"246.490512"	"0.000012"	"80000"	"2.22e+08"	"1.35e-01"	"-0.09"	C+	"26055.4120"	"66612.659"	"3d6.(3G).4s"	"a 4G"	"5/2"	"3d6.(3G).4p"	"x 4F*"	"3/2"		"T6892c83"	"L18349c139"	
"246.519994"	"0.000012"	"246.519992"	"0.000011"	"90000"	"1.34e+08"	"2.4e-01"	"-0.31"	C+	"22409.8178"	"62962.215"	"3d6.(3P2).4s"	"b 4P"	"1/2"	"3d6.(3P2).4p"	"y 4D*"	"3/2"		"T6892c83"	"L18349c139"	
"246.5638"	"0.0005"	"246.562807"	"0.000012"	"160"	"4.9e+06"	"6.7e-03"	"-1.57"	D+	"64834.069"	"105379.425"	"3d6.(3P2).4p"	"z 2P*"	"3/2"	"3d6.(3F2).4d"	"4D"	"5/2"		"T6892c83"	"L18349c142"	
"246.57298"	"0.00008"	"246.573237"	"0.000012"	"1200"	"4.9e+06"	"3.0e-03"	"-1.75"	D+	"66522.310"	"107065.951"	"3d6.(3G).4p"	"x 4F*"	"5/2"	"3d6.(5D).5d"	"4P"	"3/2"		"T6892c83"	"L18349c148"	
"246.587712"	"0.000015"	"246.587725"	"0.000012"	"7000"	"5.5e+07"	"5.0e-02"	"-0.30"	C+	"65556.271"	"106097.530"	"3d6.(3H).4p"	"z 2H*"	"9/2"	"3d6.(3F2).4d"	"2H"	"9/2"		"T6892c83"	"L18349c139"	
"246.591333"	"0.000012"	"246.591339"	"0.000011"	"90000"	"1.62e+08"	"1.11e-01"	"-0.05"	C+	"25981.6451"	"66522.310"	"3d6.(3G).4s"	"a 4G"	"7/2"	"3d6.(3G).4p"	"x 4F*"	"5/2"		"T6892c83"	"L18349c139"	
"246.62374"	"0.00014"	"246.623698"	"0.000011"	"700"	"1.1e+06"	"9.e-04"	"-2.0"	D	"63876.325"	"104411.671"	"3d6.(3F2).4p"	"y 4G*"	"11/2"	"3d6.(5D).5d"	"6D"	"9/2"		"T6892c83"	"L18349c148"	
"246.649779"	"0.000015"	"246.649743"	"0.000012"	"32000"	"2.4e+08"	"4.4e-01"	"-0.06"	C+	"47626.110"	"88157.176"	"3d6.(5D).4p"	"z 4P*"	"1/2"	"3d6.(5D).4d"	"4P"	"3/2"		"T6892c83"	"L18349c139"	
"246.667106"	"0.000012"	"246.667095"	"0.000011"	"100000"	"2.6e+08"	"1.20e-01"	"-0.32"	C+	"23031.2829"	"63559.498"	"3d6.(3F2).4s"	"b 4F"	"3/2"	"3d6.(3F2).4p"	"x 4D*"	"1/2"		"T6892c83"	"L18349c139"	
"246.676678"	"0.000014"	"246.676682"	"0.000018"	"29000"	"1.97e+08"	"1.80e-01"	"0.03"	C+	"38164.220"	"78690.860"	"3d6.(1D2).4s"	"c 2D"	"5/2"	"3d6.(1D2).4p"	"w 2D*"	"5/2"		"T6892c83"	"L18349c139"	
"246.681913"	"0.000012"	"246.681900"	"0.000011"	"140000"	"1.77e+08"	"1.08e-01"	"-0.19"	C+	"22939.3512"	"63465.134"	"3d6.(3F2).4s"	"b 4F"	"5/2"	"3d6.(3F2).4p"	"x 4D*"	"3/2"		"T6892c83"	"L18349c139"	
"246.69849"	"0.00007"	"246.698489"	"0.000011"	"1100"	"2.6e+07"	"2.4e-02"	"-0.71"	D+	"66377.315"	"106900.373"	"3d6.(3G).4p"	"x 4F*"	"7/2"	"3d6.(3F2).4d"	"2G"	"7/2"		"T6892c83"	"L18349c139"	
"246.71184"	"0.00008"	"246.711865"	"0.000012"	"1300"	"1.3e+07"	"1.5e-02"	"-0.92"	D+	"64286.354"	"104807.215"	"3d6.(3F2).4p"	"z 2F*"	"7/2"	"3d6.(3H).4d"	"2G"	"9/2"		"T6892c83"	"L18349c139"	
"246.77430"	"0.00002"	"246.774117"	"0.000012"	"14000"	"1.7e+08"	"8.e-02"	"-0.50"	D+	"43620.9842"	"84131.624"	"3d6.(5D).4p"	"z 6P*"	"3/2"	"3d6.(5D).4d"	"6D"	"1/2"		"T6892c83"	"L18349c145"	
"246.81926"	"0.00011"	"246.819043"	"0.000018"	"2700bl(Ne)"	"5.4e+06"	"5.9e-03"	"-1.23"	D+	"33466.4943"	"73969.761"	"3d6.(1G2).4s"	"c 2G"	"9/2"	"3d6.(1I).4p"	"y 2I*"	"11/2"		"T6892c83"	"L18349c148"	
"246.82567"	"0.00009"	"246.825546"	"0.000013"	"4000"	"2.6e+06"	"1.6e-03"	"-2.0"	D	"20830.5534"	"61332.753"	"3d6.(3P2).4s"	"b 4P"	"5/2"	"3d6.(3P2).4p"	"y 4P*"	"3/2"		"T6892c83"	"L18349c139"	
"246.829592"	"0.000019"	"246.829792"	"0.000011"	"21000"	"1.0e+07"	"9.e-03"	"-1.05"	D+	"21581.6151"	"62083.118"	"3d6.(3H).4s"	"a 4H"	"9/2"	"3d6.(3H).4p"	"z 2G*"	"9/2"		"T6892c83"	"L18349c145"	
"246.8564"	"0.0005"	"246.855326"	"0.000012"	"1500"	"7.e+05"	"7.e-04"	"-2.1"	D	"20340.2461"	"60837.560"	"3d7"	"a 2H"	"11/2"	"3d6.(3H).4p"	"z 4H*"	"13/2"		"T6892c83"	"L18349c142"	
"246.93715"	"0.00008"	"246.937046"	"0.000011"	"5000"	"2.2e+06"	"1.63e-03"	"-1.79"	C+	"21581.6151"	"62065.528"	"3d6.(3H).4s"	"a 4H"	"9/2"	"3d6.(3F2).4p"	"y 4F*"	"7/2"		"T7461"	"L18349c139"	
"246.94846"	"0.00005"	"246.948319"	"0.000012"	"1700"	"8.e+06"	"1.5e-02"	"-1.51"	D+	"64806.494"	"105288.559"	"3d6.(3P2).4p"	"z 2P*"	"1/2"	"3d6.(5D).5d"	"6G"	"3/2"		"T6892c83"	"L18349c148"	
"246.951439"	"0.000012"	"246.951448"	"0.000012"	"90000"	"2.58e+08"	"1.77e-01"	"0.15"	B+	"31483.1979"	"71964.750"	"3d6.(3D).4s"	"b 4D"	"7/2"	"3d6.(3D).4p"	"w 4P*"	"5/2"		"T6892c83"	"L18349c139"	
"246.97152"	"0.00003"	"246.971512"	"0.000010"	"10000"	"2.7e+07"	"2.5e-02"	"-0.71"	D+	"42658.2444"	"83136.508"	"3d6.(5D).4p"	"z 6P*"	"7/2"	"3d6.(5D).4d"	"e 6F"	"7/2"		"T6892c83"	"L18349c139"	
"246.98315"	"0.00004"	"246.983146"	"0.000018"	"9000"	"6.4e+07"	"9.e-02"	"-0.45"	D+	"38214.503"	"78690.860"	"3d6.(1D2).4s"	"c 2D"	"3/2"	"3d6.(1D2).4p"	"w 2D*"	"5/2"		"T6892c83"	"L18349c139"	
"247.040878"	"0.000014"	"247.040882"	"0.000012"	"33000"	"6.0e+07"	"5.5e-02"	"-0.48"	D+	"26055.4120"	"66522.310"	"3d6.(3G).4s"	"a 4G"	"5/2"	"3d6.(3G).4p"	"x 4F*"	"5/2"		"T6892c83"	"L18349c139"	
"247.0495"	"0.0005"	"247.048519"	"0.000011"	"150d,bl(Fe II)?*"	"1.4e+06"	"1.3e-03"	"-1.8"	D	"65580.065"	"106045.712"	"3d6.(3G).4p"	"x 4G*"	"11/2"	"3d6.(3H).4d"	"2H"	"11/2"		"T6892c83"	"L18349c142"	
"247.066913"	"0.000012"	"247.066910"	"0.000010"	"180000"	"1.54e+08"	"1.06e-01"	"-0.07"	C+	"22810.3459"	"63272.981"	"3d6.(3F2).4s"	"b 4F"	"7/2"	"3d6.(3F2).4p"	"x 4D*"	"5/2"		"T6892c83"	"L18349c139"	
"247.076490"	"0.000016"	"247.076496"	"0.000013"	"23000"	"9.e+07"	"4.2e-02"	"-0.78"	D+	"25787.5816"	"66248.647"	"3d6.(3P2).4s"	"b 2P"	"3/2"	"3d6.(3P2).4p"	"z 2S*"	"1/2"		"T6892c83"	"L18349c139"	
"247.08462"	"0.00008"	"247.084665"	"0.000011"	"3200"	"5.4e+05"	"4.9e-04"	"-2.41"	D+	"21711.8963"	"62171.624"	"3d6.(3H).4s"	"a 4H"	"7/2"	"3d5.(6S).4s.4p.(3P*)"	"y 6P*"	"7/2"		"T7503"	"L18349c139"	
"247.087894"	"0.000012"	"247.087894"	"0.000012"	"7000"	"3.28e+08"	"2.26e-01"	"0.26"	B+	"69606.567"	"110065.766"	"3d6.(3G).4p"	"y 2F*"	"7/2"	"3d6.(3G).4d"	"2D"	"5/2"		"T6892c83"	"L18349c139"	
"247.11664"	"0.00014"	"247.116658"	"0.000012"	"600"	"2.6e+06"	"2.4e-03"	"-2.0"	D	"64834.069"	"105288.559"	"3d6.(3P2).4p"	"z 2P*"	"3/2"	"3d6.(5D).5d"	"6G"	"3/2"		"T6892c83"	"L18349c139"	
"247.12407"	"0.00007"	"247.123977"	"0.000012"	"1100"	"7.3e+06"	"6.7e-03"	"-1.57"	D+	"66612.659"	"107065.951"	"3d6.(3G).4p"	"x 4F*"	"3/2"	"3d6.(5D).5d"	"4P"	"3/2"		"T6892c83"	"L18349c139"	
"247.12757"	"0.00002"	"247.127562"	"0.000011"	"15000bl(Fe II)*"	"4.15e+07"	"3.04e-02"	"-0.517"	C+	"44232.5398"	"84685.245"	"3d6.(5D).4p"	"z 4F*"	"9/2"	"3d6.(5D).4d"	"f 4D"	"7/2"		"T7186"	"L18349c148"	
"247.12757"	"0.00002"	"247.127575"	"0.000011"	"15000bl(Fe II)*"	"2.3e+06"	"1.6e-03"	"-1.9"	D	"64286.354"	"104739.057"	"3d6.(3F2).4p"	"z 2F*"	"7/2"	"3d6.(3F2).4d"	"4P"	"5/2"		"T6892c83"	"L18349c148"	
"247.1380"	"0.0005"	"247.137833"	"0.000018"	"1400bl(Fe II)*"	"5.e+06"	"2.2e-03"	"-2.1"	D	"36126.412"	"76577.436"	"3d6.(3D).4s"	"b 2D"	"3/2"	"3d6.(1S2).4p"	"x 2P*"	"1/2"		"T6892c83"	"L18349c143"	
"247.1673"	"0.0002"	"247.167130"	"0.000011"	"2300"	"9.e+05"	"1.1e-03"	"-2.1"	D	"21711.8963"	"62158.126"	"3d6.(3H).4s"	"a 4H"	"7/2"	"3d6.(3F2).4p"	"y 4F*"	"9/2"		"T6892c83"	"L18349c139"	
"247.20729"	"0.00003"	"247.207301"	"0.000012"	"13000"	"9.e+06"	"6.5e-03"	"-1.28"	D+	"21711.8963"	"62151.554"	"3d6.(3H).4s"	"a 4H"	"7/2"	"3d6.(3F2).4p"	"y 4F*"	"5/2"		"T6892c83"	"L18349c139"	
"247.2126"	"0.0005"	"247.213663"	"0.000011"	"250"	"6.e+05"	"5.e-04"	"-2.2"	D	"65580.065"	"106018.682"	"3d6.(3G).4p"	"x 4G*"	"11/2"	"3d6.(3H).4d"	"2H"	"9/2"		"T6892c83"	"L18349c143"	
"247.242806"	"0.000012"	"247.242804"	"0.000011"	"70000"	"8.e+07"	"8.e-02"	"-0.51"	D+	"23031.2829"	"63465.134"	"3d6.(3F2).4s"	"b 4F"	"3/2"	"3d6.(3F2).4p"	"x 4D*"	"3/2"		"T6892c83"	"L18349c139"	
"247.25325"	"0.00004"	"247.253281"	"0.000011"	"1800"	"8.e+06"	"5.8e-03"	"-1.24"	D+	"63948.803"	"104380.941"	"3d6.(3F2).4p"	"y 4G*"	"9/2"	"3d6.(5D).5d"	"6F"	"7/2"		"T6892c83"	"L18349c139"	
"247.260515"	"0.000012"	"247.260515"	"0.000010"	"120000"	"3.22e+08"	"3.69e-01"	"0.470"	C+	"44753.8179"	"85184.773"	"3d6.(5D).4p"	"z 4F*"	"7/2"	"3d6.(5D).4d"	"e 4G"	"9/2"		"T7186"	"L18349c139"	
"247.26508"	"0.00003"	"247.265060"	"0.000015"	"2000"	"4.3e+07"	"2.6e-02"	"-0.80"	D+	"67000.530"	"107430.742"	"3d6.(3F2).4p"	"y 2D*"	"5/2"	"3d6.(3F2).4d"	"2D"	"3/2"		"T6892c83"	"L18349c139"	
"247.303086"	"0.000016"	"247.303024"	"0.000011"	"27000"	"1.08e+08"	"7.4e-02"	"-0.23"	C+	"44446.9051"	"84870.911"	"3d6.(5D).4p"	"z 4D*"	"7/2"	"3d6.(5D).4d"	"f 4D"	"5/2"		"T6892c83"	"L18349c139"	
"247.332101"	"0.000012"	"247.332105"	"0.000012"	"90000"	"2.7e+08"	"2.5e-01"	"-0.30"	C+	"22409.8178"	"62829.071"	"3d6.(3P2).4s"	"b 4P"	"1/2"	"3d6.(3P2).4p"	"y 4D*"	"1/2"		"T6892c83"	"L18349c139"	
"247.34593"	"0.00013"	"247.346048"	"0.000019"	"1800"	"3.4e+07"	"2.1e-02"	"-0.91"	D+	"50212.836"	"90629.811"	"3d6.(3P1).4s"	"c 4P"	"5/2"	"3d6.(3P1).4p"	"4S*"	"3/2"		"T6892c83"	"L18349c139"	
"247.37058"	"0.00011"	"247.370531"	"0.000011"	"1100"	"1.4e+07"	"1.7e-02"	"-0.99"	D+	"62689.874"	"103102.849"	"3d6.(3P2).4p"	"y 4D*"	"5/2"	"3d6.(3P2).4d"	"4D"	"7/2"		"T6892c83"	"L18349c139"	
"247.405347"	"0.000013"	"247.405349"	"0.000012"	"8000"	"2.15e+08"	"1.98e-01"	"0.07"	C+	"67000.530"	"107407.818"	"3d6.(3F2).4p"	"y 2D*"	"5/2"	"3d6.(3F2).4d"	"2D"	"5/2"		"T6892c83"	"L18349c139"	
"247.42092"	"0.00003"	"247.420916"	"0.000012"	"4000"	"3.7e+07"	"5.1e-02"	"-0.69"	D+	"64834.069"	"105238.815"	"3d6.(3P2).4p"	"z 2P*"	"3/2"	"3d6.(3P2).4d"	"2D"	"5/2"		"T6892c83"	"L18349c139"	
"247.43943"	"0.00011"	"247.439307"	"0.000012"	"500"	"1.0e+07"	"1.1e-02"	"-1.04"	D+	"69606.567"	"110008.310"	"3d6.(3G).4p"	"y 2F*"	"7/2"	"3d6.(3G).4d"	"2H"	"9/2"		"T6892c83"	"L18349c139"	
"247.44889"	"0.00003"	"247.448899"	"0.000012"	"3400"	"1.26e+08"	"1.74e-01"	"-0.16"	C+	"64834.069"	"105234.246"	"3d6.(3P2).4p"	"z 2P*"	"3/2"	"3d6.(3P2).4d"	"4P"	"5/2"		"T6892c83"	"L18349c139"	
"247.45197"	"0.00004"	"247.451950"	"0.000012"	"2200"	"5.3e+07"	"4.8e-02"	"-0.24"	C+	"65363.607"	"105763.286"	"3d6.(3H).4p"	"z 2H*"	"11/2"	"3d6.(3F2).4d"	"2H"	"11/2"		"T6892c83"	"L18349c139"	
"247.47325"	"0.00013"	"247.473128"	"0.000012"	"600"	"3.8e+06"	"3.5e-03"	"-1.9"	D	"64834.069"	"105230.291"	"3d6.(3P2).4p"	"z 2P*"	"3/2"	"3d6.(5D).5d"	"4D"	"3/2"		"T6892c83"	"L18349c139"	
"247.476504"	"0.000012"	"247.476510"	"0.000011"	"70000"	"9.7e+07"	"8.9e-02"	"-0.15"	C+	"25981.6451"	"66377.315"	"3d6.(3G).4s"	"a 4G"	"7/2"	"3d6.(3G).4p"	"x 4F*"	"7/2"		"T6892c83"	"L18349c139"	
"247.50680"	"0.00015"	"247.506828"	"0.000012"	"400"	"6.0e+06"	"5.6e-03"	"-1.26"	D+	"68000.785"	"108391.507"	"3d6.(3G).4p"	"y 2H*"	"9/2"	"3d6.(3G).4d"	"4G"	"9/2"		"T6892c83"	"L18349c139"	
"247.511692"	"0.000012"	"247.511681"	"0.000011"	"110000bl(Fe II)*"	"3.72e+08"	"5.1e-01"	"0.31"	B+	"45289.8248"	"85679.755"	"3d6.(5D).4p"	"z 4F*"	"3/2"	"3d6.(5D).4d"	"e 4G"	"5/2"		"T6892c83"	"L18349c148"	
"247.511692"	"0.000012"	"247.511798"	"0.000011"	"110000bl(Fe II)*"	"2.0e+07"	"1.8e-02"	"-0.83"	D+	"66377.315"	"106767.226"	"3d6.(3G).4p"	"x 4F*"	"7/2"	"3d6.(3F2).4d"	"4F"	"7/2"		"T6892c83"	"L18349c148"	
"247.554125"	"0.000012"	"247.554128"	"0.000010"	"100000"	"3.18e+08"	"3.90e-01"	"0.37"	B+	"45079.9019"	"85462.907"	"3d6.(5D).4p"	"z 4F*"	"5/2"	"3d6.(5D).4d"	"e 4G"	"7/2"		"T6892c83"	"L18349c139"	
"247.5779"	"0.0002"	"247.577900"	"0.000011"	"500"	"1.2e+06"	"1.1e-03"	"-2.0"	D	"64831.951"	"105211.079"	"3d6.(3F2).4p"	"y 2G*"	"9/2"	"3d6.(5D).5d"	"4G"	"9/2"		"T6892c83"	"L18349c139"	
"247.626397"	"0.000020"	"247.626389"	"0.000011"	"18000"	"1.0e+07"	"1.1e-02"	"-1.05"	D+	"21711.8963"	"62083.118"	"3d6.(3H).4s"	"a 4H"	"7/2"	"3d6.(3H).4p"	"z 2G*"	"9/2"		"T6892c83"	"L18349c139"	
"247.63929"	"0.00008"	"247.639270"	"0.000012"	"4000"	"8.e+06"	"8.e-03"	"-1.51"	D+	"43620.9842"	"83990.106"	"3d6.(5D).4p"	"z 6P*"	"3/2"	"3d6.(5D).4d"	"6D"	"3/2"		"T6892c83"	"L18349c139"	
"247.734319"	"0.000014"	"247.734336"	"0.000011"	"30000"	"1.70e+07"	"1.57e-02"	"-0.90"	B	"21711.8963"	"62065.528"	"3d6.(3H).4s"	"a 4H"	"7/2"	"3d6.(3F2).4p"	"y 4F*"	"7/2"		"T7461"	"L18349c139"	
"247.73825"	"0.00008"	"247.738233"	"0.000015"	"4000"	"2.4e+06"	"2.2e-03"	"-1.75"	D+	"31999.049"	"72352.046"	"3d7"	"b 2F"	"7/2"	"3d6.(3D).4p"	"w 4F*"	"7/2"		"T6892c83"	"L18349c139"	
"247.74998"	"0.00009"	"247.750102"	"0.000013"	"3600"	"1.1e+06"	"8.e-04"	"-2.1"	D	"20805.7632"	"61156.827"	"3d7"	"a 2H"	"9/2"	"3d6.(3H).4p"	"z 4H*"	"7/2"		"T6892c83"	"L18349c139"	
"247.790657"	"0.000016"	"247.790658"	"0.000011"	"6000"	"5.4e+07"	"5.0e-02"	"-0.53"	D+	"66522.310"	"106866.770"	"3d6.(3G).4p"	"x 4F*"	"5/2"	"3d6.(3F2).4d"	"4F"	"5/2"		"T6892c83"	"L18349c139"	
"247.81130"	"0.00002"	"247.811309"	"0.000013"	"14000"	"3.1e+07"	"5.7e-02"	"-0.94"	D+	"26932.7348"	"67273.833"	"3d6.(3P2).4s"	"b 2P"	"1/2"	"3d6.(3F2).4p"	"y 2D*"	"3/2"		"T6892c83"	"L18349c139"	
"247.81776"	"0.00011"	"247.817749"	"0.000011"	"700"	"1.7e+06"	"1.6e-03"	"-1.9"	D	"64040.891"	"104380.941"	"3d6.(3F2).4p"	"y 4G*"	"7/2"	"3d6.(5D).5d"	"6F"	"7/2"		"T6892c83"	"L18349c139"	
"247.82107"	"0.00005"	"247.821075"	"0.000013"	"7000bl(Fe I)"	"5.6e+06"	"8.e-03"	"-1.51"	D+	"21812.0454"	"62151.554"	"3d6.(3P2).4s"	"b 4P"	"3/2"	"3d6.(3F2).4p"	"y 4F*"	"5/2"		"T6892c83"	"L18349c148"	
"247.84503"	"0.00009"	"247.844958"	"0.000013"	"4000"	"3.1e+06"	"2.4e-03"	"-1.47"	D+	"21251.5833"	"61587.205"	"3d6.(3H).4s"	"a 4H"	"13/2"	"3d6.(3H).4p"	"z 4I*"	"11/2"		"T6892c83"	"L18349c139"	
"247.857194"	"0.000012"	"247.857199"	"0.000011"	"110000"	"9.1e+07"	"8.4e-02"	"-0.30"	C+	"22939.3512"	"63272.981"	"3d6.(3F2).4s"	"b 4F"	"5/2"	"3d6.(3F2).4p"	"x 4D*"	"5/2"		"T6892c83"	"L18349c139"	
"247.91433"	"0.00006"	"247.914309"	"0.000013"	"1200"	"1.2e+07"	"7.3e-03"	"-1.36"	D+	"66522.310"	"106846.649"	"3d6.(3G).4p"	"x 4F*"	"5/2"	"3d6.(5D).5d"	"4F"	"3/2"		"T6892c83"	"L18349c139"	
"247.92277"	"0.00009"	"247.92301"	"0.00003"	"4000"	"3.6e+07"	"2.2e-02"	"-0.88"	D+	"38164.220"	"78487.144"	"3d6.(1D2).4s"	"c 2D"	"5/2"	"3d6.(1D2).4p"	"w 2D*"	"3/2"		"T6892c83"	"L18349c139"	
"247.92928"	"0.00010"	"247.929288"	"0.000013"	"3100"	"1.9e+06"	"2.3e-03"	"-1.9"	D	"26055.4120"	"66377.315"	"3d6.(3G).4s"	"a 4G"	"5/2"	"3d6.(3G).4p"	"x 4F*"	"7/2"		"T6892c83"	"L18349c139"	
"247.93814"	"0.00005"	"247.938084"	"0.000010"	"6000"	"9.e+06"	"1.1e-02"	"-1.06"	D+	"42658.2444"	"82978.717"	"3d6.(5D).4p"	"z 6P*"	"7/2"	"3d6.(5D).4d"	"e 6F"	"9/2"		"T6892c83"	"L18349c139"	
"247.98518"	"0.00012"	"247.985363"	"0.000011"	"900"	"8.e+06"	"8.e-03"	"-1.34"	D+	"62689.874"	"103002.660"	"3d6.(3P2).4p"	"y 4D*"	"5/2"	"3d6.(3P2).4d"	"4D"	"5/2"		"T6892c83"	"L18349c139"	
"248.015734"	"0.000012"	"248.015733"	"0.000010"	"210000"	"1.55e+08"	"1.14e-01"	"0.06"	C+	"22637.1950"	"62945.045"	"3d6.(3F2).4s"	"b 4F"	"9/2"	"3d6.(3F2).4p"	"x 4D*"	"7/2"		"T7461"	"L18349c139"	
"248.095138"	"0.000019"	"248.095101"	"0.000013"	"3000"	"1.09e+08"	"1.00e-01"	"-0.09"	C+	"69606.567"	"109901.523"	"3d6.(3G).4p"	"y 2F*"	"7/2"	"3d6.(3G).4d"	"2G"	"7/2"		"T6892c83"	"L18349c139"	
"248.104930"	"0.000018"	"248.104922"	"0.000011"	"20000"	"1.5e+07"	"1.3e-02"	"-0.79"	D+	"26170.1810"	"66463.542"	"3d6.(3H).4s"	"b 2H"	"11/2"	"3d6.(3G).4p"	"y 4H*"	"11/2"		"T6892c83"	"L18349c139"	
"248.15782"	"0.00006"	"248.157764"	"0.000019"	"5000"	"1.6e+07"	"1.5e-02"	"-0.82"	D+	"33466.4943"	"73751.276"	"3d6.(1G2).4s"	"c 2G"	"9/2"	"3d6.(1I).4p"	"w 2H*"	"9/2"		"T6892c83"	"L18349c139"	
"248.16951"	"0.00013"	"248.169529"	"0.000012"	"800"	"6.7e+06"	"4.7e-03"	"-1.43"	D+	"64286.354"	"104569.226"	"3d6.(3F2).4p"	"z 2F*"	"7/2"	"3d6.(3P2).4d"	"4F"	"5/2"		"T6892c83"	"L18349c139"	
"248.211698"	"0.000012"	"248.211711"	"0.000011"	"80000"	"6.5e+07"	"6.0e-02"	"-0.08"	C+	"21251.5833"	"61527.610"	"3d6.(3H).4s"	"a 4H"	"13/2"	"3d6.(3H).4p"	"z 4I*"	"13/2"		"T6892c83"	"L18349c139"	
"248.22193"	"0.00005"	"248.221928"	"0.000011"	"1400"	"3.5e+06"	"3.3e-03"	"-1.71"	D+	"66522.310"	"106796.679"	"3d6.(3G).4p"	"x 4F*"	"5/2"	"3d6.(5D).5d"	"4P"	"5/2"		"T6892c83"	"L18349c139"	
"248.232580"	"0.000016"	"248.232580"	"0.000019"	"23000"	"2.23e+08"	"2.06e-01"	"-0.08"	C+	"38214.503"	"78487.144"	"3d6.(1D2).4s"	"c 2D"	"3/2"	"3d6.(1D2).4p"	"w 2D*"	"3/2"		"T6892c83"	"L18349c139"	
"248.265725"	"0.000012"	"248.265731"	"0.000011"	"120000"	"1.25e+08"	"9.6e-02"	"0.06"	C+	"25428.7893"	"65696.053"	"3d6.(3G).4s"	"a 4G"	"11/2"	"3d6.(3G).4p"	"x 4G*"	"9/2"		"T6892c83"	"L18349c139"	
"248.26754"	"0.00003"	"248.26755"	"0.00003"	"5000"	"2.23e+08"	"1.65e-01"	"0.22"	B+	"58631.623"	"98898.591"	"3d6.(1G1).4s"	"d 2G"	"9/2"	"3d6.(1G1).4p"	"2F*"	"7/2"		"T6892c83"	"L18349c139"	
"248.286672"	"0.000015"	"248.286663"	"0.000011"	"26000"	"1.69e+08"	"1.04e-01"	"-0.20"	C+	"44784.7859"	"85048.655"	"3d6.(5D).4p"	"z 4D*"	"5/2"	"3d6.(5D).4d"	"f 4D"	"3/2"		"T6892c83"	"L18349c139"	
"248.2932"	"0.0005"	"248.292932"	"0.000013"	"600"	"9.e+05"	"8.e-04"	"-2.3"	D	"20830.5534"	"61093.406"	"3d6.(3P2).4s"	"b 4P"	"5/2"	"3d6.(3P2).4p"	"z 2D*"	"5/2"		"T6892c83"	"L18349c142"	
"248.337123"	"0.000015"	"248.337126"	"0.000013"	"4000"	"1.51e+08"	"1.12e-01"	"0.05"	C+	"70314.624"	"110570.312"	"3d6.(3G).4p"	"x 2G*"	"9/2"	"3d6.(3G).4d"	"2F"	"7/2"		"T6892c83"	"L18349c139"	
"248.36582"	"0.00002"	"248.365792"	"0.000014"	"2200"	"8.4e+07"	"1.03e-01"	"-0.21"	C+	"69650.481"	"109901.523"	"3d6.(3G).4p"	"y 2F*"	"5/2"	"3d6.(3G).4d"	"2G"	"7/2"		"T6892c83"	"L18349c139"	
"248.37237"	"0.00002"	"248.372344"	"0.000019"	"16000"	"5.4e+07"	"6.3e-02"	"-0.30"	C+	"33501.2957"	"73751.276"	"3d6.(1G2).4s"	"c 2G"	"7/2"	"3d6.(1I).4p"	"w 2H*"	"9/2"		"T6892c83"	"L18349c139"	
"248.4207"	"0.0005"	"248.420131"	"0.000011"	"11000"	"6.e+05"	"6.e-04"	"-2.2"	D	"1872.5998"	"42114.8380"	"3d7"	"a 4F"	"9/2"	"3d6.(5D).4p"	"z 6F*"	"9/2"		"T6892c83"	"L18349c143"	
""	""	"248.423466"	"0.000005"	""	"8.e+06"	"1.1e-02"	"-1.34"	D+	"23031.2829"	"63272.981"	"3d6.(3F2).4s"	"b 4F"	"3/2"	"3d6.(3F2).4p"	"x 4D*"	"5/2"		"T6892c83"	""	
"248.424431"	"0.000012"	"248.424497"	"0.000012"	"70000"	"5.9e+07"	"6.4e-02"	"-0.12"	C+	"26170.1810"	"66411.712"	"3d6.(3H).4s"	"b 2H"	"11/2"	"3d6.(3G).4p"	"y 4H*"	"13/2"		"T6892c83"	"L18349c145"	
"248.444204"	"0.000012"	"248.444200"	"0.000011"	"60000"	"2.16e+08"	"2.00e-01"	"0.205"	C+	"44446.9051"	"84685.245"	"3d6.(5D).4p"	"z 4D*"	"7/2"	"3d6.(5D).4d"	"f 4D"	"7/2"		"T7186"	"L18349c139"	
"248.45698"	"0.00007"	"248.456951"	"0.000013"	"4000"	"3.6e+06"	"3.3e-03"	"-1.48"	D+	"26352.7671"	"66589.042"	"3d6.(3H).4s"	"b 2H"	"9/2"	"3d6.(3G).4p"	"y 4H*"	"9/2"		"T6892c83"	"L18349c139"	
"248.471057"	"0.000019"	"248.471062"	"0.000013"	"5000"	"6.7e+07"	"6.2e-02"	"-0.60"	D+	"66612.659"	"106846.649"	"3d6.(3G).4p"	"x 4F*"	"3/2"	"3d6.(5D).5d"	"4F"	"3/2"		"T6892c83"	"L18349c139"	
"248.48111"	"0.00015"	"248.48093"	"0.00004"	"700"	"2.3e+07"	"2.1e-02"	"-0.77"	D+	"58666.199"	"98898.591"	"3d6.(1G1).4s"	"d 2G"	"7/2"	"3d6.(1G1).4p"	"2F*"	"7/2"		"T6892c83"	"L18349c139"	
"248.50128"	"0.00007"	"248.501526"	"0.000013"	"2600"	"1.3e+06"	"1.2e-03"	"-1.9"	D	"50157.475"	"90386.533"	"3d6.(3F1).4s"	"c 4F"	"9/2"	"3d6.(5D).5p"	"6F*"	"9/2"		"T6892c83"	"L18349c148"	
"248.52367"	"0.00010"	"248.523620"	"0.000011"	"500"	"4.1e+06"	"4.6e-03"	"-1.34"	D+	"63948.803"	"104174.285"	"3d6.(3F2).4p"	"y 4G*"	"9/2"	"3d6.(3H).4d"	"4I"	"11/2"		"T6892c83"	"L18349c139"	
"248.55056"	"0.00012"	"248.550609"	"0.000011"	"2200"	"8.e+06"	"5.1e-03"	"-1.51"	D+	"43238.6066"	"83459.721"	"3d6.(5D).4p"	"z 6P*"	"5/2"	"3d6.(5D).4d"	"e 6F"	"3/2"		"T6892c83"	"L18349c139"	
"248.635078"	"0.000012"	"248.635096"	"0.000011"	"140000"	"1.54e+08"	"1.43e-01"	"0.15"	B+	"25805.3270"	"66012.775"	"3d6.(3G).4s"	"a 4G"	"9/2"	"3d6.(3G).4p"	"x 4F*"	"9/2"		"T6892c83"	"L18349c139"	
"248.6891"	"0.0005"	"248.689140"	"0.000012"	"400?"	"8.e+05"	"1.0e-03"	"-2.1"	D	"50187.822"	"90386.533"	"3d6.(3F1).4s"	"c 4F"	"7/2"	"3d6.(5D).5p"	"6F*"	"9/2"		"T6892c83"	"L18349c143"	
"248.71068"	"0.00016"	"248.710542"	"0.000011"	"500"	"4.0e+06"	"3.8e-03"	"-1.52"	D+	"64286.354"	"104481.606"	"3d6.(3F2).4p"	"z 2F*"	"7/2"	"3d6.(3H).4d"	"2F"	"7/2"		"T6892c83"	"L18349c139"	
"248.7534"	"0.0005"	"248.753327"	"0.000013"	"200d"	"2.2e+06"	"2.4e-03"	"-1.55"	D+	"63876.325"	"104064.664"	"3d6.(3F2).4p"	"y 4G*"	"11/2"	"3d6.(3H).4d"	"4I"	"13/2"		"T6892c83"	"L18349c143"	
"248.83212"	"0.00005"	"248.831985"	"0.000019"	"7000"	"1.78e+08"	"1.66e-01"	"-0.002"	C+	"54870.541"	"95046.177"	"3d6.(3F1).4s"	"d 2F"	"5/2"	"3d6.(3F1).4p"	"2F*"	"5/2"		"T6892c83"	"L18349c139"	
"248.83540"	"0.00004"	"248.83530"	"0.00003"	"7000"	"1.84e+08"	"1.71e-01"	"0.14"	B+	"54904.241"	"95079.342"	"3d6.(3F1).4s"	"d 2F"	"7/2"	"3d6.(3F1).4p"	"2F*"	"7/2"		"T6892c83"	"L18349c139"	
"248.87476"	"0.00008"	"248.874787"	"0.000011"	"1100"	"1.3e+07"	"9.e-03"	"-1.13"	D+	"64040.891"	"104209.618"	"3d6.(3F2).4p"	"y 4G*"	"7/2"	"3d6.(3H).4d"	"2F"	"5/2"		"T6892c83"	"L18349c139"	
"248.91103"	"0.00006"	"248.910986"	"0.000012"	"5000"	"2.6e+06"	"2.5e-03"	"-2.01"	C	"21812.0454"	"61974.931"	"3d6.(3P2).4s"	"b 4P"	"3/2"	"3d5.(6S).4s.4p.(3P*)"	"y 6P*"	"3/2"		"T7503"	"L18349c139"	
"248.93422"	"0.00006"	"248.934229"	"0.000011"	"1500"	"9.e+06"	"6.8e-03"	"-1.17"	D+	"63948.803"	"104107.939"	"3d6.(3F2).4p"	"y 4G*"	"9/2"	"3d6.(3P2).4d"	"4F"	"7/2"		"T6892c83"	"L18349c139"	
"248.9424"	"0.0003"	"248.942405"	"0.000015"	"500bl(Fe II)*"	"6.e+05"	"7.e-04"	"-2.4"	D	"50142.811"	"90300.628"	"3d6.(3F1).4s"	"c 4F"	"5/2"	"3d6.(5D).5p"	"6F*"	"7/2"		"T6892c83"	"L18349c146"	
"248.9424"	"0.0003"	"248.942486"	"0.000011"	"500bl(Fe II)*"	"1.1e+06"	"1.0e-03"	"-2.1"	D	"62945.045"	"103102.849"	"3d6.(3F2).4p"	"x 4D*"	"7/2"	"3d6.(3P2).4d"	"4D"	"7/2"		"T6892c83"	"L18349c146"	
"248.948295"	"0.000013"	"248.948035"	"0.000019"	"70000bl(Fe II)*"	"1.77e+08"	"1.64e-01"	"-0.18"	C+	"67273.833"	"107430.742"	"3d6.(3F2).4p"	"y 2D*"	"3/2"	"3d6.(3F2).4d"	"2D"	"3/2"		"T6892c83"	"L18349c148"	
"248.948295"	"0.000013"	"248.948409"	"0.000011"	"70000bl(Fe II)*"	"5.1e+07"	"4.7e-02"	"-0.25"	C+	"21430.3564"	"61587.205"	"3d6.(3H).4s"	"a 4H"	"11/2"	"3d6.(3H).4p"	"z 4I*"	"11/2"		"T6892c83"	"L18349c148"	
"248.982955"	"0.000012"	"248.982965"	"0.000011"	"230000"	"1.94e+08"	"1.80e-01"	"0.34"	B+	"25428.7893"	"65580.065"	"3d6.(3G).4s"	"a 4G"	"11/2"	"3d6.(3G).4p"	"x 4G*"	"11/2"		"T6892c83"	"L18349c139"	
"249.0418"	"0.0005"	"249.04090"	"0.00003"	"340bl(Fe I)"	"1.9e+07"	"1.3e-02"	"-0.98"	D+	"54904.241"	"95046.177"	"3d6.(3F1).4s"	"d 2F"	"7/2"	"3d6.(3F1).4p"	"2F*"	"5/2"		"T6892c83"	"L18349c143"	
"249.0706"	"0.0006"	"249.071263"	"0.000025"	"160000"	"1.44e+08"	"1.61e-01"	"0.21"	B+	"33466.4943"	"73603.537"	"3d6.(1G2).4s"	"c 2G"	"9/2"	"3d6.(1I).4p"	"w 2H*"	"11/2"		"T6892c83"	"L2637"	
"249.08300"	"0.00005"	"249.083016"	"0.000012"	"6000bl(Fe I)"	"2.8e+06"	"2.1e-03"	"-1.68"	D+	"30388.5451"	"70523.694"	"3d6.(3G).4s"	"b 2G"	"9/2"	"3d6.(3G).4p"	"x 2G*"	"7/2"		"T6892c83"	"L18349c148"	
"249.085813"	"0.000012"	"249.085808"	"0.000010"	"110000"	"8.8e+07"	"8.2e-02"	"-0.18"	C+	"22810.3459"	"62945.045"	"3d6.(3F2).4s"	"b 4F"	"7/2"	"3d6.(3F2).4p"	"x 4D*"	"7/2"		"T7461"	"L18349c139"	
"249.09027"	"0.00005"	"249.090240"	"0.000013"	"1200"	"1.6e+07"	"2.2e-02"	"-1.06"	D+	"67273.833"	"107407.818"	"3d6.(3F2).4p"	"y 2D*"	"3/2"	"3d6.(3F2).4d"	"2D"	"5/2"		"T6892c83"	"L18349c139"	
"249.12047"	"0.00009"	"249.120416"	"0.000011"	"1000"	"5.3e+06"	"3.7e-03"	"-1.53"	D+	"65109.691"	"105238.815"	"3d6.(3F2).4p"	"y 2G*"	"7/2"	"3d6.(3P2).4d"	"2D"	"5/2"		"T6892c83"	"L18349c139"	
"249.12342"	"0.00002"	"249.123456"	"0.000011"	"15000"	"2.01e+08"	"9.4e-02"	"-0.43"	C+	"45044.1916"	"85172.826"	"3d6.(5D).4p"	"z 4D*"	"3/2"	"3d6.(5D).4d"	"f 4D"	"1/2"		"T6892c83"	"L18349c139"	
"249.139624"	"0.000012"	"249.139620"	"0.000011"	"80000"	"1.01e+08"	"7.5e-02"	"-0.12"	C+	"25805.3270"	"65931.358"	"3d6.(3G).4s"	"a 4G"	"9/2"	"3d6.(3G).4p"	"x 4G*"	"7/2"		"T6892c83"	"L18349c139"	
"249.14892"	"0.00008"	"249.148785"	"0.000011"	"700"	"1.0e+07"	"7.2e-03"	"-1.24"	D+	"65109.691"	"105234.246"	"3d6.(3F2).4p"	"y 2G*"	"7/2"	"3d6.(3P2).4d"	"4P"	"5/2"		"T6892c83"	"L18349c139"	
"249.1643"	"0.0005"	"249.163348"	"0.000011"	"160a,d,bl(Fe I)"	"1.1e+07"	"1.1e-02"	"-1.20"	D+	"64087.408"	"104209.618"	"3d6.(3F2).4p"	"y 4G*"	"5/2"	"3d6.(3H).4d"	"2F"	"5/2"		"T6892c83"	"L18349c142"	
"249.19513"	"0.00011"	"249.195131"	"0.000010"	"3000"	"6.3e+06"	"4.4e-03"	"-1.45"	D+	"44753.8179"	"84870.911"	"3d6.(5D).4p"	"z 4F*"	"7/2"	"3d6.(5D).4d"	"f 4D"	"5/2"		"T6892c83"	"L18349c139"	
"249.234388"	"0.000016"	"249.234387"	"0.000013"	"24000"	"2.3e+07"	"2.6e-02"	"-0.59"	D+	"26352.7671"	"66463.542"	"3d6.(3H).4s"	"b 2H"	"9/2"	"3d6.(3G).4p"	"y 4H*"	"11/2"		"T6892c83"	"L18349c139"	
"249.289084"	"0.000020"	"249.289088"	"0.000011"	"6000"	"1.0e+08"	"6.1e-02"	"-0.44"	D+	"64087.408"	"104189.382"	"3d6.(3F2).4p"	"y 4G*"	"5/2"	"3d6.(3H).4d"	"4F"	"3/2"		"T6892c83"	"L18349c139"	
"249.318431"	"0.000012"	"249.318437"	"0.000011"	"260000"	"2.02e+08"	"2.19e-01"	"0.42"	B+	"21430.3564"	"61527.610"	"3d6.(3H).4s"	"a 4H"	"11/2"	"3d6.(3H).4p"	"z 4I*"	"13/2"		"T6892c83"	"L18349c139"	
"249.322359"	"0.000013"	"249.322334"	"0.000012"	"40000"	"7.1e+07"	"4.9e-02"	"-0.40"	C+	"25981.6451"	"66078.272"	"3d6.(3G).4s"	"a 4G"	"7/2"	"3d6.(3G).4p"	"x 4G*"	"5/2"		"T6892c83"	"L18349c139"	
"249.326342"	"0.000012"	"249.326340"	"0.000011"	"400000"	"3.04e+08"	"3.24e-01"	"0.66"	B+	"21251.5833"	"61347.566"	"3d6.(3H).4s"	"a 4H"	"13/2"	"3d6.(3H).4p"	"z 4I*"	"15/2"		"T6892c83"	"L18349c139"	
"249.375180"	"0.000016"	"249.375146"	"0.000013"	"3400"	"1.85e+08"	"1.29e-01"	"0.01"	C+	"70523.694"	"110611.830"	"3d6.(3G).4p"	"x 2G*"	"7/2"	"3d6.(3G).4d"	"2F"	"5/2"		"T6892c83"	"L18349c139"	
"249.38001"	"0.00012"	"249.380198"	"0.000011"	"400"	"1.9e+06"	"2.2e-03"	"-1.75"	D+	"65931.358"	"106018.682"	"3d6.(3G).4p"	"x 4G*"	"7/2"	"3d6.(3H).4d"	"2H"	"9/2"		"T6892c83"	"L18349c139"	
"249.387659"	"0.000013"	"249.387657"	"0.000010"	"35000"	"1.74e+08"	"1.63e-01"	"-0.01"	C+	"44784.7859"	"84870.911"	"3d6.(5D).4p"	"z 4D*"	"5/2"	"3d6.(5D).4d"	"f 4D"	"5/2"		"T6892c83"	"L18349c139"	
"249.41160"	"0.00005"	"249.411622"	"0.000011"	"6000"	"2.97e+06"	"2.31e-03"	"-1.56"	C	"21430.3564"	"61512.630"	"3d6.(3H).4s"	"a 4H"	"11/2"	"3d6.(3H).4p"	"z 4I*"	"9/2"		"T7158"	"L18349c139"	
"249.42011"	"0.00009"	"249.420164"	"0.000010"	"2600bl(Fe I)"	"4.3e+06"	"5.0e-03"	"-1.40"	D+	"44446.9051"	"84527.806"	"3d6.(5D).4p"	"z 4D*"	"7/2"	"3d6.(5D).4d"	"e 6G"	"9/2"		"T6892c83"	"L18349c148"	
"249.4304"	"0.0005"	"249.429798"	"0.000011"	"270?"	"8.e+06"	"5.5e-03"	"-1.36"	D+	"64040.891"	"104120.244"	"3d6.(3F2).4p"	"y 4G*"	"7/2"	"3d6.(5D).5d"	"6P"	"5/2"		"T6892c83"	"L18349c143"	
"249.49026"	"0.00008"	"249.490300"	"0.000011"	"4000"	"1.3e+07"	"1.2e-02"	"-1.14"	D+	"43238.6066"	"83308.241"	"3d6.(5D).4p"	"z 6P*"	"5/2"	"3d6.(5D).4d"	"e 6F"	"5/2"		"T6892c83"	"L18349c139"	
"249.5048"	"0.0005"	"249.505254"	"0.000011"	"180d?"	"9.e+05"	"1.0e-03"	"-2.0"	D	"65696.053"	"105763.286"	"3d6.(3G).4p"	"x 4G*"	"9/2"	"3d6.(3F2).4d"	"2H"	"11/2"		"T6892c83"	"L18349c143"	
"249.52329"	"0.00009"	"249.523264"	"0.000010"	"3400"	"5.7e+06"	"6.4e-03"	"-1.19"	D+	"44232.5398"	"84296.881"	"3d6.(5D).4p"	"z 4F*"	"9/2"	"3d6.(5D).4d"	"e 6G"	"11/2"		"T6892c83"	"L18349c139"	
"249.5497"	"0.0005"	"249.549807"	"0.000011"	"270"	"2.0e+06"	"1.8e-03"	"-2.0"	D	"44784.7859"	"84844.866"	"3d6.(5D).4p"	"z 4D*"	"5/2"	"3d6.(5D).4d"	"e 6G"	"5/2"		"T6892c83"	"L18349c142"	
"249.586823"	"0.000013"	"249.586831"	"0.000014"	"40000"	"2.69e+08"	"3.01e-01"	"0.48"	B+	"50157.475"	"90211.613"	"3d6.(3F1).4s"	"c 4F"	"9/2"	"3d6.(3F1).4p"	"4G*"	"11/2"		"T6892c83"	"L18349c139"	
"249.633685"	"0.000017"	"249.633702"	"0.000013"	"3000"	"1.14e+08"	"1.07e-01"	"-0.07"	C+	"70523.694"	"110570.312"	"3d6.(3G).4p"	"x 2G*"	"7/2"	"3d6.(3G).4d"	"2F"	"7/2"		"T6892c83"	"L18349c139"	
"249.639575"	"0.000018"	"249.639587"	"0.000015"	"3400"	"3.3e+07"	"2.3e-02"	"-0.73"	D+	"69606.567"	"109652.241"	"3d6.(3G).4p"	"y 2F*"	"7/2"	"3d6.(3D).5s"	"2D"	"5/2"		"T6892c83"	"L18349c139"	
"249.7046"	"0.0003"	"249.704471"	"0.000011"	"350"	"9.e+05"	"8.e-04"	"-2.0"	D	"65363.607"	"105398.876"	"3d6.(3H).4p"	"z 2H*"	"11/2"	"3d6.(3F2).4d"	"4H"	"11/2"		"T6892c83"	"L18349c139"	
"249.7122"	"0.0005"	"249.712049"	"0.000010"	"270"	"1.4e+06"	"1.0e-03"	"-2.0"	D	"44232.5398"	"84266.594"	"3d6.(5D).4p"	"z 4F*"	"9/2"	"3d6.(5D).4d"	"6P"	"7/2"		"T6892c83"	"L18349c142"	
"249.73029"	"0.00006"	"249.730292"	"0.000011"	"5000"	"3.2e+06"	"3.8e-03"	"-1.52"	D+	"25981.6451"	"66012.775"	"3d6.(3G).4s"	"a 4G"	"7/2"	"3d6.(3G).4p"	"x 4F*"	"9/2"		"T6892c83"	"L18349c139"	
"249.76836"	"0.00014"	"249.768185"	"0.000012"	"2500"	"8.4e+05"	"9.5e-04"	"-2.023"	C	"22637.1950"	"62662.252"	"3d6.(3F2).4s"	"b 4F"	"9/2"	"3d6.(3H).4p"	"z 2I*"	"11/2"		"T7158"	"L18349c139"	
"249.77138"	"0.00003"	"249.771363"	"0.000012"	"10000"	"1.0e+07"	"7.5e-03"	"-1.13"	D+	"26352.7671"	"66377.315"	"3d6.(3H).4s"	"b 2H"	"9/2"	"3d6.(3G).4p"	"x 4F*"	"7/2"		"T6892c83"	"L18349c139"	
"249.781897"	"0.000012"	"249.781897"	"0.000013"	"90000bl(Fe II)*"	"1.68e+08"	"1.57e-01"	"-0.03"	C+	"26055.4120"	"66078.272"	"3d6.(3G).4s"	"a 4G"	"5/2"	"3d6.(3G).4p"	"x 4G*"	"5/2"		"T6892c83"	"L18349c148"	
"249.808194"	"0.000018"	"249.808182"	"0.000012"	"3400"	"1.17e+08"	"1.36e-01"	"0.04"	C+	"69606.567"	"109625.216"	"3d6.(3G).4p"	"y 2F*"	"7/2"	"3d6.(3G).4d"	"2G"	"9/2"		"T6892c83"	"L18349c139"	
"249.83603"	"0.00011"	"249.836130"	"0.000011"	"2500"	"1.4e+06"	"1.3e-03"	"-2.0"	D	"21711.8963"	"61726.069"	"3d6.(3H).4s"	"a 4H"	"7/2"	"3d6.(3P2).4p"	"y 4D*"	"7/2"		"T6892c83"	"L18349c139"	
"249.889721"	"0.000012"	"249.889733"	"0.000011"	"240000"	"2.12e+08"	"2.39e-01"	"0.38"	B+	"21581.6151"	"61587.205"	"3d6.(3H).4s"	"a 4H"	"9/2"	"3d6.(3H).4p"	"z 4I*"	"11/2"		"T6892c83"	"L18349c139"	
"249.896787"	"0.000016"	"249.896771"	"0.000012"	"23000"	"1.18e+08"	"1.11e-01"	"-0.35"	C+	"45044.1916"	"85048.655"	"3d6.(5D).4p"	"z 4D*"	"3/2"	"3d6.(5D).4d"	"f 4D"	"3/2"		"T6892c83"	"L18349c139"	
"249.90563"	"0.00013"	"249.905582"	"0.000019"	"1700"	"3.6e+06"	"3.4e-03"	"-1.9"	D	"36126.412"	"76129.465"	"3d6.(3D).4s"	"b 2D"	"3/2"	"3d6.(1S2).4p"	"x 2P*"	"3/2"		"T6892c83"	"L18349c139"	
"249.91336"	"0.00015"	"249.913404"	"0.000011"	"500"	"2.2e+07"	"1.5e-02"	"-0.91"	D+	"64040.891"	"104042.692"	"3d6.(3F2).4p"	"y 4G*"	"7/2"	"3d6.(3H).4d"	"4G"	"5/2"		"T6892c83"	"L18349c139"	
"250.03075"	"0.00003"	"250.030740"	"0.000011"	"3300"	"2.0e+07"	"1.4e-02"	"-0.94"	D+	"64040.891"	"104023.921"	"3d6.(3F2).4p"	"y 4G*"	"7/2"	"3d6.(5D).5d"	"4F"	"5/2"		"T6892c83"	"L18349c139"	
"250.0801"	"0.0005"	"250.079317"	"0.000011"	"160d?"	"7.e+05"	"6.e-04"	"-2.2"	D	"64831.951"	"104807.215"	"3d6.(3F2).4p"	"y 2G*"	"9/2"	"3d6.(3H).4d"	"2G"	"9/2"		"T6892c83"	"L18349c142"	
"250.092334"	"0.000012"	"250.092331"	"0.000013"	"40000"	"2.41e+08"	"3.02e-01"	"0.26"	B+	"38164.220"	"78137.404"	"3d6.(1D2).4s"	"c 2D"	"5/2"	"3d6.(1D2).4p"	"v 2F*"	"7/2"		"T6892c83"	"L18349c139"	
"250.13504"	"0.00002"	"250.135063"	"0.000011"	"14000"	"1.5e+08"	"1.4e-01"	"-0.55"	D+	"45206.4704"	"85172.826"	"3d6.(5D).4p"	"z 4D*"	"1/2"	"3d6.(5D).4d"	"f 4D"	"1/2"		"T6892c83"	"L18349c139"	
"250.1951"	"0.0005"	"250.194065"	"0.000010"	"270d"	"3.1e+06"	"3.0e-03"	"-1.63"	D+	"44753.8179"	"84710.749"	"3d6.(5D).4p"	"z 4F*"	"7/2"	"3d6.(5D).4d"	"e 6G"	"7/2"		"T6892c83"	"L18349c142"	
"250.20439"	"0.00008"	"250.204380"	"0.000012"	"1200"	"2.5e+07"	"2.4e-02"	"-0.85"	D+	"64087.408"	"104042.692"	"3d6.(3F2).4p"	"y 4G*"	"5/2"	"3d6.(3H).4d"	"4G"	"5/2"		"T6892c83"	"L18349c139"	
"250.23062"	"0.00008"	"250.230642"	"0.000015"	"800"	"2.5e+07"	"1.5e-02"	"-1.03"	D+	"69650.481"	"109601.572"	"3d6.(3G).4p"	"y 2F*"	"5/2"	"3d6.(3D).5s"	"2D"	"3/2"		"T6892c83"	"L18349c139"	
"250.23352"	"0.00003"	"250.233410"	"0.000013"	"2100"	"4.7e+07"	"4.4e-02"	"-1.06"	D+	"64806.494"	"104757.143"	"3d6.(3P2).4p"	"z 2P*"	"1/2"	"3d6.(5D).5d"	"6D"	"1/2"		"T6892c83"	"L18349c148"	
"250.239272"	"0.000012"	"250.239274"	"0.000012"	"120000"	"1.43e+08"	"1.34e-01"	"0.03"	C+	"25981.6451"	"65931.358"	"3d6.(3G).4s"	"a 4G"	"7/2"	"3d6.(3G).4p"	"x 4G*"	"7/2"		"T6892c83"	"L18349c139"	
"250.3157"	"0.0005"	"250.315271"	"0.000012"	"400"	"2.5e+06"	"1.2e-03"	"-2.3"	D	"43620.9842"	"83558.569"	"3d6.(5D).4p"	"z 6P*"	"3/2"	"3d6.(5D).4d"	"e 6F"	"1/2"		"T6892c83"	"L18349c142"	
"250.32201"	"0.00007"	"250.321989"	"0.000012"	"1400"	"2.4e+07"	"2.3e-02"	"-0.86"	D+	"64087.408"	"104023.921"	"3d6.(3F2).4p"	"y 4G*"	"5/2"	"3d6.(5D).5d"	"4F"	"5/2"		"T6892c83"	"L18349c139"	
"250.332617"	"0.000012"	"250.332617"	"0.000012"	"60000"	"7.3e+07"	"6.9e-02"	"-0.08"	C+	"25428.7893"	"65363.607"	"3d6.(3G).4s"	"a 4G"	"11/2"	"3d6.(3H).4p"	"z 2H*"	"11/2"		"T6892c83"	"L18349c139"	
"250.34089"	"0.00010"	"250.340827"	"0.000012"	"900"	"1.4e+07"	"1.6e-02"	"-0.80"	D+	"64831.951"	"104765.459"	"3d6.(3F2).4p"	"y 2G*"	"9/2"	"3d6.(3H).4d"	"2I"	"11/2"		"T6892c83"	"L18349c139"	
"250.35386"	"0.00002"	"250.353874"	"0.000011"	"14000"	"3.32e+07"	"3.13e-02"	"-0.602"	C+	"44753.8179"	"84685.245"	"3d6.(5D).4p"	"z 4F*"	"7/2"	"3d6.(5D).4d"	"f 4D"	"7/2"		"T7186"	"L18349c139"	
"250.356486"	"0.000015"	"250.356459"	"0.000012"	"27000"	"2.53e+07"	"2.38e-02"	"-0.624"	C+	"21581.6151"	"61512.630"	"3d6.(3H).4s"	"a 4H"	"9/2"	"3d6.(3H).4p"	"z 4I*"	"9/2"		"T7158"	"L18349c139"	
"250.36301"	"0.00003"	"250.363023"	"0.000014"	"3200"	"1.4e+08"	"1.3e-01"	"-0.57"	D+	"64806.494"	"104736.462"	"3d6.(3P2).4p"	"z 2P*"	"1/2"	"3d6.(3P2).4d"	"2P"	"1/2"		"T6892c83"	"L18349c139"	
"250.387419"	"0.000012"	"250.387412"	"0.000012"	"100000"	"2.23e+08"	"2.10e-01"	"0.32"	B+	"30388.5451"	"70314.624"	"3d6.(3G).4s"	"b 2G"	"9/2"	"3d6.(3G).4p"	"x 2G*"	"9/2"		"T6892c83"	"L18349c139"	
"250.40619"	"0.00010"	"250.406259"	"0.000012"	"700"	"1.4e+07"	"6.6e-03"	"-1.58"	D+	"64834.069"	"104757.143"	"3d6.(3P2).4p"	"z 2P*"	"3/2"	"3d6.(5D).5d"	"6D"	"1/2"		"T6892c83"	"L18349c139"	
"250.48902"	"0.00005"	"250.489035"	"0.000013"	"6000"	"1.9e+07"	"1.8e-02"	"-0.75"	D+	"50157.475"	"90067.357"	"3d6.(3F1).4s"	"c 4F"	"9/2"	"3d6.(3F1).4p"	"4G*"	"9/2"		"T6892c83"	"L18349c139"	
"250.53600"	"0.00008"	"250.536051"	"0.000013"	"1200"	"3.9e+07"	"1.8e-02"	"-1.13"	D+	"64834.069"	"104736.462"	"3d6.(3P2).4p"	"z 2P*"	"3/2"	"3d6.(3P2).4d"	"2P"	"1/2"		"T6892c83"	"L18349c139"	
"250.54824"	"0.00002"	"250.548195"	"0.000011"	"16000"	"2.3e+06"	"2.8e-03"	"-1.77"	D+	"44784.7859"	"84685.245"	"3d6.(5D).4p"	"z 4D*"	"5/2"	"3d6.(5D).4d"	"f 4D"	"7/2"		"T6892c83"	"L18349c139"	
"250.5760"	"0.0005"	"250.575647"	"0.000012"	"160d?"	"2.1e+06"	"2.6e-03"	"-1.8"	D	"64087.408"	"103983.496"	"3d6.(3F2).4p"	"y 4G*"	"5/2"	"3d6.(3G).5s"	"e 2G"	"7/2"		"T6892c83"	"L18349c142"	
"250.5829"	"0.0005"	"250.582375"	"0.000012"	"160d?"	"1.9e+06"	"1.5e-03"	"-1.75"	D+	"63876.325"	"103771.342"	"3d6.(3F2).4p"	"y 4G*"	"11/2"	"3d6.(3H).4d"	"4G"	"9/2"		"T6892c83"	"L18349c142"	
"250.609325"	"0.000012"	"250.609331"	"0.000012"	"90000"	"9.9e+07"	"9.3e-02"	"-0.03"	C+	"25805.3270"	"65696.053"	"3d6.(3G).4s"	"a 4G"	"9/2"	"3d6.(3G).4p"	"x 4G*"	"9/2"		"T6892c83"	"L18349c139"	
"250.643094"	"0.000018"	"250.642926"	"0.000013"	"19000bl(Fe II)*"	"3.8e+06"	"3.6e-03"	"-1.67"	D+	"20516.9534"	"60402.333"	"3d7"	"a 2D2"	"5/2"	"3d6.(3P2).4p"	"y 4P*"	"5/2"		"T6892c83"	"L18349c148"	
"250.643094"	"0.000018"	"250.643244"	"0.000013"	"19000bl(Fe II)*"	"1.1e+07"	"1.0e-02"	"-0.99"	D+	"50157.475"	"90042.804"	"3d6.(3F1).4s"	"c 4F"	"9/2"	"3d6.(5D).5p"	"4F*"	"9/2"		"T6892c83"	"L18349c148"	
"250.67207"	"0.00005"	"250.672050"	"0.000012"	"1600"	"4.6e+07"	"4.3e-02"	"-0.46"	D+	"64040.891"	"103921.637"	"3d6.(3F2).4p"	"y 4G*"	"7/2"	"3d6.(3H).4d"	"4G"	"7/2"		"T6892c83"	"L18349c139"	
"250.67649"	"0.00008"	"250.676350"	"0.000010"	"2500"	"4.4e+06"	"3.1e-03"	"-1.60"	D+	"44446.9051"	"84326.967"	"3d6.(5D).4p"	"z 4D*"	"7/2"	"3d6.(5D).4d"	"6P"	"5/2"		"T6892c83"	"L18349c139"	
"250.679656"	"0.000012"	"250.679662"	"0.000012"	"50000bl(Fe II)*"	"1.98e+08"	"2.34e-01"	"0.27"	B+	"50187.822"	"90067.357"	"3d6.(3F1).4s"	"c 4F"	"7/2"	"3d6.(3F1).4p"	"4G*"	"9/2"		"T6892c83"	"L18349c148"	
"250.6987"	"0.0003"	"250.69853"	"0.00003"	"1600"	"6.4e+06"	"4.0e-03"	"-1.62"	D+	"36252.931"	"76129.465"	"3d6.(3D).4s"	"b 2D"	"5/2"	"3d6.(1S2).4p"	"x 2P*"	"3/2"		"T6892c83"	"L18349c139"	
"250.70221"	"0.00003"	"250.702226"	"0.000012"	"9000"	"8.e+06"	"1.0e-02"	"-1.22"	D+	"26055.4120"	"65931.358"	"3d6.(3G).4s"	"a 4G"	"5/2"	"3d6.(3G).4p"	"x 4G*"	"7/2"		"T6892c83"	"L18349c139"	
"250.759408"	"0.000016"	"250.759415"	"0.000012"	"23000"	"6.5e+07"	"4.1e-02"	"-0.61"	D+	"38858.9696"	"78725.822"	"3d6.(5D).4p"	"z 6D*"	"5/2"	"3d6.(5D).5s"	"e 6D"	"3/2"		"T6892c83"	"L18349c139"	
"250.76636"	"0.00002"	"250.766356"	"0.000011"	"5000"	"4.7e+07"	"3.5e-02"	"-0.45"	D+	"63948.803"	"103814.552"	"3d6.(3F2).4p"	"y 4G*"	"9/2"	"3d6.(5D).5d"	"4F"	"7/2"		"T6892c83"	"L18349c139"	
"250.768629"	"0.000017"	"250.768625"	"0.000010"	"20000"	"4.3e+07"	"3.0e-02"	"-0.62"	D+	"38660.0537"	"78525.442"	"3d6.(5D).4p"	"z 6D*"	"7/2"	"3d6.(5D).5s"	"e 6D"	"5/2"		"T6892c83"	"L18349c139"	
"250.834100"	"0.000012"	"250.834106"	"0.000012"	"50000"	"3.8e+07"	"4.5e-02"	"-0.45"	D+	"50187.822"	"90042.804"	"3d6.(3F1).4s"	"c 4F"	"7/2"	"3d6.(5D).5p"	"4F*"	"9/2"		"T6892c83"	"L18349c139"	
"250.88140"	"0.00014"	"250.881384"	"0.000013"	"700"	"1.4e+06"	"1.1e-03"	"-1.9"	D	"65363.607"	"105211.079"	"3d6.(3H).4p"	"z 2H*"	"11/2"	"3d6.(5D).5d"	"4G"	"9/2"		"T6892c83"	"L18349c139"	
"250.912104"	"0.000016"	"250.912032"	"0.000012"	"21000bl(Fe II)*"	"3.9e+05"	"4.5e-04"	"-2.3"	D	"65556.271"	"105398.876"	"3d6.(3H).4p"	"z 2H*"	"9/2"	"3d6.(3F2).4d"	"4H"	"11/2"		"T6892c83"	"L18349c148"	
"250.912104"	"0.000016"	"250.912102"	"0.000012"	"21000bl(Fe II)*"	"1.9e+07"	"1.5e-02"	"-0.75"	D+	"26170.1810"	"66012.775"	"3d6.(3H).4s"	"b 2H"	"11/2"	"3d6.(3G).4p"	"x 4F*"	"9/2"		"T6892c83"	"L18349c148"	
"250.91470"	"0.00004"	"250.914680"	"0.000012"	"8000"	"4.4e+07"	"8.e-02"	"-0.78"	D+	"45206.4704"	"85048.655"	"3d6.(5D).4p"	"z 4D*"	"1/2"	"3d6.(5D).4d"	"f 4D"	"3/2"		"T6892c83"	"L18349c139"	
"250.9370"	"0.0005"	"250.936397"	"0.000012"	"270d?"	"3.1e+06"	"3.0e-03"	"-1.9"	D	"43620.9842"	"83459.721"	"3d6.(5D).4p"	"z 6P*"	"3/2"	"3d6.(5D).4d"	"e 6F"	"3/2"		"T6892c83"	"L18349c142"	
"250.94838"	"0.00016"	"250.948283"	"0.000019"	"2000"	"4.0e+07"	"3.8e-02"	"-0.82"	D+	"54902.286"	"94739.136"	"3d6.(3P1).4s"	"c 2P"	"3/2"	"3d5.(4P).4s.4p.(3P*)"	"4P*"	"3/2"		"T6892c83"	"L18349c139"	
"250.9646"	"0.0010"	"250.964796"	"0.000011"	"400"	"1.2e+07"	"1.5e-02"	"-1.05"	D+	"64087.408"	"103921.637"	"3d6.(3F2).4p"	"y 4G*"	"5/2"	"3d6.(3H).4d"	"4G"	"7/2"		"T6892c83"	"L18349c139"	
"250.9702"	"0.0005"	"250.970208"	"0.000012"	"160d"	"1.4e+07"	"1.6e-02"	"-0.89"	D+	"64040.891"	"103874.261"	"3d6.(3F2).4p"	"y 4G*"	"7/2"	"3d6.(3H).4d"	"4H"	"9/2"		"T6892c83"	"L18349c142"	
"250.98633"	"0.00002"	"250.986308"	"0.000012"	"16000"	"9.e+07"	"4.4e-02"	"-0.76"	D+	"39013.2160"	"78844.031"	"3d6.(5D).4p"	"z 6D*"	"3/2"	"3d6.(5D).5s"	"e 6D"	"1/2"		"T6892c83"	"L18349c139"	
"250.9919"	"0.0005"	"250.992238"	"0.000014"	"340bl(Fe II)*"	"1.1e+07"	"1.0e-02"	"-1.20"	D+	"54870.541"	"94700.415"	"3d6.(3F1).4s"	"d 2F"	"5/2"	"3d6.(3F1).4p"	"2D*"	"5/2"		"T6892c83"	"L18349c142"	
"251.01215"	"0.00004"	"251.012120"	"0.000010"	"7000"	"2.6e+07"	"3.6e-02"	"-0.84"	D+	"45044.1916"	"84870.911"	"3d6.(5D).4p"	"z 4D*"	"3/2"	"3d6.(5D).4d"	"f 4D"	"5/2"		"T6892c83"	"L18349c139"	
"251.02968"	"0.00009"	"251.029671"	"0.000013"	"1000bl(Fe I)"	"6.1e+06"	"1.1e-02"	"-1.64"	D+	"64806.494"	"104630.429"	"3d6.(3P2).4p"	"z 2P*"	"1/2"	"3d6.(5D).5d"	"6F"	"3/2"		"T6892c83"	"L18349c148"	
"251.03848"	"0.00005"	"251.038472"	"0.000012"	"2000"	"4.6e+07"	"4.3e-02"	"-0.37"	C+	"63948.803"	"103771.342"	"3d6.(3F2).4p"	"y 4G*"	"9/2"	"3d6.(3H).4d"	"4G"	"9/2"		"T6892c83"	"L18349c139"	
"251.05646"	"0.00005"	"251.056441"	"0.000010"	"5000"	"1.54e+07"	"1.46e-02"	"-0.934"	C	"44446.9051"	"84266.594"	"3d6.(5D).4p"	"z 4D*"	"7/2"	"3d6.(5D).4d"	"6P"	"7/2"		"T7186"	"L18349c139"	
"251.138061"	"0.000018"	"251.138032"	"0.000012"	"6000"	"4.2e+07"	"3.3e-02"	"-0.40"	C+	"63876.325"	"103683.078"	"3d6.(3F2).4p"	"y 4G*"	"11/2"	"3d6.(5D).5d"	"4F"	"9/2"		"T6892c83"	"L18349c139"	
"251.16252"	"0.00015"	"251.162540"	"0.000011"	"700"	"1.2e+07"	"1.4e-02"	"-0.87"	D+	"63948.803"	"103751.672"	"3d6.(3F2).4p"	"y 4G*"	"9/2"	"3d6.(3H).4d"	"4H"	"11/2"		"T6892c83"	"L18349c139"	
"251.175999"	"0.000012"	"251.176016"	"0.000012"	"200000"	"2.30e+08"	"2.72e-01"	"0.338"	B	"21711.8963"	"61512.630"	"3d6.(3H).4s"	"a 4H"	"7/2"	"3d6.(3H).4p"	"z 4I*"	"9/2"		"T7158"	"L18349c139"	
"251.19261"	"0.00005"	"251.192456"	"0.000015"	"6000"	"1.63e+08"	"2.3e-01"	"-0.03"	C+	"54902.286"	"94700.415"	"3d6.(3P1).4s"	"c 2P"	"3/2"	"3d6.(3F1).4p"	"2D*"	"5/2"		"T6892c83"	"L18349c139"	
"251.20370"	"0.00009"	"251.203622"	"0.000012"	"800"	"2.8e+06"	"2.7e-03"	"-2.0"	D	"64834.069"	"104630.429"	"3d6.(3P2).4p"	"z 2P*"	"3/2"	"3d6.(5D).5d"	"6F"	"3/2"		"T6892c83"	"L18349c139"	
"251.23423"	"0.00015"	"251.234394"	"0.000012"	"600"	"3.5e+06"	"2.8e-03"	"-1.47"	D+	"65363.607"	"105155.093"	"3d6.(3H).4p"	"z 2H*"	"11/2"	"3d6.(3F2).4d"	"4G"	"9/2"		"T6892c83"	"L18349c139"	
"251.237315"	"0.000016"	"251.237405"	"0.000010"	"18000"	"3.3e+07"	"3.1e-02"	"-0.73"	D+	"45079.9019"	"84870.911"	"3d6.(5D).4p"	"z 4F*"	"5/2"	"3d6.(5D).4d"	"f 4D"	"5/2"		"T6892c83"	"L18349c145"	
"251.252212"	"0.000016"	"251.252189"	"0.000015"	"21000"	"1.26e+08"	"1.80e-01"	"-0.14"	C+	"36126.412"	"75915.080"	"3d6.(3D).4s"	"b 2D"	"3/2"	"3d6.(3D).4p"	"w 2F*"	"5/2"		"T6892c83"	"L18349c139"	
"251.28014"	"0.00007"	"251.280325"	"0.000011"	"900"	"8.e+06"	"7.3e-03"	"-1.36"	D+	"64425.405"	"104209.618"	"3d6.(3F2).4p"	"z 2F*"	"5/2"	"3d6.(3H).4d"	"2F"	"5/2"		"T6892c83"	"L18349c148"	
"251.31507"	"0.00002"	"251.315055"	"0.000010"	"12000"	"2.5e+07"	"1.9e-02"	"-0.72"	C+	"38458.9934"	"78237.709"	"3d6.(5D).4p"	"z 6D*"	"9/2"	"3d6.(5D).5s"	"e 6D"	"7/2"		"T7466"	"L18349c139"	
"251.34019"	"0.00011"	"251.340189"	"0.000012"	"2400"	"1.2e+06"	"1.4e-03"	"-1.9"	D	"25805.3270"	"65580.065"	"3d6.(3G).4s"	"a 4G"	"9/2"	"3d6.(3G).4p"	"x 4G*"	"11/2"		"T6892c83"	"L18349c139"	
"251.34720"	"0.00018"	"251.346995"	"0.000012"	"400"	"2.1e+06"	"2.0e-03"	"-1.8"	D	"64040.891"	"103814.552"	"3d6.(3F2).4p"	"y 4G*"	"7/2"	"3d6.(5D).5d"	"4F"	"7/2"		"T6892c83"	"L18349c139"	
"251.4022"	"0.0003"	"251.401970"	"0.000012"	"1200"	"9.e+05"	"8.e-04"	"-2.3"	D	"45079.9019"	"84844.866"	"3d6.(5D).4p"	"z 4F*"	"5/2"	"3d6.(5D).4d"	"e 6G"	"5/2"		"T6892c83"	"L18349c139"	
"251.40822"	"0.00011"	"251.408211"	"0.000011"	"1000"	"1.8e+07"	"1.1e-02"	"-1.17"	D+	"64425.405"	"104189.382"	"3d6.(3F2).4p"	"z 2F*"	"5/2"	"3d6.(3H).4d"	"4F"	"3/2"		"T6892c83"	"L18349c139"	
"251.438297"	"0.000012"	"251.438291"	"0.000011"	"80000"	"2.11e+08"	"2.00e-01"	"0.20"	B+	"30764.4737"	"70523.694"	"3d6.(3G).4s"	"b 2G"	"7/2"	"3d6.(3G).4p"	"x 2G*"	"7/2"		"T6892c83"	"L18349c139"	
"251.44071"	"0.00004"	"251.440759"	"0.000012"	"7000"	"2.2e+07"	"2.1e-02"	"-1.08"	D+	"45289.8248"	"85048.655"	"3d6.(5D).4p"	"z 4F*"	"3/2"	"3d6.(5D).4d"	"f 4D"	"3/2"		"T6892c83"	"L18349c139"	
"251.49065"	"0.00004"	"251.490645"	"0.000012"	"7000"	"8.e+06"	"8.e-03"	"-1.11"	D+	"25805.3270"	"65556.271"	"3d6.(3G).4s"	"a 4G"	"9/2"	"3d6.(3H).4p"	"z 2H*"	"9/2"		"T6892c83"	"L18349c139"	
"251.49332"	"0.00003"	"251.493310"	"0.000011"	"8000"	"1.3e+07"	"1.2e-02"	"-1.13"	D+	"22939.3512"	"62689.874"	"3d6.(3F2).4s"	"b 4F"	"5/2"	"3d6.(3P2).4p"	"y 4D*"	"5/2"		"T6892c83"	"L18349c139"	
"251.51190"	"0.00002"	"251.511900"	"0.000019"	"15000"	"2.13e+08"	"2.69e-01"	"0.21"	B+	"50142.811"	"89890.396"	"3d6.(3F1).4s"	"c 4F"	"5/2"	"3d6.(3F1).4p"	"4G*"	"7/2"		"T6892c83"	"L18349c139"	
"251.55182"	"0.00017"	"251.551982"	"0.000012"	"500"	"9.e+06"	"1.0e-02"	"-0.93"	D+	"63876.325"	"103617.577"	"3d6.(3F2).4p"	"y 4G*"	"11/2"	"3d6.(3H).4d"	"4H"	"13/2"		"T6892c83"	"L18349c139"	
"251.57530"	"0.00007"	"251.575311"	"0.000011"	"1300"	"1.4e+07"	"1.0e-02"	"-1.08"	D+	"64286.354"	"104023.921"	"3d6.(3F2).4p"	"z 2F*"	"7/2"	"3d6.(5D).5d"	"4F"	"5/2"		"T6892c83"	"L18349c139"	
"251.59055"	"0.00002"	"251.590571"	"0.000012"	"4000"	"8.4e+07"	"1.19e-01"	"-0.32"	C+	"64834.069"	"104569.226"	"3d6.(3P2).4p"	"z 2P*"	"3/2"	"3d6.(3P2).4d"	"4F"	"5/2"		"T6892c83"	"L18349c139"	
"251.59335"	"0.00004"	"251.593370"	"0.000011"	"6000"	"2.9e+07"	"2.8e-02"	"-1.26"	D+	"39109.3161"	"78844.031"	"3d6.(5D).4p"	"z 6D*"	"1/2"	"3d6.(5D).5s"	"e 6D"	"1/2"		"T6892c83"	"L18349c148"	
"251.6057"	"0.0005"	"251.604730"	"0.000019"	"240d,bl(Fe II)?*"	"1.1e+06"	"8.e-04"	"-2.1"	D	"50157.475"	"89890.396"	"3d6.(3F1).4s"	"c 4F"	"9/2"	"3d6.(3F1).4p"	"4G*"	"7/2"		"T6892c83"	"L18349c142"	
""	""	"251.611864"	"0.000006"	""	"3.9e+06"	"7.e-03"	"-1.8"	D	"45206.4704"	"84938.265"	"3d6.(5D).4p"	"z 4D*"	"1/2"	"3d6.(5D).4d"	"e 6G"	"3/2"		"T6892c83"	""	
"251.713092"	"0.000012"	"251.713289"	"0.000014"	"50000"	"9.e+07"	"1.8e-01"	"-0.45"	D+	"22409.8178"	"62125.604"	"3d6.(3P2).4s"	"b 4P"	"1/2"	"3d6.(3P2).4p"	"z 2D*"	"3/2"		"T6892c83"	"L18349c145"	
"251.72203"	"0.00005"	"251.722025"	"0.000011"	"6000bl(Fe II)*"	"5.8e+06"	"6.9e-03"	"-1.26"	D+	"25981.6451"	"65696.053"	"3d6.(3G).4s"	"a 4G"	"7/2"	"3d6.(3G).4p"	"x 4G*"	"9/2"		"T6892c83"	"L18349c148"	
"251.73332"	"0.00015"	"251.733447"	"0.000012"	"1600"	"2.0e+06"	"1.9e-03"	"-2.1"	D	"39013.2160"	"78725.822"	"3d6.(5D).4p"	"z 6D*"	"3/2"	"3d6.(5D).5s"	"e 6D"	"3/2"		"T6892c83"	"L18349c139"	
"251.79705"	"0.00006"	"251.797059"	"0.000019"	"4000"	"4.2e+07"	"4.0e-02"	"-0.50"	D+	"50187.822"	"89890.396"	"3d6.(3F1).4s"	"c 4F"	"7/2"	"3d6.(3F1).4p"	"4G*"	"7/2"		"T6892c83"	"L18349c139"	
"251.85346"	"0.00002"	"251.853444"	"0.000013"	"2100"	"5.4e+07"	"5.1e-02"	"-0.29"	C+	"70314.624"	"110008.310"	"3d6.(3G).4p"	"x 2G*"	"9/2"	"3d6.(3G).4d"	"2H"	"9/2"		"T6892c83"	"L18349c139"	
"251.90043"	"0.00020"	"251.900548"	"0.000012"	"400"	"6.3e+06"	"6.0e-03"	"-1.45"	D+	"66522.310"	"106208.574"	"3d6.(3G).4p"	"x 4F*"	"5/2"	"3d6.(3F2).4d"	"2F"	"5/2"		"T6892c83"	"L18349c139"	
"251.904690"	"0.000012"	"251.904689"	"0.000011"	"100000"	"2.10e+08"	"1.50e-01"	"0.08"	C+	"27314.9183"	"67000.530"	"3d6.(3F2).4s"	"a 2F"	"7/2"	"3d6.(3F2).4p"	"y 2D*"	"5/2"		"T6892c83"	"L18349c139"	
"251.90731"	"0.00007"	"251.906985"	"0.000012"	"7000"	"4.3e+06"	"3.3e-03"	"-1.49"	D+	"22637.1950"	"62322.445"	"3d6.(3F2).4s"	"b 4F"	"9/2"	"3d6.(3H).4p"	"z 2G*"	"7/2"		"T6892c83"	"L18349c145"	
"251.94077"	"0.00004"	"251.940798"	"0.000014"	"7000"	"1.3e+07"	"2.5e-02"	"-1.29"	D+	"26932.7348"	"66612.659"	"3d6.(3P2).4s"	"b 2P"	"1/2"	"3d6.(3G).4p"	"x 4F*"	"3/2"		"T6892c83"	"L18349c139"	
"251.96033"	"0.00004"	"251.960309"	"0.000019"	"7000"	"2.2e+07"	"1.7e-02"	"-0.77"	D+	"33466.4943"	"73143.346"	"3d6.(1G2).4s"	"c 2G"	"9/2"	"3d6.(1G2).4p"	"w 2G*"	"7/2"		"T6892c83"	"L18349c139"	
"251.98485"	"0.00008"	"251.984842"	"0.000013"	"1200"	"2.2e+07"	"3.2e-02"	"-0.90"	D+	"64834.069"	"104507.058"	"3d6.(3P2).4p"	"z 2P*"	"3/2"	"3d6.(3H).4d"	"4F"	"5/2"		"T6892c83"	"L18349c139"	
"252.02624"	"0.00003"	"252.026243"	"0.000011"	"11000"	"2.6e+07"	"2.4e-02"	"-0.83"	D+	"38858.9696"	"78525.442"	"3d6.(5D).4p"	"z 6D*"	"5/2"	"3d6.(5D).5s"	"e 6D"	"5/2"		"T6892c83"	"L18349c139"	
"252.03982"	"0.00016"	"252.039799"	"0.000012"	"600"	"5.0e+06"	"3.8e-03"	"-1.42"	D+	"65556.271"	"105220.610"	"3d6.(3H).4p"	"z 2H*"	"9/2"	"3d6.(3H).4d"	"4F"	"7/2"		"T6892c83"	"L18349c139"	
"252.05375"	"0.00011"	"252.053717"	"0.000019"	"2000"	"4.9e+06"	"4.7e-03"	"-1.55"	D+	"36252.931"	"75915.080"	"3d6.(3D).4s"	"b 2D"	"5/2"	"3d6.(3D).4p"	"w 2F*"	"5/2"		"T6892c83"	"L18349c139"	
"252.06733"	"0.00003"	"252.067325"	"0.000012"	"9000"	"7.4e+06"	"7.1e-03"	"-1.15"	D+	"26352.7671"	"66012.775"	"3d6.(3H).4s"	"b 2H"	"9/2"	"3d6.(3G).4p"	"x 4F*"	"9/2"		"T6892c83"	"L18349c139"	
"252.0766"	"0.0003"	"252.076331"	"0.000011"	"1600"	"1.7e+06"	"2.4e-03"	"-2.0"	D	"23031.2829"	"62689.874"	"3d6.(3F2).4s"	"b 4F"	"3/2"	"3d6.(3P2).4p"	"y 4D*"	"5/2"		"T6892c83"	"L18349c139"	
"252.109143"	"0.000012"	"252.109144"	"0.000012"	"70000"	"2.05e+08"	"1.31e-01"	"-0.11"	C+	"27620.4033"	"67273.833"	"3d6.(3F2).4s"	"a 2F"	"5/2"	"3d6.(3F2).4p"	"y 2D*"	"3/2"		"T6892c83"	"L18349c139"	
"252.12163"	"0.00002"	"252.121656"	"0.000019"	"11000"	"2.21e+08"	"3.2e-01"	"0.10"	C+	"50075.921"	"89727.383"	"3d6.(3F1).4s"	"c 4F"	"3/2"	"3d6.(3F1).4p"	"4G*"	"5/2"		"T6892c83"	"L18349c139"	
"252.13318"	"0.00011"	"252.133147"	"0.000011"	"700"	"8.e+06"	"6.4e-03"	"-1.19"	D+	"64831.951"	"104481.606"	"3d6.(3F2).4p"	"y 2G*"	"9/2"	"3d6.(3H).4d"	"2F"	"7/2"		"T6892c83"	"L18349c139"	
"252.14864"	"0.00005"	"252.14858"	"0.00003"	"4000"	"2.67e+08"	"3.05e-01"	"0.48"	B+	"58631.623"	"98278.852"	"3d6.(1G1).4s"	"d 2G"	"9/2"	"3d6.(1G1).4p"	"2H*"	"11/2"		"T6892c83"	"L18349c139"	
"252.181511"	"0.000012"	"252.181518"	"0.000014"	"50000"	"2.36e+08"	"2.25e-01"	"0.25"	B+	"33501.2957"	"73143.346"	"3d6.(1G2).4s"	"c 2G"	"7/2"	"3d6.(1G2).4p"	"w 2G*"	"7/2"		"T6892c83"	"L18349c139"	
"252.21971"	"0.00003"	"252.219870"	"0.000012"	"11000"	"4.2e+06"	"3.4e-03"	"-1.32"	D+	"21251.5833"	"60887.606"	"3d6.(3H).4s"	"a 4H"	"13/2"	"3d6.(3H).4p"	"z 4H*"	"11/2"		"T6892c83"	"L18349c145"	
"252.24337"	"0.00014"	"252.243462"	"0.000011"	"2000"	"3.6e+06"	"3.4e-03"	"-1.69"	D+	"46967.4751"	"86599.791"	"3d6.(5D).4p"	"z 4P*"	"5/2"	"3d6.(5D).4d"	"e 4F"	"5/2"		"T6892c83"	"L18349c139"	
"252.289161"	"0.000012"	"252.289172"	"0.000012"	"60000"	"2.13e+08"	"2.03e-01"	"0.31"	B+	"33466.4943"	"73091.630"	"3d6.(1G2).4s"	"c 2G"	"9/2"	"3d6.(1G2).4p"	"w 2G*"	"9/2"		"T6892c83"	"L18349c139"	
"252.344146"	"0.000017"	"252.344133"	"0.000012"	"19000"	"5.9e+07"	"1.1e-01"	"-0.65"	D+	"39109.3161"	"78725.822"	"3d6.(5D).4p"	"z 6D*"	"1/2"	"3d6.(5D).5s"	"e 6D"	"3/2"		"T6892c83"	"L18349c139"	
"252.41529"	"0.00016"	"252.415261"	"0.000012"	"1600"	"2.2e+06"	"2.8e-03"	"-1.8"	D	"45079.9019"	"84685.245"	"3d6.(5D).4p"	"z 4F*"	"5/2"	"3d6.(5D).4d"	"f 4D"	"7/2"		"T6892c83"	"L18349c139"	
"252.47539"	"0.00003"	"252.475367"	"0.000014"	"2400"	"5.2e+07"	"7.5e-02"	"-0.52"	D+	"66612.659"	"106208.574"	"3d6.(3G).4p"	"x 4F*"	"3/2"	"3d6.(3F2).4d"	"2F"	"5/2"		"T6892c83"	"L18349c139"	
"252.4818"	"0.0005"	"252.481451"	"0.000012"	"150d?"	"1.0e+06"	"8.e-04"	"-2.1"	D	"65696.053"	"105291.014"	"3d6.(3G).4p"	"x 4G*"	"9/2"	"3d6.(3F2).4d"	"4G"	"7/2"		"T6892c83"	"L18349c142"	
"252.51099"	"0.00002"	"252.510959"	"0.000015"	"15000"	"4.7e+07"	"5.6e-02"	"-0.35"	C+	"33501.2957"	"73091.630"	"3d6.(1G2).4s"	"c 2G"	"7/2"	"3d6.(1G2).4p"	"w 2G*"	"9/2"		"T6892c83"	"L18349c139"	
"252.53281"	"0.00003"	"252.532873"	"0.000012"	"1400"	"5.3e+07"	"4.1e-02"	"-0.39"	C+	"70314.624"	"109901.523"	"3d6.(3G).4p"	"x 2G*"	"9/2"	"3d6.(3G).4d"	"2G"	"7/2"		"T6892c83"	"L18349c139"	
"252.538758"	"0.000012"	"252.538757"	"0.000011"	"240000"	"1.91e+08"	"1.83e-01"	"0.41"	B+	"21251.5833"	"60837.560"	"3d6.(3H).4s"	"a 4H"	"13/2"	"3d6.(3H).4p"	"z 4H*"	"13/2"		"T6892c83"	"L18349c139"	
"252.54782"	"0.00005"	"252.547719"	"0.000019"	"4000"	"3.8e+07"	"3.7e-02"	"-0.66"	D+	"50142.811"	"89727.383"	"3d6.(3F1).4s"	"c 4F"	"5/2"	"3d6.(3F1).4p"	"4G*"	"5/2"		"T6892c83"	"L18349c139"	
"252.56322"	"0.00005"	"252.563046"	"0.000011"	"1500"	"2.3e+07"	"2.2e-02"	"-0.58"	D+	"66463.542"	"106045.712"	"3d6.(3G).4p"	"y 4H*"	"11/2"	"3d6.(3H).4d"	"2H"	"11/2"		"T6892c83"	"L18349c139"	
"252.56993"	"0.00014"	"252.569962"	"0.000011"	"1900"	"3.4e+06"	"4.9e-03"	"-1.71"	D+	"45289.8248"	"84870.911"	"3d6.(5D).4p"	"z 4F*"	"3/2"	"3d6.(5D).4d"	"f 4D"	"5/2"		"T6892c83"	"L18349c139"	
"252.58616"	"0.00002"	"252.585887"	"0.000012"	"13000bl(Fe II)*"	"6.4e+06"	"4.9e-03"	"-1.31"	D+	"26352.7671"	"65931.358"	"3d6.(3H).4s"	"b 2H"	"9/2"	"3d6.(3G).4p"	"x 4G*"	"7/2"		"T6892c83"	"L18349c148"	
"252.58616"	"0.00002"	"252.586365"	"0.000019"	"13000bl(Fe II)*"	"6.0e+07"	"5.8e-02"	"-0.46"	D+	"38164.220"	"77742.736"	"3d6.(1D2).4s"	"c 2D"	"5/2"	"3d6.(1D2).4p"	"v 2F*"	"5/2"		"T6892c83"	"L18349c148"	
"252.591870"	"0.000013"	"252.591858"	"0.000011"	"36000"	"7.4e+07"	"7.1e-02"	"-0.25"	C+	"38660.0537"	"78237.709"	"3d6.(5D).4p"	"z 6D*"	"7/2"	"3d6.(5D).5s"	"e 6D"	"7/2"		"T7466"	"L18349c139"	
"252.607458"	"0.000013"	"252.607455"	"0.000011"	"32000"	"3.5e+07"	"2.7e-02"	"-0.57"	D+	"21581.6151"	"61156.827"	"3d6.(3H).4s"	"a 4H"	"9/2"	"3d6.(3H).4p"	"z 4H*"	"7/2"		"T6892c83"	"L18349c139"	
"252.61121"	"0.00016"	"252.611195"	"0.000012"	"1500"	"7.e+05"	"8.e-04"	"-2.2"	D	"25981.6451"	"65556.271"	"3d6.(3G).4s"	"a 4G"	"7/2"	"3d6.(3H).4p"	"z 2H*"	"9/2"		"T6892c83"	"L18349c139"	
"252.629363"	"0.000012"	"252.629366"	"0.000011"	"350000"	"2.47e+08"	"2.36e-01"	"0.15"	B+	"20830.5534"	"60402.333"	"3d6.(3P2).4s"	"b 4P"	"5/2"	"3d6.(3P2).4p"	"y 4P*"	"5/2"		"T6892c83"	"L18349c139"	
"252.6529"	"0.0005"	"252.653308"	"0.000012"	"160d?"	"1.3e+06"	"1.5e-03"	"-1.9"	D	"64040.891"	"103608.921"	"3d6.(3F2).4p"	"y 4G*"	"7/2"	"3d6.(3G).5s"	"e 2G"	"9/2"		"T6892c83"	"L18349c142"	
"252.66159"	"0.00003"	"252.661584"	"0.000012"	"3300"	"7.1e+07"	"5.4e-02"	"-0.27"	C+	"65556.271"	"105123.005"	"3d6.(3H).4p"	"z 2H*"	"9/2"	"3d6.(3H).4d"	"2G"	"7/2"		"T6892c83"	"L18349c139"	
"252.710433"	"0.000012"	"252.710424"	"0.000011"	"40000"	"3.7e+07"	"2.9e-02"	"-0.45"	D+	"21430.3564"	"60989.444"	"3d6.(3H).4s"	"a 4H"	"11/2"	"3d6.(3H).4p"	"z 4H*"	"9/2"		"T6892c83"	"L18349c139"	
"252.71563"	"0.00003"	"252.715584"	"0.000012"	"9000"	"9.e+06"	"1.0e-02"	"-1.00"	D+	"25805.3270"	"65363.607"	"3d6.(3G).4s"	"a 4G"	"9/2"	"3d6.(3H).4p"	"z 2H*"	"11/2"		"T6892c83"	"L18349c139"	
"252.72657"	"0.00004"	"252.726842"	"0.000012"	"2300bl(Fe I)"	"2.3e+07"	"1.7e-02"	"-0.87"	D+	"64040.891"	"103597.409"	"3d6.(3F2).4p"	"y 4G*"	"7/2"	"3d6.(3P2).4d"	"2F"	"5/2"		"T6892c83"	"L18349c148"	
"252.745493"	"0.000011"	"252.745377"	"0.000019"	"90000"	"1.23e+08"	"8.9e-02"	"-0.15"	C+	"33501.2957"	"73054.913"	"3d6.(1G2).4s"	"c 2G"	"7/2"	"3d6.(1G2).4p"	"x 2F*"	"5/2"		"T6892c83"	"L18349c145"	
"252.76758"	"0.00005"	"252.767534"	"0.000012"	"4000"	"5.5e+06"	"6.6e-03"	"-1.28"	D+	"30764.4737"	"70314.624"	"3d6.(3G).4s"	"b 2G"	"7/2"	"3d6.(3G).4p"	"x 2G*"	"9/2"		"T6892c83"	"L18349c139"	
"252.770477"	"0.000012"	"252.770478"	"0.000019"	"40000bl(Fe I)"	"9.1e+07"	"7.0e-02"	"-0.16"	C+	"33466.4943"	"73016.184"	"3d6.(1G2).4s"	"c 2G"	"9/2"	"3d6.(1G2).4p"	"x 2F*"	"7/2"		"T6892c83"	"L18349c148"	
"252.8348"	"0.0005"	"252.835234"	"0.000014"	"230d"	"1.6e+06"	"1.2e-03"	"-2.0"	D	"50187.822"	"89727.383"	"3d6.(3F1).4s"	"c 4F"	"7/2"	"3d6.(3F1).4p"	"4G*"	"5/2"		"T6892c83"	"L18349c142"	
"252.86811"	"0.00005"	"252.868057"	"0.000012"	"5000"	"2.3e+06"	"1.7e-03"	"-1.76"	D+	"22637.1950"	"62171.624"	"3d6.(3F2).4s"	"b 4F"	"9/2"	"3d5.(6S).4s.4p.(3P*)"	"y 6P*"	"7/2"		"T7503"	"L18349c139"	
"252.907709"	"0.000014"	"252.907696"	"0.000016"	"25000"	"1.80e+08"	"2.6e-01"	"0.02"	C+	"38214.503"	"77742.736"	"3d6.(1D2).4s"	"c 2D"	"3/2"	"3d6.(1D2).4p"	"v 2F*"	"5/2"		"T6892c83"	"L18349c139"	
"252.922808"	"0.000012"	"252.922804"	"0.000011"	"40000"	"3.3e+07"	"2.6e-02"	"-0.50"	D+	"26170.1810"	"65696.053"	"3d6.(3H).4s"	"b 2H"	"11/2"	"3d6.(3G).4p"	"x 4G*"	"9/2"		"T6892c83"	"L18349c139"	
"252.954515"	"0.000014"	"252.954427"	"0.000011"	"250000"	"2.20e+08"	"2.12e-01"	"0.33"	B+	"22637.1950"	"62158.126"	"3d6.(3F2).4s"	"b 4F"	"9/2"	"3d6.(3F2).4p"	"y 4F*"	"9/2"		"T6892c83"	"L18349c145"	
"252.955919"	"0.000012"	"252.955857"	"0.000013"	"130000"	"2.02e+08"	"1.93e-01"	"-0.11"	C+	"21812.0454"	"61332.753"	"3d6.(3P2).4s"	"b 4P"	"3/2"	"3d6.(3P2).4p"	"y 4P*"	"3/2"		"T6892c83"	"L18349c145"	
"252.99308"	"0.00003"	"252.993112"	"0.000016"	"8000"	"2.0e+07"	"1.9e-02"	"-0.81"	D+	"33501.2957"	"73016.184"	"3d6.(1G2).4s"	"c 2G"	"7/2"	"3d6.(1G2).4p"	"x 2F*"	"7/2"		"T6892c83"	"L18349c139"	
"253.0067"	"0.0003"	"253.006637"	"0.000011"	"1500"	"2.1e+06"	"2.0e-03"	"-1.8"	D	"44753.8179"	"84266.594"	"3d6.(5D).4p"	"z 4F*"	"7/2"	"3d6.(5D).4d"	"6P"	"7/2"		"T6892c83"	"L18349c139"	
"253.010035"	"0.000012"	"253.010160"	"0.000011"	"32000"	"6.6e+07"	"9.5e-02"	"-0.42"	C+	"39013.2160"	"78525.442"	"3d6.(5D).4p"	"z 6D*"	"3/2"	"3d6.(5D).5s"	"e 6D"	"5/2"		"T6892c83"	"L18349c139"	
"253.010921"	"0.000012"	"253.010972"	"0.000012"	"100000"	"4.3e+07"	"4.2e-02"	"-0.48"	D+	"22810.3459"	"62322.445"	"3d6.(3F2).4s"	"b 4F"	"7/2"	"3d6.(3H).4p"	"z 2G*"	"7/2"		"T6892c83"	"L18349c139"	
"253.0154"	"0.0003"	"253.015436"	"0.000013"	"310"	"3.1e+06"	"4.0e-03"	"-1.62"	D+	"66078.272"	"105589.674"	"3d6.(3G).4p"	"x 4G*"	"5/2"	"3d6.(3F2).4d"	"4H"	"7/2"		"T6892c83"	"L18349c139"	
"253.02876"	"0.00010"	"253.028540"	"0.000012"	"700"	"1.8e+06"	"1.4e-03"	"-1.9"	D	"65556.271"	"105065.627"	"3d6.(3H).4p"	"z 2H*"	"9/2"	"3d6.(5D).5d"	"6G"	"7/2"		"T6892c83"	"L18349c139"	
"253.03419"	"0.00012"	"253.034099"	"0.000012"	"600"	"4.3e+06"	"4.1e-03"	"-1.39"	D+	"66589.042"	"106097.530"	"3d6.(3G).4p"	"y 4H*"	"9/2"	"3d6.(3F2).4d"	"2H"	"9/2"		"T6892c83"	"L18349c139"	
"253.04178"	"0.00005"	"253.041772"	"0.000013"	"1700"	"4.2e+07"	"4.8e-02"	"-0.32"	C+	"65556.271"	"105063.561"	"3d6.(3H).4p"	"z 2H*"	"9/2"	"3d6.(3F2).4d"	"4G"	"11/2"		"T6892c83"	"L18349c139"	
"253.05700"	"0.00007"	"253.056986"	"0.000011"	"1400"	"6.9e+06"	"5.5e-03"	"-1.18"	D+	"65363.607"	"104868.522"	"3d6.(3H).4p"	"z 2H*"	"11/2"	"3d6.(5D).5d"	"6G"	"9/2"		"T6892c83"	"L18349c139"	
"253.187088"	"0.000012"	"253.187091"	"0.000012"	"7000"	"2.30e+08"	"2.77e-01"	"0.35"	B+	"70523.694"	"110008.310"	"3d6.(3G).4p"	"x 2G*"	"7/2"	"3d6.(3G).4d"	"2H"	"9/2"		"T6892c83"	"L18349c139"	
"253.2050"	"0.0002"	"253.205099"	"0.000011"	"1500"	"2.7e+06"	"3.5e-03"	"-1.68"	D+	"44784.7859"	"84266.594"	"3d6.(5D).4p"	"z 4D*"	"5/2"	"3d6.(5D).4d"	"6P"	"7/2"		"T6892c83"	"L18349c139"	
"253.3511"	"0.0005"	"253.351209"	"0.000012"	"180d"	"3.4e+06"	"3.3e-03"	"-1.48"	D+	"65696.053"	"105155.093"	"3d6.(3G).4p"	"x 4G*"	"9/2"	"3d6.(3F2).4d"	"4G"	"9/2"		"T6892c83"	"L18349c143"	
"253.362708"	"0.000012"	"253.362706"	"0.000011"	"200000"	"1.92e+08"	"1.85e-01"	"0.35"	B+	"21430.3564"	"60887.606"	"3d6.(3H).4s"	"a 4H"	"11/2"	"3d6.(3H).4p"	"z 4H*"	"11/2"		"T6892c83"	"L18349c139"	
"253.41640"	"0.00010"	"253.416368"	"0.000011"	"2600"	"1.0e+07"	"1.2e-02"	"-1.13"	D+	"46967.4751"	"86416.370"	"3d6.(5D).4p"	"z 4P*"	"5/2"	"3d6.(5D).4d"	"e 4F"	"7/2"		"T6892c83"	"L18349c139"	
"253.42195"	"0.00019"	"253.421687"	"0.000012"	"700"	"7.e+05"	"5.e-04"	"-2.4"	D	"65931.358"	"105379.425"	"3d6.(3G).4p"	"x 4G*"	"7/2"	"3d6.(3F2).4d"	"4D"	"5/2"		"T6892c83"	"L18349c139"	
"253.441837"	"0.000012"	"253.441838"	"0.000011"	"150000"	"1.83e+08"	"1.76e-01"	"0.15"	B+	"21711.8963"	"61156.827"	"3d6.(3H).4s"	"a 4H"	"7/2"	"3d6.(3H).4p"	"z 4H*"	"7/2"		"T6892c83"	"L18349c139"	
"253.450335"	"0.000020"	"253.450337"	"0.000011"	"5000"	"1.03e+08"	"8.3e-02"	"-0.002"	C+	"65363.607"	"104807.215"	"3d6.(3H).4p"	"z 2H*"	"11/2"	"3d6.(3H).4d"	"2G"	"9/2"		"T6892c83"	"L18349c139"	
"253.48889"	"0.00005"	"253.488900"	"0.000012"	"1700"	"4.3e+07"	"3.3e-02"	"-0.48"	D+	"65556.271"	"104993.879"	"3d6.(3H).4p"	"z 2H*"	"9/2"	"3d6.(3F2).4d"	"4D"	"7/2"		"T6892c83"	"L18349c139"	
"253.53621"	"0.00003"	"253.53623"	"0.00003"	"9000"	"2.5e+08"	"1.58e-01"	"-0.02"	C+	"44929.532"	"84359.779"	"3d6.(1F).4s"	"c 2F"	"5/2"	"3d6.(1F).4p"	"v 2D*"	"3/2"		"T6892c83"	"L18349c139"	
"253.548528"	"0.000013"	"253.548534"	"0.000011"	"90000"	"7.5e+07"	"5.8e-02"	"-0.24"	B	"22637.1950"	"62065.528"	"3d6.(3F2).4s"	"b 4F"	"9/2"	"3d6.(3F2).4p"	"y 4F*"	"7/2"		"T7461"	"L18349c139"	
"253.667231"	"0.000012"	"253.667235"	"0.000012"	"80000"	"5.7e+07"	"5.5e-02"	"-0.18"	C+	"26170.1810"	"65580.065"	"3d6.(3H).4s"	"b 2H"	"11/2"	"3d6.(3G).4p"	"x 4G*"	"11/2"		"T6892c83"	"L18349c139"	
"253.680452"	"0.000012"	"253.680465"	"0.000011"	"150000"	"1.69e+08"	"1.63e-01"	"0.21"	B+	"21581.6151"	"60989.444"	"3d6.(3H).4s"	"a 4H"	"9/2"	"3d6.(3H).4p"	"z 4H*"	"9/2"		"T6892c83"	"L18349c139"	
"253.684496"	"0.000012"	"253.684491"	"0.000012"	"70000"	"6.8e+07"	"7.7e-02"	"-0.04"	C+	"21430.3564"	"60837.560"	"3d6.(3H).4s"	"a 4H"	"11/2"	"3d6.(3H).4p"	"z 4H*"	"13/2"		"T6892c83"	"L18349c139"	
"253.6990"	"0.0005"	"253.698517"	"0.000014"	"250d"	"2.3e+06"	"2.2e-03"	"-2.1"	D	"59663.440"	"99068.465"	"3d6.(3P2).4p"	"z 4S*"	"3/2"	"3d6.(3P2).5s"	"2P"	"3/2"		"T6892c83"	"L18349c143"	
"253.71036"	"0.00012"	"253.710515"	"0.000011"	"1900"	"1.0e+06"	"8.e-04"	"-2.0"	D	"25428.7893"	"64831.951"	"3d6.(3G).4s"	"a 4G"	"11/2"	"3d6.(3F2).4p"	"y 2G*"	"9/2"		"T6892c83"	"L18349c139"	
"253.713775"	"0.000012"	"253.713767"	"0.000011"	"90000"	"1.44e+08"	"1.39e-01"	"0.14"	C+	"38458.9934"	"77861.650"	"3d6.(5D).4p"	"z 6D*"	"9/2"	"3d6.(5D).5s"	"e 6D"	"9/2"		"T7466"	"L18349c139"	
"253.820421"	"0.000012"	"253.820420"	"0.000019"	"50000bl(Fe II)*"	"1.26e+08"	"1.04e-01"	"0.16"	B+	"32875.6409"	"72261.742"	"3d6.(1I).4s"	"a 2I"	"13/2"	"3d6.(1G2).4p"	"x 2H*"	"11/2"		"T6892c83"	"L18349c148"	
"253.820421"	"0.000012"	"253.820491"	"0.000012"	"50000bl(Fe II)*"	"6.5e+06"	"5.2e-03"	"-1.20"	D+	"26170.1810"	"65556.271"	"3d6.(3H).4s"	"b 2H"	"11/2"	"3d6.(3H).4p"	"z 2H*"	"9/2"		"T6892c83"	"L18349c148"	
"253.83980"	"0.00006"	"253.839803"	"0.000012"	"4000"	"3.7e+06"	"4.8e-03"	"-1.54"	D+	"22939.3512"	"62322.445"	"3d6.(3F2).4s"	"b 4F"	"5/2"	"3d6.(3H).4p"	"z 2G*"	"7/2"		"T6892c83"	"L18349c139"	
"253.850014"	"0.000012"	"253.850014"	"0.000011"	"40000"	"5.9e+07"	"4.3e-02"	"-0.47"	D+	"21711.8963"	"61093.406"	"3d6.(3H).4s"	"a 4H"	"7/2"	"3d6.(3P2).4p"	"z 2D*"	"5/2"		"T6892c83"	"L18349c139"	
"253.85893"	"0.00004"	"253.858930"	"0.000012"	"7000"	"1.1e+07"	"1.1e-02"	"-1.19"	D+	"27620.4033"	"67000.530"	"3d6.(3F2).4s"	"a 2F"	"5/2"	"3d6.(3F2).4p"	"y 2D*"	"5/2"		"T6892c83"	"L18349c139"	
"253.867869"	"0.000014"	"253.867874"	"0.000011"	"29000"	"7.4e+07"	"9.5e-02"	"-0.24"	C+	"38858.9696"	"78237.709"	"3d6.(5D).4p"	"z 6D*"	"5/2"	"3d6.(5D).5s"	"e 6D"	"7/2"		"T7466"	"L18349c139"	
"253.873759"	"0.000019"	"253.873744"	"0.000012"	"2500"	"1.08e+08"	"1.04e-01"	"-0.08"	C+	"70523.694"	"109901.523"	"3d6.(3G).4p"	"x 2G*"	"7/2"	"3d6.(3G).4d"	"2G"	"7/2"		"T6892c83"	"L18349c139"	
"253.879842"	"0.000012"	"253.879846"	"0.000011"	"140000"	"1.41e+08"	"1.14e-01"	"0.13"	B+	"21430.3564"	"60807.239"	"3d6.(3H).4s"	"a 4H"	"11/2"	"3d6.(3H).4p"	"z 4G*"	"9/2"		"T6892c83"	"L18349c139"	
"253.890920"	"0.000012"	"253.890915"	"0.000011"	"100000"	"1.28e+08"	"9.9e-02"	"-0.01"	C+	"21581.6151"	"60956.781"	"3d6.(3H).4s"	"a 4H"	"9/2"	"3d6.(3H).4p"	"z 4G*"	"7/2"		"T6892c83"	"L18349c139"	
"253.899324"	"0.000012"	"253.899319"	"0.000011"	"210000"	"1.93e+08"	"1.60e-01"	"0.35"	B+	"21251.5833"	"60625.446"	"3d6.(3H).4s"	"a 4H"	"13/2"	"3d6.(3H).4p"	"z 4G*"	"11/2"		"T6892c83"	"L18349c139"	
"253.932760"	"0.000012"	"253.932752"	"0.000012"	"8000"	"2.59e+08"	"3.01e-01"	"0.48"	B+	"70314.624"	"109683.303"	"3d6.(3G).4p"	"x 2G*"	"9/2"	"3d6.(3G).4d"	"2H"	"11/2"		"T6892c83"	"L18349c139"	
"253.94012"	"0.00010"	"253.940306"	"0.000011"	"500"	"6.3e+06"	"7.3e-03"	"-1.14"	D+	"65696.053"	"105063.561"	"3d6.(3G).4p"	"x 4G*"	"9/2"	"3d6.(3F2).4d"	"4G"	"11/2"		"T6892c83"	"L18349c139"	
"253.9535"	"0.0005"	"253.953603"	"0.000011"	"340"	"3.0e+06"	"2.2e-03"	"-1.76"	D+	"44446.9051"	"83812.352"	"3d6.(5D).4p"	"z 4D*"	"7/2"	"3d6.(5D).4d"	"6D"	"5/2"		"T6892c83"	"L18349c142"	
"253.98049"	"0.00002"	"253.980501"	"0.000011"	"14000"	"5.6e+06"	"5.5e-03"	"-1.36"	C+	"22810.3459"	"62171.624"	"3d6.(3F2).4s"	"b 4F"	"7/2"	"3d5.(6S).4s.4p.(3P*)"	"y 6P*"	"7/2"		"T7503"	"L18349c139"	
"253.99089"	"0.00014"	"253.990969"	"0.000011"	"500"	"4.0e+06"	"3.9e-03"	"-1.51"	D+	"65931.358"	"105291.014"	"3d6.(3G).4p"	"x 4G*"	"7/2"	"3d6.(3F2).4d"	"4G"	"7/2"		"T6892c83"	"L18349c139"	
"254.0051"	"0.0005"	"254.005415"	"0.000012"	"1100"	"8.e+05"	"8.e-04"	"-2.2"	D	"27314.9183"	"66672.336"	"3d6.(3F2).4s"	"a 2F"	"7/2"	"3d6.(3G).4p"	"y 4H*"	"7/2"		"T6892c83"	"L18349c143"	
"254.0192"	"0.0005"	"254.019000"	"0.000012"	"150d"	"1.3e+06"	"1.2e-03"	"-2.3"	D	"64834.069"	"104189.382"	"3d6.(3P2).4p"	"z 2P*"	"3/2"	"3d6.(3H).4d"	"4F"	"3/2"		"T6892c83"	"L18349c142"	
"254.0411"	"0.0005"	"254.041297"	"0.000020"	"400"	"3.6e+05"	"3.5e-04"	"-2.4"	D	"32909.883"	"72261.742"	"3d6.(1I).4s"	"a 2I"	"11/2"	"3d6.(1G2).4p"	"x 2H*"	"11/2"		"T6892c83"	"L18349c142"	
"254.05220"	"0.00005"	"254.05227"	"0.00003"	"6000"	"1.3e+08"	"1.2e-01"	"-0.61"	D+	"37227.277"	"76577.436"	"3d6.(1S2).4s"	"a 2S"	"1/2"	"3d6.(1S2).4p"	"x 2P*"	"1/2"		"T6892c83"	"L18349c139"	
"254.066102"	"0.000013"	"254.066413"	"0.000020"	"100000"	"1.70e+08"	"2.19e-01"	"0.12"	B+	"36252.931"	"75600.900"	"3d6.(3D).4s"	"b 2D"	"5/2"	"3d6.(3D).4p"	"w 2F*"	"7/2"		"T6892c83"	"L18349c145"	
"254.067636"	"0.000012"	"254.067633"	"0.000011"	"40000"	"1.9e+07"	"2.4e-02"	"-0.72"	D+	"22810.3459"	"62158.126"	"3d6.(3F2).4s"	"b 4F"	"7/2"	"3d6.(3F2).4p"	"y 4F*"	"9/2"		"T6892c83"	"L18349c139"	
"254.110071"	"0.000012"	"254.110078"	"0.000012"	"80000"	"9.6e+07"	"7.0e-02"	"-0.25"	C+	"22810.3459"	"62151.554"	"3d6.(3F2).4s"	"b 4F"	"7/2"	"3d6.(3F2).4p"	"y 4F*"	"5/2"		"T6892c83"	"L18349c139"	
"254.14052"	"0.00018"	"254.140578"	"0.000012"	"600"	"6.8e+06"	"5.5e-03"	"-1.18"	D+	"65580.065"	"104916.552"	"3d6.(3G).4p"	"x 4G*"	"11/2"	"3d6.(3F2).4d"	"4F"	"9/2"		"T6892c83"	"L18349c139"	
"254.183549"	"0.000012"	"254.183547"	"0.000011"	"60000"	"8.2e+07"	"6.0e-02"	"-0.32"	C+	"21711.8963"	"61041.734"	"3d6.(3H).4s"	"a 4H"	"7/2"	"3d6.(3H).4p"	"z 4G*"	"5/2"		"T6892c83"	"L18349c139"	
"254.23084"	"0.00018"	"254.230549"	"0.000011"	"900"	"1.3e+07"	"1.5e-02"	"-0.91"	D+	"64286.354"	"103608.921"	"3d6.(3F2).4p"	"z 2F*"	"7/2"	"3d6.(3G).5s"	"e 2G"	"9/2"		"T6892c83"	"L18349c139"	
"254.2316"	"0.0010"	"254.231865"	"0.000007"	"1400"	"4.e+05"	"1.9e-04"	"-3.1"	E	"3117.4877"	"42439.8511"	"3d7"	"a 4F"	"3/2"	"3d6.(5D).4p"	"z 6F*"	"1/2"		"T6892c83"	"L7357"	
"254.2391"	"0.0005"	"254.240021"	"0.000011"	"1500bl(Fe I)"	"2.4e+06"	"2.3e-03"	"-2.0"	D	"47389.809"	"86710.911"	"3d6.(5D).4p"	"z 4P*"	"3/2"	"3d6.(5D).4d"	"e 4F"	"3/2"		"T6892c83"	"L18349c143"	
"254.273581"	"0.000013"	"254.273584"	"0.000014"	"40000bl(Fe I)"	"1.6e+08"	"1.6e-01"	"-0.50"	D+	"26932.7348"	"66248.647"	"3d6.(3P2).4s"	"b 2P"	"1/2"	"3d6.(3P2).4p"	"z 2S*"	"1/2"		"T6892c83"	"L18349c148"	
"254.30507"	"0.00018"	"254.305003"	"0.000011"	"500bl(Fe I)"	"7.0e+06"	"5.1e-03"	"-1.39"	D+	"64286.354"	"103597.409"	"3d6.(3F2).4p"	"z 2F*"	"7/2"	"3d6.(3P2).4d"	"2F"	"5/2"		"T6892c83"	"L18349c146"	
"254.308010"	"0.000015"	"254.307999"	"0.000012"	"4000"	"1.58e+08"	"1.54e-01"	"0.19"	B+	"70314.624"	"109625.216"	"3d6.(3G).4p"	"x 2G*"	"9/2"	"3d6.(3G).4d"	"2G"	"9/2"		"T6892c83"	"L18349c139"	
"254.337788"	"0.000012"	"254.337770"	"0.000012"	"60000bl(Fe I)"	"6.7e+07"	"7.8e-02"	"-0.11"	C+	"21581.6151"	"60887.606"	"3d6.(3H).4s"	"a 4H"	"9/2"	"3d6.(3H).4p"	"z 4H*"	"11/2"		"T6892c83"	"L18349c148"	
"254.343123"	"0.000012"	"254.343122"	"0.000011"	"50000"	"8.e+07"	"5.4e-02"	"-0.49"	D+	"22939.3512"	"62244.515"	"3d6.(3F2).4s"	"b 4F"	"5/2"	"3d6.(3F2).4p"	"y 4F*"	"3/2"		"T6892c83"	"L18349c139"	
"254.3693"	"0.0002"	"254.369080"	"0.000013"	"400"	"2.4e+06"	"2.3e-03"	"-1.9"	D	"66078.272"	"105379.425"	"3d6.(3G).4p"	"x 4G*"	"5/2"	"3d6.(3F2).4d"	"4D"	"5/2"		"T6892c83"	"L18349c139"	
"254.37817"	"0.00012"	"254.378201"	"0.000012"	"600"	"1.1e+07"	"1.0e-02"	"-0.91"	D+	"66463.542"	"105763.286"	"3d6.(3G).4p"	"y 4H*"	"11/2"	"3d6.(3F2).4d"	"2H"	"11/2"		"T6892c83"	"L18349c139"	
"254.44591"	"0.00003"	"254.446136"	"0.000011"	"4000"	"2.5e+06"	"2.5e-03"	"-1.71"	D+	"65931.358"	"105220.610"	"3d6.(3G).4p"	"x 4G*"	"7/2"	"3d6.(3H).4d"	"4F"	"7/2"		"T6892c83"	"L18349c145"	
"254.497252"	"0.000013"	"254.497256"	"0.000013"	"40000"	"3.9e+07"	"5.7e-02"	"-0.64"	D+	"21812.0454"	"61093.406"	"3d6.(3P2).4s"	"b 4P"	"3/2"	"3d6.(3P2).4p"	"z 2D*"	"5/2"		"T6892c83"	"L18349c139"	
"254.50910"	"0.00015"	"254.509241"	"0.000011"	"1800"	"2.1e+06"	"2.5e-03"	"-1.69"	D+	"44446.9051"	"83726.416"	"3d6.(5D).4p"	"z 4D*"	"7/2"	"3d6.(5D).4d"	"6D"	"9/2"		"T6892c83"	"L18349c139"	
"254.521954"	"0.000012"	"254.521963"	"0.000011"	"40000"	"5.3e+07"	"6.5e-02"	"-0.29"	C+	"21711.8963"	"60989.444"	"3d6.(3H).4s"	"a 4H"	"7/2"	"3d6.(3H).4p"	"z 4H*"	"9/2"		"T6892c83"	"L18349c139"	
"254.53191"	"0.00012"	"254.532071"	"0.000011"	"700"	"4.0e+06"	"3.1e-03"	"-1.51"	D+	"64831.951"	"104107.939"	"3d6.(3F2).4p"	"y 2G*"	"9/2"	"3d6.(3P2).4d"	"4F"	"7/2"		"T6892c83"	"L18349c139"	
"254.54416"	"0.00002"	"254.544154"	"0.000013"	"15000"	"1.5e+07"	"1.8e-02"	"-0.83"	D+	"27314.9183"	"66589.042"	"3d6.(3F2).4s"	"a 2F"	"7/2"	"3d6.(3G).4p"	"y 4H*"	"9/2"		"T6892c83"	"L18349c139"	
"254.55290"	"0.00006"	"254.552915"	"0.000011"	"4000"	"1.2e+06"	"1.4e-03"	"-1.9"	D	"22810.3459"	"62083.118"	"3d6.(3F2).4s"	"b 4F"	"7/2"	"3d6.(3H).4p"	"z 2G*"	"9/2"		"T6892c83"	"L18349c139"	
"254.57413"	"0.00005"	"254.574159"	"0.000014"	"1200"	"4.9e+07"	"1.0e-01"	"-0.72"	D+	"66248.647"	"105518.142"	"3d6.(3P2).4p"	"z 2S*"	"1/2"	"3d6.(3F2).4d"	"4F"	"3/2"		"T6892c83"	"L18349c139"	
"254.644169"	"0.000015"	"254.644158"	"0.000013"	"7000"	"1.97e+08"	"2.24e-01"	"0.43"	B+	"65363.607"	"104622.308"	"3d6.(3H).4p"	"z 2H*"	"11/2"	"3d6.(3H).4d"	"2I"	"13/2"		"T6892c83"	"L18349c139"	
"254.666984"	"0.000013"	"254.666986"	"0.000011"	"90000"	"8.0e+07"	"7.8e-02"	"-0.21"	B	"22810.3459"	"62065.528"	"3d6.(3F2).4s"	"b 4F"	"7/2"	"3d6.(3F2).4p"	"y 4F*"	"7/2"		"T7461"	"L18349c139"	
"254.67979"	"0.00005"	"254.679801"	"0.000013"	"1400"	"2.7e+07"	"3.5e-02"	"-0.68"	D+	"66522.310"	"105775.517"	"3d6.(3G).4p"	"x 4F*"	"5/2"	"3d6.(3F2).4d"	"2F"	"7/2"		"T6892c83"	"L18349c139"	
"254.733807"	"0.000015"	"254.733812"	"0.000011"	"22000"	"2.3e+07"	"2.2e-02"	"-0.75"	D+	"21711.8963"	"60956.781"	"3d6.(3H).4s"	"a 4H"	"7/2"	"3d6.(3H).4p"	"z 4G*"	"7/2"		"T6892c83"	"L18349c139"	
"254.81568"	"0.00005"	"254.815706"	"0.000012"	"5000"	"8.e+05"	"1.0e-03"	"-2.20"	D+	"22939.3512"	"62171.624"	"3d6.(3F2).4s"	"b 4F"	"5/2"	"3d5.(6S).4s.4p.(3P*)"	"y 6P*"	"7/2"		"T7503"	"L18349c139"	
"254.832493"	"0.000017"	"254.832493"	"0.000012"	"19000"	"2.7e+07"	"3.9e-02"	"-0.80"	D+	"21812.0454"	"61041.734"	"3d6.(3P2).4s"	"b 4P"	"3/2"	"3d6.(3H).4p"	"z 4G*"	"5/2"		"T6892c83"	"L18349c139"	
"254.858906"	"0.000013"	"254.858901"	"0.000011"	"29000"	"2.7e+07"	"2.6e-02"	"-0.58"	D+	"21581.6151"	"60807.239"	"3d6.(3H).4s"	"a 4H"	"9/2"	"3d6.(3H).4p"	"z 4G*"	"9/2"		"T6892c83"	"L18349c139"	
"254.874389"	"0.000012"	"254.874394"	"0.000013"	"90000"	"2.4e+08"	"1.19e-01"	"-0.32"	C+	"21812.0454"	"61035.285"	"3d6.(3P2).4s"	"b 4P"	"3/2"	"3d6.(3P2).4p"	"y 4P*"	"1/2"		"T6892c83"	"L18349c139"	
"254.892229"	"0.000016"	"254.892205"	"0.000011"	"21000bl(Fe II)*"	"6.2e+06"	"6.0e-03"	"-1.22"	D+	"65696.053"	"104916.552"	"3d6.(3G).4p"	"x 4G*"	"9/2"	"3d6.(3F2).4d"	"4F"	"9/2"		"T6892c83"	"L18349c148"	
"254.892229"	"0.000016"	"254.892251"	"0.000020"	"21000bl(Fe II)*"	"6.0e+07"	"4.9e-02"	"-0.23"	C+	"32909.883"	"72130.375"	"3d6.(1I).4s"	"a 2I"	"11/2"	"3d6.(1G2).4p"	"x 2H*"	"9/2"		"T6892c83"	"L18349c148"	
"254.89723"	"0.00009"	"254.89734"	"0.00005"	"900"	"1.5e+07"	"1.5e-02"	"-0.83"	D+	"58631.623"	"97851.332"	"3d6.(1G1).4s"	"d 2G"	"9/2"	"3d6.(1G1).4p"	"2H*"	"9/2"		"T6892c83"	"L18349c139"	
"254.908301"	"0.000012"	"254.908306"	"0.000011"	"70000"	"1.89e+08"	"1.47e-01"	"0.17"	B+	"30388.5451"	"69606.567"	"3d6.(3G).4s"	"b 2G"	"9/2"	"3d6.(3G).4p"	"y 2F*"	"7/2"		"T6892c83"	"L18349c139"	
"254.939440"	"0.000013"	"254.939444"	"0.000011"	"90000"	"1.65e+08"	"1.61e-01"	"-0.19"	C+	"23031.2829"	"62244.515"	"3d6.(3F2).4s"	"b 4F"	"3/2"	"3d6.(3F2).4p"	"y 4F*"	"3/2"		"T6892c83"	"L18349c139"	
"254.946132"	"0.000013"	"254.946137"	"0.000011"	"90000"	"1.12e+08"	"1.09e-01"	"-0.18"	C+	"22939.3512"	"62151.554"	"3d6.(3F2).4s"	"b 4F"	"5/2"	"3d6.(3F2).4p"	"y 4F*"	"5/2"		"T6892c83"	"L18349c139"	
"254.95010"	"0.00006"	"254.950147"	"0.000014"	"1200"	"1.5e+07"	"2.9e-02"	"-1.24"	D+	"66248.647"	"105460.233"	"3d6.(3P2).4p"	"z 2S*"	"1/2"	"3d6.(3F2).4d"	"4D"	"3/2"		"T6892c83"	"L18349c139"	
"254.965870"	"0.000015"	"254.965741"	"0.000013"	"7000"	"1.91e+08"	"2.24e-01"	"0.35"	B+	"65556.271"	"104765.459"	"3d6.(3H).4p"	"z 2H*"	"9/2"	"3d6.(3H).4d"	"2I"	"11/2"		"T6892c83"	"L18349c145"	
"254.97722"	"0.00002"	"254.977423"	"0.000013"	"19000"	"2.3e+07"	"1.7e-02"	"-0.86"	D+	"27314.9183"	"66522.310"	"3d6.(3F2).4s"	"a 2F"	"7/2"	"3d6.(3G).4p"	"x 4F*"	"5/2"		"T6892c83"	"L18349c145"	
"254.98745"	"0.00006"	"254.987392"	"0.000011"	"1100"	"2.6e+06"	"2.1e-03"	"-1.60"	D+	"67516.328"	"106722.187"	"3d6.(3G).4p"	"y 2H*"	"11/2"	"3d6.(3H).4d"	"4F"	"9/2"		"T6892c83"	"L18349c139"	
"255.002717"	"0.000012"	"255.002711"	"0.000012"	"100000"	"1.74e+08"	"1.69e-01"	"0.23"	B+	"26352.7671"	"65556.271"	"3d6.(3H).4s"	"b 2H"	"9/2"	"3d6.(3H).4p"	"z 2H*"	"9/2"		"T6892c83"	"L18349c139"	
"255.015122"	"0.000013"	"255.015120"	"0.000011"	"31000"	"3.9e+07"	"4.8e-02"	"-0.42"	C+	"38660.0537"	"77861.650"	"3d6.(5D).4p"	"z 6D*"	"7/2"	"3d6.(5D).5s"	"e 6D"	"9/2"		"T7466"	"L18349c139"	
"255.05756"	"0.00006"	"255.057458"	"0.000012"	"4000"	"1.6e+06"	"1.6e-03"	"-1.73"	D+	"21430.3564"	"60625.446"	"3d6.(3H).4s"	"a 4H"	"11/2"	"3d6.(3H).4p"	"z 4G*"	"11/2"		"T6892c83"	"L18349c139"	
"255.068286"	"0.000012"	"255.068285"	"0.000012"	"80000"	"1.07e+08"	"1.05e-01"	"0.10"	B+	"26170.1810"	"65363.607"	"3d6.(3H).4s"	"b 2H"	"11/2"	"3d6.(3H).4p"	"z 2H*"	"11/2"		"T6892c83"	"L18349c139"	
"255.120417"	"0.000018"	"255.120403"	"0.000015"	"18000*"	"2.5e+07"	"1.9e-02"	"-0.71"	D+	"33466.4943"	"72651.914"	"3d6.(1G2).4s"	"c 2G"	"9/2"	"3d6.(3D).4p"	"w 4D*"	"7/2"		"T6892c83"	"L18349c148"	
"255.120417"	"0.000018"	"255.120570"	"0.000012"	"18000*"	"4.1e+05"	"4.0e-04"	"-2.3"	D	"65580.065"	"104765.459"	"3d6.(3G).4p"	"x 4G*"	"11/2"	"3d6.(3H).4d"	"2I"	"11/2"		"T6892c83"	"L18349c148"	
"255.12229"	"0.00004"	"255.12227"	"0.00004"	"3000"	"2.43e+08"	"2.96e-01"	"0.37"	B+	"58666.199"	"97851.332"	"3d6.(1G1).4s"	"d 2G"	"7/2"	"3d6.(1G1).4p"	"2H*"	"9/2"		"T6892c83"	"L18349c139"	
"255.12853"	"0.00011"	"255.128321"	"0.000015"	"2200"	"9.e+05"	"9.e-04"	"-2.0"	D	"33466.4943"	"72650.698"	"3d6.(1G2).4s"	"c 2G"	"9/2"	"3d6.(3D).4p"	"w 4F*"	"9/2"		"T6892c83"	"L18349c139"	
"255.37416"	"0.00004"	"255.374149"	"0.000015"	"7000"	"4.8e+06"	"3.1e-03"	"-1.73"	D+	"20516.9534"	"59663.440"	"3d7"	"a 2D2"	"5/2"	"3d6.(3P2).4p"	"z 4S*"	"3/2"		"T6892c83"	"L18349c139"	
"255.49451"	"0.00006"	"255.494513"	"0.000011"	"4000"	"2.6e+06"	"2.5e-03"	"-1.70"	D+	"25981.6451"	"65109.691"	"3d6.(3G).4s"	"a 4G"	"7/2"	"3d6.(3F2).4p"	"y 2G*"	"7/2"		"T6892c83"	"L18349c139"	
"255.506716"	"0.000013"	"255.506719"	"0.000011"	"30000"	"1.96e+07"	"2.56e-02"	"-0.81"	B	"22939.3512"	"62065.528"	"3d6.(3F2).4s"	"b 4F"	"5/2"	"3d6.(3F2).4p"	"y 4F*"	"7/2"		"T7461"	"L18349c139"	
"255.545279"	"0.000014"	"255.545293"	"0.000012"	"28000"	"2.5e+07"	"3.7e-02"	"-0.84"	D+	"23031.2829"	"62151.554"	"3d6.(3F2).4s"	"b 4F"	"3/2"	"3d6.(3F2).4p"	"y 4F*"	"5/2"		"T6892c83"	"L18349c139"	
"255.55878"	"0.00016"	"255.558802"	"0.000014"	"1400"	"1.1e+06"	"8.e-04"	"-2.2"	D	"33501.2957"	"72619.499"	"3d6.(1G2).4s"	"c 2G"	"7/2"	"3d6.(3D).4p"	"w 4D*"	"5/2"		"T6892c83"	"L18349c139"	
"255.66781"	"0.00004"	"255.667835"	"0.000012"	"1000"	"3.2e+07"	"3.9e-02"	"-0.50"	D+	"70523.694"	"109625.216"	"3d6.(3G).4p"	"x 2G*"	"7/2"	"3d6.(3G).4d"	"2G"	"9/2"		"T6892c83"	"L18349c139"	
"255.70820"	"0.00007"	"255.708247"	"0.000011"	"3600"	"2.8e+06"	"3.5e-03"	"-1.56"	D+	"21711.8963"	"60807.239"	"3d6.(3H).4s"	"a 4H"	"7/2"	"3d6.(3H).4p"	"z 4G*"	"9/2"		"T6892c83"	"L18349c139"	
"255.75057"	"0.00002"	"255.750566"	"0.000011"	"14000"	"1.5e+07"	"1.2e-02"	"-0.92"	D+	"22637.1950"	"61726.069"	"3d6.(3F2).4s"	"b 4F"	"9/2"	"3d6.(3P2).4p"	"y 4D*"	"7/2"		"T6892c83"	"L18349c139"	
"255.88227"	"0.00002"	"255.882290"	"0.000015"	"4000"	"6.4e+07"	"1.3e-01"	"-0.60"	D+	"66248.647"	"105317.400"	"3d6.(3P2).4p"	"z 2S*"	"1/2"	"3d6.(3P2).4d"	"2P"	"3/2"		"T6892c83"	"L18349c139"	
"255.92393"	"0.00005"	"255.923931"	"0.000012"	"5000"	"6.4e+06"	"6.3e-03"	"-1.30"	D+	"27314.9183"	"66377.315"	"3d6.(3F2).4s"	"a 2F"	"7/2"	"3d6.(3G).4p"	"x 4F*"	"7/2"		"T6892c83"	"L18349c139"	
"255.977127"	"0.000015"	"255.977130"	"0.000012"	"24000"	"2.4e+07"	"3.2e-02"	"-0.72"	D+	"26055.4120"	"65109.691"	"3d6.(3G).4s"	"a 4G"	"5/2"	"3d6.(3F2).4p"	"y 2G*"	"7/2"		"T6892c83"	"L18349c139"	
"255.992513"	"0.000016"	"255.992510"	"0.000012"	"20000"	"2.5e+07"	"3.2e-02"	"-0.71"	D+	"27620.4033"	"66672.336"	"3d6.(3F2).4s"	"a 2F"	"5/2"	"3d6.(3G).4p"	"y 4H*"	"7/2"		"T6892c83"	"L18349c139"	
"255.99995"	"0.00010"	"256.000028"	"0.000012"	"600"	"7.2e+06"	"9.e-03"	"-1.07"	D+	"66012.775"	"105063.561"	"3d6.(3G).4p"	"x 4F*"	"9/2"	"3d6.(3F2).4d"	"4G"	"11/2"		"T6892c83"	"L18349c139"	
"256.028216"	"0.000013"	"256.028212"	"0.000012"	"70000"	"1.77e+08"	"1.74e-01"	"-0.16"	C+	"25787.5816"	"64834.069"	"3d6.(3P2).4s"	"b 2P"	"3/2"	"3d6.(3P2).4p"	"z 2P*"	"3/2"		"T6892c83"	"L18349c139"	
"256.0402"	"0.0005"	"256.039717"	"0.000013"	"170d?"	"6.e+05"	"8.e-04"	"-2.3"	D	"66078.272"	"105123.005"	"3d6.(3G).4p"	"x 4G*"	"5/2"	"3d6.(3H).4d"	"2G"	"7/2"		"T6892c83"	"L18349c143"	
"256.05569"	"0.00003"	"256.055608"	"0.000011"	"3100bl(Fe I)"	"1.0e+06"	"9.e-04"	"-2.0"	D	"64831.951"	"103874.261"	"3d6.(3F2).4p"	"y 2G*"	"9/2"	"3d6.(3H).4d"	"4H"	"9/2"		"T6892c83"	"L18349c148"	
"256.07131"	"0.00003"	"256.071337"	"0.000014"	"2500"	"2.2e+07"	"4.4e-02"	"-1.06"	D+	"66248.647"	"105288.559"	"3d6.(3P2).4p"	"z 2S*"	"1/2"	"3d6.(5D).5d"	"6G"	"3/2"		"T6892c83"	"L18349c139"	
"256.0980"	"0.0005"	"256.097769"	"0.000015"	"140d?"	"3.9e+06"	"2.9e-03"	"-1.63"	D+	"69606.567"	"108642.450"	"3d6.(3G).4p"	"y 2F*"	"7/2"	"3d6.(3G).4d"	"4D"	"5/2"		"T6892c83"	"L18349c143"	
"256.1587"	"0.0002"	"256.158531"	"0.000011"	"1400"	"1.1e+06"	"1.1e-03"	"-2.0"	D	"25805.3270"	"64831.951"	"3d6.(3G).4s"	"a 4G"	"9/2"	"3d6.(3F2).4p"	"y 2G*"	"9/2"		"T6892c83"	"L18349c139"	
"256.209152"	"0.000013"	"256.209161"	"0.000012"	"50000"	"1.6e+08"	"8.e-02"	"-0.50"	D+	"25787.5816"	"64806.494"	"3d6.(3P2).4s"	"b 2P"	"3/2"	"3d6.(3P2).4p"	"z 2P*"	"1/2"		"T6892c83"	"L18349c139"	
"256.21449"	"0.00012"	"256.214463"	"0.000013"	"600"	"3.5e+06"	"5.1e-03"	"-1.69"	D+	"66612.659"	"105630.764"	"3d6.(3G).4p"	"x 4F*"	"3/2"	"3d6.(5D).5d"	"4G"	"5/2"		"T6892c83"	"L18349c139"	
"256.253531"	"0.000013"	"256.253533"	"0.000011"	"500000"	"1.79e+08"	"1.32e-01"	"0.02"	C+	"7955.3186"	"46967.4751"	"3d6.(5D).4s"	"a 4D"	"7/2"	"3d6.(5D).4p"	"z 4P*"	"5/2"		"T7589"	"L18349c139"	
"256.26222"	"0.00011"	"256.262182"	"0.000013"	"1400"	"1.8e+06"	"2.1e-03"	"-1.68"	D+	"26352.7671"	"65363.607"	"3d6.(3H).4s"	"b 2H"	"9/2"	"3d6.(3H).4p"	"z 2H*"	"11/2"		"T6892c83"	"L18349c139"	
"256.3201"	"0.0005"	"256.319545"	"0.000013"	"170d?"	"2.9e+06"	"2.2e-03"	"-1.76"	D+	"66377.315"	"105379.425"	"3d6.(3G).4p"	"x 4F*"	"7/2"	"3d6.(3F2).4d"	"4D"	"5/2"		"T6892c83"	"L18349c143"	
"256.347523"	"0.000012"	"256.347523"	"0.000011"	"240000"	"1.51e+08"	"9.9e-02"	"-0.23"	B+	"8391.9554"	"47389.809"	"3d6.(5D).4s"	"a 4D"	"5/2"	"3d6.(5D).4p"	"z 4P*"	"3/2"		"T7589"	"L18349c139"	
"256.3604"	"0.0005"	"256.360813"	"0.000012"	"330"	"1.3e+07"	"9.e-03"	"-1.28"	D+	"66522.310"	"105518.142"	"3d6.(3G).4p"	"x 4F*"	"5/2"	"3d6.(3F2).4d"	"4F"	"3/2"		"T6892c83"	"L18349c143"	
"256.38439"	"0.00003"	"256.384328"	"0.000013"	"11000"	"2.1e+07"	"1.4e-02"	"-1.09"	D+	"27620.4033"	"66612.659"	"3d6.(3F2).4s"	"a 2F"	"5/2"	"3d6.(3G).4p"	"x 4F*"	"3/2"		"T6892c83"	"L18349c139"	
"256.44778"	"0.00007"	"256.447830"	"0.000011"	"1100"	"1.1e+07"	"8.e-03"	"-1.07"	D+	"64831.951"	"103814.552"	"3d6.(3F2).4p"	"y 2G*"	"9/2"	"3d6.(5D).5d"	"4F"	"7/2"		"T6892c83"	"L18349c139"	
"256.5305"	"0.0004"	"256.530389"	"0.000013"	"340"	"1.1e+07"	"5.3e-03"	"-1.67"	D+	"64834.069"	"103804.125"	"3d6.(3P2).4p"	"z 2P*"	"3/2"	"3d6.(3P2).4d"	"4D"	"1/2"		"T6892c83"	"L18349c139"	
"256.5744"	"0.0005"	"256.573582"	"0.000014"	"140"	"8.e+05"	"8.e-04"	"-2.3"	D	"69650.481"	"108613.977"	"3d6.(3G).4p"	"y 2F*"	"5/2"	"3d6.(3G).4d"	"4G"	"5/2"		"T6892c83"	"L18349c143"	
"256.59825"	"0.00014"	"256.598154"	"0.000011"	"2500"	"2.2e+06"	"2.2e-03"	"-1.76"	D+	"44753.8179"	"83713.583"	"3d6.(5D).4p"	"z 4F*"	"7/2"	"3d6.(5D).4d"	"6D"	"7/2"		"T6892c83"	"L18349c139"	
"256.60704"	"0.00010"	"256.606961"	"0.000012"	"700"	"7.e+05"	"5.e-04"	"-2.4"	D	"66672.336"	"105630.764"	"3d6.(3G).4p"	"y 4H*"	"7/2"	"3d6.(5D).5d"	"4G"	"5/2"		"T6892c83"	"L18349c139"	
"256.621960"	"0.000014"	"256.621961"	"0.000015"	"27000"	"2.61e+08"	"3.23e-01"	"0.41"	B+	"44915.057"	"83871.208"	"3d6.(1F).4s"	"c 2F"	"7/2"	"3d6.(1F).4p"	"v 2G*"	"9/2"		"T6892c83"	"L18349c139"	
"256.64014"	"0.00002"	"256.640131"	"0.000020"	"12000"	"2.29e+08"	"1.69e-01"	"0.13"	B+	"44915.057"	"83868.450"	"3d6.(1F).4s"	"c 2F"	"7/2"	"3d6.(1F).4p"	"v 2D*"	"5/2"		"T6892c83"	"L18349c139"	
"256.65089"	"0.00013"	"256.650852"	"0.000012"	"800"	"3.1e+07"	"3.6e-02"	"-0.36"	C+	"65363.607"	"104315.373"	"3d6.(3H).4p"	"z 2H*"	"11/2"	"3d6.(3H).4d"	"2K"	"13/2"		"T6892c83"	"L18349c148"	
"256.66244"	"0.00003"	"256.662423"	"0.000013"	"8000"	"7.1e+06"	"8.e-03"	"-1.07"	D+	"22637.1950"	"61587.205"	"3d6.(3F2).4s"	"b 4F"	"9/2"	"3d6.(3H).4p"	"z 4I*"	"11/2"		"T6892c83"	"L18349c139"	
"256.67698"	"0.00004"	"256.677001"	"0.000011"	"2900"	"3.2e+07"	"2.6e-02"	"-0.50"	D+	"60625.446"	"99573.244"	"3d6.(3H).4p"	"z 4G*"	"11/2"	"3d6.(3F2).5s"	"f 4F"	"9/2"		"T6892c83"	"L18349c139"	
"256.691235"	"0.000013"	"256.691229"	"0.000011"	"90000"	"1.1e+08"	"5.7e-02"	"-0.64"	D+	"8680.4706"	"47626.110"	"3d6.(5D).4s"	"a 4D"	"3/2"	"3d6.(5D).4p"	"z 4P*"	"1/2"		"T6892c83"	"L18349c139"	
"256.7333"	"0.0005"	"256.732421"	"0.000011"	"240"	"1.0e+06"	"9.e-04"	"-2.0"	D	"64831.951"	"103771.342"	"3d6.(3F2).4p"	"y 2G*"	"9/2"	"3d6.(3H).4d"	"4G"	"9/2"		"T6892c83"	"L18349c143"	
"256.7355"	"0.0005"	"256.735540"	"0.000020"	"500"	"3.6e+06"	"3.6e-03"	"-1.67"	D+	"44929.532"	"83868.450"	"3d6.(1F).4s"	"c 2F"	"5/2"	"3d6.(1F).4p"	"v 2D*"	"5/2"		"T6892c83"	"L18349c142"	
"256.7416"	"0.0005"	"256.742101"	"0.000013"	"170d?"	"2.2e+07"	"1.4e-02"	"-1.06"	D+	"66522.310"	"105460.233"	"3d6.(3G).4p"	"x 4F*"	"5/2"	"3d6.(3F2).4d"	"4D"	"3/2"		"T6892c83"	"L18349c143"	
"256.76309"	"0.00002"	"256.763085"	"0.000013"	"4000"	"1.09e+08"	"1.62e-01"	"-0.19"	C+	"67273.833"	"106208.574"	"3d6.(3F2).4p"	"y 2D*"	"3/2"	"3d6.(3F2).4d"	"2F"	"5/2"		"T6892c83"	"L18349c139"	
"256.81250"	"0.00009"	"256.812518"	"0.000011"	"900"	"4.9e+06"	"6.5e-03"	"-1.41"	D+	"66522.310"	"105449.557"	"3d6.(3G).4p"	"x 4F*"	"5/2"	"3d6.(5D).5d"	"4G"	"7/2"		"T6892c83"	"L18349c139"	
"256.83620"	"0.00002"	"256.836213"	"0.000012"	"2900"	"2.2e+07"	"2.2e-02"	"-0.66"	D+	"68000.785"	"106924.441"	"3d6.(3G).4p"	"y 2H*"	"9/2"	"3d6.(3F2).4d"	"2G"	"9/2"		"T6892c83"	"L18349c139"	
"256.840969"	"0.000012"	"256.840969"	"0.000012"	"40000"	"4.8e+07"	"9.e-02"	"-0.72"	D+	"22409.8178"	"61332.753"	"3d6.(3P2).4s"	"b 4P"	"1/2"	"3d6.(3P2).4p"	"y 4P*"	"3/2"		"T6892c83"	"L18349c139"	
"256.88858"	"0.00006"	"256.888571"	"0.000011"	"5000"	"2.8e+06"	"2.8e-03"	"-1.65"	D+	"22810.3459"	"61726.069"	"3d6.(3F2).4s"	"b 4F"	"7/2"	"3d6.(3P2).4p"	"y 4D*"	"7/2"		"T6892c83"	"L18349c139"	
"256.89842"	"0.00014"	"256.898429"	"0.000011"	"600"	"5.5e+06"	"4.1e-03"	"-1.49"	D+	"65109.691"	"104023.921"	"3d6.(3F2).4p"	"y 2G*"	"7/2"	"3d6.(5D).5d"	"4F"	"5/2"		"T6892c83"	"L18349c139"	
"256.95601"	"0.00015"	"256.956190"	"0.000014"	"600"	"4.2e+06"	"4.1e-03"	"-1.8"	D	"66612.659"	"105518.142"	"3d6.(3G).4p"	"x 4F*"	"3/2"	"3d6.(3F2).4d"	"4F"	"3/2"		"T6892c83"	"L18349c139"	
"256.96744"	"0.00010"	"256.967459"	"0.000012"	"1000"	"1.3e+07"	"1.3e-02"	"-0.89"	D+	"66012.775"	"104916.552"	"3d6.(3G).4p"	"x 4F*"	"9/2"	"3d6.(3F2).4d"	"4F"	"9/2"		"T6892c83"	"L18349c139"	
"256.97798"	"0.00003"	"256.977955"	"0.000020"	"9000"	"1.11e+08"	"2.19e-01"	"-0.36"	C+	"37227.277"	"76129.465"	"3d6.(1S2).4s"	"a 2S"	"1/2"	"3d6.(1S2).4p"	"x 2P*"	"3/2"		"T6892c83"	"L18349c139"	
"256.99519"	"0.00019"	"256.995133"	"0.000012"	"330"	"1.9e+06"	"1.5e-03"	"-1.8"	D	"68000.785"	"106900.373"	"3d6.(3G).4p"	"y 2H*"	"9/2"	"3d6.(3F2).4d"	"2G"	"7/2"		"T6892c83"	"L18349c139"	
"257.0118"	"0.0005"	"257.010654"	"0.000011"	"180d?"	"3.5e+05"	"4.2e-04"	"-2.4"	D	"65696.053"	"104593.292"	"3d6.(3G).4p"	"x 4G*"	"9/2"	"3d6.(5D).5d"	"6G"	"11/2"		"T6892c83"	"L18349c143"	
"257.0471"	"0.0005"	"257.046096"	"0.000013"	"170d?"	"1.6e+06"	"1.6e-03"	"-2.0"	D	"66522.310"	"105414.186"	"3d6.(3G).4p"	"x 4F*"	"5/2"	"3d6.(3F2).4d"	"4G"	"5/2"		"T6892c83"	"L18349c143"	
"257.0527"	"0.0020"	"257.05483"	"0.00003"	"40000aff(Fe I)"	"1.1e+05"	"1.5e-04"	"-3.0"	E	"48039.109"	"86929.664"	"3d7"	"d 2D1"	"5/2"	"3d6.(3P1).4p"	"v 4D*"	"7/2"		"T6892c83"	"L7357"	
"257.084897"	"0.000012"	"257.084892"	"0.000013"	"70000"	"1.84e+08"	"1.37e-01"	"0.04"	C+	"30764.4737"	"69650.481"	"3d6.(3G).4s"	"b 2G"	"7/2"	"3d6.(3G).4p"	"y 2F*"	"5/2"		"T6892c83"	"L18349c139"	
"257.08794"	"0.00003"	"257.087905"	"0.000014"	"8000"	"1.1e+07"	"9.e-03"	"-1.05"	D+	"33466.4943"	"72352.046"	"3d6.(1G2).4s"	"c 2G"	"9/2"	"3d6.(3D).4p"	"w 4F*"	"7/2"		"T6892c83"	"L18349c139"	
"257.11724"	"0.00004"	"257.117236"	"0.000011"	"3200"	"4.4e+07"	"3.5e-02"	"-0.46"	D+	"60807.239"	"99688.355"	"3d6.(3H).4p"	"z 4G*"	"9/2"	"3d6.(3F2).5s"	"f 4F"	"7/2"		"T6892c83"	"L18349c139"	
"257.14564"	"0.00006"	"257.145591"	"0.000011"	"2000"	"4.2e+07"	"2.8e-02"	"-0.78"	D+	"61041.734"	"99918.563"	"3d6.(3H).4p"	"z 4G*"	"5/2"	"3d6.(3F2).5s"	"f 4F"	"3/2"		"T6892c83"	"L18349c139"	
"257.15487"	"0.00005"	"257.154812"	"0.000012"	"5000"	"2.89e+06"	"2.87e-03"	"-1.54"	C	"22637.1950"	"61512.630"	"3d6.(3F2).4s"	"b 4F"	"9/2"	"3d6.(3H).4p"	"z 4I*"	"9/2"		"T7158"	"L18349c139"	
"257.1664"	"0.0005"	"257.165595"	"0.000011"	"180"	"1.9e+06"	"1.9e-03"	"-1.8"	D	"65109.691"	"103983.496"	"3d6.(3F2).4p"	"y 2G*"	"7/2"	"3d6.(3G).5s"	"e 2G"	"7/2"		"T6892c83"	"L18349c143"	
"257.20884"	"0.00005"	"257.208837"	"0.000011"	"2700"	"5.1e+07"	"3.8e-02"	"-0.51"	D+	"60956.781"	"99824.051"	"3d6.(3H).4p"	"z 4G*"	"7/2"	"3d6.(3F2).5s"	"f 4F"	"5/2"		"T6892c83"	"L18349c139"	
"257.22218"	"0.00007"	"257.222107"	"0.000020"	"500"	"1.5e+07"	"7.3e-03"	"-1.54"	D+	"66612.659"	"105477.924"	"3d6.(3G).4p"	"x 4F*"	"3/2"	"3d6.(3F2).4d"	"4D"	"1/2"		"T6892c83"	"L18349c139"	
"257.24703"	"0.00011"	"257.247029"	"0.000011"	"600"	"9.e+06"	"6.7e-03"	"-1.27"	D+	"66377.315"	"105238.815"	"3d6.(3G).4p"	"x 4F*"	"7/2"	"3d6.(3P2).4d"	"2D"	"5/2"		"T6892c83"	"L18349c139"	
"257.296764"	"0.000013"	"257.296762"	"0.000011"	"31000"	"7.9e+06"	"1.04e-02"	"-1.20"	B	"23317.6351"	"62171.624"	"3d5.4s2"	"a 6S"	"5/2"	"3d5.(6S).4s.4p.(3P*)"	"y 6P*"	"7/2"		"T7503"	"L18349c139"	
"257.31826"	"0.00007"	"257.318211"	"0.000014"	"2800"	"1.5e+06"	"1.5e-03"	"-1.9"	D	"33501.2957"	"72352.046"	"3d6.(1G2).4s"	"c 2G"	"7/2"	"3d6.(3D).4p"	"w 4F*"	"7/2"		"T6892c83"	"L18349c139"	
"257.321162"	"0.000020"	"257.321155"	"0.000011"	"14000"	"1.4e+07"	"1.8e-02"	"-0.85"	D+	"25981.6451"	"64831.951"	"3d6.(3G).4s"	"a 4G"	"7/2"	"3d6.(3F2).4p"	"y 2G*"	"9/2"		"T6892c83"	"L18349c139"	
"257.36758"	"0.00008"	"257.367602"	"0.000011"	"900"	"1.4e+07"	"1.4e-02"	"-0.97"	D+	"66377.315"	"105220.610"	"3d6.(3G).4p"	"x 4F*"	"7/2"	"3d6.(3H).4d"	"4F"	"7/2"		"T6892c83"	"L18349c139"	
"257.37553"	"0.00009"	"257.375565"	"0.000012"	"2400"	"2.3e+06"	"2.3e-03"	"-1.73"	D+	"30764.4737"	"69606.567"	"3d6.(3G).4s"	"b 2G"	"7/2"	"3d6.(3G).4p"	"y 2F*"	"7/2"		"T6892c83"	"L18349c139"	
"257.43070"	"0.00004"	"257.430772"	"0.000011"	"1700"	"6.1e+06"	"8.e-03"	"-1.22"	D+	"66377.315"	"105211.079"	"3d6.(3G).4p"	"x 4F*"	"7/2"	"3d6.(5D).5d"	"4G"	"9/2"		"T6892c83"	"L18349c139"	
"257.436586"	"0.000012"	"257.436589"	"0.000013"	"210000"	"2.4e+08"	"1.61e-01"	"-0.01"	C+	"20830.5534"	"59663.440"	"3d6.(3P2).4s"	"b 4P"	"5/2"	"3d6.(3P2).4p"	"z 4S*"	"3/2"		"T6892c83"	"L18349c139"	
"257.48793"	"0.00008"	"257.487845"	"0.000011"	"1300"	"2.7e+07"	"1.8e-02"	"-0.97"	D+	"61093.406"	"99918.563"	"3d6.(3P2).4p"	"z 2D*"	"5/2"	"3d6.(3F2).5s"	"f 4F"	"3/2"		"T6892c83"	"L18349c139"	
"257.64474"	"0.00008"	"257.644664"	"0.000013"	"800"	"9.e+06"	"1.4e-02"	"-1.26"	D+	"66612.659"	"105414.186"	"3d6.(3G).4p"	"x 4F*"	"3/2"	"3d6.(3F2).4d"	"4G"	"5/2"		"T6892c83"	"L18349c139"	
"257.686372"	"0.000013"	"257.686368"	"0.000013"	"40000"	"1.32e+08"	"1.58e-01"	"0.20"	B+	"33466.4943"	"72261.742"	"3d6.(1G2).4s"	"c 2G"	"9/2"	"3d6.(1G2).4p"	"x 2H*"	"11/2"		"T6892c83"	"L18349c139"	
"257.68741"	"0.00005"	"257.687416"	"0.000012"	"1300"	"5.8e+06"	"3.9e-03"	"-1.64"	D+	"66522.310"	"105317.400"	"3d6.(3G).4p"	"x 4F*"	"5/2"	"3d6.(3P2).4d"	"2P"	"3/2"		"T6892c83"	"L18349c139"	
"257.74297"	"0.00011"	"257.743042"	"0.000012"	"2100"	"8.e+05"	"1.0e-03"	"-2.2"	D	"22939.3512"	"61726.069"	"3d6.(3F2).4s"	"b 4F"	"5/2"	"3d6.(3P2).4p"	"y 4D*"	"7/2"		"T6892c83"	"L18349c139"	
"257.7503"	"0.0005"	"257.750783"	"0.000012"	"140d?"	"2.3e+06"	"1.8e-03"	"-1.74"	D+	"65696.053"	"104481.606"	"3d6.(3G).4p"	"x 4G*"	"9/2"	"3d6.(3H).4d"	"2F"	"7/2"		"T6892c83"	"L18349c142"	
"257.77211"	"0.00006"	"257.772291"	"0.000012"	"2200"	"1.0e+07"	"1.0e-02"	"-1.22"	D+	"61041.734"	"99824.051"	"3d6.(3H).4p"	"z 4G*"	"5/2"	"3d6.(3F2).5s"	"f 4F"	"5/2"		"T6892c83"	"L18349c148"	
"257.792162"	"0.000013"	"257.792172"	"0.000012"	"100000"	"1.2e+08"	"1.2e-01"	"-0.61"	D+	"8846.7837"	"47626.110"	"3d6.(5D).4s"	"a 4D"	"1/2"	"3d6.(5D).4p"	"z 4P*"	"1/2"		"T6892c83"	"L18349c139"	
"257.80246"	"0.00007"	"257.802465"	"0.000012"	"1000"	"7.3e+06"	"9.e-03"	"-1.14"	D+	"66377.315"	"105155.093"	"3d6.(3G).4p"	"x 4F*"	"7/2"	"3d6.(3F2).4d"	"4G"	"9/2"		"T6892c83"	"L18349c139"	
"257.821016"	"0.000020"	"257.821023"	"0.000012"	"4000"	"1.16e+08"	"1.54e-01"	"-0.03"	C+	"67000.530"	"105775.517"	"3d6.(3F2).4p"	"y 2D*"	"5/2"	"3d6.(3F2).4d"	"2F"	"7/2"		"T6892c83"	"L18349c139"	
"257.86272"	"0.00011"	"257.862809"	"0.000012"	"700"	"8.e+06"	"1.1e-02"	"-1.18"	D+	"66522.310"	"105291.014"	"3d6.(3G).4p"	"x 4F*"	"5/2"	"3d6.(3F2).4d"	"4G"	"7/2"		"T6892c83"	"L18349c139"	
"257.87900"	"0.00014"	"257.879140"	"0.000012"	"700"	"3.3e+06"	"2.2e-03"	"-1.9"	D	"66522.310"	"105288.559"	"3d6.(3G).4p"	"x 4F*"	"5/2"	"3d6.(5D).5d"	"6G"	"3/2"		"T6892c83"	"L18349c139"	
"257.88109"	"0.00005"	"257.880763"	"0.000012"	"5000bl(Fe II)*"	"9.e+06"	"9.e-03"	"-1.05"	D+	"60807.239"	"99573.244"	"3d6.(3H).4p"	"z 4G*"	"9/2"	"3d6.(3F2).5s"	"f 4F"	"9/2"		"T6892c83"	"L18349c148"	
"257.89846"	"0.00006"	"257.898403"	"0.000013"	"1300bl(Fe II)*"	"7.e+05"	"5.e-04"	"-2.4"	D	"27314.9183"	"66078.272"	"3d6.(3F2).4s"	"a 2F"	"7/2"	"3d6.(3G).4p"	"x 4G*"	"5/2"		"T6892c83"	"L18349c148"	
"257.89846"	"0.00006"	"257.898494"	"0.000013"	"1300bl(Fe II)*"	"3.3e+07"	"5.0e-02"	"-0.70"	D+	"64834.069"	"103597.409"	"3d6.(3P2).4p"	"z 2P*"	"3/2"	"3d6.(3P2).4d"	"2F"	"5/2"		"T6892c83"	"L18349c148"	
"257.911602"	"0.000013"	"257.911596"	"0.000012"	"32000"	"3.15e+08"	"2.10e-01"	"0.10"	B+	"46967.4751"	"85728.846"	"3d6.(5D).4p"	"z 4P*"	"5/2"	"3d6.(5D).4d"	"4S"	"3/2"		"T6892c83"	"L18349c139"	
"257.94121"	"0.00003"	"257.941191"	"0.000012"	"8000bl(Fe II)*"	"7.3e+06"	"5.9e-03"	"-1.23"	D+	"26352.7671"	"65109.691"	"3d6.(3H).4s"	"b 2H"	"9/2"	"3d6.(3F2).4p"	"y 2G*"	"7/2"		"T6892c83"	"L18349c148"	
"257.94121"	"0.00003"	"257.941272"	"0.000012"	"8000bl(Fe II)*"	"8.e+05"	"1.0e-03"	"-2.2"	D	"27620.4033"	"66377.315"	"3d6.(3F2).4s"	"a 2F"	"5/2"	"3d6.(3G).4p"	"x 4F*"	"7/2"		"T6892c83"	"L18349c148"	
"257.98436"	"0.00005"	"257.984234"	"0.000012"	"1300bl(Fe I)"	"1.3e+06"	"1.0e-03"	"-2.1"	D	"66377.315"	"105127.773"	"3d6.(3G).4p"	"x 4F*"	"7/2"	"3d6.(5D).5d"	"4D"	"5/2"		"T6892c83"	"L18349c148"	
"258.0128"	"0.0002"	"258.012738"	"0.000012"	"1400"	"2.2e+06"	"2.2e-03"	"-1.65"	D+	"44232.5398"	"82978.717"	"3d6.(5D).4p"	"z 4F*"	"9/2"	"3d6.(5D).4d"	"e 6F"	"9/2"		"T6892c83"	"L18349c139"	
"258.07210"	"0.00009"	"258.072081"	"0.000015"	"2400"	"2.2e+06"	"1.7e-03"	"-1.9"	D	"33501.2957"	"72238.564"	"3d6.(1G2).4s"	"c 2G"	"7/2"	"3d6.(3D).4p"	"w 4F*"	"5/2"		"T6892c83"	"L18349c139"	
"258.111157"	"0.000016"	"258.111138"	"0.000012"	"18000"	"7.6e+06"	"7.6e-03"	"-1.34"	B	"23317.6351"	"62049.042"	"3d5.4s2"	"a 6S"	"5/2"	"3d5.(6S).4s.4p.(3P*)"	"y 6P*"	"5/2"		"T7503"	"L18349c139"	
"258.11645"	"0.00015"	"258.116216"	"0.000012"	"700"	"6.4e+06"	"6.4e-03"	"-1.41"	D+	"61093.406"	"99824.051"	"3d6.(3P2).4p"	"z 2D*"	"5/2"	"3d6.(3F2).5s"	"f 4F"	"5/2"		"T6892c83"	"L18349c139"	
"258.17784"	"0.00003"	"258.177834"	"0.000012"	"2200"	"2.4e+07"	"2.4e-02"	"-0.61"	D+	"68000.785"	"106722.187"	"3d6.(3G).4p"	"y 2H*"	"9/2"	"3d6.(3H).4d"	"4F"	"9/2"		"T6892c83"	"L18349c139"	
"258.24134"	"0.00002"	"258.241342"	"0.000020"	"11000"	"2.2e+07"	"3.0e-02"	"-0.75"	D+	"31811.814"	"70523.694"	"3d7"	"b 2F"	"5/2"	"3d6.(3G).4p"	"x 2G*"	"7/2"		"T6892c83"	"L18349c139"	
"258.258297"	"0.000013"	"258.258299"	"0.000012"	"140000"	"8.8e+07"	"8.8e-02"	"-0.45"	B+	"8680.4706"	"47389.809"	"3d6.(5D).4s"	"a 4D"	"3/2"	"3d6.(5D).4p"	"z 4P*"	"3/2"		"T7589"	"L18349c139"	
"258.2887"	"0.0005"	"258.288977"	"0.000014"	"170d,bl(Fe II)?*"	"4.7e+06"	"4.7e-03"	"-1.73"	D+	"66612.659"	"105317.400"	"3d6.(3G).4p"	"x 4F*"	"3/2"	"3d6.(3P2).4d"	"2P"	"3/2"		"T6892c83"	"L18349c143"	
"258.30537"	"0.00005"	"258.305375"	"0.000012"	"4000"	"2.16e+06"	"2.70e-03"	"-1.665"	C	"22810.3459"	"61512.630"	"3d6.(3F2).4s"	"b 4F"	"7/2"	"3d6.(3H).4p"	"z 4I*"	"9/2"		"T7158"	"L18349c139"	
"258.33491"	"0.00008"	"258.334929"	"0.000012"	"2100"	"9.e+05"	"1.1e-03"	"-2.0"	D	"27314.9183"	"66012.775"	"3d6.(3F2).4s"	"a 2F"	"7/2"	"3d6.(3G).4p"	"x 4F*"	"9/2"		"T6892c83"	"L18349c139"	
"258.4164"	"0.0005"	"258.416528"	"0.000012"	"230d?"	"2.4e+06"	"2.0e-03"	"-1.61"	D+	"60887.606"	"99573.244"	"3d6.(3H).4p"	"z 4H*"	"11/2"	"3d6.(3F2).5s"	"f 4F"	"9/2"		"T6892c83"	"L18349c143"	
"258.42160"	"0.00007"	"258.421539"	"0.000011"	"1100"	"7.e+05"	"6.e-04"	"-2.2"	D	"65696.053"	"104380.941"	"3d6.(3G).4p"	"x 4G*"	"9/2"	"3d6.(5D).5d"	"6F"	"7/2"		"T6892c83"	"L18349c148"	
"258.56201"	"0.00003"	"258.561956"	"0.000016"	"9000"	"3.1e+07"	"3.1e-02"	"-0.51"	D+	"33466.4943"	"72130.375"	"3d6.(1G2).4s"	"c 2G"	"9/2"	"3d6.(1G2).4p"	"x 2H*"	"9/2"		"T6892c83"	"L18349c139"	
"258.57607"	"0.00004"	"258.576073"	"0.000012"	"8000"	"6.6e+06"	"5.5e-03"	"-1.18"	D+	"26170.1810"	"64831.951"	"3d6.(3H).4s"	"b 2H"	"11/2"	"3d6.(3F2).4p"	"y 2G*"	"9/2"		"T6892c83"	"L18349c139"	
"258.587560"	"0.000013"	"258.587553"	"0.000011"	"500000"	"8.94e+07"	"7.17e-02"	"-0.144"	B+	"0.0000"	"38660.0537"	"3d6.(5D).4s"	"a 6D"	"9/2"	"3d6.(5D).4p"	"z 6D*"	"7/2"		"T7958,T6610,T7589"	"L18349c139"	
"258.60598"	"0.00003"	"258.606002"	"0.000012"	"9000"	"5.8e+06"	"3.8e-03"	"-1.64"	D+	"23317.6351"	"61974.931"	"3d5.4s2"	"a 6S"	"5/2"	"3d5.(6S).4s.4p.(3P*)"	"y 6P*"	"3/2"		"T7503"	"L18349c139"	
"258.6427"	"0.0005"	"258.642447"	"0.000013"	"140d?"	"8.e+05"	"7.e-04"	"-2.0"	D	"66411.712"	"105063.561"	"3d6.(3G).4p"	"y 4H*"	"13/2"	"3d6.(3F2).4d"	"4G"	"11/2"		"T6892c83"	"L18349c142"	
"258.6775"	"0.0005"	"258.677438"	"0.000012"	"180d?"	"2.0e+06"	"2.7e-03"	"-1.8"	D	"61041.734"	"99688.355"	"3d6.(3H).4p"	"z 4G*"	"5/2"	"3d6.(3F2).5s"	"f 4F"	"7/2"		"T6892c83"	"L18349c142"	
"258.794906"	"0.000013"	"258.794912"	"0.000012"	"50000"	"1.69e+08"	"2.13e-01"	"0.23"	B+	"33501.2957"	"72130.375"	"3d6.(1G2).4s"	"c 2G"	"7/2"	"3d6.(1G2).4p"	"x 2H*"	"9/2"		"T6892c83"	"L18349c139"	
"258.81915"	"0.00004"	"258.819115"	"0.000014"	"7000"	"1.5e+07"	"1.6e-02"	"-1.51"	D+	"22409.8178"	"61035.285"	"3d6.(3P2).4s"	"b 4P"	"1/2"	"3d6.(3P2).4p"	"y 4P*"	"1/2"		"T6892c83"	"L18349c139"	
"258.8273"	"0.0002"	"258.827466"	"0.000014"	"600"	"8.e+06"	"1.2e-02"	"-1.30"	D+	"62125.604"	"100749.825"	"3d6.(3P2).4p"	"z 2D*"	"3/2"	"3d6.(3F2).5s"	"e 2F"	"5/2"		"T6892c83"	"L18349c139"	
"258.87162"	"0.00012"	"258.871631"	"0.000014"	"500"	"1.1e+06"	"1.2e-03"	"-2.3"	D	"66612.659"	"105230.291"	"3d6.(3G).4p"	"x 4F*"	"3/2"	"3d6.(5D).5d"	"4D"	"3/2"		"T6892c83"	"L18349c139"	
"258.87963"	"0.00003"	"258.879468"	"0.000012"	"8000bl(Fe II)*"	"2.4e+06"	"3.1e-03"	"-1.61"	D+	"60956.781"	"99573.244"	"3d6.(3H).4p"	"z 4G*"	"7/2"	"3d6.(3F2).5s"	"f 4F"	"9/2"		"T6892c83"	"L18349c148"	
"258.87963"	"0.00003"	"258.879624"	"0.000012"	"8000bl(Fe II)*"	"8.e+06"	"8.e-03"	"-1.17"	D+	"27314.9183"	"65931.358"	"3d6.(3F2).4s"	"a 2F"	"7/2"	"3d6.(3G).4p"	"x 4G*"	"7/2"		"T6892c83"	"L18349c148"	
"258.95314"	"0.00012"	"258.953236"	"0.000012"	"400"	"1.0e+06"	"1.0e-03"	"-2.2"	D	"66522.310"	"105127.773"	"3d6.(3G).4p"	"x 4F*"	"5/2"	"3d6.(5D).5d"	"4D"	"5/2"		"T6892c83"	"L18349c139"	
"259.055077"	"0.000018"	"259.055074"	"0.000012"	"17000"	"8.e+06"	"1.2e-02"	"-1.32"	D+	"21812.0454"	"60402.333"	"3d6.(3P2).4s"	"b 4P"	"3/2"	"3d6.(3P2).4p"	"y 4P*"	"5/2"		"T6892c83"	"L18349c139"	
"259.06432"	"0.00011"	"259.064276"	"0.000014"	"800"	"1.7e+07"	"9.e-03"	"-1.47"	D+	"61332.753"	"99921.670"	"3d6.(3P2).4p"	"y 4P*"	"3/2"	"3d6.(3P2).5s"	"2P"	"1/2"		"T6892c83"	"L18349c139"	
"259.0969"	"0.0005"	"259.09573"	"0.00005"	"260d?"	"3.3e+06"	"7.e-03"	"-1.9"	D	"54063.358"	"92647.591"	"3d6.(3P1).4s"	"c 2P"	"1/2"	"3d6.(3F1).4p"	"4D*"	"3/2"		"T6892c83"	"L18349c142"	
"259.1219"	"0.0003"	"259.12173"	"0.00003"	"1400"	"1.0e+07"	"1.3e-02"	"-0.99"	D+	"54904.241"	"93484.602"	"3d6.(3F1).4s"	"d 2F"	"7/2"	"3d6.(3F1).4p"	"u 4F*"	"9/2"		"T6892c83"	"L18349c139"	
"259.154258"	"0.000013"	"259.154254"	"0.000011"	"130000"	"5.7e+07"	"5.8e-02"	"-0.46"	C+	"8391.9554"	"46967.4751"	"3d6.(5D).4s"	"a 4D"	"5/2"	"3d6.(5D).4p"	"z 4P*"	"5/2"		"T7589"	"L18349c139"	
"259.278411"	"0.000012"	"259.278409"	"0.000014"	"90000"	"2.74e+08"	"3.16e-01"	"0.65"	B+	"32875.6409"	"71432.690"	"3d6.(1I).4s"	"a 2I"	"13/2"	"3d6.(1I).4p"	"z 2K*"	"15/2"		"T6892c83"	"L18349c139"	
"259.372778"	"0.000013"	"259.372753"	"0.000012"	"60000"	"1.63e+07"	"3.3e-02"	"-1.18"	B	"8846.7837"	"47389.809"	"3d6.(5D).4s"	"a 4D"	"1/2"	"3d6.(5D).4p"	"z 4P*"	"3/2"		"T7589"	"L18349c139"	
"259.4337"	"0.0005"	"259.433755"	"0.000012"	"170d?"	"3.8e+06"	"3.1e-03"	"-1.51"	D+	"66589.042"	"105123.005"	"3d6.(3G).4p"	"y 4H*"	"9/2"	"3d6.(3H).4d"	"2G"	"7/2"		"T6892c83"	"L18349c143"	
"259.464595"	"0.000017"	"259.464589"	"0.000013"	"5000"	"9.7e+07"	"9.8e-02"	"0.07"	C+	"67516.328"	"106045.712"	"3d6.(3G).4p"	"y 2H*"	"11/2"	"3d6.(3H).4d"	"2H"	"11/2"		"T6892c83"	"L18349c139"	
"259.49651"	"0.00009"	"259.496508"	"0.000016"	"4000"	"1.0e+07"	"1.0e-02"	"-1.09"	D+	"31999.049"	"70523.694"	"3d7"	"b 2F"	"7/2"	"3d6.(3G).4p"	"x 2G*"	"7/2"		"T6892c83"	"L18349c139"	
"259.52764"	"0.00007"	"259.527710"	"0.000012"	"2700"	"1.7e+05"	"1.41e-04"	"-2.77"	C+	"25428.7893"	"63948.803"	"3d6.(3G).4s"	"a 4G"	"11/2"	"3d6.(3F2).4p"	"y 4G*"	"9/2"		"T7461"	"L18349c139"	
"259.53022"	"0.00015"	"259.530282"	"0.000012"	"2100"	"1.2e+06"	"9.e-04"	"-2.0"	D	"22637.1950"	"61156.827"	"3d6.(3F2).4s"	"b 4F"	"9/2"	"3d6.(3H).4p"	"z 4H*"	"7/2"		"T6892c83"	"L18349c139"	
"259.60533"	"0.00011"	"259.605338"	"0.000014"	"900"	"2.5e+07"	"2.5e-02"	"-1.30"	D+	"66248.647"	"104757.143"	"3d6.(3P2).4p"	"z 2S*"	"1/2"	"3d6.(5D).5d"	"6D"	"1/2"		"T6892c83"	"L18349c139"	
"259.6458"	"0.0004"	"259.64588"	"0.00003"	"1000"	"1.0e+06"	"1.5e-03"	"-2.2"	D	"57493.333"	"95995.817"	"3d5.4s2"	"d 4P"	"3/2"	"3d5.(4P).4s.4p.(3P*)"	"4D*"	"5/2"		"T6892c83"	"L18349c139"	
"259.66783"	"0.00016"	"259.667824"	"0.000012"	"340"	"2.1e+06"	"2.6e-03"	"-1.68"	D+	"65109.691"	"103608.921"	"3d6.(3F2).4p"	"y 2G*"	"7/2"	"3d6.(3G).5s"	"e 2G"	"9/2"		"T6892c83"	"L18349c139"	
"259.69021"	"0.00015"	"259.690173"	"0.000012"	"500"	"7.e+05"	"7.e-04"	"-2.3"	D	"66377.315"	"104873.232"	"3d6.(3G).4p"	"x 4F*"	"7/2"	"3d6.(5D).5d"	"4D"	"7/2"		"T6892c83"	"L18349c139"	
"259.7097"	"0.0005"	"259.70904"	"0.00020"	"240"	"2.1e+06"	"3.2e-03"	"-1.9"	D	"54902.286"	"93395.407"	"3d6.(3P1).4s"	"c 2P"	"3/2"	"3d6.(3F1).4p"	"u 4F*"	"5/2"		"T6892c83"	"L18349c142"	
"259.74480"	"0.00008"	"259.744843"	"0.000016"	"1300"	"7.1e+07"	"7.2e-02"	"-0.84"	D+	"66248.647"	"104736.462"	"3d6.(3P2).4p"	"z 2S*"	"1/2"	"3d6.(3P2).4d"	"2P"	"1/2"		"T6892c83"	"L18349c139"	
"259.7668"	"0.0005"	"259.766550"	"0.000012"	"180d?"	"1.4e+06"	"1.6e-03"	"-1.71"	D+	"65580.065"	"104064.664"	"3d6.(3G).4p"	"x 4G*"	"11/2"	"3d6.(3H).4d"	"4I"	"13/2"		"T6892c83"	"L18349c143"	
"259.79082"	"0.00015"	"259.790664"	"0.000012"	"2100"	"6.e+05"	"4.7e-04"	"-2.3"	D	"25805.3270"	"64286.354"	"3d6.(3G).4s"	"a 4G"	"9/2"	"3d6.(3F2).4p"	"z 2F*"	"7/2"		"T6892c83"	"L18349c139"	
"259.79454"	"0.00007"	"259.794547"	"0.000020"	"3100bl(Fe I)"	"6.8e+06"	"1.0e-02"	"-1.38"	D+	"36126.412"	"74606.864"	"3d6.(3D).4s"	"b 2D"	"3/2"	"3d6.(3D).4p"	"x 2D*"	"5/2"		"T6892c83"	"L18349c148"	
"259.80329"	"0.00008"	"259.803109"	"0.000012"	"3400"	"2.1e+06"	"2.1e-03"	"-1.68"	D+	"26352.7671"	"64831.951"	"3d6.(3H).4s"	"b 2H"	"9/2"	"3d6.(3F2).4p"	"y 2G*"	"9/2"		"T6892c83"	"L18349c139"	
"259.836894"	"0.000013"	"259.836884"	"0.000011"	"500000"	"1.43e+08"	"1.08e-01"	"-0.062"	B+	"384.7872"	"38858.9696"	"3d6.(5D).4s"	"a 6D"	"7/2"	"3d6.(5D).4p"	"z 6D*"	"5/2"		"T7958,T6610,T7589"	"L18349c139"	
"259.8757"	"0.0005"	"259.875606"	"0.000012"	"180d?"	"4.0e+06"	"4.8e-03"	"-1.24"	D+	"65363.607"	"103832.057"	"3d6.(3H).4p"	"z 2H*"	"11/2"	"3d6.(3H).4d"	"4K"	"13/2"		"T6892c83"	"L18349c143"	
"259.939515"	"0.000014"	"259.939511"	"0.000011"	"1000000"	"2.35e+08"	"2.39e-01"	"0.378"	B+	"0.0000"	"38458.9934"	"3d6.(5D).4s"	"a 6D"	"9/2"	"3d6.(5D).4p"	"z 6D*"	"9/2"		"T7958,T6610,T7589"	"L18349c139"	
"259.947056"	"0.000016"	"259.947113"	"0.000013"	"23000"	"3.3e+07"	"3.3e-02"	"-0.70"	D+	"27620.4033"	"66078.272"	"3d6.(3F2).4s"	"a 2F"	"5/2"	"3d6.(3G).4p"	"x 4G*"	"5/2"		"T6892c83"	"L18349c148"	
"259.98867"	"0.00009"	"259.988683"	"0.000012"	"600"	"4.1e+05"	"3.5e-04"	"-2.3"	D	"66411.712"	"104863.432"	"3d6.(3G).4p"	"y 4H*"	"13/2"	"3d6.(5D).5d"	"4G"	"11/2"		"T6892c83"	"L18349c139"	
"260.04257"	"0.00012"	"260.042519"	"0.000012"	"2400"	"1.4e+06"	"1.1e-03"	"-2.1"	D	"25981.6451"	"64425.405"	"3d6.(3G).4s"	"a 4G"	"7/2"	"3d6.(3F2).4p"	"z 2F*"	"5/2"		"T6892c83"	"L18349c139"	
"260.13511"	"0.00012"	"260.135180"	"0.000013"	"900"	"1.6e+06"	"1.3e-03"	"-1.9"	D	"65556.271"	"103986.338"	"3d6.(3H).4p"	"z 2H*"	"9/2"	"3d6.(3H).4d"	"4H"	"7/2"		"T6892c83"	"L18349c139"	
"260.15426"	"0.00011"	"260.154420"	"0.000013"	"800"	"3.2e+07"	"2.6e-02"	"-0.58"	D+	"65556.271"	"103983.496"	"3d6.(3H).4p"	"z 2H*"	"9/2"	"3d6.(3G).5s"	"e 2G"	"7/2"		"T6892c83"	"L18349c139"	
"260.1591"	"0.0005"	"260.159349"	"0.000012"	"280"	"2.5e+06"	"2.6e-03"	"-1.69"	D+	"62065.528"	"100492.025"	"3d6.(3F2).4p"	"y 4F*"	"7/2"	"3d6.(3F2).5s"	"e 2F"	"7/2"		"T6892c83"	"L18349c142"	
"260.2201"	"0.0005"	"260.220205"	"0.000012"	"140d"	"2.7e+06"	"3.3e-03"	"-1.49"	D+	"65556.271"	"103973.782"	"3d6.(3H).4p"	"z 2H*"	"9/2"	"3d6.(3H).4d"	"4K"	"11/2"		"T6892c83"	"L18349c142"	
"260.2277"	"0.0005"	"260.227616"	"0.000012"	"180"	"9.e+05"	"1.1e-03"	"-2.1"	D	"61156.827"	"99573.244"	"3d6.(3H).4p"	"z 4H*"	"7/2"	"3d6.(3F2).5s"	"f 4F"	"9/2"		"T6892c83"	"L18349c142"	
"260.27844"	"0.00019"	"260.278501"	"0.000012"	"800"	"1.0e+07"	"9.e-03"	"-1.07"	D+	"62083.118"	"100492.025"	"3d6.(3H).4p"	"z 2G*"	"9/2"	"3d6.(3F2).5s"	"e 2F"	"7/2"		"T6892c83"	"L18349c139"	
"260.31700"	"0.00011"	"260.31710"	"0.00003"	"400"	"2.4e+06"	"2.1e-03"	"-1.54"	D+	"70986.667"	"109389.879"	"3d6.(1I).4p"	"z 2K*"	"13/2"	"3d6.(3G).4d"	"2I"	"11/2"		"T6892c83"	"L18349c139"	
"260.4048"	"0.0015"	"260.405528"	"0.000020"	"4000"	"1.5e+07"	"1.5e-02"	"-0.92"	D+	"44915.057"	"83305.229"	"3d6.(1F).4s"	"c 2F"	"7/2"	"3d6.(1F).4p"	"v 2G*"	"7/2"		"T6892c83"	"L7357"	
"260.40679"	"0.00017"	"260.40665"	"0.00005"	"1700"	"3.5e+06"	"3.5e-03"	"-2.2"	D	"54063.358"	"92453.365"	"3d6.(3P1).4s"	"c 2P"	"1/2"	"3d6.(3F1).4p"	"4D*"	"1/2"		"T6892c83"	"L18349c139"	
"260.4567"	"0.0005"	"260.456292"	"0.000011"	"900d"	"9.e+05"	"9.e-04"	"-2.1"	D	"44753.8179"	"83136.508"	"3d6.(5D).4p"	"z 4F*"	"7/2"	"3d6.(5D).4d"	"e 6F"	"7/2"		"T6892c83"	"L18349c143"	
"260.46690"	"0.00012"	"260.466848"	"0.000012"	"2100"	"1.2e+06"	"1.5e-03"	"-1.9"	D	"27314.9183"	"65696.053"	"3d6.(3F2).4s"	"a 2F"	"7/2"	"3d6.(3G).4p"	"x 4G*"	"9/2"		"T6892c83"	"L18349c139"	
"260.503762"	"0.000017"	"260.503757"	"0.000020"	"17000"	"2.34e+08"	"3.17e-01"	"0.28"	B+	"44929.532"	"83305.229"	"3d6.(1F).4s"	"c 2F"	"5/2"	"3d6.(1F).4p"	"v 2G*"	"7/2"		"T6892c83"	"L18349c139"	
"260.531027"	"0.000013"	"260.531023"	"0.000014"	"30000"	"1.99e+08"	"2.02e-01"	"-0.09"	C+	"36126.412"	"74498.093"	"3d6.(3D).4s"	"b 2D"	"3/2"	"3d6.(3D).4p"	"x 2D*"	"3/2"		"T6892c83"	"L18349c139"	
"260.542486"	"0.000013"	"260.542486"	"0.000012"	"34000"	"3.4e+07"	"3.5e-02"	"-0.68"	D+	"26055.4120"	"64425.405"	"3d6.(3G).4s"	"a 4G"	"5/2"	"3d6.(3F2).4p"	"z 2F*"	"5/2"		"T6892c83"	"L18349c139"	
"260.59033"	"0.00005"	"260.590437"	"0.000021"	"6000"	"1.3e+08"	"6.4e-02"	"-0.59"	D+	"38214.503"	"76577.436"	"3d6.(1D2).4s"	"c 2D"	"3/2"	"3d6.(1S2).4p"	"x 2P*"	"1/2"		"T6892c83"	"L18349c139"	
"260.61024"	"0.00009"	"260.610247"	"0.000012"	"700"	"5.e+05"	"4.2e-04"	"-2.4"	D	"64831.951"	"103191.968"	"3d6.(3F2).4p"	"y 2G*"	"9/2"	"3d6.(3P2).4d"	"2F"	"7/2"		"T6892c83"	"L18349c139"	
"260.651588"	"0.000013"	"260.651590"	"0.000014"	"50000"	"2.31e+08"	"2.35e-01"	"0.15"	B+	"36252.931"	"74606.864"	"3d6.(3D).4s"	"b 2D"	"5/2"	"3d6.(3D).4p"	"x 2D*"	"5/2"		"T6892c83"	"L18349c139"	
"260.708686"	"0.000013"	"260.708691"	"0.000011"	"500000"	"1.73e+08"	"1.17e-01"	"-0.152"	B	"667.6829"	"39013.2160"	"3d6.(5D).4s"	"a 6D"	"5/2"	"3d6.(5D).4p"	"z 6D*"	"3/2"		"T7958,T6610,T7589"	"L18349c139"	
"260.72133"	"0.00006"	"260.721339"	"0.000012"	"1000"	"1.0e+07"	"8.e-03"	"-1.00"	D+	"66463.542"	"104807.215"	"3d6.(3G).4p"	"y 4H*"	"11/2"	"3d6.(3H).4d"	"2G"	"9/2"		"T6892c83"	"L18349c139"	
"260.752878"	"0.000016"	"260.752868"	"0.000012"	"22000"	"1.58e+08"	"1.61e-01"	"-0.19"	C+	"47389.809"	"85728.846"	"3d6.(5D).4p"	"z 4P*"	"3/2"	"3d6.(5D).4d"	"4S"	"3/2"		"T6892c83"	"L18349c139"	
"260.7882"	"0.0005"	"260.787819"	"0.000012"	"170d?"	"2.0e+06"	"1.7e-03"	"-1.78"	D+	"62158.126"	"100492.025"	"3d6.(3F2).4p"	"y 4F*"	"9/2"	"3d6.(3F2).5s"	"e 2F"	"7/2"		"T6892c83"	"L18349c142"	
"260.82050"	"0.00010"	"260.820779"	"0.000021"	"2100"	"7.e+05"	"6.e-04"	"-2.2"	D	"54273.656"	"92602.711"	"3d5.4s2"	"b 4G"	"9/2"	"3d6.(3F1).4p"	"u 2G*"	"7/2"		"T6892c83"	"L18349c139"	
"260.8405"	"0.0002"	"260.84064"	"0.00005"	"800"	"2.5e+06"	"3.2e-03"	"-1.59"	D+	"60270.351"	"98596.488"	"3d5.4s2"	"c 4D"	"7/2"	"3d5.(4D).4s.4p.(3P*)"	"4F*"	"9/2"		"T6892c83"	"L18349c139"	
"260.8540"	"0.0005"	"260.853299"	"0.000014"	"140d?"	"4.9e+06"	"1.0e-02"	"-1.70"	D+	"66248.647"	"104572.924"	"3d6.(3P2).4p"	"z 2S*"	"1/2"	"3d6.(3P2).4d"	"4F"	"3/2"		"T6892c83"	"L18349c142"	
"260.88521"	"0.00006"	"260.885234"	"0.000012"	"5000"	"5.0e+06"	"4.1e-03"	"-1.38"	D+	"22637.1950"	"60956.781"	"3d6.(3F2).4s"	"b 4F"	"9/2"	"3d6.(3H).4p"	"z 4G*"	"7/2"		"T6892c83"	"L18349c139"	
"260.90373"	"0.00003"	"260.903727"	"0.000012"	"2500"	"4.9e+07"	"3.3e-02"	"-0.70"	D+	"67000.530"	"105317.400"	"3d6.(3F2).4p"	"y 2D*"	"5/2"	"3d6.(3P2).4d"	"2P"	"3/2"		"T6892c83"	"L18349c139"	
"260.912549"	"0.000017"	"260.912546"	"0.000015"	"17000"	"2.8e+07"	"3.5e-02"	"-0.55"	D+	"31999.049"	"70314.624"	"3d7"	"b 2F"	"7/2"	"3d6.(3G).4p"	"x 2G*"	"9/2"		"T6892c83"	"L18349c139"	
"260.94402"	"0.00004"	"260.944014"	"0.000012"	"6000"	"6.0e+06"	"8.e-03"	"-1.31"	D+	"27620.4033"	"65931.358"	"3d6.(3F2).4s"	"a 2F"	"5/2"	"3d6.(3G).4p"	"x 4G*"	"7/2"		"T6892c83"	"L18349c139"	
"260.98655"	"0.00002"	"260.986565"	"0.000012"	"14000"	"1.3e+07"	"1.4e-02"	"-0.96"	D+	"25981.6451"	"64286.354"	"3d6.(3G).4s"	"a 4G"	"7/2"	"3d6.(3F2).4p"	"z 2F*"	"7/2"		"T6892c83"	"L18349c139"	
"261.05106"	"0.00011"	"261.05092"	"0.00005"	"2100"	"1.8e+07"	"3.6e-02"	"-1.14"	D+	"54063.358"	"92358.625"	"3d6.(3P1).4s"	"c 2P"	"1/2"	"3d5.(4G).4s.4p.(3P*)"	"v 4F*"	"3/2"		"T6892c83"	"L18349c139"	
"261.0833"	"0.0004"	"261.083527"	"0.000012"	"290"	"2.0e+06"	"2.8e-03"	"-1.78"	D+	"67000.530"	"105291.014"	"3d6.(3F2).4p"	"y 2D*"	"5/2"	"3d6.(3F2).4d"	"4G"	"7/2"		"T6892c83"	"L18349c139"	
"261.10028"	"0.00005"	"261.100269"	"0.000012"	"1500"	"1.5e+07"	"1.0e-02"	"-1.21"	D+	"67000.530"	"105288.559"	"3d6.(3F2).4p"	"y 2D*"	"5/2"	"3d6.(5D).5d"	"6G"	"3/2"		"T6892c83"	"L18349c139"	
"261.107256"	"0.000015"	"261.107256"	"0.000011"	"24000"	"7.3e+06"	"1.12e-02"	"-1.35"	C+	"8680.4706"	"46967.4751"	"3d6.(5D).4s"	"a 4D"	"3/2"	"3d6.(5D).4p"	"z 4P*"	"5/2"		"T7589"	"L18349c139"	
"261.13414"	"0.00006"	"261.134160"	"0.000012"	"4000"	"1.4e+06"	"1.1e-03"	"-2.1"	D	"22810.3459"	"61093.406"	"3d6.(3F2).4s"	"b 4F"	"7/2"	"3d6.(3P2).4p"	"z 2D*"	"5/2"		"T6892c83"	"L18349c139"	
"261.187336"	"0.000013"	"261.187335"	"0.000011"	"600000"	"1.20e+08"	"1.22e-01"	"-0.009"	B+	"384.7872"	"38660.0537"	"3d6.(5D).4s"	"a 6D"	"7/2"	"3d6.(5D).4p"	"z 6D*"	"7/2"		"T7958,T6610,T7589"	"L18349c139"	
"261.27136"	"0.00011"	"261.271257"	"0.000014"	"280"	"2.7e+06"	"2.8e-03"	"-1.55"	D+	"70314.624"	"108577.597"	"3d6.(3G).4p"	"x 2G*"	"9/2"	"3d6.(3G).4d"	"4H"	"9/2"		"T6892c83"	"L18349c139"	
"261.29622"	"0.00010"	"261.29608"	"0.00003"	"1700bl(Fe II)*"	"1.7e+06"	"2.3e-03"	"-1.9"	D	"54870.541"	"93129.879"	"3d6.(3F1).4s"	"d 2F"	"5/2"	"3d6.(3F1).4p"	"4D*"	"7/2"		"T6892c83"	"L18349c148"	
"261.3331"	"0.0005"	"261.332750"	"0.000012"	"140d?"	"2.3e+06"	"2.8e-03"	"-1.48"	D+	"65363.607"	"103617.577"	"3d6.(3H).4p"	"z 2H*"	"11/2"	"3d6.(3H).4d"	"4H"	"13/2"		"T6892c83"	"L18349c142"	
"261.34656"	"0.00011"	"261.346265"	"0.000012"	"800"	"3.7e+05"	"4.4e-04"	"-2.3"	D	"65580.065"	"103832.057"	"3d6.(3G).4p"	"x 4G*"	"11/2"	"3d6.(3H).4d"	"4K"	"13/2"		"T6892c83"	"L18349c139"	
"261.35708"	"0.00007"	"261.357068"	"0.000012"	"4000bl(Fe II)*"	"2.0e+06"	"2.5e-03"	"-1.61"	D+	"22637.1950"	"60887.606"	"3d6.(3F2).4s"	"b 4F"	"9/2"	"3d6.(3H).4p"	"z 4H*"	"11/2"		"T6892c83"	"L18349c148"	
"261.382402"	"0.000013"	"261.382399"	"0.000012"	"320000"	"2.12e+08"	"1.09e-01"	"-0.362"	B+	"862.6118"	"39109.3161"	"3d6.(5D).4s"	"a 6D"	"3/2"	"3d6.(5D).4p"	"z 6D*"	"1/2"		"T7958,T6610,T7589"	"L18349c139"	
"261.41896"	"0.00006"	"261.418979"	"0.000013"	"4000"	"3.3e+06"	"4.2e-03"	"-1.47"	D+	"27314.9183"	"65556.271"	"3d6.(3F2).4s"	"a 2F"	"7/2"	"3d6.(3H).4p"	"z 2H*"	"9/2"		"T6892c83"	"L18349c139"	
"261.43969"	"0.00013"	"261.439953"	"0.000013"	"700"	"6.6e+06"	"6.7e-03"	"-1.39"	D+	"67000.530"	"105238.815"	"3d6.(3F2).4p"	"y 2D*"	"5/2"	"3d6.(3P2).4d"	"2D"	"5/2"		"T6892c83"	"L18349c139"	
"261.45839"	"0.00008"	"261.458560"	"0.000013"	"2100"	"3.4e+06"	"2.8e-03"	"-1.56"	C+	"25805.3270"	"64040.891"	"3d6.(3G).4s"	"a 4G"	"9/2"	"3d6.(3F2).4p"	"y 4G*"	"7/2"		"T7461"	"L18349c139"	
"261.48711"	"0.00005"	"261.487120"	"0.000013"	"4000"	"3.5e+06"	"2.7e-03"	"-1.66"	D+	"22810.3459"	"61041.734"	"3d6.(3F2).4s"	"b 4F"	"7/2"	"3d6.(3H).4p"	"z 4G*"	"5/2"		"T6892c83"	"L18349c139"	
"261.49822"	"0.00005"	"261.498249"	"0.000013"	"1600"	"1.2e+07"	"8.e-03"	"-1.30"	D+	"67000.530"	"105230.291"	"3d6.(3F2).4p"	"y 2D*"	"5/2"	"3d6.(5D).5d"	"4D"	"3/2"		"T6892c83"	"L18349c139"	
"261.54651"	"0.00015"	"261.546505"	"0.000021"	"290"	"6.2e+06"	"4.2e-03"	"-1.60"	D+	"72238.564"	"110461.272"	"3d6.(3D).4p"	"w 4F*"	"5/2"	"3d6.(3G).4d"	"2D"	"3/2"		"T6892c83"	"L18349c139"	
"261.5748"	"0.0005"	"261.574700"	"0.000013"	"900d"	"9.e+05"	"1.2e-03"	"-2.1"	D	"31387.9788"	"69606.567"	"3d6.(3D).4s"	"b 4D"	"5/2"	"3d6.(3G).4p"	"y 2F*"	"7/2"		"T6892c83"	"L18349c143"	
"261.6738"	"0.0002"	"261.673965"	"0.000017"	"290"	"4.3e+06"	"2.2e-03"	"-2.1"	D	"67273.833"	"105477.924"	"3d6.(3F2).4p"	"y 2D*"	"3/2"	"3d6.(3F2).4d"	"4D"	"1/2"		"T6892c83"	"L18349c139"	
"261.7383"	"0.0005"	"261.737855"	"0.000021"	"250d?"	"3.7e+06"	"3.2e-03"	"-1.42"	D+	"54232.201"	"92426.967"	"3d5.4s2"	"b 4G"	"11/2"	"3d5.(4G).4s.4p.(3P*)"	"v 4F*"	"9/2"		"T6892c83"	"L18349c142"	
"261.761713"	"0.000013"	"261.761702"	"0.000011"	"230000bl(Fe II)*"	"4.88e+07"	"5.01e-02"	"-0.522"	B	"667.6829"	"38858.9696"	"3d6.(5D).4s"	"a 6D"	"5/2"	"3d6.(5D).4p"	"z 6D*"	"5/2"		"T7958,T6610,T7589"	"L18349c148"	
"261.761713"	"0.000013"	"261.761768"	"0.000013"	"230000bl(Fe II)*"	"7.e+05"	"6.e-04"	"-2.1"	D	"65580.065"	"103771.342"	"3d6.(3G).4p"	"x 4G*"	"11/2"	"3d6.(3H).4d"	"4G"	"9/2"		"T6892c83"	"L18349c148"	
"261.82809"	"0.00009"	"261.828252"	"0.000013"	"700"	"3.2e+05"	"2.8e-04"	"-2.4"	D	"66411.712"	"104593.292"	"3d6.(3G).4p"	"y 4H*"	"13/2"	"3d6.(5D).5d"	"6G"	"11/2"		"T6892c83"	"L18349c139"	
"261.86350"	"0.00019"	"261.863664"	"0.000013"	"400"	"4.8e+06"	"6.0e-03"	"-1.22"	D+	"66589.042"	"104765.459"	"3d6.(3G).4p"	"y 4H*"	"9/2"	"3d6.(3H).4d"	"2I"	"11/2"		"T6892c83"	"L18349c139"	
"261.907373"	"0.000014"	"261.907388"	"0.000013"	"26000"	"2.5e+07"	"2.6e-02"	"-0.59"	D+	"22637.1950"	"60807.239"	"3d6.(3F2).4s"	"b 4F"	"9/2"	"3d6.(3H).4p"	"z 4G*"	"9/2"		"T6892c83"	"L18349c139"	
"261.91053"	"0.00011"	"261.910572"	"0.000013"	"1000"	"7.2e+06"	"7.4e-03"	"-1.22"	D+	"62322.445"	"100492.025"	"3d6.(3H).4p"	"z 2G*"	"7/2"	"3d6.(3F2).5s"	"e 2F"	"7/2"		"T6892c83"	"L18349c139"	
"261.98486"	"0.00009"	"261.984801"	"0.000013"	"700"	"1.2e+07"	"1.4e-02"	"-0.77"	D+	"66463.542"	"104622.308"	"3d6.(3G).4p"	"y 4H*"	"11/2"	"3d6.(3H).4d"	"2I"	"13/2"		"T6892c83"	"L18349c139"	
"262.01715"	"0.00003"	"262.017152"	"0.000013"	"10000"	"1.1e+07"	"1.2e-02"	"-1.15"	D+	"22939.3512"	"61093.406"	"3d6.(3F2).4s"	"b 4F"	"5/2"	"3d6.(3P2).4p"	"z 2D*"	"5/2"		"T6892c83"	"L18349c139"	
"262.02428"	"0.00013"	"262.02417"	"0.00005"	"2100"	"8.e+07"	"1.7e-01"	"-0.48"	D+	"54063.358"	"92216.391"	"3d6.(3P1).4s"	"c 2P"	"1/2"	"3d6.(3P1).4p"	"u 2D*"	"3/2"		"T6892c83"	"L18349c139"	
"262.040832"	"0.000017"	"262.040852"	"0.000011"	"17000"	"4.3e+06"	"4.4e-03"	"-1.75"	B	"862.6118"	"39013.2160"	"3d6.(5D).4s"	"a 6D"	"3/2"	"3d6.(5D).4p"	"z 6D*"	"3/2"		"T7589"	"L18349c139"	
"262.069492"	"0.000013"	"262.069493"	"0.000013"	"30000"	"3.4e+07"	"3.5e-02"	"-0.55"	D+	"22810.3459"	"60956.781"	"3d6.(3F2).4s"	"b 4F"	"7/2"	"3d6.(3H).4p"	"z 4G*"	"7/2"		"T6892c83"	"L18349c139"	
"262.08291"	"0.00015"	"262.082899"	"0.000014"	"500"	"9.e+06"	"4.5e-03"	"-1.75"	D+	"66612.659"	"104757.143"	"3d6.(3G).4p"	"x 4F*"	"3/2"	"3d6.(5D).5d"	"6D"	"1/2"		"T6892c83"	"L18349c139"	
"262.11106"	"0.00010"	"262.111287"	"0.000013"	"400"	"2.2e+06"	"3.5e-03"	"-1.9"	D	"67273.833"	"105414.186"	"3d6.(3F2).4p"	"y 2D*"	"3/2"	"3d6.(3F2).4d"	"4G"	"5/2"		"T6892c83"	"L18349c139"	
"262.166881"	"0.000013"	"262.166876"	"0.000012"	"90000"	"5.60e+07"	"5.77e-02"	"-0.938"	B+	"977.0498"	"39109.3161"	"3d6.(5D).4s"	"a 6D"	"1/2"	"3d6.(5D).4p"	"z 6D*"	"1/2"		"T7958,T6610,T7589"	"L18349c139"	
"262.22506"	"0.00010"	"262.225079"	"0.000015"	"700"	"2.6e+07"	"1.3e-02"	"-1.27"	D+	"66612.659"	"104736.462"	"3d6.(3G).4p"	"x 4F*"	"3/2"	"3d6.(3P2).4d"	"2P"	"1/2"		"T6892c83"	"L18349c139"	
"262.24460"	"0.00009"	"262.24457"	"0.00004"	"1800"	"2.9e+06"	"3.0e-03"	"-1.62"	D+	"60270.351"	"98391.320"	"3d5.4s2"	"c 4D"	"7/2"	"3d5.(4D).4s.4p.(3P*)"	"4D*"	"7/2"		"T6892c83"	"L18349c139"	
"262.2611"	"0.0005"	"262.261569"	"0.000011"	"170d?"	"1.4e+06"	"1.1e-03"	"-1.9"	D	"65696.053"	"103814.552"	"3d6.(3G).4p"	"x 4G*"	"9/2"	"3d6.(5D).5d"	"4F"	"7/2"		"T6892c83"	"L18349c143"	
"262.31302"	"0.00005"	"262.312997"	"0.000021"	"5000"	"9.e+06"	"9.e-03"	"-0.90"	D+	"32875.6409"	"70986.667"	"3d6.(1I).4s"	"a 2I"	"13/2"	"3d6.(1I).4p"	"z 2K*"	"13/2"		"T6892c83"	"L18349c139"	
"262.37008"	"0.00004"	"262.370072"	"0.000012"	"8000"	"4.5e+07"	"9.e-02"	"-0.73"	D+	"47626.110"	"85728.846"	"3d6.(5D).4p"	"z 4P*"	"1/2"	"3d6.(5D).4d"	"4S"	"3/2"		"T6892c83"	"L18349c139"	
"262.37251"	"0.00002"	"262.372504"	"0.000012"	"15000"	"1.9e+07"	"2.0e-02"	"-0.92"	D+	"22939.3512"	"61041.734"	"3d6.(3F2).4s"	"b 4F"	"5/2"	"3d6.(3H).4p"	"z 4G*"	"5/2"		"T6892c83"	"L18349c139"	
"262.41132"	"0.00002"	"262.411334"	"0.000013"	"4000"	"3.5e+07"	"3.6e-02"	"-0.44"	C+	"68000.785"	"106097.530"	"3d6.(3G).4p"	"y 2H*"	"9/2"	"3d6.(3F2).4d"	"2H"	"9/2"		"T6892c83"	"L18349c139"	
"262.4401"	"0.0005"	"262.440145"	"0.000012"	"400bl"	"8.e+05"	"6.e-04"	"-2.3"	D	"65931.358"	"104023.921"	"3d6.(3G).4p"	"x 4G*"	"7/2"	"3d6.(5D).5d"	"4F"	"5/2"		"T6892c83"	"L18349c142"	
"262.4539"	"0.0005"	"262.452761"	"0.000021"	"230d?"	"1.8e+06"	"2.4e-03"	"-1.8"	D	"60445.279"	"98536.011"	"3d5.4s2"	"c 4D"	"5/2"	"3d5.(4D).4s.4p.(3P*)"	"4F*"	"7/2"		"T6892c83"	"L18349c143"	
"262.4561"	"0.0005"	"262.455855"	"0.000015"	"210"	"1.4e+06"	"1.1e-03"	"-2.1"	D	"70523.694"	"108613.977"	"3d6.(3G).4p"	"x 2G*"	"7/2"	"3d6.(3G).4d"	"4G"	"5/2"		"T6892c83"	"L18349c139"	
"262.5067"	"0.0005"	"262.506215"	"0.000013"	"330d?"	"5.4e+06"	"3.7e-03"	"-1.65"	D+	"54275.649"	"92358.625"	"3d5.4s2"	"b 4G"	"5/2"	"3d5.(4G).4s.4p.(3P*)"	"v 4F*"	"3/2"		"T6892c83"	"L18349c143"	
"262.51854"	"0.00007"	"262.518597"	"0.000012"	"4000"	"2.0e+07"	"1.4e-02"	"-1.09"	D+	"46967.4751"	"85048.655"	"3d6.(5D).4p"	"z 4P*"	"5/2"	"3d6.(5D).4d"	"f 4D"	"3/2"		"T6892c83"	"L18349c139"	
"262.548906"	"0.000013"	"262.548906"	"0.000013"	"100000"	"2.55e+08"	"3.08e-01"	"0.57"	B+	"32909.883"	"70986.667"	"3d6.(1I).4s"	"a 2I"	"11/2"	"3d6.(1I).4p"	"z 2K*"	"13/2"		"T6892c83"	"L18349c139"	
"262.566685"	"0.000013"	"262.566683"	"0.000011"	"330000"	"3.52e+07"	"4.55e-02"	"-0.439"	B+	"384.7872"	"38458.9934"	"3d6.(5D).4s"	"a 6D"	"7/2"	"3d6.(5D).4p"	"z 6D*"	"9/2"		"T7958,T6610,T7589"	"L18349c139"	
"262.58884"	"0.00017"	"262.588811"	"0.000013"	"1400"	"6.e+05"	"8.e-04"	"-2.1"	D	"25805.3270"	"63876.325"	"3d6.(3G).4s"	"a 4G"	"9/2"	"3d6.(3F2).4p"	"y 4G*"	"11/2"		"T6892c83"	"L18349c139"	
"262.650037"	"0.000014"	"262.650042"	"0.000013"	"26000"	"3.5e+07"	"5.4e-02"	"-0.67"	D+	"23031.2829"	"61093.406"	"3d6.(3F2).4s"	"b 4F"	"3/2"	"3d6.(3P2).4p"	"z 2D*"	"5/2"		"T6892c83"	"L18349c139"	
"262.6666"	"0.0005"	"262.666468"	"0.000015"	"230d"	"2.7e+06"	"2.7e-03"	"-1.78"	D+	"60445.279"	"98505.022"	"3d5.4s2"	"c 4D"	"5/2"	"3d5.(4D).4s.4p.(3P*)"	"4D*"	"5/2"		"T6892c83"	"L18349c143"	
"262.66969"	"0.00014"	"262.669899"	"0.000012"	"2500"	"1.9e+06"	"2.0e-03"	"-1.79"	C+	"25981.6451"	"64040.891"	"3d6.(3G).4s"	"a 4G"	"7/2"	"3d6.(3F2).4p"	"y 4G*"	"7/2"		"T7461"	"L18349c139"	
"262.6958"	"0.0005"	"262.694934"	"0.000012"	"180bl(Fe II)*"	"4.6e+06"	"5.7e-03"	"-1.24"	D+	"65696.053"	"103751.672"	"3d6.(3G).4p"	"x 4G*"	"9/2"	"3d6.(3H).4d"	"4H"	"11/2"		"T6892c83"	"L18349c142"	
"262.7551"	"0.0003"	"262.755028"	"0.000013"	"400"	"5.7e+06"	"5.9e-03"	"-1.45"	D+	"66522.310"	"104569.226"	"3d6.(3G).4p"	"x 4F*"	"5/2"	"3d6.(3P2).4d"	"4F"	"5/2"		"T6892c83"	"L18349c139"	
"262.7567"	"0.0005"	"262.756734"	"0.000013"	"320d"	"4.2e+06"	"3.3e-03"	"-1.58"	D+	"54283.236"	"92329.905"	"3d5.4s2"	"b 4G"	"7/2"	"3d5.(4G).4s.4p.(3P*)"	"v 4F*"	"5/2"		"T6892c83"	"L18349c143"	
"262.7686"	"0.0002"	"262.768766"	"0.000013"	"280"	"1.1e+06"	"1.4e-03"	"-1.9"	D	"68000.785"	"106045.712"	"3d6.(3G).4p"	"y 2H*"	"9/2"	"3d6.(3H).4d"	"2H"	"11/2"		"T6892c83"	"L18349c139"	
"262.81975"	"0.00005"	"262.819993"	"0.000012"	"900"	"8.e+06"	"9.e-03"	"-0.95"	D+	"65580.065"	"103617.577"	"3d6.(3G).4p"	"x 4G*"	"11/2"	"3d6.(3H).4d"	"4H"	"13/2"		"T6892c83"	"L18349c145"	
"262.829279"	"0.000013"	"262.829292"	"0.000011"	"270000"	"8.74e+07"	"1.81e-01"	"-0.441"	B	"977.0498"	"39013.2160"	"3d6.(5D).4s"	"a 6D"	"1/2"	"3d6.(5D).4p"	"z 6D*"	"3/2"		"T7958,T6610,T7589"	"L18349c139"	
"262.84992"	"0.00006"	"262.849930"	"0.000015"	"2400"	"2.5e+07"	"5.2e-02"	"-0.98"	D+	"61035.285"	"99068.465"	"3d6.(3P2).4p"	"y 4P*"	"1/2"	"3d6.(3P2).5s"	"2P"	"3/2"		"T6892c83"	"L18349c139"	
"262.85809"	"0.00006"	"262.858113"	"0.000013"	"4000"	"3.4e+06"	"3.5e-03"	"-1.67"	D+	"26055.4120"	"64087.408"	"3d6.(3G).4s"	"a 4G"	"5/2"	"3d6.(3F2).4p"	"y 4G*"	"5/2"		"T6892c83"	"L18349c139"	
"262.87990"	"0.00006"	"262.879818"	"0.000013"	"1100"	"1.1e+07"	"1.0e-02"	"-0.93"	D+	"65580.065"	"103608.921"	"3d6.(3G).4p"	"x 4G*"	"11/2"	"3d6.(3G).5s"	"e 2G"	"9/2"		"T6892c83"	"L18349c139"	
"262.89446"	"0.00016"	"262.894509"	"0.000013"	"900"	"8.e+06"	"5.5e-03"	"-1.48"	D+	"61041.734"	"99068.465"	"3d6.(3H).4p"	"z 4G*"	"5/2"	"3d6.(3P2).5s"	"2P"	"3/2"		"T6892c83"	"L18349c139"	
"262.9290"	"0.0005"	"262.928578"	"0.000014"	"220d,bl(Fe II)*"	"7.e+06"	"7.e-03"	"-1.9"	D	"61035.285"	"99057.089"	"3d6.(3P2).4p"	"y 4P*"	"1/2"	"3d6.(3P2).5s"	"4P"	"1/2"		"T6892c83"	"L18349c143"	
"262.95705"	"0.00003"	"262.95705"	"0.00003"	"8000"	"4.5e+06"	"5.5e-03"	"-1.18"	D+	"54232.201"	"92249.889"	"3d5.4s2"	"b 4G"	"11/2"	"3d5.(4G).4s.4p.(3P*)"	"x 4H*"	"13/2"		"T6892c83"	"L18349c139"	
"262.958817"	"0.000013"	"262.958832"	"0.000012"	"70000"	"7.2e+07"	"1.00e-01"	"-0.22"	C+	"22939.3512"	"60956.781"	"3d6.(3F2).4s"	"b 4F"	"5/2"	"3d6.(3H).4p"	"z 4G*"	"7/2"		"T6892c83"	"L18349c139"	
"263.007118"	"0.000013"	"263.007114"	"0.000012"	"50000"	"5.1e+07"	"8.e-02"	"-0.50"	D+	"23031.2829"	"61041.734"	"3d6.(3F2).4s"	"b 4F"	"3/2"	"3d6.(3H).4p"	"z 4G*"	"5/2"		"T6892c83"	"L18349c139"	
"263.01859"	"0.00016"	"263.018443"	"0.000014"	"1400"	"6.5e+06"	"5.4e-03"	"-1.27"	D+	"54273.656"	"92282.470"	"3d5.4s2"	"b 4G"	"9/2"	"3d5.(4G).4s.4p.(3P*)"	"v 4F*"	"7/2"		"T6892c83"	"L18349c139"	
"263.0848"	"0.0005"	"263.084756"	"0.000015"	"320d"	"9.e+05"	"9.e-04"	"-2.1"	D	"54283.236"	"92282.470"	"3d5.4s2"	"b 4G"	"7/2"	"3d5.(4G).4s.4p.(3P*)"	"v 4F*"	"7/2"		"T6892c83"	"L18349c143"	
"263.101002"	"0.000012"	"263.100965"	"0.000011"	"80000"	"6.7e+07"	"8.6e-02"	"-0.16"	C+	"22810.3459"	"60807.239"	"3d6.(3F2).4s"	"b 4F"	"7/2"	"3d6.(3H).4p"	"z 4G*"	"9/2"		"T6892c83"	"L18349c139"	
"263.104679"	"0.000013"	"263.104672"	"0.000011"	"400000"	"8.16e+07"	"1.27e-01"	"-0.294"	B+	"862.6118"	"38858.9696"	"3d6.(5D).4s"	"a 6D"	"3/2"	"3d6.(5D).4p"	"z 6D*"	"5/2"		"T7958,T6610,T7589"	"L18349c139"	
"263.132292"	"0.000013"	"263.132285"	"0.000011"	"400000"	"6.29e+07"	"8.70e-02"	"-0.282"	B+	"667.6829"	"38660.0537"	"3d6.(5D).4s"	"a 6D"	"5/2"	"3d6.(5D).4p"	"z 6D*"	"7/2"		"T7958,T6610,T7589"	"L18349c139"	
"263.1437"	"0.0005"	"263.142562"	"0.000012"	"320d,bl"	"3.4e+06"	"2.6e-03"	"-1.68"	D+	"54283.236"	"92274.123"	"3d5.4s2"	"b 4G"	"7/2"	"3d6.(3P1).4p"	"4P*"	"5/2"		"T6892c83"	"L18349c143"	
"263.160825"	"0.000013"	"263.160823"	"0.000011"	"90000"	"6.6e+07"	"8.2e-02"	"-0.09"	C+	"22637.1950"	"60625.446"	"3d6.(3F2).4s"	"b 4F"	"9/2"	"3d6.(3H).4p"	"z 4G*"	"11/2"		"T6892c83"	"L18349c139"	
"263.1763"	"0.0005"	"263.176148"	"0.000013"	"220d?"	"1.4e+06"	"1.2e-03"	"-1.8"	D	"61587.205"	"99573.244"	"3d6.(3H).4p"	"z 4I*"	"11/2"	"3d6.(3F2).5s"	"f 4F"	"9/2"		"T6892c83"	"L18349c143"	
"263.25228"	"0.00007"	"263.252247"	"0.000012"	"1700"	"1.2e+07"	"9.e-03"	"-1.28"	D+	"61093.406"	"99068.465"	"3d6.(3P2).4p"	"z 2D*"	"5/2"	"3d6.(3P2).5s"	"2P"	"3/2"		"T6892c83"	"L18349c139"	
"263.32028"	"0.00003"	"263.320301"	"0.000021"	"12000"	"1.21e+08"	"8.4e-02"	"-0.30"	C+	"38164.220"	"76129.465"	"3d6.(1D2).4s"	"c 2D"	"5/2"	"3d6.(1S2).4p"	"x 2P*"	"3/2"		"T6892c83"	"L18349c139"	
"263.3543"	"0.0005"	"263.354848"	"0.000013"	"160d,bl(Fe II)?*"	"1.2e+06"	"1.3e-03"	"-2.3"	D	"66612.659"	"104572.924"	"3d6.(3G).4p"	"x 4F*"	"3/2"	"3d6.(3P2).4d"	"4F"	"3/2"		"T6892c83"	"L18349c143"	
"263.4904"	"0.0005"	"263.490370"	"0.000017"	"320bl(Fe II)*"	"3.4e+06"	"2.3e-03"	"-1.9"	D	"54275.649"	"92216.391"	"3d5.4s2"	"b 4G"	"5/2"	"3d6.(3P1).4p"	"u 2D*"	"3/2"		"T6892c83"	"L18349c142"	
"263.4904"	"0.0005"	"263.490418"	"0.000015"	"320bl(Fe II)*"	"2.0e+06"	"4.1e-03"	"-2.1"	D	"66248.647"	"104189.382"	"3d6.(3P2).4p"	"z 2S*"	"1/2"	"3d6.(3H).4d"	"4F"	"3/2"		"T6892c83"	"L18349c142"	
"263.4991"	"0.0005"	"263.499072"	"0.000013"	"320d?"	"2.9e+06"	"2.5e-03"	"-1.52"	D+	"54232.201"	"92171.690"	"3d5.4s2"	"b 4G"	"11/2"	"3d6.(3F1).4p"	"u 2G*"	"9/2"		"T6892c83"	"L18349c143"	
"263.5125"	"0.0005"	"263.511981"	"0.000021"	"310"	"9.e+05"	"1.0e-03"	"-2.4"	D	"31364.4554"	"69302.086"	"3d6.(3D).4s"	"b 4D"	"3/2"	"3d5.(6S).4s.4p.(3P*)"	"x 4P*"	"3/2"		"T6892c83"	"L18349c142"	
"263.54001"	"0.00005"	"263.540073"	"0.000012"	"6000"	"4.1e+06"	"3.4e-03"	"-1.47"	D+	"26352.7671"	"64286.354"	"3d6.(3H).4s"	"b 2H"	"9/2"	"3d6.(3F2).4p"	"z 2F*"	"7/2"		"T6892c83"	"L18349c139"	
"263.6696"	"0.0002"	"263.66954"	"0.00003"	"1500"	"9.e+06"	"9.e-03"	"-1.43"	D+	"38214.503"	"76129.465"	"3d6.(1D2).4s"	"c 2D"	"3/2"	"3d6.(1S2).4p"	"x 2P*"	"3/2"		"T6892c83"	"L18349c139"	
"263.6750"	"0.0005"	"263.675484"	"0.000021"	"310"	"2.1e+06"	"1.5e-03"	"-2.1"	D	"31387.9788"	"69302.086"	"3d6.(3D).4s"	"b 4D"	"5/2"	"3d5.(6S).4s.4p.(3P*)"	"x 4P*"	"3/2"		"T6892c83"	"L18349c142"	
"263.6798"	"0.0005"	"263.678914"	"0.000021"	"230"	"1.1e+06"	"1.7e-03"	"-2.2"	D	"60441.042"	"98354.656"	"3d5.4s2"	"c 4D"	"3/2"	"3d5.(4D).4s.4p.(3P*)"	"4F*"	"5/2"		"T6892c83"	"L18349c143"	
"263.6846"	"0.0005"	"263.684103"	"0.000013"	"170d?"	"1.8e+06"	"1.8e-03"	"-1.73"	D+	"65696.053"	"103608.921"	"3d6.(3G).4p"	"x 4G*"	"9/2"	"3d6.(3G).5s"	"e 2G"	"9/2"		"T6892c83"	"L18349c143"	
"263.7174"	"0.0005"	"263.717507"	"0.000013"	"140d?"	"4.9e+06"	"6.8e-03"	"-1.39"	D+	"66078.272"	"103986.338"	"3d6.(3G).4p"	"x 4G*"	"5/2"	"3d6.(3H).4d"	"4H"	"7/2"		"T6892c83"	"L18349c142"	
"263.749718"	"0.000019"	"263.749723"	"0.000011"	"15000"	"6.2e+07"	"6.5e-02"	"-0.41"	C+	"46967.4751"	"84870.911"	"3d6.(5D).4p"	"z 4P*"	"5/2"	"3d6.(5D).4d"	"f 4D"	"5/2"		"T6892c83"	"L18349c139"	
"263.764345"	"0.000014"	"263.764349"	"0.000013"	"32000"	"6.6e+07"	"1.4e-01"	"-0.56"	D+	"26932.7348"	"64834.069"	"3d6.(3P2).4s"	"b 2P"	"1/2"	"3d6.(3P2).4p"	"z 2P*"	"3/2"		"T6892c83"	"L18349c139"	
"263.82373"	"0.00013"	"263.82403"	"0.00003"	"1800"	"3.6e+06"	"4.5e-03"	"-1.35"	D+	"54273.656"	"92166.417"	"3d5.4s2"	"b 4G"	"9/2"	"3d5.(4G).4s.4p.(3P*)"	"x 4H*"	"11/2"		"T6892c83"	"L18349c139"	
"263.8827"	"0.0005"	"263.88276"	"0.00005"	"250?"	"4.3e+05"	"3.8e-04"	"-2.3"	D	"54232.201"	"92116.529"	"3d5.4s2"	"b 4G"	"11/2"	"3d5.(4G).4s.4p.(3P*)"	"x 4H*"	"9/2"		"T6892c83"	"L18349c142"	
"263.8956"	"0.0005"	"263.895160"	"0.000013"	"130d?"	"7.e+05"	"8.e-04"	"-2.0"	D	"67516.328"	"105398.876"	"3d6.(3G).4p"	"y 2H*"	"11/2"	"3d6.(3F2).4d"	"4H"	"11/2"		"T6892c83"	"L18349c142"	
"263.956417"	"0.000017"	"263.956401"	"0.000014"	"21000"	"8.e+07"	"8.e-02"	"-0.78"	D+	"26932.7348"	"64806.494"	"3d6.(3P2).4s"	"b 2P"	"1/2"	"3d6.(3P2).4p"	"z 2P*"	"1/2"		"T6892c83"	"L18349c139"	
"264.0028"	"0.0005"	"264.003938"	"0.000012"	"110d?"	"9.e+05"	"1.1e-03"	"-2.0"	D	"70314.624"	"108181.564"	"3d6.(3G).4p"	"x 2G*"	"9/2"	"3d6.(3G).4d"	"4G"	"11/2"		"T6892c83"	"L18349c142"	
"264.11242"	"0.00004"	"264.112370"	"0.000015"	"7000"	"3.7e+06"	"3.9e-03"	"-1.8"	D	"21812.0454"	"59663.440"	"3d6.(3P2).4s"	"b 4P"	"3/2"	"3d6.(3P2).4p"	"z 4S*"	"3/2"		"T6892c83"	"L18349c139"	
"264.14176"	"0.00012"	"264.141818"	"0.000012"	"900"	"5.1e+06"	"6.6e-03"	"-1.27"	D+	"61726.069"	"99573.244"	"3d6.(3P2).4p"	"y 4D*"	"7/2"	"3d6.(3F2).5s"	"f 4F"	"9/2"		"T6892c83"	"L18349c139"	
"264.164374"	"0.000013"	"264.164161"	"0.000013"	"50000bl(Fe I)"	"8.9e+07"	"1.39e-01"	"-0.25"	C+	"59663.440"	"97507.414"	"3d6.(3P2).4p"	"z 4S*"	"3/2"	"3d6.(3P2).5s"	"4P"	"5/2"		"T6892c83"	"L18349c148"	
"264.20123"	"0.00003"	"264.201213"	"0.000021"	"10000"	"2.3e+07"	"2.4e-02"	"-0.84"	D+	"31811.814"	"69650.481"	"3d7"	"b 2F"	"5/2"	"3d6.(3G).4p"	"y 2F*"	"5/2"		"T6892c83"	"L18349c139"	
"264.2390"	"0.0005"	"264.23874"	"0.00005"	"320"	"2.9e+06"	"3.8e-03"	"-1.51"	D+	"54283.236"	"92116.529"	"3d5.4s2"	"b 4G"	"7/2"	"3d5.(4G).4s.4p.(3P*)"	"x 4H*"	"9/2"		"T6892c83"	"L18349c143"	
"264.2978"	"0.0005"	"264.29768"	"0.00005"	"310d?"	"7.3e+06"	"8.e-03"	"-1.34"	D+	"54870.541"	"92695.398"	"3d6.(3F1).4s"	"d 2F"	"5/2"	"3d6.(3P1).4p"	"u 2D*"	"5/2"		"T6892c83"	"L18349c143"	
"264.3771"	"0.0005"	"264.37781"	"0.00021"	"320d?"	"2.7e+06"	"3.8e-03"	"-1.65"	D+	"54275.649"	"92089.043"	"3d5.4s2"	"b 4G"	"5/2"	"3d5.(4G).4s.4p.(3P*)"	"x 4H*"	"7/2"		"T6892c83"	"L18349c143"	
"264.4570"	"0.0005"	"264.456441"	"0.000012"	"160?"	"2.3e+06"	"3.2e-03"	"-1.72"	D+	"62689.874"	"100492.025"	"3d6.(3P2).4p"	"y 4D*"	"5/2"	"3d6.(3F2).5s"	"e 2F"	"7/2"		"T6892c83"	"L18349c142"	
"264.46274"	"0.00003"	"264.462737"	"0.000013"	"2500"	"4.9e+07"	"3.9e-02"	"-0.51"	D+	"69606.567"	"107407.818"	"3d6.(3G).4p"	"y 2F*"	"7/2"	"3d6.(3F2).4d"	"2D"	"5/2"		"T6892c83"	"L18349c139"	
"264.49905"	"0.00005"	"264.499020"	"0.000015"	"2300"	"5.1e+07"	"2.7e-02"	"-0.97"	D+	"62125.604"	"99921.670"	"3d6.(3P2).4p"	"z 2D*"	"3/2"	"3d6.(3P2).5s"	"2P"	"1/2"		"T6892c83"	"L18349c139"	
"264.50819"	"0.00005"	"264.508071"	"0.000012"	"6000bl(Fe II)*"	"5.e+05"	"5.e-04"	"-2.4"	D	"27314.9183"	"65109.691"	"3d6.(3F2).4s"	"a 2F"	"7/2"	"3d6.(3F2).4p"	"y 2G*"	"7/2"		"T6892c83"	"L18349c148"	
"264.50819"	"0.00005"	"264.508209"	"0.000021"	"6000bl(Fe II)*"	"7.4e+06"	"1.0e-02"	"-1.21"	D+	"31811.814"	"69606.567"	"3d7"	"b 2F"	"5/2"	"3d6.(3G).4p"	"y 2F*"	"7/2"		"T6892c83"	"L18349c148"	
"264.51983"	"0.00013"	"264.51969"	"0.00005"	"2300"	"5.2e+07"	"8.e-02"	"-0.49"	D+	"54902.286"	"92695.398"	"3d6.(3P1).4s"	"c 2P"	"3/2"	"3d6.(3P1).4p"	"u 2D*"	"5/2"		"T6892c83"	"L18349c139"	
"264.53338"	"0.00008"	"264.53338"	"0.00005"	"3400"	"8.1e+07"	"6.4e-02"	"-0.29"	C+	"54904.241"	"92695.398"	"3d6.(3F1).4s"	"d 2F"	"7/2"	"3d6.(3P1).4p"	"u 2D*"	"5/2"		"T6892c83"	"L18349c139"	
"264.55233"	"0.00006"	"264.552380"	"0.000021"	"800"	"3.7e+06"	"3.3e-03"	"-1.33"	D+	"70986.667"	"108775.110"	"3d6.(1I).4p"	"z 2K*"	"13/2"	"3d6.(3G).4d"	"4I"	"11/2"		"T6892c83"	"L18349c139"	
"264.5578"	"0.0005"	"264.558212"	"0.000013"	"160"	"4.2e+06"	"6.5e-03"	"-1.58"	D+	"62962.215"	"100749.825"	"3d6.(3P2).4p"	"y 4D*"	"3/2"	"3d6.(3F2).5s"	"e 2F"	"5/2"		"T6892c83"	"L18349c142"	
"264.59045"	"0.00010"	"264.590374"	"0.000012"	"3000"	"3.3e+07"	"1.7e-02"	"-1.16"	D+	"47389.809"	"85172.826"	"3d6.(5D).4p"	"z 4P*"	"3/2"	"3d6.(5D).4d"	"f 4D"	"1/2"		"T6892c83"	"L18349c139"	
"264.60970"	"0.00004"	"264.609677"	"0.000021"	"1800"	"4.1e+07"	"2.9e-02"	"-0.77"	D+	"69650.481"	"107430.742"	"3d6.(3G).4p"	"y 2F*"	"5/2"	"3d6.(3F2).4d"	"2D"	"3/2"		"T6892c83"	"L18349c139"	
"264.62133"	"0.00009"	"264.621157"	"0.000012"	"3000"	"1.44e+06"	"1.26e-03"	"-1.82"	C+	"26170.1810"	"63948.803"	"3d6.(3H).4s"	"b 2H"	"11/2"	"3d6.(3F2).4p"	"y 4G*"	"9/2"		"T7461"	"L18349c139"	
"264.6322"	"0.0004"	"264.632169"	"0.000015"	"1100"	"7.5e+06"	"5.3e-03"	"-1.50"	D+	"54870.541"	"92647.591"	"3d6.(3F1).4s"	"d 2F"	"5/2"	"3d6.(3F1).4p"	"4D*"	"3/2"		"T6892c83"	"L18349c139"	
"264.70264"	"0.00011"	"264.702530"	"0.000013"	"1100"	"1.9e+07"	"1.3e-02"	"-1.11"	D+	"62151.554"	"99918.563"	"3d6.(3F2).4p"	"y 4F*"	"5/2"	"3d6.(3F2).5s"	"f 4F"	"3/2"		"T6892c83"	"L18349c139"	
"264.7395"	"0.0005"	"264.739972"	"0.000013"	"400bl(Fe I)"	"1.8e+06"	"1.5e-03"	"-1.8"	D	"60807.239"	"98568.907"	"3d6.(3H).4p"	"z 4G*"	"9/2"	"3d6.(3H).5s"	"e 4H"	"7/2"		"T6892c83"	"L18349c143"	
"264.76208"	"0.00008"	"264.762024"	"0.000011"	"1300"	"1.3e+07"	"1.0e-02"	"-1.08"	D+	"62065.528"	"99824.051"	"3d6.(3F2).4p"	"y 4F*"	"7/2"	"3d6.(3F2).5s"	"f 4F"	"5/2"		"T6892c83"	"L18349c139"	
"264.7703"	"0.0005"	"264.770341"	"0.000015"	"140d"	"3.7e+06"	"3.9e-03"	"-1.63"	D+	"69650.481"	"107407.818"	"3d6.(3G).4p"	"y 2F*"	"5/2"	"3d6.(3F2).4d"	"2D"	"5/2"		"T6892c83"	"L18349c143"	
"264.8537"	"0.0005"	"264.854747"	"0.000016"	"400"	"3.1e+06"	"3.3e-03"	"-1.9"	D	"54902.286"	"92647.591"	"3d6.(3P1).4s"	"c 2P"	"3/2"	"3d6.(3F1).4p"	"4D*"	"3/2"		"T6892c83"	"L18349c143"	
"264.86906"	"0.00007"	"264.869000"	"0.000011"	"4000"	"1.9e+07"	"2.6e-02"	"-0.81"	D+	"46967.4751"	"84710.749"	"3d6.(5D).4p"	"z 4P*"	"5/2"	"3d6.(5D).4d"	"e 6G"	"7/2"		"T6892c83"	"L18349c139"	
"264.9005"	"0.0005"	"264.899721"	"0.000014"	"140d"	"2.7e+06"	"3.4e-03"	"-1.46"	D+	"66012.775"	"103751.672"	"3d6.(3G).4p"	"x 4F*"	"9/2"	"3d6.(3H).4d"	"4H"	"11/2"		"T6892c83"	"L18349c142"	
"264.92209"	"0.00007"	"264.922081"	"0.000014"	"2200"	"2.5e+07"	"2.6e-02"	"-0.98"	D+	"61332.753"	"99068.465"	"3d6.(3P2).4p"	"y 4P*"	"3/2"	"3d6.(3P2).5s"	"2P"	"3/2"		"T6892c83"	"L18349c139"	
"264.94689"	"0.00005"	"264.946951"	"0.000021"	"5000"	"1.98e+08"	"2.78e-01"	"0.22"	B+	"54870.541"	"92602.711"	"3d6.(3F1).4s"	"d 2F"	"5/2"	"3d6.(3F1).4p"	"u 2G*"	"7/2"		"T6892c83"	"L18349c139"	
"264.9973"	"0.0005"	"264.99782"	"0.00005"	"250d?"	"1.8e+06"	"1.5e-03"	"-1.8"	D	"58631.623"	"96356.551"	"3d6.(1G1).4s"	"d 2G"	"9/2"	"3d5.(4G).4s.4p.(3P*)"	"t 2F*"	"7/2"		"T6892c83"	"L18349c143"	
"265.00192"	"0.00007"	"265.001974"	"0.000015"	"2000"	"3.8e+07"	"2.0e-02"	"-1.10"	D+	"61332.753"	"99057.089"	"3d6.(3P2).4p"	"y 4P*"	"3/2"	"3d6.(3P2).5s"	"4P"	"1/2"		"T6892c83"	"L18349c139"	
"265.048118"	"0.000013"	"265.048110"	"0.000011"	"40000"	"1.60e+08"	"2.25e-01"	"0.131"	C+	"46967.4751"	"84685.245"	"3d6.(5D).4p"	"z 4P*"	"5/2"	"3d6.(5D).4d"	"f 4D"	"7/2"		"T7186"	"L18349c139"	
"265.07660"	"0.00010"	"265.076574"	"0.000015"	"500"	"9.e+06"	"6.8e-03"	"-1.26"	D+	"72352.046"	"110065.766"	"3d6.(3D).4p"	"w 4F*"	"7/2"	"3d6.(3G).4d"	"2D"	"5/2"		"T6892c83"	"L18349c139"	
"265.1299"	"0.0005"	"265.129837"	"0.000012"	"400"	"4.0e+05"	"4.2e-04"	"-2.3"	D	"26170.1810"	"63876.325"	"3d6.(3H).4s"	"b 2H"	"11/2"	"3d6.(3F2).4p"	"y 4G*"	"11/2"		"T6892c83"	"L18349c142"	
"265.16891"	"0.00006"	"265.168989"	"0.000021"	"5000"	"1.7e+07"	"2.6e-02"	"-0.98"	D+	"38214.503"	"75915.080"	"3d6.(1D2).4s"	"c 2D"	"3/2"	"3d6.(3D).4p"	"w 2F*"	"5/2"		"T6892c83"	"L18349c139"	
"265.1840"	"0.0005"	"265.183810"	"0.000021"	"310bl(Fe II)*"	"6.8e+06"	"7.2e-03"	"-1.24"	D+	"54904.241"	"92602.711"	"3d6.(3F1).4s"	"d 2F"	"7/2"	"3d6.(3F1).4p"	"u 2G*"	"7/2"		"T6892c83"	"L18349c143"	
"265.2098"	"0.0002"	"265.209975"	"0.000012"	"330"	"7.e+05"	"6.e-04"	"-2.1"	D	"67516.328"	"105211.079"	"3d6.(3G).4p"	"y 2H*"	"11/2"	"3d6.(5D).5d"	"4G"	"9/2"		"T6892c83"	"L18349c139"	
"265.25665"	"0.00006"	"265.256612"	"0.000013"	"5000"	"4.5e+06"	"3.8e-03"	"-1.43"	C+	"26352.7671"	"64040.891"	"3d6.(3H).4s"	"b 2H"	"9/2"	"3d6.(3F2).4p"	"y 4G*"	"7/2"		"T7461"	"L18349c139"	
"265.3305"	"0.0005"	"265.330967"	"0.000013"	"140d,bl(Fe II)?*"	"1.1e+06"	"1.4e-03"	"-1.9"	D	"65931.358"	"103608.921"	"3d6.(3G).4p"	"x 4G*"	"7/2"	"3d6.(3G).5s"	"e 2G"	"9/2"		"T6892c83"	"L18349c142"	
"265.35572"	"0.00005"	"265.355724"	"0.000012"	"3400"	"8.4e+07"	"8.9e-02"	"-0.45"	C+	"62244.515"	"99918.563"	"3d6.(3F2).4p"	"y 4F*"	"3/2"	"3d6.(3F2).5s"	"f 4F"	"3/2"		"T6892c83"	"L18349c139"	
"265.36666"	"0.00004"	"265.366650"	"0.000012"	"3200"	"5.8e+07"	"6.1e-02"	"-0.44"	C+	"62151.554"	"99824.051"	"3d6.(3F2).4p"	"y 4F*"	"5/2"	"3d6.(3F2).5s"	"f 4F"	"5/2"		"T6892c83"	"L18349c139"	
"265.3887"	"0.0005"	"265.388024"	"0.000011"	"230d?"	"6.e+05"	"6.e-04"	"-2.1"	D	"60625.446"	"98294.909"	"3d6.(3H).4p"	"z 4G*"	"11/2"	"3d6.(3H).5s"	"e 4H"	"11/2"		"T6892c83"	"L18349c143"	
"265.4330"	"0.0005"	"265.433857"	"0.000015"	"160"	"6.e+05"	"9.e-04"	"-2.3"	D	"72238.564"	"109901.523"	"3d6.(3D).4p"	"w 4F*"	"5/2"	"3d6.(3G).4d"	"2G"	"7/2"		"T6892c83"	"L18349c142"	
"265.44020"	"0.00012"	"265.440299"	"0.000021"	"400"	"4.6e+06"	"4.8e-03"	"-1.17"	D+	"70986.667"	"108648.712"	"3d6.(1I).4p"	"z 2K*"	"13/2"	"3d6.(1I).5s"	"2I"	"13/2"		"T6892c83"	"L18349c139"	
"265.46285"	"0.00002"	"265.462848"	"0.000013"	"14000"	"8.1e+07"	"8.6e-02"	"-0.46"	C+	"47389.809"	"85048.655"	"3d6.(5D).4p"	"z 4P*"	"3/2"	"3d6.(5D).4d"	"f 4D"	"3/2"		"T6892c83"	"L18349c139"	
"265.4818"	"0.0005"	"265.481052"	"0.000014"	"120d?"	"1.6e+06"	"2.1e-03"	"-1.78"	D+	"72352.046"	"110008.310"	"3d6.(3D).4p"	"w 4F*"	"7/2"	"3d6.(3G).4d"	"2H"	"9/2"		"T6892c83"	"L18349c143"	
"265.5364"	"0.0005"	"265.536047"	"0.000012"	"800d?"	"1.1e+06"	"8.e-04"	"-2.2"	D	"42237.0575"	"79885.523"	"3d6.(5D).4p"	"z 6F*"	"7/2"	"3d6.(5D).5s"	"e 4D"	"5/2"		"T6892c83"	"L18349c143"	
"265.56927"	"0.00002"	"265.569241"	"0.000021"	"3100"	"1.45e+08"	"1.31e-01"	"0.26"	B+	"70986.667"	"108630.427"	"3d6.(1I).4p"	"z 2K*"	"13/2"	"3d6.(1I).5s"	"2I"	"11/2"		"T6892c83"	"L18349c139"	
"265.6039"	"0.0005"	"265.604486"	"0.000012"	"150d,bl(Fe II)?*"	"1.0e+06"	"9.e-04"	"-2.0"	D	"67516.328"	"105155.093"	"3d6.(3G).4p"	"y 2H*"	"11/2"	"3d6.(3F2).4d"	"4G"	"9/2"		"T6892c83"	"L18349c143"	
"265.60861"	"0.00008"	"265.608678"	"0.000012"	"1700"	"1.2e+07"	"1.3e-02"	"-0.88"	D+	"60807.239"	"98445.410"	"3d6.(3H).4p"	"z 4G*"	"9/2"	"3d6.(3H).5s"	"e 4H"	"9/2"		"T6892c83"	"L18349c139"	
"265.71698"	"0.00004"	"265.717010"	"0.000012"	"4000"	"4.2e+07"	"4.4e-02"	"-0.45"	C+	"62065.528"	"99688.355"	"3d6.(3F2).4p"	"y 4F*"	"7/2"	"3d6.(3F2).5s"	"f 4F"	"7/2"		"T6892c83"	"L18349c139"	
"265.75875"	"0.00003"	"265.758731"	"0.000016"	"1800"	"7.0e+06"	"6.4e-03"	"-0.99"	D+	"71432.690"	"109049.611"	"3d6.(1I).4p"	"z 2K*"	"15/2"	"3d6.(3G).4d"	"2I"	"13/2"		"T6892c83"	"L18349c139"	
"265.78619"	"0.00014"	"265.78619"	"0.00004"	"2400"	"9.e+05"	"7.e-04"	"-2.2"	D	"58666.199"	"96279.234"	"3d6.(1G1).4s"	"d 2G"	"7/2"	"3d5.(4G).4s.4p.(3P*)"	"t 2F*"	"5/2"		"T6892c83"	"L18349c139"	
"265.79208"	"0.00007"	"265.791808"	"0.000013"	"5000"	"3.2e+06"	"3.4e-03"	"-1.46"	D+	"30388.5451"	"68000.785"	"3d6.(3G).4s"	"b 2G"	"9/2"	"3d6.(3G).4p"	"y 2H*"	"9/2"		"T6892c83"	"L18349c148"	
"265.82518"	"0.00002"	"265.825182"	"0.000015"	"15000"	"2.1e+07"	"2.2e-02"	"-0.75"	D+	"31999.049"	"69606.567"	"3d7"	"b 2F"	"7/2"	"3d6.(3G).4p"	"y 2F*"	"7/2"		"T6892c83"	"L18349c139"	
"265.8411"	"0.0003"	"265.841307"	"0.000012"	"600"	"1.4e+06"	"1.2e-03"	"-1.9"	D	"62083.118"	"99688.355"	"3d6.(3H).4p"	"z 2G*"	"9/2"	"3d6.(3F2).5s"	"f 4F"	"7/2"		"T6892c83"	"L18349c139"	
"265.8705"	"0.0003"	"265.870402"	"0.000012"	"400"	"7.3e+06"	"9.e-03"	"-0.97"	D+	"66463.542"	"104064.664"	"3d6.(3G).4p"	"y 4H*"	"11/2"	"3d6.(3H).4d"	"4I"	"13/2"		"T6892c83"	"L18349c139"	
"265.9000"	"0.0005"	"265.899843"	"0.000014"	"130d?"	"2.3e+06"	"3.7e-03"	"-1.8"	D	"66612.659"	"104209.618"	"3d6.(3G).4p"	"x 4F*"	"3/2"	"3d6.(3H).4d"	"2F"	"5/2"		"T6892c83"	"L18349c142"	
"265.9062"	"0.0005"	"265.905593"	"0.000014"	"170d,bl(Fe II)?*"	"1.8e+06"	"1.9e-03"	"-1.71"	D+	"66012.775"	"103608.921"	"3d6.(3G).4p"	"x 4F*"	"9/2"	"3d6.(3G).5s"	"e 2G"	"9/2"		"T6892c83"	"L18349c143"	
"265.9062"	"0.0005"	"265.906372"	"0.000012"	"170d,bl(Fe II)?*"	"2.5e+05"	"2.6e-04"	"-2.6"	E	"26352.7671"	"63948.803"	"3d6.(3H).4s"	"b 2H"	"9/2"	"3d6.(3F2).4p"	"y 4G*"	"9/2"		"T6892c83"	"L18349c143"	
"265.90899"	"0.00015"	"265.909130"	"0.000016"	"330"	"5.6e+06"	"4.5e-03"	"-1.45"	D+	"73016.184"	"110611.830"	"3d6.(1G2).4p"	"x 2F*"	"7/2"	"3d6.(3G).4d"	"2F"	"5/2"		"T6892c83"	"L18349c139"	
"265.9664"	"0.0005"	"265.965678"	"0.000012"	"170d"	"1.3e+06"	"1.6e-03"	"-1.79"	D+	"66012.775"	"103600.428"	"3d6.(3G).4p"	"x 4F*"	"9/2"	"3d6.(3H).4d"	"4G"	"11/2"		"T6892c83"	"L18349c143"	
"265.9832"	"0.0005"	"265.982648"	"0.000012"	"160d,bl(Fe II)*"	"7.e+05"	"6.e-04"	"-2.1"	D	"65580.065"	"103165.320"	"3d6.(3G).4p"	"x 4G*"	"11/2"	"3d6.(3P2).4d"	"4F"	"9/2"		"T6892c83"	"L18349c143"	
"265.9832"	"0.0005"	"265.982733"	"0.000014"	"160d,bl(Fe II)*"	"6.6e+06"	"8.e-03"	"-1.08"	D+	"66589.042"	"104174.285"	"3d6.(3G).4p"	"y 4H*"	"9/2"	"3d6.(3H).4d"	"4I"	"11/2"		"T6892c83"	"L18349c143"	
"266.02349"	"0.00003"	"266.023646"	"0.000012"	"5000"	"3.2e+07"	"2.7e-02"	"-0.56"	D+	"60989.444"	"98568.907"	"3d6.(3H).4p"	"z 4H*"	"9/2"	"3d6.(3H).5s"	"e 4H"	"7/2"		"T6892c83"	"L18349c145"	
"266.0726"	"0.0005"	"266.073699"	"0.000012"	"160d?"	"3.2e+06"	"2.3e-03"	"-1.9"	D	"67000.530"	"104572.924"	"3d6.(3F2).4p"	"y 2D*"	"5/2"	"3d6.(3P2).4d"	"4F"	"3/2"		"T6892c83"	"L18349c143"	
"266.10022"	"0.00017"	"266.099891"	"0.000014"	"500"	"2.8e+06"	"3.0e-03"	"-1.75"	D+	"67000.530"	"104569.226"	"3d6.(3F2).4p"	"y 2D*"	"5/2"	"3d6.(3P2).4d"	"4F"	"5/2"		"T6892c83"	"L18349c139"	
"266.17705"	"0.00003"	"266.177066"	"0.000012"	"6000"	"4.0e+07"	"3.5e-02"	"-0.37"	C+	"60887.606"	"98445.410"	"3d6.(3H).4p"	"z 4H*"	"11/2"	"3d6.(3H).5s"	"e 4H"	"9/2"		"T6892c83"	"L18349c139"	
"266.18340"	"0.00008"	"266.183353"	"0.000021"	"500"	"1.9e+07"	"2.0e-02"	"-0.91"	D+	"73054.913"	"110611.830"	"3d6.(1G2).4p"	"x 2F*"	"5/2"	"3d6.(3G).4d"	"2F"	"5/2"		"T6892c83"	"L18349c139"	
"266.19363"	"0.00019"	"266.193553"	"0.000016"	"700"	"2.8e+07"	"2.9e-02"	"-1.23"	D+	"66248.647"	"103804.125"	"3d6.(3P2).4p"	"z 2S*"	"1/2"	"3d6.(3P2).4d"	"4D"	"1/2"		"T6892c83"	"L18349c139"	
"266.20328"	"0.00006"	"266.203123"	"0.000016"	"600"	"1.2e+07"	"1.3e-02"	"-1.00"	D+	"73016.184"	"110570.312"	"3d6.(1G2).4p"	"x 2F*"	"7/2"	"3d6.(3G).4d"	"2F"	"7/2"		"T6892c83"	"L18349c139"	
"266.25565"	"0.00003"	"266.255676"	"0.000012"	"12000"	"1.3e+08"	"1.4e-01"	"-0.55"	D+	"47626.110"	"85172.826"	"3d6.(5D).4p"	"z 4P*"	"1/2"	"3d6.(5D).4d"	"f 4D"	"1/2"		"T6892c83"	"L18349c139"	
"266.32257"	"0.00017"	"266.322596"	"0.000013"	"500"	"8.e+06"	"6.4e-03"	"-1.29"	D+	"66672.336"	"104209.618"	"3d6.(3G).4p"	"y 4H*"	"7/2"	"3d6.(3H).4d"	"2F"	"5/2"		"T6892c83"	"L18349c139"	
"266.32601"	"0.00005"	"266.326009"	"0.000012"	"3200"	"3.6e+07"	"5.1e-02"	"-0.51"	D+	"62151.554"	"99688.355"	"3d6.(3F2).4p"	"y 4F*"	"5/2"	"3d6.(3F2).5s"	"f 4F"	"7/2"		"T6892c83"	"L18349c139"	
"266.37269"	"0.00016"	"266.372649"	"0.000012"	"1000"	"1.1e+07"	"9.e-03"	"-1.05"	D+	"62158.126"	"99688.355"	"3d6.(3F2).4p"	"y 4F*"	"9/2"	"3d6.(3F2).5s"	"f 4F"	"7/2"		"T6892c83"	"L18349c139"	
"266.41999"	"0.00007"	"266.420008"	"0.000014"	"3300"	"1.3e+06"	"1.6e-03"	"-1.79"	D+	"26352.7671"	"63876.325"	"3d6.(3H).4s"	"b 2H"	"9/2"	"3d6.(3F2).4p"	"y 4G*"	"11/2"		"T6892c83"	"L18349c139"	
"266.42591"	"0.00004"	"266.425916"	"0.000021"	"8000"	"9.9e+07"	"1.32e-01"	"0.02"	C+	"54904.241"	"92426.967"	"3d6.(3F1).4s"	"d 2F"	"7/2"	"3d5.(4G).4s.4p.(3P*)"	"v 4F*"	"9/2"		"T6892c83"	"L18349c139"	
"266.4448"	"0.0005"	"266.444201"	"0.000014"	"160d?"	"8.e+06"	"1.0e-02"	"-1.08"	D+	"66672.336"	"104192.487"	"3d6.(3G).4p"	"y 4H*"	"7/2"	"3d6.(3H).4d"	"4I"	"9/2"		"T6892c83"	"L18349c143"	
"266.466347"	"0.000013"	"266.466349"	"0.000012"	"190000"	"1.91e+08"	"2.54e-01"	"0.31"	B+	"27314.9183"	"64831.951"	"3d6.(3F2).4s"	"a 2F"	"7/2"	"3d6.(3F2).4p"	"y 2G*"	"9/2"		"T6892c83"	"L18349c139"	
"266.5155"	"0.0005"	"266.514606"	"0.000012"	"130d"	"4.7e+05"	"5.e-04"	"-2.2"	D	"66463.542"	"103973.782"	"3d6.(3G).4p"	"y 4H*"	"11/2"	"3d6.(3H).4d"	"4K"	"11/2"		"T6892c83"	"L18349c142"	
"266.53245"	"0.00007"	"266.532541"	"0.000012"	"1800"	"1.2e+07"	"1.6e-02"	"-0.88"	D+	"62065.528"	"99573.244"	"3d6.(3F2).4p"	"y 4F*"	"7/2"	"3d6.(3F2).5s"	"f 4F"	"9/2"		"T6892c83"	"L18349c139"	
"266.5411"	"0.0002"	"266.540984"	"0.000012"	"500"	"2.0e+06"	"2.1e-03"	"-1.9"	D	"67000.530"	"104507.058"	"3d6.(3F2).4p"	"y 2D*"	"5/2"	"3d6.(3H).4d"	"4F"	"5/2"		"T6892c83"	"L18349c139"	
"266.554052"	"0.000014"	"266.554047"	"0.000013"	"17000"	"8.6e+07"	"1.07e-01"	"0.11"	B+	"60625.446"	"98130.136"	"3d6.(3H).4p"	"z 4G*"	"11/2"	"3d6.(3H).5s"	"e 4H"	"13/2"		"T6892c83"	"L18349c139"	
"266.6101"	"0.0005"	"266.609100"	"0.000012"	"130?"	"1.2e+06"	"1.5e-03"	"-1.9"	D	"66377.315"	"103874.261"	"3d6.(3G).4p"	"x 4F*"	"7/2"	"3d6.(3H).4d"	"4H"	"9/2"		"T6892c83"	"L18349c142"	
"266.663566"	"0.000013"	"266.663566"	"0.000012"	"180000"	"1.87e+08"	"2.65e-01"	"0.20"	B+	"27620.4033"	"65109.691"	"3d6.(3F2).4s"	"a 2F"	"5/2"	"3d6.(3F2).4p"	"y 2G*"	"7/2"		"T6892c83"	"L18349c139"	
"266.66826"	"0.00002"	"266.668252"	"0.000012"	"8000"	"5.2e+07"	"6.9e-02"	"-0.26"	C+	"60956.781"	"98445.410"	"3d6.(3H).4p"	"z 4G*"	"7/2"	"3d6.(3H).5s"	"e 4H"	"9/2"		"T6892c83"	"L18349c139"	
"266.67509"	"0.00002"	"266.675074"	"0.000012"	"9000"	"5.9e+07"	"7.6e-02"	"-0.12"	C+	"60807.239"	"98294.909"	"3d6.(3H).4p"	"z 4G*"	"9/2"	"3d6.(3H).5s"	"e 4H"	"11/2"		"T6892c83"	"L18349c139"	
"266.69122"	"0.00013"	"266.691228"	"0.000012"	"2900"	"1.7e+06"	"2.7e-03"	"-2.0"	D	"25787.5816"	"63272.981"	"3d6.(3P2).4s"	"b 2P"	"3/2"	"3d6.(3F2).4p"	"x 4D*"	"5/2"		"T6892c83"	"L18349c139"	
"266.70602"	"0.00007"	"266.706095"	"0.000014"	"1200"	"1.8e+07"	"1.0e-02"	"-1.42"	D+	"67273.833"	"104757.143"	"3d6.(3F2).4p"	"y 2D*"	"3/2"	"3d6.(5D).5d"	"6D"	"1/2"		"T6892c83"	"L18349c139"	
"266.721828"	"0.000017"	"266.721807"	"0.000011"	"23000"	"1.02e+08"	"1.63e-01"	"-0.18"	C+	"47389.809"	"84870.911"	"3d6.(5D).4p"	"z 4P*"	"3/2"	"3d6.(5D).4d"	"f 4D"	"5/2"		"T6892c83"	"L18349c148"	
"266.73895"	"0.00011"	"266.739031"	"0.000021"	"400"	"3.0e+06"	"2.5e-03"	"-1.60"	D+	"73091.630"	"110570.312"	"3d6.(1G2).4p"	"w 2G*"	"9/2"	"3d6.(3G).4d"	"2F"	"7/2"		"T6892c83"	"L18349c139"	
"266.7521"	"0.0005"	"266.752113"	"0.000012"	"190d,bl(Fe I)?"	"2.6e+06"	"2.8e-03"	"-1.78"	D+	"63272.981"	"100749.825"	"3d6.(3F2).4p"	"x 4D*"	"5/2"	"3d6.(3F2).5s"	"e 2F"	"5/2"		"T6892c83"	"L18349c143"	
"266.76163"	"0.00007"	"266.761673"	"0.000012"	"2000"	"2.3e+07"	"3.2e-02"	"-0.71"	D+	"61093.406"	"98568.907"	"3d6.(3P2).4p"	"z 2D*"	"5/2"	"3d6.(3H).5s"	"e 4H"	"7/2"		"T6892c83"	"L18349c139"	
"266.82476"	"0.00016"	"266.824639"	"0.000012"	"500"	"6.5e+06"	"8.e-03"	"-0.96"	D+	"66411.712"	"103878.370"	"3d6.(3G).4p"	"y 4H*"	"13/2"	"3d6.(3H).4d"	"4I"	"15/2"		"T6892c83"	"L18349c139"	
"266.85328"	"0.00009"	"266.853337"	"0.000015"	"1100"	"5.4e+07"	"2.9e-02"	"-0.94"	D+	"67273.833"	"104736.462"	"3d6.(3F2).4p"	"y 2D*"	"3/2"	"3d6.(3P2).4d"	"2P"	"1/2"		"T6892c83"	"L18349c139"	
"266.86203"	"0.00011"	"266.862184"	"0.000014"	"1000"	"9.e+06"	"8.e-03"	"-1.03"	D+	"65363.607"	"102824.994"	"3d6.(3H).4p"	"z 2H*"	"11/2"	"3d6.(3G).5s"	"f 4G"	"9/2"		"T6892c83"	"L18349c139"	
"266.89092"	"0.00002"	"266.890955"	"0.000012"	"9000bl(Fe I)"	"4.0e+07"	"3.7e-02"	"-0.29"	C+	"60837.560"	"98294.909"	"3d6.(3H).4p"	"z 4H*"	"13/2"	"3d6.(3H).5s"	"e 4H"	"11/2"		"T6892c83"	"L18349c148"	
"266.900793"	"0.000016"	"266.900810"	"0.000012"	"12000"	"8.3e+07"	"8.8e-02"	"-0.05"	C+	"60989.444"	"98445.410"	"3d6.(3H).4p"	"z 4H*"	"9/2"	"3d6.(3H).5s"	"e 4H"	"9/2"		"T6892c83"	"L18349c139"	
"266.99331"	"0.00013"	"266.99362"	"0.00006"	"2500"	"5.2e+07"	"1.1e-01"	"-0.65"	D+	"49100.956"	"86543.902"	"3d6.(3P1).4s"	"c 4P"	"1/2"	"3d6.(3P1).4p"	"v 4D*"	"3/2"		"T6892c83"	"L18349c148"	
"267.03844"	"0.00009"	"267.038315"	"0.000022"	"2500"	"6.0e+06"	"9.e-03"	"-1.29"	D+	"38164.220"	"75600.900"	"3d6.(1D2).4s"	"c 2D"	"5/2"	"3d6.(3D).4p"	"w 2F*"	"7/2"		"T6892c83"	"L18349c139"	
"267.1033"	"0.0005"	"267.102967"	"0.000015"	"500"	"2.3e+06"	"3.7e-03"	"-1.8"	D	"54902.286"	"92329.905"	"3d6.(3P1).4s"	"c 2P"	"3/2"	"3d5.(4G).4s.4p.(3P*)"	"v 4F*"	"5/2"		"T6892c83"	"L18349c142"	
"267.1074"	"0.0005"	"267.107628"	"0.000022"	"110d?"	"4.4e+06"	"4.7e-03"	"-1.42"	D+	"73143.346"	"110570.312"	"3d6.(1G2).4p"	"w 2G*"	"7/2"	"3d6.(3G).4d"	"2F"	"7/2"		"T6892c83"	"L18349c143"	
"267.1171"	"0.0005"	"267.116921"	"0.000022"	"310d?"	"7.e+05"	"5.e-04"	"-2.4"	D	"54904.241"	"92329.905"	"3d6.(3F1).4s"	"d 2F"	"7/2"	"3d5.(4G).4s.4p.(3P*)"	"v 4F*"	"5/2"		"T6892c83"	"L18349c143"	
"267.13918"	"0.00003"	"267.139185"	"0.000012"	"12000"	"6.5e+07"	"1.4e-01"	"-0.56"	D+	"47626.110"	"85048.655"	"3d6.(5D).4p"	"z 4P*"	"1/2"	"3d6.(5D).4d"	"f 4D"	"3/2"		"T6892c83"	"L18349c139"	
"267.19221"	"0.00002"	"267.192216"	"0.000012"	"7000"	"8.8e+07"	"9.4e-02"	"-0.03"	C+	"62158.126"	"99573.244"	"3d6.(3F2).4p"	"y 4F*"	"9/2"	"3d6.(3F2).5s"	"f 4F"	"9/2"		"T6892c83"	"L18349c139"	
"267.20119"	"0.00012"	"267.201257"	"0.000016"	"400"	"5.1e+06"	"4.1e-03"	"-1.49"	D+	"72651.914"	"110065.766"	"3d6.(3D).4p"	"w 4D*"	"7/2"	"3d6.(3G).4d"	"2D"	"5/2"		"T6892c83"	"L18349c139"	
"267.213920"	"0.000018"	"267.213914"	"0.000012"	"11000"	"9.1e+07"	"9.7e-02"	"-0.11"	C+	"61156.827"	"98568.907"	"3d6.(3H).4p"	"z 4H*"	"7/2"	"3d6.(3H).5s"	"e 4H"	"7/2"		"T6892c83"	"L18349c139"	
"267.2234"	"0.0002"	"267.223636"	"0.000012"	"400"	"2.0e+06"	"1.8e-03"	"-1.68"	D+	"66463.542"	"103874.261"	"3d6.(3G).4p"	"y 4H*"	"11/2"	"3d6.(3H).4d"	"4H"	"9/2"		"T6892c83"	"L18349c139"	
"267.248047"	"0.000014"	"267.248040"	"0.000012"	"18000"	"9.2e+07"	"9.9e-02"	"0.08"	C+	"60887.606"	"98294.909"	"3d6.(3H).4p"	"z 4H*"	"11/2"	"3d6.(3H).5s"	"e 4H"	"11/2"		"T6892c83"	"L18349c139"	
"267.25477"	"0.00003"	"267.254784"	"0.000022"	"1300"	"6.7e+07"	"4.8e-02"	"-0.54"	D+	"73054.913"	"110461.272"	"3d6.(1G2).4p"	"x 2F*"	"5/2"	"3d6.(3G).4d"	"2D"	"3/2"		"T6892c83"	"L18349c139"	
"267.29845"	"0.00018"	"267.298626"	"0.000012"	"500"	"4.1e+06"	"3.7e-03"	"-1.35"	D+	"67516.328"	"104916.552"	"3d6.(3G).4p"	"y 2H*"	"11/2"	"3d6.(3F2).4d"	"4F"	"9/2"		"T6892c83"	"L18349c139"	
"267.3423"	"0.0005"	"267.342926"	"0.000012"	"130d?"	"1.0e+06"	"1.3e-03"	"-2.0"	D	"66377.315"	"103771.342"	"3d6.(3G).4p"	"x 4F*"	"7/2"	"3d6.(3H).4d"	"4G"	"9/2"		"T6892c83"	"L18349c142"	
"267.3925"	"0.0005"	"267.39137"	"0.00014"	"270d?"	"1.9e+06"	"1.0e-03"	"-2.4"	D	"57493.333"	"94880.585"	"3d5.4s2"	"d 4P"	"3/2"	"3d5.(4P).4s.4p.(3P*)"	"4P*"	"1/2"		"T6892c83"	"L18349c143"	
"267.4093"	"0.0005"	"267.409342"	"0.000012"	"130d?"	"1.8e+06"	"2.4e-03"	"-1.63"	D+	"66589.042"	"103973.782"	"3d6.(3G).4p"	"y 4H*"	"9/2"	"3d6.(3H).4d"	"4K"	"11/2"		"T6892c83"	"L18349c142"	
"267.45578"	"0.00015"	"267.455926"	"0.000021"	"2600"	"1.1e+06"	"1.2e-03"	"-2.0"	D	"54904.241"	"92282.470"	"3d6.(3F1).4s"	"d 2F"	"7/2"	"3d5.(4G).4s.4p.(3P*)"	"v 4F*"	"7/2"		"T6892c83"	"L18349c139"	
"267.5021"	"0.0005"	"267.501673"	"0.000016"	"310"	"1.5e+06"	"2.5e-03"	"-2.0"	D	"54902.286"	"92274.123"	"3d6.(3P1).4s"	"c 2P"	"3/2"	"3d6.(3P1).4p"	"4P*"	"5/2"		"T6892c83"	"L18349c142"	
"267.51231"	"0.00009"	"267.512275"	"0.000014"	"1100"	"2.5e+07"	"2.0e-02"	"-0.80"	D+	"66672.336"	"104042.692"	"3d6.(3G).4p"	"y 4H*"	"7/2"	"3d6.(3H).4d"	"4G"	"5/2"		"T6892c83"	"L18349c139"	
"267.54406"	"0.00007"	"267.544107"	"0.000012"	"1900"	"2.0e+07"	"2.1e-02"	"-0.77"	D+	"62322.445"	"99688.355"	"3d6.(3H).4p"	"z 2G*"	"7/2"	"3d6.(3F2).5s"	"f 4F"	"7/2"		"T6892c83"	"L18349c148"	
"267.64233"	"0.00008"	"267.642357"	"0.000013"	"1100"	"3.9e+06"	"3.5e-03"	"-1.38"	D+	"67516.328"	"104868.522"	"3d6.(3G).4p"	"y 2H*"	"11/2"	"3d6.(5D).5d"	"6G"	"9/2"		"T6892c83"	"L18349c139"	
"267.68793"	"0.00012"	"267.687824"	"0.000022"	"3000"	"8.6e+07"	"6.2e-02"	"-0.43"	C	"54870.541"	"92216.391"	"3d6.(3F1).4s"	"d 2F"	"5/2"	"3d6.(3P1).4p"	"u 2D*"	"3/2"		"T6892c83"	"L18349c139"	
"267.7072"	"0.0005"	"267.707044"	"0.000015"	"170d?"	"3.7e+06"	"3.2e-03"	"-1.50"	D+	"65696.053"	"103039.222"	"3d6.(3G).4p"	"x 4G*"	"9/2"	"3d6.(3G).5s"	"f 4G"	"7/2"		"T6892c83"	"L18349c143"	
"267.78287"	"0.00008"	"267.782873"	"0.000014"	"1200"	"2.1e+07"	"1.8e-02"	"-0.74"	D+	"66589.042"	"103921.637"	"3d6.(3G).4p"	"y 4H*"	"9/2"	"3d6.(3H).4d"	"4G"	"7/2"		"T6892c83"	"L18349c139"	
"267.88861"	"0.00008"	"267.888513"	"0.000012"	"1100"	"4.2e+06"	"5.6e-03"	"-1.35"	D+	"69606.567"	"106924.441"	"3d6.(3G).4p"	"y 2F*"	"7/2"	"3d6.(3F2).4d"	"2G"	"9/2"		"T6892c83"	"L18349c139"	
"267.9163"	"0.0002"	"267.916313"	"0.000013"	"600"	"1.8e+07"	"2.0e-02"	"-0.80"	D+	"66672.336"	"103986.338"	"3d6.(3G).4p"	"y 4H*"	"7/2"	"3d6.(3H).4d"	"4H"	"7/2"		"T6892c83"	"L18349c139"	
"267.96086"	"0.00006"	"267.960853"	"0.000012"	"1700"	"2.6e+07"	"2.3e-02"	"-0.56"	D+	"66463.542"	"103771.342"	"3d6.(3G).4p"	"y 4H*"	"11/2"	"3d6.(3H).4d"	"4G"	"9/2"		"T6892c83"	"L18349c139"	
"267.97763"	"0.00007"	"267.977626"	"0.000012"	"2500"	"1.4e+07"	"1.8e-02"	"-0.74"	D+	"60989.444"	"98294.909"	"3d6.(3H).4p"	"z 4H*"	"9/2"	"3d6.(3H).5s"	"e 4H"	"11/2"		"T6892c83"	"L18349c139"	
"268.02322"	"0.00010"	"268.023223"	"0.000011"	"4000"	"1.10e+07"	"1.58e-02"	"-1.022"	C	"46967.4751"	"84266.594"	"3d6.(5D).4p"	"z 4P*"	"5/2"	"3d6.(5D).4d"	"6P"	"7/2"		"T7186"	"L18349c139"	
"268.0617"	"0.0005"	"268.061408"	"0.000013"	"140d?"	"1.3e+06"	"1.4e-03"	"-2.0"	D	"69606.567"	"106900.373"	"3d6.(3G).4p"	"y 2F*"	"7/2"	"3d6.(3F2).4d"	"2G"	"7/2"		"T6892c83"	"L18349c143"	
"268.070259"	"0.000013"	"268.070249"	"0.000012"	"24000"	"9.3e+07"	"1.00e-01"	"0.15"	B+	"60837.560"	"98130.136"	"3d6.(3H).4p"	"z 4H*"	"13/2"	"3d6.(3H).5s"	"e 4H"	"13/2"		"T6892c83"	"L18349c139"	
"268.0803"	"0.0005"	"268.079164"	"0.000012"	"900d?"	"8.e+05"	"7.e-04"	"-2.3"	D	"25981.6451"	"63272.981"	"3d6.(3G).4s"	"a 4G"	"7/2"	"3d6.(3F2).4p"	"x 4D*"	"5/2"		"T6892c83"	"L18349c143"	
"268.08239"	"0.00005"	"268.082392"	"0.000013"	"2200"	"3.6e+07"	"3.3e-02"	"-0.41"	C+	"67516.328"	"104807.215"	"3d6.(3G).4p"	"y 2H*"	"11/2"	"3d6.(3H).4d"	"2G"	"9/2"		"T6892c83"	"L18349c139"	
"268.0870"	"0.0005"	"268.087122"	"0.000013"	"150d?"	"2.1e+06"	"1.8e-03"	"-1.74"	D+	"68000.785"	"105291.014"	"3d6.(3G).4p"	"y 2H*"	"9/2"	"3d6.(3F2).4d"	"4G"	"7/2"		"T6892c83"	"L18349c143"	
"268.09898"	"0.00006"	"268.098957"	"0.000012"	"2400"	"1.2e+07"	"1.7e-02"	"-0.87"	D+	"61156.827"	"98445.410"	"3d6.(3H).4p"	"z 4H*"	"7/2"	"3d6.(3H).5s"	"e 4H"	"9/2"		"T6892c83"	"L18349c139"	
"268.10233"	"0.00009"	"268.102214"	"0.000013"	"1000"	"2.0e+07"	"2.1e-02"	"-0.60"	D+	"66463.542"	"103751.672"	"3d6.(3G).4p"	"y 4H*"	"11/2"	"3d6.(3H).4d"	"4H"	"11/2"		"T6892c83"	"L18349c139"	
"268.10437"	"0.00010"	"268.10437"	"0.00010"	"2600"	"1.1e+08"	"1.2e-01"	"-0.63"	D+	"49100.956"	"86388.786"	"3d6.(3P1).4s"	"c 4P"	"1/2"	"3d6.(3P1).4p"	"v 4D*"	"1/2"		"T6892c83"	"L18349c139"	
"268.12309"	"0.00016"	"268.123147"	"0.000012"	"700"	"2.0e+07"	"2.1e-02"	"-0.68"	D+	"66589.042"	"103874.261"	"3d6.(3G).4p"	"y 4H*"	"9/2"	"3d6.(3H).4d"	"4H"	"9/2"		"T6892c83"	"L18349c139"	
"268.2039"	"0.0005"	"268.20418"	"0.00003"	"110d,bl(Fe II)?*"	"2.4e+06"	"5.e-03"	"-2.0"	D	"73187.318"	"110461.272"	"3d6.(3D).4p"	"y 2P*"	"1/2"	"3d6.(3G).4d"	"2D"	"3/2"		"T6892c83"	"L18349c143"	
"268.2408"	"0.0005"	"268.241831"	"0.000015"	"170d?"	"3.7e+05"	"4.0e-04"	"-2.4"	D	"65556.271"	"102824.994"	"3d6.(3H).4p"	"z 2H*"	"9/2"	"3d6.(3G).5s"	"f 4G"	"9/2"		"T6892c83"	"L18349c143"	
"268.25100"	"0.00005"	"268.251002"	"0.000022"	"7000"	"9.2e+07"	"1.24e-01"	"-0.00"	C+	"54904.241"	"92171.690"	"3d6.(3F1).4s"	"d 2F"	"7/2"	"3d6.(3F1).4p"	"u 2G*"	"9/2"		"T6892c83"	"L18349c139"	
"268.29957"	"0.00008"	"268.29965"	"0.00003"	"4000"	"7.3e+07"	"1.18e-01"	"-0.33"	C+	"49506.922"	"86767.614"	"3d6.(3P1).4s"	"c 4P"	"3/2"	"3d6.(3P1).4p"	"v 4D*"	"5/2"		"T6892c83"	"L18349c139"	
"268.30330"	"0.00018"	"268.303172"	"0.000012"	"500"	"3.8e+06"	"3.1e-03"	"-1.61"	D+	"69606.567"	"106866.770"	"3d6.(3G).4p"	"y 2F*"	"7/2"	"3d6.(3F2).4d"	"4F"	"5/2"		"T6892c83"	"L18349c139"	
"268.3083"	"0.0003"	"268.30821"	"0.00003"	"250"	"9.e+06"	"1.2e-02"	"-0.91"	D+	"72130.375"	"109389.879"	"3d6.(1G2).4p"	"x 2H*"	"9/2"	"3d6.(3G).4d"	"2I"	"11/2"		"T6892c83"	"L18349c139"	
"268.37087"	"0.00007"	"268.370909"	"0.000013"	"2000"	"1.9e+07"	"2.5e-02"	"-0.70"	D+	"62322.445"	"99573.244"	"3d6.(3H).4p"	"z 2G*"	"7/2"	"3d6.(3F2).5s"	"f 4F"	"9/2"		"T6892c83"	"L18349c139"	
"268.37744"	"0.00009"	"268.377444"	"0.000014"	"1000bl(Fe II)*"	"3.2e+06"	"4.6e-03"	"-1.56"	D+	"69650.481"	"106900.373"	"3d6.(3G).4p"	"y 2F*"	"5/2"	"3d6.(3F2).4d"	"2G"	"7/2"		"T6892c83"	"L18349c148"	
"268.4305"	"0.0003"	"268.430499"	"0.000012"	"800"	"1.9e+06"	"2.4e-03"	"-1.54"	D+	"60887.606"	"98130.136"	"3d6.(3H).4p"	"z 4H*"	"11/2"	"3d6.(3H).5s"	"e 4H"	"13/2"		"T6892c83"	"L18349c139"	
"268.44279"	"0.00012"	"268.442861"	"0.000017"	"600"	"8.e+06"	"6.2e-03"	"-1.31"	D+	"65931.358"	"103172.173"	"3d6.(3G).4p"	"x 4G*"	"7/2"	"3d6.(3G).5s"	"f 4G"	"5/2"		"T6892c83"	"L18349c139"	
"268.475325"	"0.000013"	"268.475331"	"0.000012"	"150000"	"1.57e+08"	"2.12e-01"	"0.23"	B+	"30764.4737"	"68000.785"	"3d6.(3G).4s"	"b 2G"	"7/2"	"3d6.(3G).4p"	"y 2H*"	"9/2"		"T6892c83"	"L18349c139"	
"268.4960"	"0.0002"	"268.495872"	"0.000013"	"1800"	"6.4e+05"	"6.9e-04"	"-2.084"	C	"25428.7893"	"62662.252"	"3d6.(3G).4s"	"a 4G"	"11/2"	"3d6.(3H).4p"	"z 2I*"	"11/2"		"T7158"	"L18349c139"	
"268.5535"	"0.0002"	"268.553236"	"0.000012"	"600"	"3.5e+06"	"3.0e-03"	"-1.52"	D+	"66589.042"	"103814.552"	"3d6.(3G).4p"	"y 4H*"	"9/2"	"3d6.(5D).5d"	"4F"	"7/2"		"T6892c83"	"L18349c139"	
"268.5828"	"0.0005"	"268.583057"	"0.000013"	"170d?"	"3.2e+06"	"3.5e-03"	"-1.38"	D+	"65363.607"	"102584.984"	"3d6.(3H).4p"	"z 2H*"	"11/2"	"3d6.(3G).5s"	"f 4G"	"11/2"		"T6892c83"	"L18349c143"	
"268.59637"	"0.00012"	"268.596343"	"0.000013"	"600"	"1.9e+06"	"1.7e-03"	"-1.68"	D+	"66463.542"	"103683.078"	"3d6.(3G).4p"	"y 4H*"	"11/2"	"3d6.(5D).5d"	"4F"	"9/2"		"T6892c83"	"L18349c139"	
"268.61058"	"0.00009"	"268.610539"	"0.000012"	"2700"	"9.e+05"	"1.0e-03"	"-2.2"	D	"26055.4120"	"63272.981"	"3d6.(3G).4s"	"a 4G"	"5/2"	"3d6.(3F2).4p"	"x 4D*"	"5/2"		"T6892c83"	"L18349c139"	
"268.621698"	"0.000017"	"268.621706"	"0.000016"	"5000"	"1.33e+08"	"1.26e-01"	"0.30"	B+	"71432.690"	"108648.712"	"3d6.(1I).4p"	"z 2K*"	"15/2"	"3d6.(1I).5s"	"2I"	"13/2"		"T6892c83"	"L18349c139"	
"268.63876"	"0.00013"	"268.638715"	"0.000013"	"2300"	"1.6e+06"	"1.2e-03"	"-2.2"	D	"27620.4033"	"64834.069"	"3d6.(3F2).4s"	"a 2F"	"5/2"	"3d6.(3P2).4p"	"z 2P*"	"3/2"		"T6892c83"	"L18349c139"	
"268.64858"	"0.00015"	"268.64866"	"0.00005"	"1800"	"2.4e+07"	"3.2e-02"	"-0.59"	D+	"54904.241"	"92116.529"	"3d6.(3F1).4s"	"d 2F"	"7/2"	"3d5.(4G).4s.4p.(3P*)"	"x 4H*"	"9/2"		"T6892c83"	"L18349c139"	
"268.69510"	"0.00011"	"268.695042"	"0.000012"	"1000"	"2.1e+07"	"2.3e-02"	"-0.50"	D+	"66411.712"	"103617.577"	"3d6.(3G).4p"	"y 4H*"	"13/2"	"3d6.(3H).4d"	"4H"	"13/2"		"T6892c83"	"L18349c139"	
"268.76506"	"0.00014"	"268.765095"	"0.000015"	"700"	"5.8e+06"	"4.2e-03"	"-1.60"	D+	"69650.481"	"106846.649"	"3d6.(3G).4p"	"y 2F*"	"5/2"	"3d6.(5D).5d"	"4F"	"3/2"		"T6892c83"	"L18349c139"	
"268.7994"	"0.0005"	"268.799076"	"0.000015"	"130"	"2.6e+06"	"1.4e-03"	"-2.2"	D	"66612.659"	"103804.125"	"3d6.(3G).4p"	"x 4F*"	"3/2"	"3d6.(3P2).4d"	"4D"	"1/2"		"T6892c83"	"L18349c142"	
"268.81896"	"0.00008"	"268.818954"	"0.000012"	"1400"	"3.1e+07"	"2.9e-02"	"-0.40"	C+	"66411.712"	"103600.428"	"3d6.(3G).4p"	"y 4H*"	"13/2"	"3d6.(3H).4d"	"4G"	"11/2"		"T6892c83"	"L18349c139"	
"269.0219"	"0.0005"	"269.021928"	"0.000012"	"140d,bl(Fe II)?*"	"1.1e+06"	"1.1e-03"	"-2.0"	D	"69606.567"	"106767.226"	"3d6.(3G).4p"	"y 2F*"	"7/2"	"3d6.(3F2).4d"	"4F"	"7/2"		"T6892c83"	"L18349c143"	
"269.17363"	"0.00005"	"269.173623"	"0.000013"	"8000"	"5.0e+06"	"4.4e-03"	"-1.36"	C+	"25805.3270"	"62945.045"	"3d6.(3G).4s"	"a 4G"	"9/2"	"3d6.(3F2).4p"	"x 4D*"	"7/2"		"T7461"	"L18349c139"	
"269.2141"	"0.0005"	"269.213791"	"0.000013"	"200d?"	"6.3e+06"	"6.9e-03"	"-1.38"	D+	"62689.874"	"99824.051"	"3d6.(3P2).4p"	"y 4D*"	"5/2"	"3d6.(3F2).5s"	"f 4F"	"5/2"		"T6892c83"	"L18349c143"	
"269.25175"	"0.00004"	"269.251758"	"0.000013"	"2600"	"4.5e+07"	"4.9e-02"	"-0.31"	C+	"65696.053"	"102824.994"	"3d6.(3G).4p"	"x 4G*"	"9/2"	"3d6.(3G).5s"	"f 4G"	"9/2"		"T6892c83"	"L18349c139"	
"269.260157"	"0.000013"	"269.260157"	"0.000013"	"170000"	"1.40e+08"	"1.83e-01"	"0.26"	B+	"30388.5451"	"67516.328"	"3d6.(3G).4s"	"b 2G"	"9/2"	"3d6.(3G).4p"	"y 2H*"	"11/2"		"T6892c83"	"L18349c139"	
"269.28337"	"0.00004"	"269.283364"	"0.000013"	"9000"	"1.64e+06"	"1.34e-03"	"-1.97"	C+	"7955.3186"	"45079.9019"	"3d6.(5D).4s"	"a 4D"	"7/2"	"3d6.(5D).4p"	"z 4F*"	"5/2"		"T6610"	"L18349c139"	
"269.30046"	"0.00005"	"269.300509"	"0.000013"	"1800"	"2.5e+07"	"2.1e-02"	"-0.67"	D+	"68000.785"	"105123.005"	"3d6.(3G).4p"	"y 2H*"	"9/2"	"3d6.(3H).4d"	"2G"	"7/2"		"T6892c83"	"L18349c139"	
"269.34029"	"0.00011"	"269.340235"	"0.000013"	"700"	"5.8e+06"	"8.e-03"	"-1.30"	D+	"69650.481"	"106767.226"	"3d6.(3G).4p"	"y 2F*"	"5/2"	"3d6.(3F2).4d"	"4F"	"7/2"		"T6892c83"	"L18349c139"	
"269.3482"	"0.0005"	"269.348399"	"0.000013"	"140"	"3.2e+06"	"4.3e-03"	"-1.46"	D+	"69606.567"	"106722.187"	"3d6.(3G).4p"	"y 2F*"	"7/2"	"3d6.(3H).4d"	"4F"	"9/2"		"T6892c83"	"L18349c143"	
"269.38559"	"0.00004"	"269.385659"	"0.000013"	"7000"	"4.2e+06"	"3.5e-03"	"-1.56"	D+	"27314.9183"	"64425.405"	"3d6.(3F2).4s"	"a 2F"	"7/2"	"3d6.(3F2).4p"	"z 2F*"	"5/2"		"T6892c83"	"L18349c139"	
"269.40467"	"0.00004"	"269.404699"	"0.000015"	"2800"	"7.1e+07"	"7.7e-02"	"-0.21"	C+	"65931.358"	"103039.222"	"3d6.(3G).4p"	"x 4G*"	"7/2"	"3d6.(3G).5s"	"f 4G"	"7/2"		"T6892c83"	"L18349c139"	
"269.41835"	"0.00010"	"269.418379"	"0.000013"	"1400"	"3.6e+07"	"4.6e-02"	"-0.25"	C+	"67516.328"	"104622.308"	"3d6.(3G).4p"	"y 2H*"	"11/2"	"3d6.(3H).4d"	"2I"	"13/2"		"T6892c83"	"L18349c139"	
"269.424901"	"0.000013"	"269.424907"	"0.000013"	"34000"	"1.24e+08"	"1.35e-01"	"-0.09"	C+	"60402.333"	"97507.414"	"3d6.(3P2).4p"	"y 4P*"	"5/2"	"3d6.(3P2).5s"	"4P"	"5/2"		"T6892c83"	"L18349c139"	
"269.50612"	"0.00005"	"269.506115"	"0.000017"	"2900"	"9.4e+07"	"1.03e-01"	"-0.21"	C+	"66078.272"	"103172.173"	"3d6.(3G).4p"	"x 4G*"	"5/2"	"3d6.(3G).5s"	"f 4G"	"5/2"		"T6892c83"	"L18349c139"	
"269.61230"	"0.00004"	"269.612305"	"0.000014"	"6000bl(Fe I)"	"3.8e+07"	"8.e-02"	"-0.78"	D+	"61035.285"	"98114.577"	"3d6.(3P2).4p"	"y 4P*"	"1/2"	"3d6.(3P2).5s"	"4P"	"3/2"		"T6892c83"	"L18349c148"	
"269.65919"	"0.00002"	"269.659208"	"0.000013"	"8000"	"5.9e+07"	"4.3e-02"	"-0.59"	D+	"61041.734"	"98114.577"	"3d6.(3H).4p"	"z 4G*"	"5/2"	"3d6.(3P2).5s"	"4P"	"3/2"		"T6892c83"	"L18349c139"	
"269.73302"	"0.00007"	"269.732995"	"0.000022"	"6000"	"2.5e+07"	"2.7e-02"	"-0.97"	D+	"36126.412"	"73189.114"	"3d6.(3D).4s"	"b 2D"	"3/2"	"3d6.(3D).4p"	"y 2P*"	"3/2"		"T6892c83"	"L18349c139"	
"269.74609"	"0.00002"	"269.746068"	"0.000022"	"19000"	"1.65e+08"	"9.0e-02"	"-0.44"	C+	"36126.412"	"73187.318"	"3d6.(3D).4s"	"b 2D"	"3/2"	"3d6.(3D).4p"	"y 2P*"	"1/2"		"T6892c83"	"L18349c139"	
""	""	"269.773048"	"0.000011"	""	"2.6e+06"	"2.3e-03"	"-1.64"	D+	"33466.4943"	"70523.694"	"3d6.(1G2).4s"	"c 2G"	"9/2"	"3d6.(3G).4p"	"x 2G*"	"7/2"		"T6892c83"	""	
"269.779783"	"0.000015"	"269.779766"	"0.000013"	"16000"	"1.28e+08"	"1.12e-01"	"0.05"	C+	"61512.630"	"98568.907"	"3d6.(3H).4p"	"z 4I*"	"9/2"	"3d6.(3H).5s"	"e 4H"	"7/2"		"T6892c83"	"L18349c139"	
"269.82853"	"0.00005"	"269.828519"	"0.000016"	"1100"	"3.4e+07"	"2.8e-02"	"-0.65"	D+	"73016.184"	"110065.766"	"3d6.(1G2).4p"	"x 2F*"	"7/2"	"3d6.(3G).4d"	"2D"	"5/2"		"T6892c83"	"L18349c139"	
"269.88252"	"0.00011"	"269.882572"	"0.000013"	"1200"	"7.e+05"	"8.e-04"	"-2.3"	D	"67000.530"	"104042.692"	"3d6.(3F2).4p"	"y 2D*"	"5/2"	"3d6.(3H).4d"	"4G"	"5/2"		"T6892c83"	"L18349c139"	
"269.8949"	"0.0005"	"269.89465"	"0.00003"	"1000"	"5.9e+06"	"1.0e-02"	"-1.41"	D+	"49506.922"	"86547.427"	"3d6.(3P1).4s"	"c 4P"	"3/2"	"3d6.(1F).4p"	"u 2F*"	"5/2"		"T6892c83"	"L18349c143"	
"269.9185"	"0.0015"	"269.92033"	"0.00006"	"5000"	"6.2e+07"	"6.8e-02"	"-0.56"	D+	"49506.922"	"86543.902"	"3d6.(3P1).4s"	"c 4P"	"3/2"	"3d6.(3P1).4p"	"v 4D*"	"3/2"		"T6892c83"	"L7357"	
"269.9380"	"0.0005"	"269.937586"	"0.000013"	"800d?"	"2.1e+06"	"2.3e-03"	"-2.0"	D	"47389.809"	"84424.422"	"3d6.(5D).4p"	"z 4P*"	"3/2"	"3d6.(5D).4d"	"6P"	"3/2"		"T6892c83"	"L18349c143"	
"269.96228"	"0.00005"	"269.962263"	"0.000015"	"1400"	"8.e+06"	"8.e-03"	"-0.91"	D+	"71432.690"	"108463.918"	"3d6.(1I).4p"	"z 2K*"	"15/2"	"3d6.(3G).4d"	"4I"	"13/2"		"T6892c83"	"L18349c139"	
"269.9971"	"0.0005"	"269.997123"	"0.000015"	"130d?"	"1.9e+06"	"1.7e-03"	"-1.77"	D+	"66012.775"	"103039.222"	"3d6.(3G).4p"	"x 4F*"	"9/2"	"3d6.(3G).5s"	"f 4G"	"7/2"		"T6892c83"	"L18349c142"	
"270.035587"	"0.000017"	"270.035603"	"0.000013"	"15000"	"8.7e+07"	"6.3e-02"	"-0.42"	C+	"61093.406"	"98114.577"	"3d6.(3P2).4p"	"z 2D*"	"5/2"	"3d6.(3P2).5s"	"4P"	"3/2"		"T6892c83"	"L18349c139"	
"270.154196"	"0.000018"	"270.154206"	"0.000013"	"9000"	"1.18e+08"	"1.29e-01"	"0.19"	B+	"65580.065"	"102584.984"	"3d6.(3G).4p"	"x 4G*"	"11/2"	"3d6.(3G).5s"	"f 4G"	"11/2"		"T6892c83"	"L18349c139"	
"270.24062"	"0.00009"	"270.240566"	"0.000013"	"1100"	"1.5e+07"	"1.3e-02"	"-0.89"	D+	"68000.785"	"104993.879"	"3d6.(3G).4p"	"y 2H*"	"9/2"	"3d6.(3F2).4d"	"4D"	"7/2"		"T6892c83"	"L18349c139"	
"270.3013"	"0.0005"	"270.301538"	"0.000013"	"160d,bl(Fe I)?"	"2.3e+06"	"3.8e-03"	"-1.8"	D	"66612.659"	"103597.409"	"3d6.(3G).4p"	"x 4F*"	"3/2"	"3d6.(3P2).4d"	"2F"	"5/2"		"T6892c83"	"L18349c143"	
"270.398879"	"0.000013"	"270.398885"	"0.000012"	"160000"	"1.38e+08"	"1.51e-01"	"0.08"	B+	"27314.9183"	"64286.354"	"3d6.(3F2).4s"	"a 2F"	"7/2"	"3d6.(3F2).4p"	"z 2F*"	"7/2"		"T6892c83"	"L18349c139"	
"270.45771"	"0.00012"	"270.457673"	"0.000012"	"3400bl(Fe I)"	"1.1e+06"	"1.3e-03"	"-2.0"	D	"25981.6451"	"62945.045"	"3d6.(3G).4s"	"a 4G"	"7/2"	"3d6.(3F2).4p"	"x 4D*"	"7/2"		"T6892c83"	"L18349c148"	
"270.47557"	"0.00008"	"270.475601"	"0.000017"	"1500"	"2.5e+07"	"3.7e-02"	"-0.66"	D+	"66078.272"	"103039.222"	"3d6.(3G).4p"	"x 4G*"	"5/2"	"3d6.(3G).5s"	"f 4G"	"7/2"		"T6892c83"	"L18349c139"	
"270.48654"	"0.00010"	"270.486542"	"0.000015"	"1800"	"6.4e+07"	"3.5e-02"	"-0.85"	D+	"62962.215"	"99921.670"	"3d6.(3P2).4p"	"y 4D*"	"3/2"	"3d6.(3P2).5s"	"2P"	"1/2"		"T6892c83"	"L18349c139"	
"270.5085"	"0.0005"	"270.509284"	"0.000013"	"190"	"2.7e+06"	"2.9e-03"	"-1.9"	D	"62962.215"	"99918.563"	"3d6.(3P2).4p"	"y 4D*"	"3/2"	"3d6.(3F2).5s"	"f 4F"	"3/2"		"T6892c83"	"L18349c143"	
"270.60785"	"0.00009"	"270.608046"	"0.000015"	"1800"	"6.6e+06"	"7.3e-03"	"-1.54"	D+	"62125.604"	"99068.465"	"3d6.(3P2).4p"	"z 2D*"	"3/2"	"3d6.(3P2).5s"	"2P"	"3/2"		"T6892c83"	"L18349c139"	
"270.68192"	"0.00007"	"270.681914"	"0.000013"	"2200"	"1.4e+07"	"1.5e-02"	"-0.82"	D+	"61512.630"	"98445.410"	"3d6.(3H).4p"	"z 4I*"	"9/2"	"3d6.(3H).5s"	"e 4H"	"9/2"		"T6892c83"	"L18349c139"	
"270.69139"	"0.00003"	"270.691406"	"0.000013"	"6000"	"1.3e+08"	"7.2e-02"	"-0.54"	D+	"62125.604"	"99057.089"	"3d6.(3P2).4p"	"z 2D*"	"3/2"	"3d6.(3P2).5s"	"4P"	"1/2"		"T6892c83"	"L18349c139"	
"270.713271"	"0.000017"	"270.713280"	"0.000016"	"25000"	"8.3e+07"	"1.38e-01"	"-0.26"	C+	"36126.412"	"73054.913"	"3d6.(3D).4s"	"b 2D"	"3/2"	"3d6.(1G2).4p"	"x 2F*"	"5/2"		"T6892c83"	"L18349c139"	
"270.7578"	"0.0002"	"270.757868"	"0.000018"	"340"	"7.2e+06"	"5.9e-03"	"-1.32"	D+	"73143.346"	"110065.766"	"3d6.(1G2).4p"	"w 2G*"	"7/2"	"3d6.(3G).4d"	"2D"	"5/2"		"T6892c83"	"L18349c139"	
"270.7664"	"0.0005"	"270.767498"	"0.000013"	"130d"	"8.e+05"	"1.2e-03"	"-2.2"	D	"67000.530"	"103921.637"	"3d6.(3F2).4p"	"y 2D*"	"5/2"	"3d6.(3H).4d"	"4G"	"7/2"		"T6892c83"	"L18349c142"	
"270.79995"	"0.00014"	"270.799969"	"0.000016"	"400"	"4.7e+06"	"5.2e-03"	"-1.28"	D+	"73091.630"	"110008.310"	"3d6.(1G2).4p"	"w 2G*"	"9/2"	"3d6.(3G).4d"	"2H"	"9/2"		"T6892c83"	"L18349c139"	
"270.84168"	"0.00005"	"270.841702"	"0.000013"	"3100"	"2.3e+07"	"2.1e-02"	"-0.60"	D+	"62662.252"	"99573.244"	"3d6.(3H).4p"	"z 2I*"	"11/2"	"3d6.(3F2).5s"	"f 4F"	"9/2"		"T6892c83"	"L18349c139"	
"270.87223"	"0.00017"	"270.872445"	"0.000013"	"2000"	"1.1e+06"	"8.e-04"	"-2.3"	D	"26055.4120"	"62962.215"	"3d6.(3G).4s"	"a 4G"	"5/2"	"3d6.(3P2).4p"	"y 4D*"	"3/2"		"T6892c83"	"L18349c139"	
"270.905573"	"0.000015"	"270.905556"	"0.000013"	"40000"	"3.9e+07"	"6.4e-02"	"-0.59"	D+	"25787.5816"	"62689.874"	"3d6.(3P2).4s"	"b 2P"	"3/2"	"3d6.(3P2).4p"	"y 4D*"	"5/2"		"T6892c83"	"L18349c139"	
"270.93784"	"0.00014"	"270.938031"	"0.000012"	"2000"	"2.8e+05"	"2.04e-04"	"-2.91"	C+	"8391.9554"	"45289.8248"	"3d6.(5D).4s"	"a 4D"	"5/2"	"3d6.(5D).4p"	"z 4F*"	"3/2"		"T7589"	"L18349c139"	
"270.96914"	"0.00005"	"270.969122"	"0.000012"	"2300"	"4.1e+07"	"5.6e-02"	"-0.35"	C+	"65931.358"	"102824.994"	"3d6.(3G).4p"	"x 4G*"	"7/2"	"3d6.(3G).5s"	"f 4G"	"9/2"		"T6892c83"	"L18349c139"	
"270.99250"	"0.00006"	"270.992783"	"0.000022"	"2500"	"1.3e+06"	"1.9e-03"	"-1.9"	D	"36252.931"	"73143.346"	"3d6.(3D).4s"	"b 2D"	"5/2"	"3d6.(1G2).4p"	"w 2G*"	"7/2"		"T6892c83"	"L18349c145"	
"270.9986"	"0.0002"	"270.998527"	"0.000007"	"1000bl(Fe I)"	"1.4e+05"	"2.1e-04"	"-2.9"	E	"26055.4120"	"62945.045"	"3d6.(3G).4s"	"a 4G"	"5/2"	"3d6.(3F2).4p"	"x 4D*"	"7/2"		"T6892c83"	"L18196"	
"271.00370"	"0.00004"	"271.003685"	"0.000012"	"4000"	"6.4e+07"	"8.5e-02"	"-0.07"	C+	"65696.053"	"102584.984"	"3d6.(3G).4p"	"x 4G*"	"9/2"	"3d6.(3G).5s"	"f 4G"	"11/2"		"T6892c83"	"L18349c139"	
"271.0762"	"0.0005"	"271.076622"	"0.000013"	"190d?"	"5.9e+06"	"4.9e-03"	"-1.41"	D+	"62945.045"	"99824.051"	"3d6.(3F2).4p"	"x 4D*"	"7/2"	"3d6.(3F2).5s"	"f 4F"	"5/2"		"T6892c83"	"L18349c143"	
"271.09376"	"0.00008"	"271.093927"	"0.000022"	"800"	"8.e+06"	"1.4e-02"	"-1.26"	D+	"73189.114"	"110065.766"	"3d6.(3D).4p"	"y 2P*"	"3/2"	"3d6.(3G).4d"	"2D"	"5/2"		"T6892c83"	"L18349c139"	
"271.184122"	"0.000013"	"271.184122"	"0.000013"	"60000"	"4.4e+07"	"5.6e-02"	"-0.17"	C+	"25428.7893"	"62293.177"	"3d6.(3G).4s"	"a 4G"	"11/2"	"3d6.(3H).4p"	"z 2I*"	"13/2"		"T6892c83"	"L18349c139"	
"271.229607"	"0.000015"	"271.229613"	"0.000013"	"18000"	"1.17e+08"	"1.08e-01"	"0.11"	B+	"61587.205"	"98445.410"	"3d6.(3H).4p"	"z 4I*"	"11/2"	"3d6.(3H).5s"	"e 4H"	"9/2"		"T6892c83"	"L18349c139"	
"271.23904"	"0.00002"	"271.239033"	"0.000013"	"18000"	"1.29e+07"	"1.71e-02"	"-0.768"	C+	"25805.3270"	"62662.252"	"3d6.(3G).4s"	"a 4G"	"9/2"	"3d6.(3H).4p"	"z 2I*"	"11/2"		"T7158"	"L18349c139"	
"271.3148"	"0.0005"	"271.314969"	"0.000019"	"110d"	"1.2e+06"	"1.7e-03"	"-2.0"	D	"73054.913"	"109901.523"	"3d6.(1G2).4p"	"x 2F*"	"5/2"	"3d6.(3G).4d"	"2G"	"7/2"		"T6892c83"	"L18349c143"	
"271.36394"	"0.00002"	"271.363940"	"0.000017"	"4000"	"9.3e+07"	"1.37e-01"	"-0.09"	C+	"71964.750"	"108804.711"	"3d6.(3D).4p"	"w 4P*"	"5/2"	"3d6.(3D).5s"	"4D"	"7/2"		"T6892c83"	"L18349c139"	
"271.441261"	"0.000013"	"271.441263"	"0.000012"	"230000"	"5.7e+07"	"4.7e-02"	"-0.42"	B+	"7955.3186"	"44784.7859"	"3d6.(5D).4s"	"a 4D"	"7/2"	"3d6.(5D).4p"	"z 4D*"	"5/2"		"T7589"	"L18349c139"	
"271.5603"	"0.0005"	"271.560270"	"0.000016"	"500"	"4.4e+05"	"6.e-04"	"-2.3"	D	"33501.2957"	"70314.624"	"3d6.(1G2).4s"	"c 2G"	"7/2"	"3d6.(3G).4p"	"x 2G*"	"9/2"		"T6892c83"	"L18349c142"	
"271.56847"	"0.00004"	"271.568453"	"0.000013"	"4000"	"7.2e+07"	"8.0e-02"	"-0.10"	C+	"66012.775"	"102824.994"	"3d6.(3G).4p"	"x 4F*"	"9/2"	"3d6.(3G).5s"	"f 4G"	"9/2"		"T6892c83"	"L18349c139"	
"271.621707"	"0.000015"	"271.621710"	"0.000012"	"130000"	"1.15e+08"	"1.27e-01"	"-0.12"	C+	"27620.4033"	"64425.405"	"3d6.(3F2).4s"	"a 2F"	"5/2"	"3d6.(3F2).4p"	"z 2F*"	"5/2"		"T6892c83"	"L18349c139"	
"271.6434"	"0.0005"	"271.643998"	"0.000022"	"1100"	"2.8e+06"	"3.1e-03"	"-1.73"	D+	"36252.931"	"73054.913"	"3d6.(3D).4s"	"b 2D"	"5/2"	"3d6.(1G2).4p"	"x 2F*"	"5/2"		"T6892c83"	"L18349c142"	
"271.656443"	"0.000014"	"271.656437"	"0.000016"	"40000"	"2.0e+06"	"2.2e-03"	"-1.9"	D	"57411.086"	"94211.383"	"3d5.4s2"	"d 4P"	"5/2"	"3d5.(4P).4s.4p.(3P*)"	"4P*"	"5/2"		"T6892c83"	"L18349c139"	
"271.67007"	"0.00012"	"271.669709"	"0.000012"	"2500"	"1.02e+05"	"1.1e-04"	"-3.04"	C	"7955.3186"	"44753.8179"	"3d6.(5D).4s"	"a 4D"	"7/2"	"3d6.(5D).4p"	"z 4F*"	"7/2"		"T7589"	"L18349c139"	
"271.6963"	"0.0005"	"271.696595"	"0.000016"	"130d?"	"1.5e+06"	"1.3e-03"	"-2.0"	D	"66377.315"	"103172.173"	"3d6.(3G).4p"	"x 4F*"	"7/2"	"3d6.(3G).5s"	"f 4G"	"5/2"		"T6892c83"	"L18349c142"	
"271.7557"	"0.0005"	"271.75572"	"0.00004"	"400"	"6.1e+06"	"9.e-03"	"-1.27"	D+	"50142.811"	"86929.664"	"3d6.(3F1).4s"	"c 4F"	"5/2"	"3d6.(3P1).4p"	"v 4D*"	"7/2"		"T6892c83"	"L18349c142"	
"271.787370"	"0.000013"	"271.787366"	"0.000012"	"32000"	"1.51e+08"	"1.47e-01"	"0.37"	B+	"61347.566"	"98130.136"	"3d6.(3H).4p"	"z 4I*"	"15/2"	"3d6.(3H).5s"	"e 4H"	"13/2"		"T6892c83"	"L18349c139"	
"271.79288"	"0.00002"	"271.792879"	"0.000013"	"11000"	"7.5e+07"	"8.e-02"	"-0.48"	D+	"61332.753"	"98114.577"	"3d6.(3P2).4p"	"y 4P*"	"3/2"	"3d6.(3P2).5s"	"4P"	"3/2"		"T6892c83"	"L18349c139"	
"271.79694"	"0.00007"	"271.797109"	"0.000013"	"4000"	"2.8e+06"	"3.1e-03"	"-1.60"	D+	"42658.2444"	"79439.496"	"3d6.(5D).4p"	"z 6P*"	"7/2"	"3d6.(5D).5s"	"e 4D"	"7/2"		"T6892c83"	"L18349c139"	
"271.86410"	"0.00004"	"271.86410"	"0.00003"	"9000"	"1.18e+08"	"1.05e-01"	"0.02"	C+	"50157.475"	"86929.664"	"3d6.(3F1).4s"	"c 4F"	"9/2"	"3d6.(3P1).4p"	"v 4D*"	"7/2"		"T6892c83"	"L18349c139"	
"271.8829"	"0.0005"	"271.883285"	"0.000015"	"110d?"	"1.5e+06"	"1.7e-03"	"-2.2"	D	"73637.285"	"110406.879"	"3d5.4s2"	"4F"	"3/2"	"3d6.(3F2).5p"	"4F*"	"3/2"		"T6892c83"	"L18349c143"	
"271.900215"	"0.000012"	"271.900257"	"0.000012"	"35000"	"1.09e+08"	"1.04e-01"	"0.16"	B+	"61527.610"	"98294.909"	"3d6.(3H).4p"	"z 4I*"	"13/2"	"3d6.(3H).5s"	"e 4H"	"11/2"		"T6892c83"	"L18349c139"	
"271.91978"	"0.00006"	"271.919672"	"0.000013"	"1500"	"3.3e+07"	"4.5e-02"	"-0.35"	C+	"68000.785"	"104765.459"	"3d6.(3G).4p"	"y 2H*"	"9/2"	"3d6.(3H).4d"	"2I"	"11/2"		"T6892c83"	"L18349c139"	
"271.93013"	"0.00002"	"271.930183"	"0.000022"	"20000"	"4.4e+07"	"6.6e-02"	"-0.40"	C+	"36252.931"	"73016.184"	"3d6.(3D).4s"	"b 2D"	"5/2"	"3d6.(1G2).4p"	"x 2F*"	"7/2"		"T6892c83"	"L18349c139"	
"272.0352"	"0.0005"	"272.035582"	"0.000015"	"90d?"	"7.e+05"	"1.0e-03"	"-2.2"	D	"73395.831"	"110144.841"	"3d5.4s2"	"4F"	"5/2"	"3d6.(3F2).5p"	"4F*"	"7/2"		"T6892c83"	"L18349c142"	
"272.0452"	"0.0005"	"272.045539"	"0.000022"	"120d?"	"4.4e+06"	"4.9e-03"	"-1.53"	D+	"71964.750"	"108712.415"	"3d6.(3D).4p"	"w 4P*"	"5/2"	"3d6.(3D).5s"	"4D"	"5/2"		"T6892c83"	"L18349c143"	
"272.07781"	"0.00009"	"272.077785"	"0.000013"	"2900"	"3.7e+07"	"4.1e-02"	"-0.49"	D+	"62945.045"	"99688.355"	"3d6.(3F2).4p"	"x 4D*"	"7/2"	"3d6.(3F2).5s"	"f 4F"	"7/2"		"T6892c83"	"L18349c139"	
"272.18135"	"0.00007"	"272.181300"	"0.000012"	"6000"	"5.1e+06"	"4.7e-03"	"-1.25"	D+	"25428.7893"	"62158.126"	"3d6.(3G).4s"	"a 4G"	"11/2"	"3d6.(3F2).4p"	"y 4F*"	"9/2"		"T6892c83"	"L18349c139"	
"272.20625"	"0.00003"	"272.206232"	"0.000012"	"12000"	"1.42e+07"	"1.58e-02"	"-0.90"	C+	"27314.9183"	"64040.891"	"3d6.(3F2).4s"	"a 2F"	"7/2"	"3d6.(3F2).4p"	"y 4G*"	"7/2"		"T7461"	"L18349c139"	
"272.27408"	"0.00006"	"272.27403"	"0.00003"	"7000"	"8.2e+07"	"1.21e-01"	"-0.14"	C+	"50212.836"	"86929.664"	"3d6.(3P1).4s"	"c 4P"	"5/2"	"3d6.(3P1).4p"	"v 4D*"	"7/2"		"T6892c83"	"L18349c139"	
"272.3377"	"0.0005"	"272.337817"	"0.000012"	"900d?"	"6.e+05"	"5.e-04"	"-2.4"	D	"25981.6451"	"62689.874"	"3d6.(3G).4s"	"a 4G"	"7/2"	"3d6.(3P2).4p"	"y 4D*"	"5/2"		"T6892c83"	"L18349c143"	
"272.34177"	"0.00006"	"272.341711"	"0.000013"	"4000"	"2.3e+07"	"2.5e-02"	"-0.52"	D+	"61587.205"	"98294.909"	"3d6.(3H).4p"	"z 4I*"	"11/2"	"3d6.(3H).5s"	"e 4H"	"11/2"		"T6892c83"	"L18349c139"	
"272.4598"	"0.0005"	"272.46056"	"0.00003"	"700"	"1.2e+06"	"2.0e-03"	"-2.1"	D	"50075.921"	"86767.614"	"3d6.(3F1).4s"	"c 4F"	"3/2"	"3d6.(3P1).4p"	"v 4D*"	"5/2"		"T6892c83"	"L18349c143"	
"272.46955"	"0.00009"	"272.469544"	"0.000019"	"700"	"1.2e+07"	"1.3e-02"	"-1.29"	D+	"72169.004"	"108859.487"	"3d6.(3D).4p"	"w 4F*"	"3/2"	"3d6.(3G).4d"	"4D"	"3/2"		"T6892c83"	"L18349c139"	
"272.488385"	"0.000014"	"272.488383"	"0.000012"	"40000"	"9.6e+06"	"1.07e-02"	"-1.19"	B	"8391.9554"	"45079.9019"	"3d6.(5D).4s"	"a 4D"	"5/2"	"3d6.(5D).4p"	"z 4F*"	"5/2"		"T6610"	"L18349c139"	
"272.5108"	"0.0005"	"272.50989"	"0.00003"	"700d"	"3.1e+06"	"3.5e-03"	"-1.9"	D	"47674.728"	"84359.779"	"3d7"	"d 2D1"	"3/2"	"3d6.(1F).4p"	"v 2D*"	"3/2"		"T6892c83"	"L18349c143"	
"272.56429"	"0.00018"	"272.564511"	"0.000015"	"400"	"5.1e+06"	"5.7e-03"	"-1.47"	D+	"71964.750"	"108642.450"	"3d6.(3D).4p"	"w 4P*"	"5/2"	"3d6.(3G).4d"	"4D"	"5/2"		"T6892c83"	"L18349c139"	
"272.62656"	"0.00003"	"272.62654"	"0.00003"	"2100"	"7.7e+07"	"1.30e-01"	"-0.29"	C+	"72043.060"	"108712.415"	"3d6.(3D).4p"	"w 4P*"	"3/2"	"3d6.(3D).5s"	"4D"	"5/2"		"T6892c83"	"L18349c139"	
"272.65173"	"0.00006"	"272.651857"	"0.000012"	"7000"	"5.0e+06"	"7.4e-03"	"-1.35"	D+	"27620.4033"	"64286.354"	"3d6.(3F2).4s"	"a 2F"	"5/2"	"3d6.(3F2).4p"	"z 2F*"	"7/2"		"T6892c83"	"L18349c139"	
"272.68193"	"0.00007"	"272.681931"	"0.000015"	"1800"	"4.7e+07"	"5.2e-02"	"-0.38"	C+	"66377.315"	"103039.222"	"3d6.(3G).4p"	"x 4F*"	"7/2"	"3d6.(3G).5s"	"f 4G"	"7/2"		"T6892c83"	"L18349c139"	
"272.738314"	"0.000013"	"272.738311"	"0.000012"	"50000"	"3.1e+07"	"2.9e-02"	"-0.46"	C+	"25428.7893"	"62083.118"	"3d6.(3G).4s"	"a 4G"	"11/2"	"3d6.(3H).4p"	"z 2G*"	"9/2"		"T6892c83"	"L18349c139"	
"272.753885"	"0.000013"	"272.753883"	"0.000012"	"230000"	"9.38e+07"	"6.98e-02"	"-0.378"	B+	"8391.9554"	"45044.1916"	"3d6.(5D).4s"	"a 4D"	"5/2"	"3d6.(5D).4p"	"z 4D*"	"3/2"		"T7958,T6610,T7589"	"L18349c139"	
"272.7717"	"0.0002"	"272.771546"	"0.000017"	"700"	"2.7e+07"	"3.0e-02"	"-0.75"	D+	"66522.310"	"103172.173"	"3d6.(3G).4p"	"x 4F*"	"5/2"	"3d6.(3G).5s"	"f 4G"	"5/2"		"T6892c83"	"L18349c139"	
"272.79324"	"0.00018"	"272.793479"	"0.000013"	"2000"	"1.5e+06"	"1.7e-03"	"-2.0"	D	"43238.6066"	"79885.523"	"3d6.(5D).4p"	"z 6P*"	"5/2"	"3d6.(5D).5s"	"e 4D"	"5/2"		"T6892c83"	"L18349c139"	
"272.87426"	"0.00020"	"272.874343"	"0.000022"	"270"	"2.4e+07"	"2.0e-02"	"-0.79"	D+	"73016.184"	"109652.241"	"3d6.(1G2).4p"	"x 2F*"	"7/2"	"3d6.(3D).5s"	"2D"	"5/2"		"T6892c83"	"L18349c139"	
"272.89050"	"0.00003"	"272.890525"	"0.000013"	"12000"	"1.25e+07"	"1.75e-02"	"-0.85"	C+	"27314.9183"	"63948.803"	"3d6.(3F2).4s"	"a 2F"	"7/2"	"3d6.(3F2).4p"	"y 4G*"	"9/2"		"T7461"	"L18349c139"	
"272.93287"	"0.00003"	"272.932887"	"0.000012"	"5000bl(Fe I)"	"5.7e+07"	"7.9e-02"	"-0.20"	C+	"62945.045"	"99573.244"	"3d6.(3F2).4p"	"x 4D*"	"7/2"	"3d6.(3F2).5s"	"f 4F"	"9/2"		"T6892c83"	"L18349c148"	
"272.9580"	"0.0005"	"272.95820"	"0.00003"	"700?"	"1.0e+07"	"1.2e-02"	"-1.15"	D+	"50142.811"	"86767.614"	"3d6.(3F1).4s"	"c 4F"	"5/2"	"3d6.(3P1).4p"	"v 4D*"	"5/2"		"T6892c83"	"L18349c143"	
"272.98720"	"0.00006"	"272.987118"	"0.000017"	"1300"	"3.7e+07"	"2.8e-02"	"-0.78"	D+	"72238.564"	"108859.487"	"3d6.(3D).4p"	"w 4F*"	"5/2"	"3d6.(3G).4d"	"4D"	"3/2"		"T6892c83"	"L18349c139"	
"273.06992"	"0.00003"	"273.069936"	"0.000013"	"4000"	"3.6e+07"	"4.0e-02"	"-0.39"	C+	"70314.624"	"106924.441"	"3d6.(3G).4p"	"x 2G*"	"9/2"	"3d6.(3F2).4d"	"2G"	"9/2"		"T6892c83"	"L18349c139"	
"273.073399"	"0.000013"	"273.073388"	"0.000012"	"80000"	"2.79e+07"	"3.13e-02"	"-0.90"	B	"8680.4706"	"45289.8248"	"3d6.(5D).4s"	"a 4D"	"3/2"	"3d6.(5D).4p"	"z 4F*"	"3/2"		"T6610"	"L18349c139"	
"273.12436"	"0.00003"	"273.124332"	"0.000012"	"6000"	"2.9e+07"	"3.3e-02"	"-0.34"	C+	"61527.610"	"98130.136"	"3d6.(3H).4p"	"z 4I*"	"13/2"	"3d6.(3H).5s"	"e 4H"	"13/2"		"T6892c83"	"L18349c139"	
"273.12811"	"0.00008"	"273.128205"	"0.000015"	"800bl(Fe I)"	"8.e+05"	"7.e-04"	"-2.2"	D	"69606.567"	"106208.574"	"3d6.(3G).4p"	"y 2F*"	"7/2"	"3d6.(3F2).4d"	"2F"	"5/2"		"T6892c83"	"L18349c148"	
"273.14790"	"0.00010"	"273.14774"	"0.00003"	"700"	"2.0e+06"	"3.4e-03"	"-1.9"	D	"72043.060"	"108642.450"	"3d6.(3D).4p"	"w 4P*"	"3/2"	"3d6.(3G).4d"	"4D"	"5/2"		"T6892c83"	"L18349c139"	
"273.20082"	"0.00004"	"273.200828"	"0.000012"	"9000"	"7.1e+06"	"6.3e-03"	"-1.20"	C+	"26352.7671"	"62945.045"	"3d6.(3H).4s"	"b 2H"	"9/2"	"3d6.(3F2).4p"	"x 4D*"	"7/2"		"T7461"	"L18349c139"	
"273.24479"	"0.00010"	"273.244770"	"0.000012"	"2500"	"9.8e+04"	"1.10e-04"	"-2.96"	B	"1872.5998"	"38458.9934"	"3d7"	"a 4F"	"9/2"	"3d6.(5D).4p"	"z 6D*"	"9/2"		"T7589"	"L18349c139"	
"273.2886"	"0.0005"	"273.288505"	"0.000012"	"210"	"6.e+05"	"9.e-04"	"-2.3"	D	"66522.310"	"103102.849"	"3d6.(3G).4p"	"x 4F*"	"5/2"	"3d6.(3P2).4d"	"4D"	"7/2"		"T6892c83"	"L18349c143"	
"273.29395"	"0.00008"	"273.29409"	"0.00003"	"5000bl(Fe I)"	"9.5e+07"	"8.0e-02"	"-0.19"	C+	"50187.822"	"86767.614"	"3d6.(3F1).4s"	"c 4F"	"7/2"	"3d6.(3P1).4p"	"v 4D*"	"5/2"		"T6892c83"	"L18349c148"	
"273.35066"	"0.00004"	"273.350755"	"0.000013"	"4000"	"3.6e+07"	"4.8e-02"	"-0.32"	C+	"66012.775"	"102584.984"	"3d6.(3G).4p"	"x 4F*"	"9/2"	"3d6.(3G).5s"	"f 4G"	"11/2"		"T6892c83"	"L18349c139"	
"273.44557"	"0.00014"	"273.445679"	"0.000018"	"1200"	"4.9e+07"	"8.e-02"	"-0.49"	D+	"66612.659"	"103172.173"	"3d6.(3G).4p"	"x 4F*"	"3/2"	"3d6.(3G).5s"	"f 4G"	"5/2"		"T6892c83"	"L18349c139"	
"273.48103"	"0.00017"	"273.48111"	"0.00003"	"2000"	"3.6e+07"	"4.0e-02"	"-0.62"	D+	"50212.836"	"86767.614"	"3d6.(3P1).4s"	"c 4P"	"5/2"	"3d6.(3P1).4p"	"v 4D*"	"5/2"		"T6892c83"	"L18349c139"	
"273.50884"	"0.00008"	"273.508853"	"0.000012"	"2200"	"4.0e+07"	"4.5e-02"	"-0.57"	D+	"63272.981"	"99824.051"	"3d6.(3F2).4p"	"x 4D*"	"5/2"	"3d6.(3F2).5s"	"f 4F"	"5/2"		"T6892c83"	"L18349c139"	
"273.54203"	"0.00003"	"273.541866"	"0.000022"	"1500"	"6.2e+07"	"4.6e-02"	"-0.56"	D+	"73054.913"	"109601.572"	"3d6.(1G2).4p"	"x 2F*"	"5/2"	"3d6.(3D).5s"	"2D"	"3/2"		"T6892c83"	"L18349c145"	
"273.63975"	"0.00011"	"273.639754"	"0.000016"	"500"	"8.e+06"	"9.e-03"	"-1.07"	D+	"73091.630"	"109625.216"	"3d6.(1G2).4p"	"w 2G*"	"9/2"	"3d6.(3G).4d"	"2G"	"9/2"		"T6892c83"	"L18349c139"	
"273.64868"	"0.00019"	"273.648644"	"0.000015"	"2000"	"1.5e+06"	"3.4e-03"	"-2.2"	D	"26932.7348"	"63465.134"	"3d6.(3P2).4s"	"b 2P"	"1/2"	"3d6.(3F2).4p"	"x 4D*"	"3/2"		"T6892c83"	"L18349c139"	
"273.696576"	"0.000013"	"273.696590"	"0.000012"	"140000"	"1.22e+08"	"6.9e-02"	"-0.56"	B	"8680.4706"	"45206.4704"	"3d6.(5D).4s"	"a 4D"	"3/2"	"3d6.(5D).4p"	"z 4D*"	"1/2"		"T6610"	"L18349c139"	
"273.86635"	"0.00016"	"273.866207"	"0.000013"	"1600"	"7.0e+06"	"8.e-03"	"-1.20"	D+	"62065.528"	"98568.907"	"3d6.(3F2).4p"	"y 4F*"	"7/2"	"3d6.(3H).5s"	"e 4H"	"7/2"		"T6892c83"	"L18349c139"	
"273.89128"	"0.00008"	"273.891171"	"0.000023"	"1000"	"2.8e+07"	"3.8e-02"	"-0.42"	C+	"72130.375"	"108630.427"	"3d6.(1G2).4p"	"x 2H*"	"9/2"	"3d6.(1I).5s"	"2I"	"11/2"		"T6892c83"	"L18349c139"	
"273.89287"	"0.00004"	"273.892785"	"0.000017"	"3400"	"1.47e+08"	"1.24e-01"	"-0.003"	C+	"66672.336"	"103172.173"	"3d6.(3G).4p"	"y 4H*"	"7/2"	"3d6.(3G).5s"	"f 4G"	"5/2"		"T6892c83"	"L18349c139"	
"273.90449"	"0.00006"	"273.90448"	"0.00003"	"1200"	"1.0e+08"	"5.7e-02"	"-0.65"	D+	"72169.004"	"108667.282"	"3d6.(3D).4p"	"w 4F*"	"3/2"	"3d6.(3D).5s"	"4D"	"1/2"		"T6892c83"	"L18349c139"	
"273.91046"	"0.00016"	"273.91069"	"0.00004"	"290"	"2.1e+06"	"2.3e-03"	"-2.3"	D	"72429.675"	"108927.126"	"3d6.(3D).4p"	"w 4D*"	"1/2"	"3d6.(3G).4d"	"4D"	"1/2"		"T6892c83"	"L18349c139"	
"273.94192"	"0.00005"	"273.94188"	"0.00003"	"1400"	"5.2e+07"	"5.9e-02"	"-0.63"	D+	"72169.004"	"108662.300"	"3d6.(3D).4p"	"w 4F*"	"3/2"	"3d6.(3D).5s"	"4D"	"3/2"		"T6892c83"	"L18349c139"	
"273.95110"	"0.00005"	"273.951076"	"0.000014"	"5000"	"4.6e+06"	"5.2e-03"	"-1.21"	D+	"26170.1810"	"62662.252"	"3d6.(3H).4s"	"b 2H"	"11/2"	"3d6.(3H).4p"	"z 2I*"	"11/2"		"T6892c83"	"L18349c139"	
"273.954721"	"0.000013"	"273.954713"	"0.000012"	"1000000"	"2.21e+08"	"2.49e-01"	"0.298"	B+	"7955.3186"	"44446.9051"	"3d6.(5D).4s"	"a 4D"	"7/2"	"3d6.(5D).4p"	"z 4D*"	"7/2"		"T7958,T6610,T7589"	"L18349c139"	
"273.9981"	"0.0002"	"273.998246"	"0.000012"	"1400"	"4.6e+06"	"4.2e-03"	"-1.38"	D+	"62083.118"	"98568.907"	"3d6.(3H).4p"	"z 2G*"	"9/2"	"3d6.(3H).5s"	"e 4H"	"7/2"		"T6892c83"	"L18349c139"	
"274.0281"	"0.0005"	"274.027682"	"0.000017"	"110d,bl"	"1.4e+06"	"1.9e-03"	"-1.8"	D	"73143.346"	"109625.216"	"3d6.(1G2).4p"	"w 2G*"	"7/2"	"3d6.(3G).4d"	"2G"	"9/2"		"T6892c83"	"L18349c143"	
"274.08796"	"0.00004"	"274.087931"	"0.000023"	"2200"	"6.2e+07"	"7.0e-02"	"-0.38"	C+	"72238.564"	"108712.415"	"3d6.(3D).4p"	"w 4F*"	"5/2"	"3d6.(3D).5s"	"4D"	"5/2"		"T6892c83"	"L18349c139"	
"274.1317"	"0.0005"	"274.13205"	"0.00006"	"700d?"	"2.1e+07"	"2.4e-02"	"-1.02"	D+	"50075.921"	"86543.902"	"3d6.(3F1).4s"	"c 4F"	"3/2"	"3d6.(3P1).4p"	"v 4D*"	"3/2"		"T6892c83"	"L18349c143"	
"274.13939"	"0.00003"	"274.139391"	"0.000013"	"15000"	"2.0e+07"	"2.3e-02"	"-0.86"	D+	"27620.4033"	"64087.408"	"3d6.(3F2).4s"	"a 2F"	"5/2"	"3d6.(3F2).4p"	"y 4G*"	"5/2"		"T6892c83"	"L18349c139"	
"274.16842"	"0.00006"	"274.168546"	"0.000023"	"1000bl(Fe I)"	"5.2e+07"	"8.9e-02"	"-0.45"	C+	"73189.114"	"109652.241"	"3d6.(3D).4p"	"y 2P*"	"3/2"	"3d6.(3D).5s"	"2D"	"5/2"		"T6892c83"	"L18349c148"	
"274.24746"	"0.00003"	"274.247238"	"0.000018"	"2700bl(Fe II)*"	"5.0e+07"	"5.7e-02"	"-0.34"	C+	"72352.046"	"108804.711"	"3d6.(3D).4p"	"w 4F*"	"7/2"	"3d6.(3D).5s"	"4D"	"7/2"		"T6892c83"	"L18349c148"	
"274.24746"	"0.00003"	"274.247712"	"0.000014"	"2700bl(Fe II)*"	"5.e+05"	"5.e-04"	"-2.3"	D	"70314.624"	"106767.226"	"3d6.(3G).4p"	"x 2G*"	"9/2"	"3d6.(3F2).4d"	"4F"	"7/2"		"T6892c83"	"L18349c148"	
"274.26592"	"0.00003"	"274.265936"	"0.000017"	"4000"	"1.36e+08"	"1.23e-01"	"0.09"	B+	"66589.042"	"103039.222"	"3d6.(3G).4p"	"y 4H*"	"9/2"	"3d6.(3G).5s"	"f 4G"	"7/2"		"T6892c83"	"L18349c139"	
"274.27246"	"0.00006"	"274.27247"	"0.00003"	"1200"	"5.8e+07"	"1.3e-01"	"-0.58"	D+	"72212.989"	"108662.300"	"3d6.(3D).4p"	"w 4P*"	"1/2"	"3d6.(3D).5s"	"4D"	"3/2"		"T6892c83"	"L18349c139"	
"274.28471"	"0.00005"	"274.284756"	"0.000014"	"2300"	"4.9e+07"	"7.0e-02"	"-0.25"	C+	"66377.315"	"102824.994"	"3d6.(3G).4p"	"x 4F*"	"7/2"	"3d6.(3G).5s"	"f 4G"	"9/2"		"T6892c83"	"L18349c139"	
"274.319657"	"0.000013"	"274.319665"	"0.000012"	"500000"	"1.97e+08"	"4.5e-01"	"-0.051"	B+	"8846.7837"	"45289.8248"	"3d6.(5D).4s"	"a 4D"	"1/2"	"3d6.(5D).4p"	"z 4F*"	"3/2"		"T6610"	"L18349c139"	
"274.32188"	"0.00002"	"274.322148"	"0.000013"	"20000"	"9.e+07"	"5.2e-02"	"-0.68"	D+	"42401.3198"	"78844.031"	"3d6.(5D).4p"	"z 6F*"	"3/2"	"3d6.(5D).5s"	"e 6D"	"1/2"		"T6892c83"	"L18349c145"	
"274.4193"	"0.0005"	"274.41929"	"0.00004"	"110d?"	"1.3e+06"	"2.9e-03"	"-2.2"	D	"72429.675"	"108859.487"	"3d6.(3D).4p"	"w 4D*"	"1/2"	"3d6.(3G).4d"	"4D"	"3/2"		"T6892c83"	"L18349c143"	
"274.46505"	"0.00005"	"274.46507"	"0.00003"	"1400"	"7.2e+07"	"5.4e-02"	"-0.49"	D+	"72238.564"	"108662.300"	"3d6.(3D).4p"	"w 4F*"	"5/2"	"3d6.(3D).5s"	"4D"	"3/2"		"T6892c83"	"L18349c139"	
"274.48940"	"0.00014"	"274.489547"	"0.000013"	"2900"	"3.6e+06"	"5.5e-03"	"-1.49"	C+	"27620.4033"	"64040.891"	"3d6.(3F2).4s"	"a 2F"	"5/2"	"3d6.(3F2).4p"	"y 4G*"	"7/2"		"T7461"	"L18349c139"	
"274.4941"	"0.0005"	"274.494165"	"0.000017"	"260d?"	"1.3e+06"	"1.4e-03"	"-2.1"	D	"57411.086"	"93830.961"	"3d5.4s2"	"d 4P"	"5/2"	"3d5.(4D).4s.4p.(3P*)"	"6D*"	"5/2"		"T6892c83"	"L18349c143"	
"274.52804"	"0.00005"	"274.528094"	"0.000012"	"3300bl(Fe I)"	"5.3e+07"	"8.0e-02"	"-0.32"	C+	"63272.981"	"99688.355"	"3d6.(3F2).4p"	"x 4D*"	"5/2"	"3d6.(3F2).5s"	"f 4F"	"7/2"		"T6892c83"	"L18349c148"	
"274.53652"	"0.00010"	"274.536539"	"0.000023"	"600"	"4.5e+07"	"1.0e-01"	"-0.69"	D+	"73187.318"	"109601.572"	"3d6.(3D).4p"	"y 2P*"	"1/2"	"3d6.(3D).5s"	"2D"	"3/2"		"T6892c83"	"L18349c139"	
"274.5499"	"0.0005"	"274.550080"	"0.000023"	"110bl?"	"1.4e+07"	"1.6e-02"	"-1.20"	D+	"73189.114"	"109601.572"	"3d6.(3D).4p"	"y 2P*"	"3/2"	"3d6.(3D).5s"	"2D"	"3/2"		"T6892c83"	"L18349c143"	
"274.58720"	"0.00010"	"274.586996"	"0.000014"	"700bl"	"1.0e+07"	"1.1e-02"	"-0.94"	D+	"70314.624"	"106722.187"	"3d6.(3G).4p"	"x 2G*"	"9/2"	"3d6.(3H).4d"	"4F"	"9/2"		"T6892c83"	"L18349c148"	
"274.6095"	"0.0005"	"274.609217"	"0.000013"	"400d,bl(Fe II)?*"	"5.e+05"	"7.e-04"	"-2.4"	D	"64087.408"	"100492.025"	"3d6.(3F2).4p"	"y 4G*"	"5/2"	"3d6.(3F2).5s"	"e 2F"	"7/2"		"T6892c83"	"L18349c143"	
"274.6095"	"0.0005"	"274.60923"	"0.00003"	"400d,bl(Fe II)?*"	"9.e+05"	"1.0e-03"	"-2.2"	D	"50142.811"	"86547.427"	"3d6.(3F1).4s"	"c 4F"	"5/2"	"3d6.(1F).4p"	"u 2F*"	"5/2"		"T6892c83"	"L18349c143"	
"274.61250"	"0.00003"	"274.612515"	"0.000013"	"15000"	"1.1e+08"	"1.2e-01"	"-0.61"	D+	"42439.8511"	"78844.031"	"3d6.(5D).4p"	"z 6F*"	"1/2"	"3d6.(5D).5s"	"e 6D"	"1/2"		"T6892c83"	"L18349c139"	
"274.6249"	"0.0005"	"274.62470"	"0.00003"	"110d?"	"5.e+06"	"2.8e-03"	"-2.0"	D	"72524.561"	"108927.126"	"3d6.(3D).4p"	"w 4D*"	"3/2"	"3d6.(3G).4d"	"4D"	"1/2"		"T6892c83"	"L18349c143"	
"274.63561"	"0.00012"	"274.63582"	"0.00006"	"4000"	"9.6e+07"	"7.2e-02"	"-0.36"	C+	"50142.811"	"86543.902"	"3d6.(3F1).4s"	"c 4F"	"5/2"	"3d6.(3P1).4p"	"v 4D*"	"3/2"		"T6892c83"	"L18349c139"	
"274.648346"	"0.000013"	"274.648342"	"0.000012"	"700000"	"2.05e+08"	"3.48e-01"	"0.143"	B+	"8680.4706"	"45079.9019"	"3d6.(5D).4s"	"a 4D"	"3/2"	"3d6.(5D).4p"	"z 4F*"	"5/2"		"T6610"	"L18349c139"	
"274.65180"	"0.00004"	"274.651725"	"0.000023"	"6000"	"1.4e+07"	"2.1e-02"	"-0.89"	D+	"36252.931"	"72651.914"	"3d6.(3D).4s"	"b 2D"	"5/2"	"3d6.(3D).4p"	"w 4D*"	"7/2"		"T6892c83"	"L18349c139"	
"274.698162"	"0.000013"	"274.698160"	"0.000012"	"500000bl(Fe I)"	"1.69e+08"	"1.91e-01"	"0.06"	B+	"8391.9554"	"44784.7859"	"3d6.(5D).4s"	"a 4D"	"5/2"	"3d6.(5D).4p"	"z 4D*"	"5/2"		"T7589"	"L18349c148"	
"274.712158"	"0.000016"	"274.712147"	"0.000012"	"29000"	"1.07e+08"	"8.1e-02"	"-0.32"	C+	"42334.8444"	"78725.822"	"3d6.(5D).4p"	"z 6F*"	"5/2"	"3d6.(5D).5s"	"e 6D"	"3/2"		"T6892c83"	"L18349c139"	
"274.74238"	"0.00003"	"274.742405"	"0.000017"	"2100"	"5.3e+07"	"7.1e-02"	"-0.07"	C+	"72261.742"	"108648.712"	"3d6.(1G2).4p"	"x 2H*"	"11/2"	"3d6.(1I).5s"	"2I"	"13/2"		"T6892c83"	"L18349c139"	
"274.7960"	"0.0005"	"274.79521"	"0.00003"	"240d,bl(Fe II)?*"	"7.5e+06"	"6.4e-03"	"-1.29"	D+	"58666.199"	"95046.177"	"3d6.(1G1).4s"	"d 2G"	"7/2"	"3d6.(3F1).4p"	"2F*"	"5/2"		"T6892c83"	"L18349c143"	
"274.7960"	"0.0005"	"274.795937"	"0.000012"	"240d,bl(Fe II)?*"	"3.7e+05"	"5.e-04"	"-2.4"	D	"62065.528"	"98445.410"	"3d6.(3F2).4p"	"y 4F*"	"7/2"	"3d6.(3H).5s"	"e 4H"	"9/2"		"T6892c83"	"L18349c143"	
"274.80568"	"0.00002"	"274.805689"	"0.000014"	"10000"	"1.31e+08"	"9.9e-02"	"-0.23"	C+	"62689.874"	"99068.465"	"3d6.(3P2).4p"	"y 4D*"	"5/2"	"3d6.(3P2).5s"	"2P"	"3/2"		"T6892c83"	"L18349c139"	
"274.82011"	"0.00004"	"274.820134"	"0.000013"	"2400"	"1.8e+07"	"2.0e-02"	"-0.79"	D+	"70523.694"	"106900.373"	"3d6.(3G).4p"	"x 2G*"	"7/2"	"3d6.(3F2).4d"	"2G"	"7/2"		"T6892c83"	"L18349c139"	
"274.8949"	"0.0005"	"274.894142"	"0.000018"	"160d?"	"5.9e+06"	"6.7e-03"	"-1.27"	D+	"66672.336"	"103039.222"	"3d6.(3G).4p"	"y 4H*"	"7/2"	"3d6.(3G).5s"	"f 4G"	"7/2"		"T6892c83"	"L18349c143"	
"274.918070"	"0.000013"	"274.918070"	"0.000012"	"240000"	"1.21e+08"	"1.37e-01"	"-0.260"	B+	"8680.4706"	"45044.1916"	"3d6.(5D).4s"	"a 4D"	"3/2"	"3d6.(5D).4p"	"z 4D*"	"3/2"		"T7958,T6610,T7589"	"L18349c139"	
"274.932126"	"0.000013"	"274.932122"	"0.000012"	"900000"	"2.16e+08"	"3.27e-01"	"0.292"	B+	"8391.9554"	"44753.8179"	"3d6.(5D).4s"	"a 4D"	"5/2"	"3d6.(5D).4p"	"z 4F*"	"7/2"		"T6610"	"L18349c139"	
"274.935257"	"0.000019"	"274.935226"	"0.000014"	"8000"	"1.29e+08"	"1.22e-01"	"0.17"	B+	"66463.542"	"102824.994"	"3d6.(3G).4p"	"y 4H*"	"11/2"	"3d6.(3G).5s"	"f 4G"	"9/2"		"T6892c83"	"L18349c139"	
"274.94343"	"0.00003"	"274.943415"	"0.000023"	"2500"	"8.3e+07"	"7.1e-02"	"-0.25"	C+	"72352.046"	"108712.415"	"3d6.(3D).4p"	"w 4F*"	"7/2"	"3d6.(3D).5s"	"4D"	"5/2"		"T6892c83"	"L18349c139"	
"274.948576"	"0.000013"	"274.948575"	"0.000012"	"100000"	"1.16e+08"	"1.32e-01"	"-0.58"	B	"8846.7837"	"45206.4704"	"3d6.(5D).4s"	"a 4D"	"1/2"	"3d6.(5D).4p"	"z 4D*"	"1/2"		"T6610"	"L18349c139"	
"275.00059"	"0.00017"	"275.000672"	"0.000013"	"3300"	"1.8e+06"	"2.1e-03"	"-1.68"	D+	"25805.3270"	"62158.126"	"3d6.(3G).4s"	"a 4G"	"9/2"	"3d6.(3F2).4p"	"y 4F*"	"9/2"		"T6892c83"	"L18349c139"	
"275.09152"	"0.00014"	"275.091477"	"0.000014"	"1900"	"1.0e+06"	"1.1e-03"	"-2.1"	D	"25981.6451"	"62322.445"	"3d6.(3G).4s"	"a 4G"	"7/2"	"3d6.(3H).4p"	"z 2G*"	"7/2"		"T6892c83"	"L18349c139"	
"275.112510"	"0.000020"	"275.112505"	"0.000015"	"21000"	"2.9e+07"	"3.3e-02"	"-0.88"	D+	"25787.5816"	"62125.604"	"3d6.(3P2).4s"	"b 2P"	"3/2"	"3d6.(3P2).4p"	"z 2D*"	"3/2"		"T6892c83"	"L18349c139"	
"275.1383"	"0.0005"	"275.13849"	"0.00003"	"250"	"2.7e+06"	"3.1e-03"	"-1.73"	D+	"50212.836"	"86547.427"	"3d6.(3P1).4s"	"c 4P"	"5/2"	"3d6.(1F).4p"	"u 2F*"	"5/2"		"T6892c83"	"L18349c142"	
"275.1444"	"0.0005"	"275.14392"	"0.00003"	"800d?"	"1.0e+06"	"8.e-04"	"-2.3"	D	"38164.220"	"74498.093"	"3d6.(1D2).4s"	"c 2D"	"5/2"	"3d6.(3D).4p"	"x 2D*"	"3/2"		"T6892c83"	"L18349c143"	
"275.2105"	"0.0005"	"275.210493"	"0.000023"	"700"	"9.e+06"	"8.e-03"	"-1.07"	D+	"50157.475"	"86482.560"	"3d6.(3F1).4s"	"c 4F"	"9/2"	"3d6.(1F).4p"	"u 2F*"	"7/2"		"T6892c83"	"L18349c143"	
"275.215040"	"0.000019"	"275.214909"	"0.000012"	"23000bl(Fe I)"	"7.7e+07"	"8.8e-02"	"-0.45"	C+	"42401.3198"	"78725.822"	"3d6.(5D).4p"	"z 6F*"	"3/2"	"3d6.(5D).5s"	"e 6D"	"3/2"		"T6892c83"	"L18349c148"	
"275.3032"	"0.0003"	"275.30311"	"0.00010"	"1900"	"1.1e+08"	"6.0e-02"	"-0.62"	D+	"50075.921"	"86388.786"	"3d6.(3F1).4s"	"c 4F"	"3/2"	"3d6.(3P1).4p"	"v 4D*"	"1/2"		"T6892c83"	"L18349c139"	
"275.328738"	"0.000013"	"275.328741"	"0.000013"	"150000"	"1.89e+08"	"2.58e-01"	"0.412"	C	"26352.7671"	"62662.252"	"3d6.(3H).4s"	"b 2H"	"9/2"	"3d6.(3H).4p"	"z 2I*"	"11/2"		"T7158"	"L18349c139"	
"275.37594"	"0.00011"	"275.37593"	"0.00004"	"2300"	"6.e+06"	"3.7e-03"	"-1.8"	D	"36126.412"	"72429.675"	"3d6.(3D).4s"	"b 2D"	"3/2"	"3d6.(3D).4p"	"w 4D*"	"1/2"		"T6892c83"	"L18349c139"	
"275.488844"	"0.000014"	"275.488844"	"0.000012"	"40000"	"1.21e+08"	"1.04e-01"	"-0.08"	C+	"42237.0575"	"78525.442"	"3d6.(5D).4p"	"z 6F*"	"7/2"	"3d6.(5D).5s"	"e 6D"	"5/2"		"T6892c83"	"L18349c139"	
"275.50721"	"0.00013"	"275.507169"	"0.000014"	"3200"	"1.3e+07"	"3.1e-02"	"-1.21"	D+	"42439.8511"	"78725.822"	"3d6.(5D).4p"	"z 6F*"	"1/2"	"3d6.(5D).5s"	"e 6D"	"3/2"		"T6892c83"	"L18349c139"	
"275.5246"	"0.0005"	"275.52525"	"0.00003"	"400bl(Fe II)*"	"2.0e+06"	"2.2e-03"	"-2.0"	D	"38214.503"	"74498.093"	"3d6.(1D2).4s"	"c 2D"	"3/2"	"3d6.(3D).4p"	"x 2D*"	"3/2"		"T6892c83"	"L18349c142"	
"275.573620"	"0.000013"	"275.573622"	"0.000012"	"1100000"	"2.15e+08"	"3.06e-01"	"0.389"	B	"7955.3186"	"44232.5398"	"3d6.(5D).4s"	"a 4D"	"7/2"	"3d6.(5D).4p"	"z 4F*"	"9/2"		"T7958,T6610,T7589"	"L18349c139"	
"275.61626"	"0.00010"	"275.616103"	"0.000023"	"2700"	"2.3e+06"	"1.7e-03"	"-2.0"	D	"36252.931"	"72524.561"	"3d6.(3D).4s"	"b 2D"	"5/2"	"3d6.(3D).4p"	"w 4D*"	"3/2"		"T6892c83"	"L18349c139"	
"275.65108"	"0.00005"	"275.651041"	"0.000015"	"7000"	"7.3e+06"	"1.1e-02"	"-1.18"	D+	"26055.4120"	"62322.445"	"3d6.(3G).4s"	"a 4G"	"5/2"	"3d6.(3H).4p"	"z 2G*"	"7/2"		"T6892c83"	"L18349c139"	
"275.70302"	"0.00004"	"275.702981"	"0.000013"	"9000"	"8.1e+06"	"7.4e-03"	"-1.13"	B	"25805.3270"	"62065.528"	"3d6.(3G).4s"	"a 4G"	"9/2"	"3d6.(3F2).4p"	"y 4F*"	"7/2"		"T7461"	"L18349c139"	
"275.8085"	"0.0005"	"275.807490"	"0.000014"	"200"	"3.3e+06"	"3.7e-03"	"-1.52"	D+	"62322.445"	"98568.907"	"3d6.(3H).4p"	"z 2G*"	"7/2"	"3d6.(3H).5s"	"e 4H"	"7/2"		"T6892c83"	"L18349c143"	
"275.82968"	"0.00010"	"275.829788"	"0.000013"	"500"	"1.3e+07"	"1.4e-02"	"-0.94"	D+	"70523.694"	"106767.226"	"3d6.(3G).4p"	"x 2G*"	"7/2"	"3d6.(3F2).4d"	"4F"	"7/2"		"T6892c83"	"L18349c139"	
"275.8567"	"0.0003"	"275.856763"	"0.000016"	"350"	"6.3e+06"	"4.8e-03"	"-1.54"	D+	"72619.499"	"108859.487"	"3d6.(3D).4p"	"w 4D*"	"5/2"	"3d6.(3G).4d"	"4D"	"3/2"		"T6892c83"	"L18349c139"	
"275.87493"	"0.00007"	"275.87489"	"0.00004"	"1000"	"1.2e+08"	"1.3e-01"	"-0.58"	D+	"72429.675"	"108667.282"	"3d6.(3D).4p"	"w 4D*"	"1/2"	"3d6.(3D).5s"	"4D"	"1/2"		"T6892c83"	"L18349c139"	
"275.8873"	"0.0005"	"275.887490"	"0.000014"	"160d,bl(Fe II)?*"	"3.3e+06"	"3.8e-03"	"-1.42"	D+	"66589.042"	"102824.994"	"3d6.(3G).4p"	"y 4H*"	"9/2"	"3d6.(3G).5s"	"f 4G"	"9/2"		"T6892c83"	"L18349c143"	
"275.93333"	"0.00009"	"275.933450"	"0.000012"	"1800"	"3.e+04"	"3.e-05"	"-3.6"	E	"2430.1369"	"38660.0537"	"3d7"	"a 4F"	"7/2"	"3d6.(5D).4p"	"z 6D*"	"7/2"		"T6892c83"	"L18349c139"	
"275.94786"	"0.00005"	"275.947913"	"0.000015"	"3200"	"1.1e+08"	"1.3e-01"	"-0.58"	D+	"62829.071"	"99057.089"	"3d6.(3P2).4p"	"y 4D*"	"1/2"	"3d6.(3P2).5s"	"4P"	"1/2"		"T6892c83"	"L18349c139"	
"276.07158"	"0.00010"	"276.071575"	"0.000012"	"1200"	"5.7e+06"	"8.e-03"	"-1.10"	D+	"62083.118"	"98294.909"	"3d6.(3H).4p"	"z 2G*"	"9/2"	"3d6.(3H).5s"	"e 4H"	"11/2"		"T6892c83"	"L18349c139"	
"276.11823"	"0.00004"	"276.118243"	"0.000013"	"3300"	"7.8e+07"	"8.9e-02"	"-0.15"	C+	"64286.354"	"100492.025"	"3d6.(3F2).4p"	"z 2F*"	"7/2"	"3d6.(3F2).5s"	"e 2F"	"7/2"		"T6892c83"	"L18349c139"	
"276.14490"	"0.00006"	"276.144902"	"0.000018"	"1100"	"1.4e+07"	"1.8e-02"	"-0.66"	D+	"72261.742"	"108463.918"	"3d6.(1G2).4p"	"x 2H*"	"11/2"	"3d6.(3G).4d"	"4I"	"13/2"		"T6892c83"	"L18349c139"	
"276.181270"	"0.000015"	"276.181279"	"0.000012"	"28000"	"1.38e+07"	"3.2e-02"	"-1.20"	B	"8846.7837"	"45044.1916"	"3d6.(5D).4s"	"a 4D"	"1/2"	"3d6.(5D).4p"	"z 4D*"	"3/2"		"T6610"	"L18349c139"	
"276.22661"	"0.00012"	"276.226838"	"0.000013"	"700"	"5.8e+06"	"9.e-03"	"-1.28"	D+	"67000.530"	"103191.968"	"3d6.(3F2).4p"	"y 2D*"	"5/2"	"3d6.(3P2).4d"	"2F"	"7/2"		"T6892c83"	"L18349c139"	
"276.23326"	"0.00002"	"276.233253"	"0.000012"	"18000"	"6.0e+07"	"6.9e-02"	"-0.38"	C+	"42334.8444"	"78525.442"	"3d6.(5D).4p"	"z 6F*"	"5/2"	"3d6.(5D).5s"	"e 6D"	"5/2"		"T6892c83"	"L18349c139"	
"276.24474"	"0.00010"	"276.244662"	"0.000014"	"3000"	"3.3e+06"	"2.5e-03"	"-1.8"	D	"26055.4120"	"62244.515"	"3d6.(3G).4s"	"a 4G"	"5/2"	"3d6.(3F2).4p"	"y 4F*"	"3/2"		"T6892c83"	"L18349c139"	
"276.2544"	"0.0005"	"276.254197"	"0.000023"	"110d"	"2.8e+06"	"4.8e-03"	"-1.71"	D+	"72524.561"	"108712.415"	"3d6.(3D).4p"	"w 4D*"	"3/2"	"3d6.(3D).5s"	"4D"	"5/2"		"T6892c83"	"L18349c143"	
"276.3556"	"0.0005"	"276.354953"	"0.000015"	"210d?"	"1.0e+06"	"1.7e-03"	"-2.2"	D	"61332.753"	"97507.414"	"3d6.(3P2).4p"	"y 4P*"	"3/2"	"3d6.(3P2).5s"	"4P"	"5/2"		"T6892c83"	"L18349c143"	
"276.36557"	"0.00002"	"276.365565"	"0.000013"	"6000"	"1.34e+08"	"1.32e-01"	"0.27"	B+	"66411.712"	"102584.984"	"3d6.(3G).4p"	"y 4H*"	"13/2"	"3d6.(3G).5s"	"f 4G"	"11/2"		"T6892c83"	"L18349c139"	
"276.39135"	"0.00011"	"276.391263"	"0.000013"	"2900"	"2.9e+06"	"2.5e-03"	"-1.70"	D+	"25981.6451"	"62151.554"	"3d6.(3G).4s"	"a 4G"	"7/2"	"3d6.(3F2).4p"	"y 4F*"	"5/2"		"T6892c83"	"L18349c139"	
"276.39848"	"0.00014"	"276.398591"	"0.000014"	"600"	"1.0e+07"	"1.2e-02"	"-1.03"	D+	"69606.567"	"105775.517"	"3d6.(3G).4p"	"y 2F*"	"7/2"	"3d6.(3F2).4d"	"2F"	"7/2"		"T6892c83"	"L18349c139"	
"276.41555"	"0.00011"	"276.415405"	"0.000012"	"800"	"2.5e+06"	"2.4e-03"	"-1.54"	D+	"67516.328"	"103683.078"	"3d6.(3G).4p"	"y 2H*"	"11/2"	"3d6.(5D).5d"	"4F"	"9/2"		"T6892c83"	"L18349c139"	
"276.4790"	"0.0002"	"276.479120"	"0.000014"	"1700"	"1.1e+06"	"1.3e-03"	"-1.8"	D	"25428.7893"	"61587.205"	"3d6.(3G).4s"	"a 4G"	"11/2"	"3d6.(3H).4p"	"z 4I*"	"11/2"		"T6892c83"	"L18349c139"	
"276.512785"	"0.000018"	"276.512791"	"0.000016"	"4000"	"1.47e+08"	"1.35e-01"	"0.13"	B+	"72650.698"	"108804.711"	"3d6.(3D).4p"	"w 4F*"	"9/2"	"3d6.(3D).5s"	"4D"	"7/2"		"T6892c83"	"L18349c139"	
"276.52228"	"0.00006"	"276.522092"	"0.000018"	"1100"	"3.7e+07"	"4.2e-02"	"-0.47"	C+	"72651.914"	"108804.711"	"3d6.(3D).4p"	"w 4D*"	"7/2"	"3d6.(3D).5s"	"4D"	"7/2"		"T6892c83"	"L18349c139"	
"276.5236"	"0.0005"	"276.523155"	"0.000014"	"200bl(Fe I)"	"3.3e+05"	"5.e-04"	"-2.4"	D	"66672.336"	"102824.994"	"3d6.(3G).4p"	"y 4H*"	"7/2"	"3d6.(3G).5s"	"f 4G"	"9/2"		"T6892c83"	"L18349c143"	
"276.5421"	"0.0005"	"276.541598"	"0.000023"	"100d?"	"4.2e+06"	"3.9e-03"	"-1.41"	D+	"73751.276"	"109901.523"	"3d6.(1I).4p"	"w 2H*"	"9/2"	"3d6.(3G).4d"	"2G"	"7/2"		"T6892c83"	"L18349c143"	
"276.5504"	"0.0005"	"276.549721"	"0.000017"	"800d?"	"1.0e+06"	"9.e-04"	"-2.2"	D	"33501.2957"	"69650.481"	"3d6.(1G2).4s"	"c 2G"	"7/2"	"3d6.(3G).4p"	"y 2F*"	"5/2"		"T6892c83"	"L18349c143"	
"276.59911"	"0.00007"	"276.59919"	"0.00003"	"900"	"1.0e+08"	"6.0e-02"	"-0.62"	D+	"72524.561"	"108667.282"	"3d6.(3D).4p"	"w 4D*"	"3/2"	"3d6.(3D).5s"	"4D"	"1/2"		"T6892c83"	"L18349c139"	
"276.6193"	"0.0005"	"276.619455"	"0.000016"	"800d?"	"5.e+05"	"5.e-04"	"-2.3"	D	"33466.4943"	"69606.567"	"3d6.(1G2).4s"	"c 2G"	"9/2"	"3d6.(3G).4p"	"y 2F*"	"7/2"		"T6892c83"	"L18349c143"	
"276.63724"	"0.00006"	"276.63732"	"0.00003"	"900"	"6.0e+07"	"6.9e-02"	"-0.56"	D+	"72524.561"	"108662.300"	"3d6.(3D).4p"	"w 4D*"	"3/2"	"3d6.(3D).5s"	"4D"	"3/2"		"T6892c83"	"L18349c139"	
"276.64479"	"0.00015"	"276.644639"	"0.000013"	"900"	"3.2e+06"	"4.4e-03"	"-1.36"	D+	"62158.126"	"98294.909"	"3d6.(3F2).4p"	"y 4F*"	"9/2"	"3d6.(3H).5s"	"e 4H"	"11/2"		"T6892c83"	"L18349c139"	
"276.74151"	"0.00017"	"276.741602"	"0.000012"	"2400"	"8.e+06"	"1.3e-02"	"-1.27"	D+	"42401.3198"	"78525.442"	"3d6.(5D).4p"	"z 6F*"	"3/2"	"3d6.(5D).5s"	"e 6D"	"5/2"		"T6892c83"	"L18349c139"	
""	""	"276.750231"	"0.000008"	""	"1.58e+08"	"2.12e-01"	"0.41"	B+	"26170.1810"	"62293.177"	"3d6.(3H).4s"	"b 2H"	"11/2"	"3d6.(3H).4p"	"z 2I*"	"13/2"		"T6892c83"	""	
"276.751209"	"0.000014"	"276.751188"	"0.000012"	"130000"	"1.47e+08"	"1.35e-01"	"0.13"	B+	"42114.8380"	"78237.709"	"3d6.(5D).4p"	"z 6F*"	"9/2"	"3d6.(5D).5s"	"e 6D"	"7/2"		"T6892c83"	"L18349c139"	
"276.82122"	"0.00011"	"276.821189"	"0.000023"	"330"	"1.7e+07"	"2.9e-02"	"-0.94"	D+	"74498.093"	"110611.830"	"3d6.(3D).4p"	"x 2D*"	"3/2"	"3d6.(3G).4d"	"2F"	"5/2"		"T6892c83"	"L18349c139"	
"276.83326"	"0.00015"	"276.833339"	"0.000018"	"1600"	"2.7e+06"	"4.7e-03"	"-1.72"	D+	"36126.412"	"72238.564"	"3d6.(3D).4s"	"b 2D"	"3/2"	"3d6.(3D).4p"	"w 4F*"	"5/2"		"T6892c83"	"L18349c139"	
"276.87862"	"0.00010"	"276.878594"	"0.000015"	"1600bl(Fe I)"	"4.0e+07"	"4.6e-02"	"-0.74"	D+	"62962.215"	"99068.465"	"3d6.(3P2).4p"	"y 4D*"	"3/2"	"3d6.(3P2).5s"	"2P"	"3/2"		"T6892c83"	"L18349c148"	
"276.89343"	"0.00002"	"276.893431"	"0.000012"	"13000"	"4.8e+06"	"8.2e-03"	"-1.48"	B	"8680.4706"	"44784.7859"	"3d6.(5D).4s"	"a 4D"	"3/2"	"3d6.(5D).4p"	"z 4D*"	"5/2"		"T7589"	"L18349c139"	
"276.91524"	"0.00005"	"276.915233"	"0.000013"	"6000bl(Fe I)"	"6.6e+06"	"9.e-03"	"-1.12"	D+	"25981.6451"	"62083.118"	"3d6.(3G).4s"	"a 4G"	"7/2"	"3d6.(3H).4p"	"z 2G*"	"9/2"		"T6892c83"	"L18349c148"	
"276.93324"	"0.00006"	"276.933321"	"0.000023"	"4000"	"1.0e+07"	"1.5e-02"	"-1.04"	D+	"36252.931"	"72352.046"	"3d6.(3D).4s"	"b 2D"	"5/2"	"3d6.(3D).4p"	"w 4F*"	"7/2"		"T6892c83"	"L18349c139"	
"276.93556"	"0.00002"	"276.935579"	"0.000013"	"17000"	"2.07e+07"	"2.8e-02"	"-0.48"	C+	"25428.7893"	"61527.610"	"3d6.(3G).4s"	"a 4G"	"11/2"	"3d6.(3H).4p"	"z 4I*"	"13/2"		"T6892c83"	"L18349c139"	
"276.98091"	"0.00006"	"276.980888"	"0.000023"	"900"	"5.3e+07"	"6.1e-02"	"-0.44"	C+	"72619.499"	"108712.415"	"3d6.(3D).4p"	"w 4D*"	"5/2"	"3d6.(3D).5s"	"4D"	"5/2"		"T6892c83"	"L18349c139"	
"276.98336"	"0.00004"	"276.983366"	"0.000013"	"2600"	"8.7e+07"	"8.3e-02"	"-0.00"	C+	"67516.328"	"103608.921"	"3d6.(3G).4p"	"y 2H*"	"11/2"	"3d6.(3G).5s"	"e 2G"	"9/2"		"T6892c83"	"L18349c139"	
"277.0297"	"0.0005"	"277.029545"	"0.000023"	"800"	"7.1e+06"	"4.1e-03"	"-1.79"	D+	"36126.412"	"72212.989"	"3d6.(3D).4s"	"b 2D"	"3/2"	"3d6.(3D).4p"	"w 4P*"	"1/2"		"T6892c83"	"L18349c143"	
"277.05052"	"0.00009"	"277.050554"	"0.000013"	"3100bl(Fe II)*"	"4.08e+06"	"3.92e-03"	"-1.328"	C	"25428.7893"	"61512.630"	"3d6.(3G).4s"	"a 4G"	"11/2"	"3d6.(3H).4p"	"z 4I*"	"9/2"		"T7158"	"L18349c148"	
"277.11846"	"0.00012"	"277.118476"	"0.000013"	"2700"	"4.3e+06"	"6.0e-03"	"-1.22"	D+	"30388.5451"	"66463.542"	"3d6.(3G).4s"	"b 2G"	"9/2"	"3d6.(3G).4p"	"y 4H*"	"11/2"		"T6892c83"	"L18349c139"	
"277.15514"	"0.00012"	"277.155393"	"0.000015"	"1900"	"1.9e+06"	"1.4e-03"	"-2.1"	D	"26055.4120"	"62125.604"	"3d6.(3G).4s"	"a 4G"	"5/2"	"3d6.(3P2).4p"	"z 2D*"	"3/2"		"T6892c83"	"L18349c139"	
"277.2122"	"0.0005"	"277.21161"	"0.00003"	"400"	"1.7e+06"	"1.9e-03"	"-2.1"	D	"72043.060"	"108105.938"	"3d6.(3D).4p"	"w 4P*"	"3/2"	"3d6.(3F2).4d"	"2P"	"3/2"		"T6892c83"	"L18349c143"	
"277.22985"	"0.00003"	"277.229880"	"0.000023"	"1900bl(Fe II)*"	"9.0e+07"	"7.8e-02"	"-0.21"	C+	"72651.914"	"108712.415"	"3d6.(3D).4p"	"w 4D*"	"7/2"	"3d6.(3D).5s"	"4D"	"5/2"		"T6892c83"	"L18349c148"	
"277.2723"	"0.0005"	"277.272567"	"0.000012"	"1000d?"	"1.1e+05"	"1.6e-04"	"-3.0"	E	"8391.9554"	"44446.9051"	"3d6.(5D).4s"	"a 4D"	"5/2"	"3d6.(5D).4p"	"z 4D*"	"7/2"		"T6892c83"	"L18349c143"	
"277.36604"	"0.00005"	"277.36603"	"0.00003"	"1100"	"8.6e+07"	"6.6e-02"	"-0.40"	C+	"72619.499"	"108662.300"	"3d6.(3D).4p"	"w 4D*"	"5/2"	"3d6.(3D).5s"	"4D"	"3/2"		"T6892c83"	"L18349c139"	
"277.46858"	"0.00003"	"277.468583"	"0.000016"	"11000"	"2.7e+07"	"6.3e-02"	"-0.90"	D+	"26932.7348"	"62962.215"	"3d6.(3P2).4s"	"b 2P"	"1/2"	"3d6.(3P2).4p"	"y 4D*"	"3/2"		"T6892c83"	"L18349c139"	
"277.51870"	"0.00012"	"277.518877"	"0.000016"	"400"	"2.3e+06"	"2.6e-03"	"-1.80"	D+	"72619.499"	"108642.450"	"3d6.(3D).4p"	"w 4D*"	"5/2"	"3d6.(3G).4d"	"4D"	"5/2"		"T6892c83"	"L18349c139"	
"277.5289"	"0.0005"	"277.52868"	"0.00003"	"110"	"4.8e+06"	"4.6e-03"	"-1.25"	D+	"73603.537"	"109625.216"	"3d6.(1I).4p"	"w 2H*"	"11/2"	"3d6.(3G).4d"	"2G"	"9/2"		"T6892c83"	"L18349c143"	
"277.5350"	"0.0005"	"277.533995"	"0.000013"	"1000"	"1.5e+04"	"1.7e-05"	"-4.0"	E	"2837.9807"	"38858.9696"	"3d7"	"a 4F"	"5/2"	"3d6.(5D).4p"	"z 6D*"	"5/2"		"T6892c83"	"L18349c143"	
"277.5926"	"0.0005"	"277.593267"	"0.000016"	"110d?"	"6.6e+06"	"8.e-03"	"-1.22"	D+	"72352.046"	"108365.344"	"3d6.(3D).4p"	"w 4F*"	"7/2"	"3d6.(3G).4d"	"4D"	"7/2"		"T6892c83"	"L18349c143"	
"277.61780"	"0.00015"	"277.617798"	"0.000013"	"2100"	"2.7e+06"	"4.1e-03"	"-1.61"	B	"26055.4120"	"62065.528"	"3d6.(3G).4s"	"a 4G"	"5/2"	"3d6.(3F2).4p"	"y 4F*"	"7/2"		"T7461"	"L18349c139"	
"277.68236"	"0.00016"	"277.682452"	"0.000014"	"800bl(Fe II)*"	"5.6e+06"	"5.6e-03"	"-1.11"	D+	"62293.177"	"98294.909"	"3d6.(3H).4p"	"z 2I*"	"13/2"	"3d6.(3H).5s"	"e 4H"	"11/2"		"T6892c83"	"L18349c148"	
"277.69078"	"0.00003"	"277.690787"	"0.000013"	"11000"	"4.1e+07"	"4.7e-02"	"-0.42"	C+	"42237.0575"	"78237.709"	"3d6.(5D).4p"	"z 6F*"	"7/2"	"3d6.(5D).5s"	"e 6D"	"7/2"		"T7466"	"L18349c139"	
"277.78883"	"0.00008"	"277.788838"	"0.000013"	"4000bl(Fe I)"	"1.0e+06"	"1.0e-03"	"-1.9"	D	"26170.1810"	"62158.126"	"3d6.(3H).4s"	"b 2H"	"11/2"	"3d6.(3F2).4p"	"y 4F*"	"9/2"		"T6892c83"	"L18349c148"	
"277.82933"	"0.00008"	"277.829247"	"0.000013"	"4000"	"9.5e+07"	"8.8e-02"	"-0.06"	C+	"68000.785"	"103983.496"	"3d6.(3G).4p"	"y 2H*"	"9/2"	"3d6.(3G).5s"	"e 2G"	"7/2"		"T6892c83"	"L18349c139"	
"277.8546"	"0.0005"	"277.854723"	"0.000019"	"500"	"2.3e+06"	"2.6e-03"	"-1.50"	D+	"54232.201"	"90211.613"	"3d5.4s2"	"b 4G"	"11/2"	"3d6.(3F1).4p"	"4G*"	"11/2"		"T6892c83"	"L18349c142"	
"277.9044"	"0.0005"	"277.904274"	"0.000013"	"120d?"	"3.2e+05"	"4.5e-04"	"-2.3"	D	"68000.785"	"103973.782"	"3d6.(3G).4p"	"y 2H*"	"9/2"	"3d6.(3H).4d"	"4K"	"11/2"		"T6892c83"	"L18349c142"	
"277.92998"	"0.00007"	"277.929919"	"0.000013"	"13000"	"1.00e+08"	"9.3e-02"	"-0.03"	C+	"26352.7671"	"62322.445"	"3d6.(3H).4s"	"b 2H"	"9/2"	"3d6.(3H).4p"	"z 2G*"	"7/2"		"T6892c83"	"L18349c139"	
"277.97816"	"0.00015"	"277.978067"	"0.000023"	"1000"	"1.5e+07"	"2.3e-02"	"-0.85"	D+	"74606.864"	"110570.312"	"3d6.(3D).4p"	"x 2D*"	"5/2"	"3d6.(3G).4d"	"2F"	"7/2"		"T6892c83"	"L18349c139"	
"277.99066"	"0.00007"	"277.99052"	"0.00003"	"13000"	"2.6e+07"	"5.9e-02"	"-0.93"	D+	"37227.277"	"73189.114"	"3d6.(1S2).4s"	"a 2S"	"1/2"	"3d6.(3D).4p"	"y 2P*"	"3/2"		"T6892c83"	"L18349c139"	
"278.00438"	"0.00012"	"278.00441"	"0.00003"	"9000"	"3.3e+07"	"3.8e-02"	"-1.12"	D+	"37227.277"	"73187.318"	"3d6.(1S2).4s"	"a 2S"	"1/2"	"3d6.(3D).4p"	"y 2P*"	"1/2"		"T6892c83"	"L18349c148"	
"278.3081"	"0.0005"	"278.307719"	"0.000014"	"500d,bl(Fe II)?*"	"6.e+05"	"6.e-04"	"-2.3"	D	"68000.785"	"103921.637"	"3d6.(3G).4p"	"y 2H*"	"9/2"	"3d6.(3H).4d"	"4G"	"7/2"		"T6892c83"	"L18349c143"	
"278.3400"	"0.0005"	"278.34030"	"0.00003"	"800d?"	"1.4e+06"	"1.7e-03"	"-2.2"	D	"36126.412"	"72043.060"	"3d6.(3D).4s"	"b 2D"	"3/2"	"3d6.(3D).4p"	"w 4P*"	"3/2"		"T6892c83"	"L18349c143"	
"278.3474"	"0.0005"	"278.347209"	"0.000014"	"220"	"8.e+05"	"1.3e-03"	"-2.3"	D	"64834.069"	"100749.825"	"3d6.(3P2).4p"	"z 2P*"	"3/2"	"3d6.(3F2).5s"	"e 2F"	"5/2"		"T6892c83"	"L18349c142"	
"278.36904"	"0.00004"	"278.369059"	"0.000013"	"21000"	"1.06e+08"	"1.02e-01"	"0.09"	B+	"26170.1810"	"62083.118"	"3d6.(3H).4s"	"b 2H"	"11/2"	"3d6.(3H).4p"	"z 2G*"	"9/2"		"T6892c83"	"L18349c139"	
"278.3966"	"0.0005"	"278.396653"	"0.000015"	"800d?"	"1.9e+06"	"2.2e-03"	"-2.1"	D	"31364.4554"	"67273.833"	"3d6.(3D).4s"	"b 4D"	"3/2"	"3d6.(3F2).4p"	"y 2D*"	"3/2"		"T6892c83"	"L18349c143"	
"278.42756"	"0.00018"	"278.427651"	"0.000017"	"5000"	"3.4e+06"	"8.e-03"	"-1.80"	D+	"31368.453"	"67273.833"	"3d6.(3D).4s"	"b 4D"	"1/2"	"3d6.(3F2).4p"	"y 2D*"	"3/2"		"T6892c83"	"L18349c139"	
"278.44709"	"0.00014"	"278.447159"	"0.000012"	"5000"	"2.6e+06"	"4.0e-03"	"-1.62"	D+	"42334.8444"	"78237.709"	"3d6.(5D).4p"	"z 6F*"	"5/2"	"3d6.(5D).5s"	"e 6D"	"7/2"		"T6892c83"	"L18349c139"	
"278.48220"	"0.00013"	"278.482256"	"0.000019"	"2100"	"2.7e+07"	"4.7e-02"	"-0.73"	D+	"67273.833"	"103172.173"	"3d6.(3F2).4p"	"y 2D*"	"3/2"	"3d6.(3G).5s"	"f 4G"	"5/2"		"T6892c83"	"L18349c139"	
"278.51920"	"0.00005"	"278.519187"	"0.000013"	"17000"	"1.53e+08"	"1.48e-01"	"0.25"	C+	"41968.0698"	"77861.650"	"3d6.(5D).4p"	"z 6F*"	"11/2"	"3d6.(5D).5s"	"e 6D"	"9/2"		"T7466"	"L18349c139"	
"278.7219"	"0.0005"	"278.722695"	"0.000018"	"110d?"	"4.0e+06"	"3.1e-03"	"-1.73"	D+	"72238.564"	"108105.938"	"3d6.(3D).4p"	"w 4F*"	"5/2"	"3d6.(3F2).4d"	"2P"	"3/2"		"T6892c83"	"L18349c143"	
"278.72405"	"0.00008"	"278.724066"	"0.000012"	"12000"	"1.8e+07"	"1.6e-02"	"-0.89"	D+	"42658.2444"	"78525.442"	"3d6.(5D).4p"	"z 6P*"	"7/2"	"3d6.(5D).5s"	"e 6D"	"5/2"		"T6892c83"	"L18349c139"	
"278.9604"	"0.0005"	"278.959260"	"0.000013"	"160d?"	"2.9e+05"	"3.4e-04"	"-2.3"	D	"62293.177"	"98130.136"	"3d6.(3H).4p"	"z 2I*"	"13/2"	"3d6.(3H).5s"	"e 4H"	"13/2"		"T6892c83"	"L18349c142"	
"279.00452"	"0.00007"	"279.004449"	"0.000013"	"5000"	"9.0e+07"	"7.0e-02"	"-0.38"	C+	"64087.408"	"99918.563"	"3d6.(3F2).4p"	"y 4G*"	"5/2"	"3d6.(3F2).5s"	"f 4F"	"3/2"		"T6892c83"	"L18349c139"	
"279.0183"	"0.0005"	"279.01858"	"0.00003"	"700d?"	"1.9e+06"	"2.3e-03"	"-1.9"	D	"48039.109"	"83868.450"	"3d7"	"d 2D1"	"5/2"	"3d6.(1F).4p"	"v 2D*"	"5/2"		"T6892c83"	"L18349c143"	
"279.0558"	"0.0004"	"279.055749"	"0.000014"	"4000"	"2.1e+06"	"3.1e-03"	"-1.60"	D+	"30764.4737"	"66589.042"	"3d6.(3G).4s"	"b 2G"	"7/2"	"3d6.(3G).4p"	"y 4H*"	"9/2"		"T6892c83"	"L18349c139"	
"279.10039"	"0.00009"	"279.100248"	"0.000014"	"8000"	"6.e+05"	"6.e-04"	"-2.2"	D	"26352.7671"	"62171.624"	"3d6.(3H).4s"	"b 2H"	"9/2"	"3d5.(6S).4s.4p.(3P*)"	"y 6P*"	"7/2"		"T6892c83"	"L18349c139"	
"279.1644"	"0.0005"	"279.164580"	"0.000013"	"220"	"5.e+05"	"5.e-04"	"-2.2"	D	"54232.201"	"90042.804"	"3d5.4s2"	"b 4G"	"11/2"	"3d6.(5D).5p"	"4F*"	"9/2"		"T6892c83"	"L18349c142"	
"279.2964"	"0.0005"	"279.296410"	"0.000013"	"700"	"1.8e+06"	"2.1e-03"	"-1.68"	D+	"54273.656"	"90067.357"	"3d5.4s2"	"b 4G"	"9/2"	"3d6.(3F1).4p"	"4G*"	"9/2"		"T6892c83"	"L18349c143"	
"279.32418"	"0.00016"	"279.32429"	"0.00003"	"3600"	"5.1e+06"	"4.0e-03"	"-1.62"	D+	"36252.931"	"72043.060"	"3d6.(3D).4s"	"b 2D"	"5/2"	"3d6.(3D).4p"	"w 4P*"	"3/2"		"T6892c83"	"L18349c139"	
"279.33680"	"0.00007"	"279.336790"	"0.000023"	"2300"	"3.3e+07"	"3.8e-02"	"-0.52"	D+	"73016.184"	"108804.711"	"3d6.(1G2).4p"	"x 2F*"	"7/2"	"3d6.(3D).5s"	"4D"	"7/2"		"T6892c83"	"L18349c139"	
"279.37871"	"0.00005"	"279.378689"	"0.000012"	"8000bl(Fe II)*"	"9.4e+07"	"8.3e-02"	"-0.18"	C+	"64040.891"	"99824.051"	"3d6.(3F2).4p"	"y 4G*"	"7/2"	"3d6.(3F2).5s"	"f 4F"	"5/2"		"T6892c83"	"L18349c148"	
"279.37871"	"0.00005"	"279.378705"	"0.000014"	"8000bl(Fe II)*"	"2.6e+06"	"2.5e-03"	"-1.52"	D+	"62662.252"	"98445.410"	"3d6.(3H).4p"	"z 2I*"	"11/2"	"3d6.(3H).5s"	"e 4H"	"9/2"		"T6892c83"	"L18349c148"	
"279.38872"	"0.00004"	"279.388699"	"0.000013"	"21000"	"1.3e+07"	"1.8e-02"	"-0.75"	D+	"25805.3270"	"61587.205"	"3d6.(3G).4s"	"a 4G"	"9/2"	"3d6.(3H).4p"	"z 4I*"	"11/2"		"T6892c83"	"L18349c139"	
"279.39288"	"0.00005"	"279.392861"	"0.000013"	"10000"	"1.59e+08"	"1.40e-01"	"0.05"	C+	"61726.069"	"97507.414"	"3d6.(3P2).4p"	"y 4D*"	"7/2"	"3d6.(3P2).5s"	"4P"	"5/2"		"T6892c83"	"L18349c139"	
"279.5770"	"0.0005"	"279.576555"	"0.000014"	"800d?"	"8.e+05"	"7.e-04"	"-2.2"	D	"30764.4737"	"66522.310"	"3d6.(3G).4s"	"b 2G"	"7/2"	"3d6.(3G).4p"	"x 4F*"	"5/2"		"T6892c83"	"L18349c143"	
"279.66285"	"0.00004"	"279.662781"	"0.000013"	"22000"	"2.0e+07"	"2.4e-02"	"-0.63"	C	"42114.8380"	"77861.650"	"3d6.(5D).4p"	"z 6F*"	"9/2"	"3d6.(5D).5s"	"e 6D"	"9/2"		"T7466"	"L18349c139"	
"279.71959"	"0.00004"	"279.719594"	"0.000012"	"11000"	"1.03e+08"	"9.7e-02"	"-0.01"	C+	"63948.803"	"99688.355"	"3d6.(3F2).4p"	"y 4G*"	"9/2"	"3d6.(3F2).5s"	"f 4F"	"7/2"		"T6892c83"	"L18349c139"	
"279.7427"	"0.0005"	"279.742364"	"0.000013"	"180d?"	"2.4e+06"	"2.9e-03"	"-1.76"	D+	"64087.408"	"99824.051"	"3d6.(3F2).4p"	"y 4G*"	"5/2"	"3d6.(3F2).5s"	"f 4F"	"5/2"		"T6892c83"	"L18349c143"	
""	""	"279.762405"	"0.000024"	""	"2.5e-03"	"2.2e-12"	"-10.76"	E	"2430.1369"	"38164.220"	"3d7"	"a 4F"	"7/2"	"3d6.(1D2).4s"	"c 2D"	"5/2"	M1	"T8961"	""	
"279.79166"	"0.00008"	"279.791629"	"0.000013"	"9000"	"3.2e+06"	"3.8e-03"	"-1.42"	D+	"26352.7671"	"62083.118"	"3d6.(3H).4s"	"b 2H"	"9/2"	"3d6.(3H).4p"	"z 2G*"	"9/2"		"T6892c83"	"L18349c139"	
"279.90044"	"0.00015"	"279.900452"	"0.000017"	"1000"	"2.1e+07"	"2.1e-02"	"-0.53"	D+	"73966.843"	"109683.303"	"3d6.(1I).4p"	"y 2I*"	"13/2"	"3d6.(3G).4d"	"2H"	"11/2"		"T6892c83"	"L18349c139"	
"279.91457"	"0.00011"	"279.914669"	"0.000017"	"1700bl(Fe I)"	"2.4e+07"	"2.3e-02"	"-0.65"	D+	"72650.698"	"108365.344"	"3d6.(3D).4p"	"w 4F*"	"9/2"	"3d6.(3G).4d"	"4D"	"7/2"		"T6892c83"	"L18349c148"	
"279.92921"	"0.00017"	"279.929445"	"0.000013"	"5000"	"1.55e+07"	"1.46e-02"	"-0.84"	B	"26352.7671"	"62065.528"	"3d6.(3H).4s"	"b 2H"	"9/2"	"3d6.(3F2).4p"	"y 4F*"	"7/2"		"T7461"	"L18349c139"	
"279.9374"	"0.0005"	"279.936829"	"0.000024"	"700"	"2.4e+06"	"2.9e-03"	"-1.76"	D+	"36252.931"	"71964.750"	"3d6.(3D).4s"	"b 2D"	"5/2"	"3d6.(3D).4p"	"w 4P*"	"5/2"		"T6892c83"	"L18349c143"	
"279.9724"	"0.0005"	"279.972235"	"0.000013"	"800d?"	"5.e+05"	"6.e-04"	"-2.2"	D	"25805.3270"	"61512.630"	"3d6.(3G).4s"	"a 4G"	"9/2"	"3d6.(3H).4p"	"z 4I*"	"9/2"		"T6892c83"	"L18349c143"	
"279.9969"	"0.0005"	"279.997682"	"0.000014"	"130d?"	"3.8e+06"	"4.5e-03"	"-1.35"	D+	"70314.624"	"106018.682"	"3d6.(3G).4p"	"x 2G*"	"9/2"	"3d6.(3H).4d"	"2H"	"9/2"		"T6892c83"	"L18349c143"	
"280.05357"	"0.00017"	"280.053681"	"0.000014"	"2200"	"9.3e+07"	"9.1e-02"	"0.04"	C+	"63876.325"	"99573.244"	"3d6.(3F2).4p"	"y 4G*"	"11/2"	"3d6.(3F2).5s"	"f 4F"	"9/2"		"T6892c83"	"L18349c139"	
"280.14833"	"0.00016"	"280.148167"	"0.000014"	"1400"	"5.6e+06"	"4.9e-03"	"-1.40"	D+	"70523.694"	"106208.574"	"3d6.(3G).4p"	"x 2G*"	"7/2"	"3d6.(3F2).4d"	"2F"	"5/2"		"T6892c83"	"L18349c139"	
"280.34286"	"0.00015"	"280.343055"	"0.000014"	"2500"	"1.30e+08"	"1.22e-01"	"0.09"	B+	"64831.951"	"100492.025"	"3d6.(3F2).4p"	"y 2G*"	"9/2"	"3d6.(3F2).5s"	"e 2F"	"7/2"		"T6892c83"	"L18349c139"	
"280.3799"	"0.0005"	"280.379374"	"0.000024"	"100d?"	"3.4e+06"	"3.4e-03"	"-1.39"	D+	"73969.761"	"109625.216"	"3d6.(1I).4p"	"y 2I*"	"11/2"	"3d6.(3G).4d"	"2G"	"9/2"		"T6892c83"	"L18349c143"	
"280.40221"	"0.00010"	"280.402003"	"0.000014"	"6000"	"1.6e+06"	"1.9e-03"	"-2.0"	D	"27620.4033"	"63272.981"	"3d6.(3F2).4s"	"a 2F"	"5/2"	"3d6.(3F2).4p"	"x 4D*"	"5/2"		"T6892c83"	"L18349c139"	
"280.49965"	"0.00012"	"280.499910"	"0.000014"	"2400"	"1.39e+08"	"1.23e-01"	"-0.01"	C+	"65109.691"	"100749.825"	"3d6.(3F2).4p"	"y 2G*"	"7/2"	"3d6.(3F2).5s"	"e 2F"	"5/2"		"T6892c83"	"L18349c139"	
"280.5121"	"0.0005"	"280.51196"	"0.00003"	"100d"	"9.e+06"	"1.3e-02"	"-0.89"	D+	"73751.276"	"109389.879"	"3d6.(1I).4p"	"w 2H*"	"9/2"	"3d6.(3G).4d"	"2I"	"11/2"		"T6892c83"	"L18349c143"	
"280.5317"	"0.0002"	"280.531864"	"0.000015"	"3300"	"2.5e+06"	"4.5e-03"	"-1.75"	D+	"31364.4554"	"67000.530"	"3d6.(3D).4s"	"b 4D"	"3/2"	"3d6.(3F2).4p"	"y 2D*"	"5/2"		"T6892c83"	"L18349c139"	
"280.57887"	"0.00018"	"280.578697"	"0.000014"	"5000"	"3.2e+06"	"3.8e-03"	"-1.52"	C+	"27314.9183"	"62945.045"	"3d6.(3F2).4s"	"a 2F"	"7/2"	"3d6.(3F2).4p"	"x 4D*"	"7/2"		"T7461"	"L18349c139"	
"280.7175"	"0.0005"	"280.717175"	"0.000014"	"700"	"1.2e+06"	"1.4e-03"	"-2.1"	D	"31387.9788"	"67000.530"	"3d6.(3D).4s"	"b 4D"	"5/2"	"3d6.(3F2).4p"	"y 2D*"	"5/2"		"T6892c83"	"L18349c142"	
"280.7523"	"0.0005"	"280.751984"	"0.000014"	"140d?"	"1.7e+06"	"2.1e-03"	"-1.69"	D+	"68000.785"	"103608.921"	"3d6.(3G).4p"	"y 2H*"	"9/2"	"3d6.(3G).5s"	"e 2G"	"9/2"		"T6892c83"	"L18349c143"	
"280.7599"	"0.0005"	"280.75968"	"0.00003"	"320"	"1.8e+06"	"2.1e-03"	"-1.77"	D+	"54283.236"	"89890.396"	"3d5.4s2"	"b 4G"	"7/2"	"3d6.(3F1).4p"	"4G*"	"7/2"		"T6892c83"	"L18349c142"	
"280.9435"	"0.0005"	"280.944278"	"0.000016"	"170bl(Ar)"	"6.7e+06"	"8.e-03"	"-1.32"	D+	"69650.481"	"105234.246"	"3d6.(3G).4p"	"y 2F*"	"5/2"	"3d6.(3P2).4d"	"4P"	"5/2"		"T6892c83"	"L18349c142"	
"280.9782"	"0.0002"	"280.978237"	"0.000012"	"4000"	"3.1e+07"	"3.7e-02"	"-0.53"	C	"42658.2444"	"78237.709"	"3d6.(5D).4p"	"z 6P*"	"7/2"	"3d6.(5D).5s"	"e 6D"	"7/2"		"T7466"	"L18349c139"	
"281.0593"	"0.0005"	"281.060361"	"0.000024"	"110d?"	"7.e+05"	"6.e-04"	"-2.3"	D	"73143.346"	"108712.415"	"3d6.(1G2).4p"	"w 2G*"	"7/2"	"3d6.(3D).5s"	"4D"	"5/2"		"T6892c83"	"L18349c143"	
"281.12705"	"0.00014"	"281.126868"	"0.000013"	"4000"	"1.2e+06"	"1.2e-03"	"-1.9"	D	"25428.7893"	"60989.444"	"3d6.(3G).4s"	"a 4G"	"11/2"	"3d6.(3H).4p"	"z 4H*"	"9/2"		"T6892c83"	"L18349c139"	
"281.24956"	"0.00020"	"281.249332"	"0.000016"	"4000"	"2.9e+06"	"3.5e-03"	"-1.9"	D	"25787.5816"	"61332.753"	"3d6.(3P2).4s"	"b 2P"	"3/2"	"3d6.(3P2).4p"	"y 4P*"	"3/2"		"T6892c83"	"L18349c139"	
"281.3081"	"0.0005"	"281.308488"	"0.000012"	"280"	"6.3e+06"	"5.6e-03"	"-1.35"	D+	"64286.354"	"99824.051"	"3d6.(3F2).4p"	"z 2F*"	"7/2"	"3d6.(3F2).5s"	"f 4F"	"5/2"		"T6892c83"	"L18349c143"	
"281.3507"	"0.0005"	"281.350798"	"0.000013"	"180d?"	"5.e+05"	"8.e-04"	"-2.2"	D	"64040.891"	"99573.244"	"3d6.(3F2).4p"	"y 4G*"	"7/2"	"3d6.(3F2).5s"	"f 4F"	"9/2"		"T6892c83"	"L18349c143"	
"281.36170"	"0.00010"	"281.361632"	"0.000014"	"7000"	"3.40e+06"	"5.0e-03"	"-1.394"	C	"25981.6451"	"61512.630"	"3d6.(3G).4s"	"a 4G"	"7/2"	"3d6.(3H).4p"	"z 4I*"	"9/2"		"T7158"	"L18349c139"	
"281.4227"	"0.0005"	"281.422495"	"0.000024"	"110d?"	"2.2e+06"	"3.9e-03"	"-1.81"	D+	"73189.114"	"108712.415"	"3d6.(3D).4p"	"y 2P*"	"3/2"	"3d6.(3D).5s"	"4D"	"5/2"		"T6892c83"	"L18349c143"	
"281.4779"	"0.0005"	"281.476879"	"0.000013"	"130d?"	"5.2e+06"	"6.1e-03"	"-1.31"	D+	"69606.567"	"105123.005"	"3d6.(3G).4p"	"y 2F*"	"7/2"	"3d6.(3H).4d"	"2G"	"7/2"		"T6892c83"	"L18349c143"	
"281.6480"	"0.0005"	"281.646987"	"0.000014"	"120"	"2.5e+06"	"3.7e-03"	"-1.52"	D+	"70523.694"	"106018.682"	"3d6.(3G).4p"	"x 2G*"	"7/2"	"3d6.(3H).4d"	"2H"	"9/2"		"T6892c83"	"L18349c143"	
"281.6627"	"0.0005"	"281.661509"	"0.000014"	"170d"	"1.3e+07"	"1.0e-02"	"-1.22"	D+	"64425.405"	"99918.563"	"3d6.(3F2).4p"	"z 2F*"	"5/2"	"3d6.(3F2).5s"	"f 4F"	"3/2"		"T6892c83"	"L18349c143"	
"281.70868"	"0.00016"	"281.708677"	"0.000012"	"4000"	"3.4e+07"	"2.7e-02"	"-0.79"	D+	"43238.6066"	"78725.822"	"3d6.(5D).4p"	"z 6P*"	"5/2"	"3d6.(5D).5s"	"e 6D"	"3/2"		"T6892c83"	"L18349c139"	
"281.8255"	"0.0005"	"281.825357"	"0.000014"	"130d?"	"3.7e+06"	"5.9e-03"	"-1.45"	D+	"69650.481"	"105123.005"	"3d6.(3G).4p"	"y 2F*"	"5/2"	"3d6.(3H).4d"	"2G"	"7/2"		"T6892c83"	"L18349c143"	
"281.9187"	"0.0005"	"281.917798"	"0.000014"	"130"	"1.0e+07"	"9.e-03"	"-1.04"	D+	"70314.624"	"105775.517"	"3d6.(3G).4p"	"x 2G*"	"9/2"	"3d6.(3F2).4d"	"2F"	"7/2"		"T6892c83"	"L18349c143"	
""	""	"281.934307"	"0.000007"	""	"1.0e+06"	"1.2e-03"	"-1.9"	D	"25428.7893"	"60887.606"	"3d6.(3G).4s"	"a 4G"	"11/2"	"3d6.(3H).4p"	"z 4H*"	"11/2"		"T6892c83"	""	
"281.9911"	"0.0005"	"281.990636"	"0.000015"	"220"	"2.0e+06"	"2.4e-03"	"-1.8"	D	"54275.649"	"89727.383"	"3d5.4s2"	"b 4G"	"5/2"	"3d6.(3F1).4p"	"4G*"	"5/2"		"T6892c83"	"L18349c142"	
"282.06898"	"0.00016"	"282.068995"	"0.000012"	"4000"	"1.1e+07"	"1.0e-02"	"-1.11"	D+	"62065.528"	"97507.414"	"3d6.(3F2).4p"	"y 4F*"	"7/2"	"3d6.(3P2).5s"	"4P"	"5/2"		"T6892c83"	"L18349c139"	
"282.2060"	"0.0003"	"282.205821"	"0.000012"	"2200"	"3.5e+07"	"2.8e-02"	"-0.78"	D+	"62689.874"	"98114.577"	"3d6.(3P2).4p"	"y 4D*"	"5/2"	"3d6.(3P2).5s"	"4P"	"3/2"		"T6892c83"	"L18349c139"	
"282.2428"	"0.0005"	"282.24235"	"0.00003"	"100d"	"4.3e+05"	"5.e-04"	"-2.2"	D	"73969.761"	"109389.879"	"3d6.(1I).4p"	"y 2I*"	"11/2"	"3d6.(3G).4d"	"2I"	"11/2"		"T6892c83"	"L18349c143"	
"282.2673"	"0.0005"	"282.267011"	"0.000014"	"800d?"	"2.6e+05"	"3.1e-04"	"-2.4"	D	"26170.1810"	"61587.205"	"3d6.(3H).4s"	"b 2H"	"11/2"	"3d6.(3H).4p"	"z 4I*"	"11/2"		"T6892c83"	"L18349c143"	
"282.33279"	"0.00007"	"282.332807"	"0.000014"	"8000"	"2.1e+06"	"2.9e-03"	"-1.45"	D+	"25428.7893"	"60837.560"	"3d6.(3G).4s"	"a 4G"	"11/2"	"3d6.(3H).4p"	"z 4H*"	"13/2"		"T6892c83"	"L18349c139"	
"282.3874"	"0.0005"	"282.386798"	"0.000012"	"170?"	"3.0e+06"	"3.6e-03"	"-1.54"	D+	"64286.354"	"99688.355"	"3d6.(3F2).4p"	"z 2F*"	"7/2"	"3d6.(3F2).5s"	"f 4F"	"7/2"		"T6892c83"	"L18349c143"	
"282.4146"	"0.0005"	"282.413563"	"0.000012"	"140d?"	"2.1e+06"	"2.5e-03"	"-1.82"	D+	"64425.405"	"99824.051"	"3d6.(3F2).4p"	"z 2F*"	"5/2"	"3d6.(3F2).5s"	"f 4F"	"5/2"		"T6892c83"	"L18349c142"	
"282.4577"	"0.0005"	"282.456868"	"0.000012"	"700bl(Fe I)"	"3.7e+06"	"3.0e-03"	"-1.75"	D+	"44784.7859"	"80178.005"	"3d6.(5D).4p"	"z 4D*"	"5/2"	"3d6.(5D).5s"	"e 4D"	"3/2"		"T6892c83"	"L18349c143"	
"282.5745"	"0.0005"	"282.574791"	"0.000013"	"800d,bl"	"1.4e+06"	"1.4e-03"	"-1.78"	D+	"25428.7893"	"60807.239"	"3d6.(3G).4s"	"a 4G"	"11/2"	"3d6.(3H).4p"	"z 4G*"	"9/2"		"T6892c83"	"L18349c143"	
""	""	"282.590187"	"0.000025"	""	"2.1e-03"	"1.7e-12"	"-11.00"	E	"2837.9807"	"38214.503"	"3d7"	"a 4F"	"5/2"	"3d6.(1D2).4s"	"c 2D"	"3/2"	M1+E2	"T8961"	""	
"282.60258"	"0.00014"	"282.602703"	"0.000013"	"5000"	"4.5e+06"	"4.0e-03"	"-1.49"	D+	"27314.9183"	"62689.874"	"3d6.(3F2).4s"	"a 2F"	"7/2"	"3d6.(3P2).4p"	"y 4D*"	"5/2"		"T6892c83"	"L18349c139"	
"282.7427"	"0.0002"	"282.742796"	"0.000013"	"4000"	"2.4e+06"	"3.3e-03"	"-1.40"	D+	"26170.1810"	"61527.610"	"3d6.(3H).4s"	"b 2H"	"11/2"	"3d6.(3H).4p"	"z 4I*"	"13/2"		"T6892c83"	"L18349c139"	
"282.86286"	"0.00010"	"282.862643"	"0.000014"	"6000"	"6.9e+06"	"6.9e-03"	"-1.081"	C	"26170.1810"	"61512.630"	"3d6.(3H).4s"	"b 2H"	"11/2"	"3d6.(3H).4p"	"z 4I*"	"9/2"		"T7158"	"L18349c139"	
"282.86799"	"0.00014"	"282.867744"	"0.000015"	"4000"	"9.e+06"	"7.1e-03"	"-1.37"	D+	"27620.4033"	"62962.215"	"3d6.(3F2).4s"	"a 2F"	"5/2"	"3d6.(3P2).4p"	"y 4D*"	"3/2"		"T6892c83"	"L18349c139"	
""	""	"282.992443"	"0.000025"	""	"7.2e-03"	"8.7e-12"	"-10.28"	E	"2837.9807"	"38164.220"	"3d7"	"a 4F"	"5/2"	"3d6.(1D2).4s"	"c 2D"	"5/2"	E2	"T9907"	""	
"283.0924"	"0.0005"	"283.092146"	"0.000015"	"800d,bl(Fe I)?"	"7.e+05"	"7.e-04"	"-2.3"	D	"30764.4737"	"66078.272"	"3d6.(3G).4s"	"b 2G"	"7/2"	"3d6.(3G).4p"	"x 4G*"	"5/2"		"T6892c83"	"L18349c143"	
"283.1228"	"0.0005"	"283.122720"	"0.000014"	"130d?"	"3.4e+05"	"5.e-04"	"-2.4"	D	"69606.567"	"104916.552"	"3d6.(3G).4p"	"y 2F*"	"7/2"	"3d6.(3F2).4d"	"4F"	"9/2"		"T6892c83"	"L18349c143"	
"283.156080"	"0.000018"	"283.156086"	"0.000013"	"50000"	"7.6e+07"	"1.38e-01"	"-0.26"	C+	"25787.5816"	"61093.406"	"3d6.(3P2).4s"	"b 2P"	"3/2"	"3d6.(3P2).4p"	"z 2D*"	"5/2"		"T6892c83"	"L18349c139"	
"283.18795"	"0.00017"	"283.187819"	"0.000014"	"4000"	"1.4e+07"	"9.e-03"	"-1.47"	D+	"45044.1916"	"80346.060"	"3d6.(5D).4p"	"z 4D*"	"3/2"	"3d6.(5D).5s"	"e 4D"	"1/2"		"T6892c83"	"L18349c139"	
"283.30852"	"0.00008"	"283.308469"	"0.000012"	"9000"	"4.5e+07"	"5.5e-02"	"-0.48"	C+	"43238.6066"	"78525.442"	"3d6.(5D).4p"	"z 6P*"	"5/2"	"3d6.(5D).5s"	"e 6D"	"5/2"		"T6892c83"	"L18349c139"	
"283.3190"	"0.0005"	"283.319143"	"0.000015"	"190d?"	"2.3e+06"	"6.e-03"	"-2.0"	D	"62829.071"	"98114.577"	"3d6.(3P2).4p"	"y 4D*"	"1/2"	"3d6.(3P2).5s"	"4P"	"3/2"		"T6892c83"	"L18349c143"	
"283.5007"	"0.0005"	"283.500378"	"0.000012"	"140d?"	"1.1e+06"	"1.8e-03"	"-2.0"	D	"64425.405"	"99688.355"	"3d6.(3F2).4p"	"z 2F*"	"5/2"	"3d6.(3F2).5s"	"f 4F"	"7/2"		"T6892c83"	"L18349c142"	
"283.5101"	"0.0005"	"283.510123"	"0.000024"	"110d?"	"1.2e+06"	"1.5e-03"	"-2.2"	D	"72169.004"	"107430.742"	"3d6.(3D).4p"	"w 4F*"	"3/2"	"3d6.(3F2).4d"	"2D"	"3/2"		"T6892c83"	"L18349c143"	
"283.57112"	"0.00003"	"283.571128"	"0.000014"	"23000"	"5.1e+07"	"9.3e-02"	"-0.43"	C+	"25787.5816"	"61041.734"	"3d6.(3P2).4s"	"b 2P"	"3/2"	"3d6.(3H).4p"	"z 4G*"	"5/2"		"T6892c83"	"L18349c139"	
"283.5905"	"0.0005"	"283.589867"	"0.000014"	"120d?"	"1.8e+06"	"2.1e-03"	"-1.77"	D+	"70523.694"	"105775.517"	"3d6.(3G).4p"	"x 2G*"	"7/2"	"3d6.(3F2).4d"	"2F"	"7/2"		"T6892c83"	"L18349c143"	
"283.6185"	"0.0015"	"283.618988"	"0.000011"	"3300"	"5.4e+06"	"6.5e-03"	"-1.59"	D+	"31364.4554"	"66612.659"	"3d6.(3D).4s"	"b 4D"	"3/2"	"3d6.(3G).4p"	"x 4F*"	"3/2"		"T6892c83"	"L7357"	
"283.65133"	"0.00018"	"283.651160"	"0.000018"	"3400"	"1.0e+07"	"2.4e-02"	"-1.32"	D+	"31368.453"	"66612.659"	"3d6.(3D).4s"	"b 4D"	"1/2"	"3d6.(3G).4p"	"x 4F*"	"3/2"		"T6892c83"	"L18349c139"	
"283.72983"	"0.00019"	"283.729801"	"0.000015"	"2500"	"1.9e+06"	"2.8e-03"	"-1.55"	D+	"26352.7671"	"61587.205"	"3d6.(3H).4s"	"b 2H"	"9/2"	"3d6.(3H).4p"	"z 4I*"	"11/2"		"T6892c83"	"L18349c139"	
"283.82151"	"0.00008"	"283.821563"	"0.000013"	"8000"	"9.e+07"	"5.2e-02"	"-0.68"	D+	"43620.9842"	"78844.031"	"3d6.(5D).4p"	"z 6P*"	"3/2"	"3d6.(5D).5s"	"e 6D"	"1/2"		"T6892c83"	"L18349c139"	
"283.951279"	"0.000017"	"283.951284"	"0.000012"	"50000"	"1.46e+08"	"1.42e-01"	"0.15"	C+	"44232.5398"	"79439.496"	"3d6.(5D).4p"	"z 4F*"	"9/2"	"3d6.(5D).5s"	"e 4D"	"7/2"		"T7466"	"L18349c139"	
"283.97994"	"0.00002"	"283.979925"	"0.000012"	"30000"	"5.8e+07"	"8.8e-02"	"-0.15"	C+	"42658.2444"	"77861.650"	"3d6.(5D).4p"	"z 6P*"	"7/2"	"3d6.(5D).5s"	"e 6D"	"9/2"		"T7466"	"L18349c139"	
"284.0023"	"0.0005"	"284.002173"	"0.000013"	"130d?"	"4.5e+06"	"6.8e-03"	"-1.26"	D+	"69606.567"	"104807.215"	"3d6.(3G).4p"	"y 2F*"	"7/2"	"3d6.(3H).4d"	"2G"	"9/2"		"T6892c83"	"L18349c143"	
"284.03433"	"0.00008"	"284.034380"	"0.000013"	"7000"	"8.e+06"	"9.e-03"	"-0.95"	D+	"25428.7893"	"60625.446"	"3d6.(3G).4s"	"a 4G"	"11/2"	"3d6.(3H).4p"	"z 4G*"	"11/2"		"T6892c83"	"L18349c139"	
"284.064951"	"0.000019"	"284.064950"	"0.000015"	"40000"	"7.6e+07"	"1.85e-01"	"-0.43"	C+	"26932.7348"	"62125.604"	"3d6.(3P2).4s"	"b 2P"	"1/2"	"3d6.(3P2).4p"	"z 2D*"	"3/2"		"T6892c83"	"L18349c139"	
"284.07580"	"0.00005"	"284.075842"	"0.000013"	"12000"	"1.5e+07"	"2.2e-02"	"-0.67"	D+	"30388.5451"	"65580.065"	"3d6.(3G).4s"	"b 2G"	"9/2"	"3d6.(3G).4p"	"x 4G*"	"11/2"		"T6892c83"	"L18349c139"	
"284.1358"	"0.0005"	"284.135615"	"0.000013"	"800"	"4.3e+05"	"5.e-04"	"-2.3"	D	"25805.3270"	"60989.444"	"3d6.(3G).4s"	"a 4G"	"9/2"	"3d6.(3H).4p"	"z 4H*"	"9/2"		"T6892c83"	"L18349c143"	
"284.2075"	"0.0005"	"284.207794"	"0.000013"	"1000"	"1.5e+06"	"1.8e-03"	"-1.8"	D	"25981.6451"	"61156.827"	"3d6.(3G).4s"	"a 4G"	"7/2"	"3d6.(3H).4p"	"z 4H*"	"7/2"		"T6892c83"	"L18349c143"	
"284.2687"	"0.0005"	"284.268053"	"0.000015"	"1000"	"4.5e+05"	"5.e-04"	"-2.3"	D	"30388.5451"	"65556.271"	"3d6.(3G).4s"	"b 2G"	"9/2"	"3d6.(3H).4p"	"z 2H*"	"9/2"		"T6892c83"	"L18349c143"	
"284.3317"	"0.0003"	"284.331628"	"0.000015"	"2400"	"1.40e+06"	"1.70e-03"	"-1.77"	C	"26352.7671"	"61512.630"	"3d6.(3H).4s"	"b 2H"	"9/2"	"3d6.(3H).4p"	"z 4I*"	"9/2"		"T7158"	"L18349c139"	
"284.3485"	"0.0015"	"284.347871"	"0.000010"	"5000"	"1.0e+07"	"1.7e-02"	"-1.16"	D+	"31364.4554"	"66522.310"	"3d6.(3D).4s"	"b 4D"	"3/2"	"3d6.(3G).4p"	"x 4F*"	"5/2"		"T6892c83"	"L7357"	
"284.37813"	"0.00009"	"284.377854"	"0.000024"	"600"	"1.2e+07"	"2.1e-02"	"-1.07"	D+	"74498.093"	"109652.241"	"3d6.(3D).4p"	"x 2D*"	"3/2"	"3d6.(3D).5s"	"2D"	"5/2"		"T6892c83"	"L18349c139"	
"284.39214"	"0.00005"	"284.392303"	"0.000013"	"6000bl(Fe I)"	"4.4e+06"	"5.3e-03"	"-1.67"	D+	"62962.215"	"98114.577"	"3d6.(3P2).4p"	"y 4D*"	"3/2"	"3d6.(3P2).5s"	"4P"	"3/2"		"T6892c83"	"L18349c148"	
"284.49578"	"0.00015"	"284.495678"	"0.000014"	"5000"	"5.5e+07"	"6.7e-02"	"-0.87"	D+	"45206.4704"	"80346.060"	"3d6.(5D).4p"	"z 4D*"	"1/2"	"3d6.(5D).5s"	"e 4D"	"1/2"		"T6892c83"	"L18349c139"	
"284.53811"	"0.00014"	"284.538259"	"0.000014"	"3100"	"5.6e+06"	"6.8e-03"	"-1.39"	D+	"31387.9788"	"66522.310"	"3d6.(3D).4s"	"b 4D"	"5/2"	"3d6.(3G).4p"	"x 4F*"	"5/2"		"T6892c83"	"L18349c139"	
"284.54247"	"0.00005"	"284.542453"	"0.000012"	"12000"	"6.1e+07"	"7.4e-02"	"-0.53"	D+	"45044.1916"	"80178.005"	"3d6.(5D).4p"	"z 4D*"	"3/2"	"3d6.(5D).5s"	"e 4D"	"3/2"		"T6892c83"	"L18349c139"	
"284.5485"	"0.0003"	"284.54877"	"0.00003"	"700"	"1.4e+07"	"8.e-03"	"-1.48"	D+	"72043.060"	"107176.093"	"3d6.(3D).4p"	"w 4P*"	"3/2"	"3d6.(5D).5d"	"4P"	"1/2"		"T6892c83"	"L18349c139"	
"284.559447"	"0.000013"	"284.559529"	"0.000013"	"130000bl(Fe I)"	"1.6e+08"	"1.4e-01"	"0.06"	C	"44753.8179"	"79885.523"	"3d6.(5D).4p"	"z 4F*"	"7/2"	"3d6.(5D).5s"	"e 4D"	"5/2"		"T7466"	"L18349c148"	
"284.6934"	"0.0005"	"284.693481"	"0.000017"	"170"	"3.3e+07"	"4.1e-02"	"-1.09"	D+	"64806.494"	"99921.670"	"3d6.(3P2).4p"	"z 2P*"	"1/2"	"3d6.(3P2).5s"	"2P"	"1/2"		"T6892c83"	"L18349c143"	
"284.7212"	"0.0002"	"284.721173"	"0.000013"	"3100"	"1.7e+04"	"1.6e-05"	"-3.9"	E	"25981.6451"	"61093.406"	"3d6.(3G).4s"	"a 4G"	"7/2"	"3d6.(3P2).4p"	"z 2D*"	"5/2"		"T6892c83"	"L18349c139"	
"284.77733"	"0.00006"	"284.777326"	"0.000012"	"11000"	"5.1e+07"	"6.1e-02"	"-0.61"	D+	"43620.9842"	"78725.822"	"3d6.(5D).4p"	"z 6P*"	"3/2"	"3d6.(5D).5s"	"e 6D"	"3/2"		"T6892c83"	"L18349c139"	
"284.78833"	"0.00009"	"284.788350"	"0.000020"	"1000"	"9.6e+07"	"1.17e-01"	"-0.33"	C+	"74498.093"	"109601.572"	"3d6.(3D).4p"	"x 2D*"	"3/2"	"3d6.(3D).5s"	"2D"	"3/2"		"T6892c83"	"L18349c139"	
"284.80517"	"0.00007"	"284.805096"	"0.000014"	"8000"	"1.3e+07"	"2.1e-02"	"-0.90"	D+	"26055.4120"	"61156.827"	"3d6.(3G).4s"	"a 4G"	"5/2"	"3d6.(3H).4p"	"z 4H*"	"7/2"		"T6892c83"	"L18349c139"	
"284.80683"	"0.00020"	"284.806833"	"0.000016"	"700"	"6.9e+06"	"5.6e-03"	"-1.48"	D+	"71964.750"	"107065.951"	"3d6.(3D).4p"	"w 4P*"	"5/2"	"3d6.(5D).5d"	"4P"	"3/2"		"T6892c83"	"L18349c139"	
"284.81061"	"0.00003"	"284.810597"	"0.000013"	"24000"	"9.9e+07"	"1.20e-01"	"-0.14"	C+	"44784.7859"	"79885.523"	"3d6.(5D).4p"	"z 4D*"	"5/2"	"3d6.(5D).5s"	"e 4D"	"5/2"		"T7466"	"L18349c139"	
"284.83197"	"0.00002"	"284.831972"	"0.000012"	"32000"	"1.59e+08"	"1.29e-01"	"-0.11"	C+	"45079.9019"	"80178.005"	"3d6.(5D).4p"	"z 4F*"	"5/2"	"3d6.(5D).5s"	"e 4D"	"3/2"		"T6892c83"	"L18349c139"	
""	""	"284.84080"	"0.00003"	""	"8.9e-03"	"1.09e-11"	"-10.36"	E	"3117.4877"	"38214.503"	"3d7"	"a 4F"	"3/2"	"3d6.(1D2).4s"	"c 2D"	"3/2"	E2	"T9907"	""	
"284.89046"	"0.00015"	"284.890426"	"0.000024"	"3000"	"5.3e+06"	"5.4e-03"	"-1.19"	D+	"32909.883"	"68000.785"	"3d6.(1I).4s"	"a 2I"	"11/2"	"3d6.(3G).4p"	"y 2H*"	"9/2"		"T6892c83"	"L18349c139"	
"284.8969"	"0.0005"	"284.896889"	"0.000014"	"110?"	"4.2e+05"	"6.e-04"	"-2.2"	D	"73393.771"	"108483.877"	"3d5.4s2"	"4F"	"9/2"	"3d6.(3H).5p"	"4G*"	"11/2"		"T6892c83"	"L18349c143"	
"284.91697"	"0.00018"	"284.917230"	"0.000015"	"1400"	"6.8e+07"	"4.1e-02"	"-0.78"	D+	"64834.069"	"99921.670"	"3d6.(3P2).4p"	"z 2P*"	"3/2"	"3d6.(3P2).5s"	"2P"	"1/2"		"T6892c83"	"L18349c139"	
"284.95628"	"0.00012"	"284.956482"	"0.000019"	"900"	"3.7e+06"	"4.5e-03"	"-1.20"	D+	"73966.843"	"109049.611"	"3d6.(1I).4p"	"y 2I*"	"13/2"	"3d6.(3G).4d"	"2I"	"13/2"		"T6892c83"	"L18349c139"	
"284.96050"	"0.00010"	"284.960454"	"0.000013"	"5000"	"4.6e+06"	"6.8e-03"	"-1.17"	D+	"25805.3270"	"60887.606"	"3d6.(3G).4s"	"a 4G"	"9/2"	"3d6.(3H).4p"	"z 4H*"	"11/2"		"T6892c83"	"L18349c139"	
"284.9887"	"0.0005"	"284.988619"	"0.000016"	"100d"	"3.6e+05"	"6.e-04"	"-2.4"	D	"73492.248"	"108571.060"	"3d5.4s2"	"4F"	"7/2"	"3d6.(3H).5p"	"4G*"	"9/2"		"T6892c83"	"L18349c143"	
"285.0710"	"0.0005"	"285.071157"	"0.000013"	"150"	"6.8e+06"	"8.e-03"	"-1.00"	D+	"67516.328"	"102584.984"	"3d6.(3G).4p"	"y 2H*"	"11/2"	"3d6.(3G).5s"	"f 4G"	"11/2"		"T6892c83"	"L18349c143"	
"285.1405"	"0.0005"	"285.140819"	"0.000013"	"800d?"	"2.4e+06"	"2.2e-03"	"-1.76"	D+	"25981.6451"	"61041.734"	"3d6.(3G).4s"	"a 4G"	"7/2"	"3d6.(3H).4p"	"z 4G*"	"5/2"		"T6892c83"	"L18349c143"	
"285.17212"	"0.00003"	"285.172165"	"0.000014"	"21000"	"1.96e+08"	"1.19e-01"	"-0.32"	C+	"45289.8248"	"80346.060"	"3d6.(5D).4p"	"z 4F*"	"3/2"	"3d6.(5D).5s"	"e 4D"	"1/2"		"T6892c83"	"L18349c139"	
""	""	"285.24949"	"0.00003"	""	"3.9e-03"	"7.2e-12"	"-10.54"	E	"3117.4877"	"38164.220"	"3d7"	"a 4F"	"3/2"	"3d6.(1D2).4s"	"c 2D"	"5/2"	E2	"T9907"	""	
"285.26214"	"0.00010"	"285.26217"	"0.00003"	"1000"	"4.4e+07"	"6.2e-02"	"-0.13"	C+	"73603.537"	"108648.712"	"3d6.(1I).4p"	"w 2H*"	"11/2"	"3d6.(1I).5s"	"2I"	"13/2"		"T6892c83"	"L18349c139"	
"285.2866"	"0.0005"	"285.286420"	"0.000016"	"1000"	"1.7e+06"	"4.0e-03"	"-2.09"	C+	"26932.7348"	"61974.931"	"3d6.(3P2).4s"	"b 2P"	"1/2"	"3d5.(6S).4s.4p.(3P*)"	"y 6P*"	"3/2"		"T7503"	"L18349c143"	
"285.3210"	"0.0005"	"285.320637"	"0.000014"	"800"	"2.3e+06"	"2.8e-03"	"-1.77"	D+	"26055.4120"	"61093.406"	"3d6.(3G).4s"	"a 4G"	"5/2"	"3d6.(3P2).4p"	"z 2D*"	"5/2"		"T6892c83"	"L18349c142"	
"285.4113"	"0.0005"	"285.41109"	"0.00003"	"100d?"	"6.5e+06"	"8.e-03"	"-1.02"	D+	"73603.537"	"108630.427"	"3d6.(1I).4p"	"w 2H*"	"11/2"	"3d6.(1I).5s"	"2I"	"11/2"		"T6892c83"	"L18349c143"	
"285.4434"	"0.0005"	"285.44368"	"0.00003"	"150"	"3.8e+06"	"4.7e-03"	"-1.73"	D+	"72043.060"	"107065.951"	"3d6.(3D).4p"	"w 4P*"	"3/2"	"3d6.(5D).5d"	"4P"	"3/2"		"T6892c83"	"L18349c143"	
"285.5412"	"0.0005"	"285.541204"	"0.000024"	"90d?"	"2.4e+06"	"2.2e-03"	"-1.75"	D+	"75600.900"	"110611.830"	"3d6.(3D).4p"	"w 2F*"	"7/2"	"3d6.(3G).4d"	"2F"	"5/2"		"T6892c83"	"L18349c143"	
"285.56673"	"0.00006"	"285.566745"	"0.000013"	"8000"	"9.e+06"	"1.4e-02"	"-0.95"	D+	"25981.6451"	"60989.444"	"3d6.(3G).4s"	"a 4G"	"7/2"	"3d6.(3H).4p"	"z 4H*"	"9/2"		"T6892c83"	"L18349c139"	
"285.56914"	"0.00010"	"285.568965"	"0.000013"	"6000"	"6.4e+06"	"8.e-03"	"-1.20"	D+	"27314.9183"	"62322.445"	"3d6.(3F2).4s"	"a 2F"	"7/2"	"3d6.(3H).4p"	"z 2G*"	"7/2"		"T6892c83"	"L18349c139"	
"285.61471"	"0.00013"	"285.614776"	"0.000013"	"4000"	"5.0e+06"	"6.1e-03"	"-1.21"	D+	"25805.3270"	"60807.239"	"3d6.(3G).4s"	"a 4G"	"9/2"	"3d6.(3H).4p"	"z 4G*"	"9/2"		"T6892c83"	"L18349c139"	
"285.63767"	"0.00004"	"285.637705"	"0.000012"	"14000"	"4.4e+07"	"7.2e-02"	"-0.36"	C	"43238.6066"	"78237.709"	"3d6.(5D).4p"	"z 6P*"	"5/2"	"3d6.(5D).5s"	"e 6D"	"7/2"		"T7466"	"L18349c139"	
"285.6737"	"0.0005"	"285.673575"	"0.000024"	"100d?"	"5.2e+06"	"4.2e-03"	"-1.60"	D+	"74606.864"	"109601.572"	"3d6.(3D).4p"	"x 2D*"	"5/2"	"3d6.(3D).5s"	"2D"	"3/2"		"T6892c83"	"L18349c143"	
"285.690880"	"0.000016"	"285.690860"	"0.000012"	"50000"	"1.33e+08"	"1.62e-01"	"0.11"	C+	"44446.9051"	"79439.496"	"3d6.(5D).4p"	"z 4D*"	"7/2"	"3d6.(5D).5s"	"e 4D"	"7/2"		"T7466"	"L18349c139"	
"285.71722"	"0.00009"	"285.717436"	"0.000014"	"6000"	"1.2e+07"	"2.0e-02"	"-0.92"	D+	"31387.9788"	"66377.315"	"3d6.(3D).4s"	"b 4D"	"5/2"	"3d6.(3G).4p"	"x 4F*"	"7/2"		"T6892c83"	"L18349c139"	
"285.7419"	"0.0005"	"285.742053"	"0.000014"	"1000"	"2.0e+06"	"2.5e-03"	"-1.8"	D	"26055.4120"	"61041.734"	"3d6.(3G).4s"	"a 4G"	"5/2"	"3d6.(3H).4p"	"z 4G*"	"5/2"		"T6892c83"	"L18349c143"	
"285.834007"	"0.000018"	"285.834051"	"0.000014"	"35000"	"4.8e+07"	"7.1e-02"	"-0.15"	C+	"30388.5451"	"65363.607"	"3d6.(3G).4s"	"b 2G"	"9/2"	"3d6.(3H).4p"	"z 2H*"	"11/2"		"T6892c83"	"L18349c139"	
"285.8525"	"0.0005"	"285.85242"	"0.00003"	"700d"	"8.e+06"	"4.8e-03"	"-1.71"	D+	"38214.503"	"73187.318"	"3d6.(1D2).4s"	"c 2D"	"3/2"	"3d6.(3D).4p"	"y 2P*"	"1/2"		"T6892c83"	"L18349c143"	
"285.86290"	"0.00011"	"285.862882"	"0.000013"	"5000"	"3.0e+07"	"7.3e-02"	"-0.83"	D+	"45206.4704"	"80178.005"	"3d6.(5D).4p"	"z 4D*"	"1/2"	"3d6.(5D).5s"	"e 4D"	"3/2"		"T6892c83"	"L18349c139"	
"285.8807"	"0.0005"	"285.880234"	"0.000021"	"90d?"	"4.3e+06"	"5.2e-03"	"-1.38"	D+	"75600.900"	"110570.312"	"3d6.(3D).4p"	"w 2F*"	"7/2"	"3d6.(3G).4d"	"2F"	"7/2"		"T6892c83"	"L18349c143"	
"286.1168"	"0.0005"	"286.116690"	"0.000013"	"900"	"1.7e+05"	"2.0e-04"	"-3.1"	E	"8680.4706"	"43620.9842"	"3d6.(5D).4s"	"a 4D"	"3/2"	"3d6.(5D).4p"	"z 6P*"	"3/2"		"T6892c83"	"L18349c143"	
"286.1562"	"0.0005"	"286.155672"	"0.000015"	"160d,bl(Fe II)?*"	"1.4e+06"	"1.4e-03"	"-1.9"	D	"65556.271"	"100492.025"	"3d6.(3H).4p"	"z 2H*"	"9/2"	"3d6.(3F2).5s"	"e 2F"	"7/2"		"T6892c83"	"L18349c143"	
"286.1562"	"0.0005"	"286.156745"	"0.000016"	"160d,bl(Fe II)?*"	"5.e+05"	"8.e-04"	"-2.3"	D	"71964.750"	"106900.373"	"3d6.(3D).4p"	"w 4P*"	"5/2"	"3d6.(3F2).4d"	"2G"	"7/2"		"T6892c83"	"L18349c143"	
"286.1898"	"0.0005"	"286.189872"	"0.000013"	"700d?"	"3.1e+05"	"5.e-04"	"-2.4"	D	"30764.4737"	"65696.053"	"3d6.(3G).4s"	"b 2G"	"7/2"	"3d6.(3G).4p"	"x 4G*"	"9/2"		"T6892c83"	"L18349c143"	
"286.2953"	"0.0005"	"286.295065"	"0.000015"	"110d,bl(Fe II)?*"	"2.9e+06"	"3.6e-03"	"-1.67"	D+	"69650.481"	"104569.226"	"3d6.(3G).4p"	"y 2F*"	"5/2"	"3d6.(3P2).4d"	"4F"	"5/2"		"T6892c83"	"L18349c142"	
"286.3100"	"0.0005"	"286.310817"	"0.000025"	"110d,bl(Fe I)?"	"1.7e+06"	"2.1e-03"	"-2.1"	D	"73189.114"	"108105.938"	"3d6.(3D).4p"	"y 2P*"	"3/2"	"3d6.(3F2).4d"	"2P"	"3/2"		"T6892c83"	"L18349c143"	
"286.41224"	"0.00009"	"286.412258"	"0.000013"	"6000"	"2.0e+07"	"3.6e-02"	"-0.84"	D+	"43620.9842"	"78525.442"	"3d6.(5D).4p"	"z 6P*"	"3/2"	"3d6.(5D).5s"	"e 6D"	"5/2"		"T6892c83"	"L18349c139"	
"286.4326"	"0.0002"	"286.432264"	"0.000016"	"600"	"4.5e+06"	"5.6e-03"	"-1.48"	D+	"71964.750"	"106866.770"	"3d6.(3D).4p"	"w 4P*"	"5/2"	"3d6.(3F2).4d"	"4F"	"5/2"		"T6892c83"	"L18349c139"	
"286.4378"	"0.0002"	"286.437607"	"0.000014"	"4000"	"3.8e+05"	"6.e-04"	"-2.4"	D	"26055.4120"	"60956.781"	"3d6.(3G).4s"	"a 4G"	"5/2"	"3d6.(3H).4p"	"z 4G*"	"7/2"		"T6892c83"	"L18349c139"	
"286.4741"	"0.0003"	"286.473905"	"0.000017"	"500"	"1.7e+06"	"2.1e-03"	"-2.1"	D	"72169.004"	"107065.951"	"3d6.(3D).4p"	"w 4F*"	"3/2"	"3d6.(5D).5d"	"4P"	"3/2"		"T6892c83"	"L18349c139"	
"286.4970"	"0.0005"	"286.497139"	"0.000013"	"1200"	"4.3e+06"	"5.3e-03"	"-1.37"	D+	"31483.1979"	"66377.315"	"3d6.(3D).4s"	"b 4D"	"7/2"	"3d6.(3G).4p"	"x 4F*"	"7/2"		"T6892c83"	"L18349c143"	
"286.54564"	"0.00018"	"286.545894"	"0.000013"	"2600"	"1.3e+07"	"1.6e-02"	"-1.20"	D+	"45289.8248"	"80178.005"	"3d6.(5D).4p"	"z 4F*"	"3/2"	"3d6.(5D).5s"	"e 4D"	"3/2"		"T6892c83"	"L18349c139"	
"286.61999"	"0.00007"	"286.62008"	"0.00003"	"1400"	"7.8e+07"	"1.15e-01"	"0.06"	B+	"73751.276"	"108630.427"	"3d6.(1I).4p"	"w 2H*"	"9/2"	"3d6.(1I).5s"	"2I"	"11/2"		"T6892c83"	"L18349c139"	
"286.65395"	"0.00013"	"286.653872"	"0.000013"	"800"	"1.1e+07"	"1.4e-02"	"-0.96"	D+	"69606.567"	"104481.606"	"3d6.(3G).4p"	"y 2F*"	"7/2"	"3d6.(3H).4d"	"2F"	"7/2"		"T6892c83"	"L18349c139"	
"286.77433"	"0.00010"	"286.77441"	"0.00003"	"900"	"8.e+06"	"1.2e-02"	"-0.86"	D+	"73603.537"	"108463.918"	"3d6.(1I).4p"	"w 2H*"	"11/2"	"3d6.(3G).4d"	"4I"	"13/2"		"T6892c83"	"L18349c139"	
"286.8049"	"0.0005"	"286.805708"	"0.000017"	"130bl(Fe II)*"	"2.8e+06"	"3.4e-03"	"-1.69"	D+	"69650.481"	"104507.058"	"3d6.(3G).4p"	"y 2F*"	"5/2"	"3d6.(3H).4d"	"4F"	"5/2"		"T6892c83"	"L18349c143"	
"286.83567"	"0.00019"	"286.835457"	"0.000021"	"700"	"9.e+06"	"2.2e-02"	"-1.36"	D+	"72212.989"	"107065.951"	"3d6.(3D).4p"	"w 4P*"	"1/2"	"3d6.(5D).5d"	"4P"	"3/2"		"T6892c83"	"L18349c139"	
"286.8875"	"0.0005"	"286.887406"	"0.000013"	"1200"	"7.e+05"	"9.e-04"	"-2.3"	D	"8391.9554"	"43238.6066"	"3d6.(5D).4s"	"a 4D"	"5/2"	"3d6.(5D).4p"	"z 6P*"	"5/2"		"T6892c83"	"L18349c143"	
"286.9152"	"0.0005"	"286.915760"	"0.000014"	"800"	"1.4e+06"	"2.2e-03"	"-1.76"	D+	"27314.9183"	"62158.126"	"3d6.(3F2).4s"	"a 2F"	"7/2"	"3d6.(3F2).4p"	"y 4F*"	"9/2"		"T6892c83"	"L18349c143"	
"286.9313"	"0.0002"	"286.931212"	"0.000006"	"10000"	"4.0e+07"	"7.5e-02"	"-0.52"	C+	"45044.1916"	"79885.523"	"3d6.(5D).4p"	"z 4D*"	"3/2"	"3d6.(5D).5s"	"e 4D"	"5/2"		"T7466"	"L18197"	
"286.9701"	"0.0005"	"286.969890"	"0.000013"	"800bl(Fe II)*"	"1.1e+06"	"1.0e-03"	"-2.1"	D	"27314.9183"	"62151.554"	"3d6.(3F2).4s"	"a 2F"	"7/2"	"3d6.(3F2).4p"	"y 4F*"	"5/2"		"T6892c83"	"L18349c143"	
"287.00862"	"0.00014"	"287.008669"	"0.000015"	"900"	"1.3e+07"	"1.6e-02"	"-1.01"	D+	"71964.750"	"106796.679"	"3d6.(3D).4p"	"w 4P*"	"5/2"	"3d6.(5D).5d"	"4P"	"5/2"		"T6892c83"	"L18349c139"	
"287.0607"	"0.0005"	"287.060881"	"0.000013"	"800"	"7.e+05"	"1.2e-03"	"-2.0"	D	"25981.6451"	"60807.239"	"3d6.(3G).4s"	"a 4G"	"7/2"	"3d6.(3H).4p"	"z 4G*"	"9/2"		"T6892c83"	"L18349c143"	
"287.0725"	"0.0005"	"287.072297"	"0.000014"	"110d?"	"1.4e+06"	"1.7e-03"	"-1.78"	D+	"68000.785"	"102824.994"	"3d6.(3G).4p"	"y 2H*"	"9/2"	"3d6.(3G).5s"	"f 4G"	"9/2"		"T6892c83"	"L18349c142"	
"287.0753"	"0.0005"	"287.075463"	"0.000013"	"100bl(Fe II)*"	"1.0e+06"	"1.2e-03"	"-1.9"	D	"73393.771"	"108217.596"	"3d5.4s2"	"4F"	"9/2"	"3d5.(2F1).4s.4p.(3P*)"	"4F*"	"9/2"		"T6892c83"	"L18349c143"	
"287.10597"	"0.00016"	"287.106018"	"0.000013"	"2400"	"2.2e+06"	"3.3e-03"	"-1.48"	D+	"25805.3270"	"60625.446"	"3d6.(3G).4s"	"a 4G"	"9/2"	"3d6.(3H).4p"	"z 4G*"	"11/2"		"T6892c83"	"L18349c139"	
"287.1131"	"0.0005"	"287.113077"	"0.000013"	"1200"	"3.0e+06"	"3.1e-03"	"-1.43"	D+	"26170.1810"	"60989.444"	"3d6.(3H).4s"	"b 2H"	"11/2"	"3d6.(3H).4p"	"z 4H*"	"9/2"		"T6892c83"	"L18349c143"	
"287.12735"	"0.00017"	"287.127286"	"0.000013"	"1500"	"8.e+06"	"1.0e-02"	"-1.21"	D+	"62689.874"	"97507.414"	"3d6.(3P2).4p"	"y 4D*"	"5/2"	"3d6.(3P2).5s"	"4P"	"5/2"		"T6892c83"	"L18349c139"	
"287.2260"	"0.0005"	"287.225615"	"0.000013"	"700d,bl?"	"4.5e+06"	"5.5e-03"	"-1.48"	D+	"45079.9019"	"79885.523"	"3d6.(5D).4p"	"z 4F*"	"5/2"	"3d6.(5D).5s"	"e 4D"	"5/2"		"T6892c83"	"L18349c143"	
"287.23850"	"0.00003"	"287.238500"	"0.000014"	"14000"	"1.7e+07"	"1.7e-02"	"-0.77"	D+	"26352.7671"	"61156.827"	"3d6.(3H).4s"	"b 2H"	"9/2"	"3d6.(3H).4p"	"z 4H*"	"7/2"		"T6892c83"	"L18349c139"	
"287.339737"	"0.000020"	"287.339744"	"0.000014"	"26000"	"4.6e+07"	"7.1e-02"	"-0.25"	C+	"30764.4737"	"65556.271"	"3d6.(3G).4s"	"b 2G"	"7/2"	"3d6.(3H).4p"	"z 2H*"	"9/2"		"T6892c83"	"L18349c139"	
"287.5197"	"0.0005"	"287.519902"	"0.000017"	"110"	"3.8e+06"	"3.8e-03"	"-1.42"	D+	"72130.375"	"106900.373"	"3d6.(1G2).4p"	"x 2H*"	"9/2"	"3d6.(3F2).4d"	"2G"	"7/2"		"T6892c83"	"L18349c143"	
"287.53474"	"0.00003"	"287.534774"	"0.000013"	"14000"	"1.4e+07"	"2.1e-02"	"-0.77"	D+	"27314.9183"	"62083.118"	"3d6.(3F2).4s"	"a 2F"	"7/2"	"3d6.(3H).4p"	"z 2G*"	"9/2"		"T6892c83"	"L18349c139"	
"287.65536"	"0.00011"	"287.65541"	"0.00003"	"800"	"9.e+06"	"1.7e-02"	"-1.18"	D+	"72043.060"	"106796.679"	"3d6.(3D).4p"	"w 4P*"	"3/2"	"3d6.(5D).5d"	"4P"	"5/2"		"T6892c83"	"L18349c139"	
"287.68036"	"0.00005"	"287.680324"	"0.000013"	"9000"	"9.6e+06"	"1.19e-02"	"-1.02"	B	"27314.9183"	"62065.528"	"3d6.(3F2).4s"	"a 2F"	"7/2"	"3d6.(3F2).4p"	"y 4F*"	"7/2"		"T7461"	"L18349c139"	
"287.7091"	"0.0005"	"287.709160"	"0.000015"	"100d?"	"4.5e+05"	"6.e-04"	"-2.4"	D	"73492.248"	"108239.375"	"3d5.4s2"	"4F"	"7/2"	"3d5.(2F1).4s.4p.(3P*)"	"4D*"	"7/2"		"T6892c83"	"L18349c143"	
"287.7155"	"0.0005"	"287.71503"	"0.00004"	"110"	"6.2e+06"	"8.e-03"	"-1.81"	D+	"72429.675"	"107176.093"	"3d6.(3D).4p"	"w 4D*"	"1/2"	"3d6.(5D).5d"	"4P"	"1/2"		"T6892c83"	"L18349c143"	
"287.92455"	"0.00011"	"287.924457"	"0.000013"	"3300"	"3.6e+06"	"3.6e-03"	"-1.45"	D+	"30388.5451"	"65109.691"	"3d6.(3G).4s"	"b 2G"	"9/2"	"3d6.(3F2).4p"	"y 2G*"	"7/2"		"T6892c83"	"L18349c139"	
"287.9735"	"0.0005"	"287.974429"	"0.000013"	"160bl(Fe I)"	"9.e+05"	"9.e-04"	"-2.2"	D	"70523.694"	"105238.815"	"3d6.(3G).4p"	"x 2G*"	"7/2"	"3d6.(3P2).4d"	"2D"	"5/2"		"T6892c83"	"L18349c143"	
"288.0125"	"0.0005"	"288.012337"	"0.000013"	"120d,bl(Fe II)?*"	"3.5e+06"	"3.2e-03"	"-1.59"	D+	"70523.694"	"105234.246"	"3d6.(3G).4p"	"x 2G*"	"7/2"	"3d6.(3P2).4d"	"4P"	"5/2"		"T6892c83"	"L18349c143"	
"288.07563"	"0.00003"	"288.075633"	"0.000013"	"13000"	"2.2e+06"	"2.8e-03"	"-1.66"	C	"7955.3186"	"42658.2444"	"3d6.(5D).4s"	"a 4D"	"7/2"	"3d6.(5D).4p"	"z 6P*"	"7/2"		"T7589"	"L18349c139"	
"288.08309"	"0.00016"	"288.082973"	"0.000014"	"2700"	"8.e+06"	"1.3e-02"	"-1.09"	D+	"27620.4033"	"62322.445"	"3d6.(3F2).4s"	"a 2F"	"5/2"	"3d6.(3H).4p"	"z 2G*"	"7/2"		"T6892c83"	"L18349c139"	
"288.1184"	"0.0005"	"288.118474"	"0.000018"	"110"	"1.9e+06"	"3.5e-03"	"-1.9"	D	"72169.004"	"106866.770"	"3d6.(3D).4p"	"w 4F*"	"3/2"	"3d6.(3F2).4d"	"4F"	"5/2"		"T6892c83"	"L18349c143"	
"288.25056"	"0.00003"	"288.250544"	"0.000018"	"2900"	"1.08e+08"	"1.35e-01"	"0.28"	B+	"73966.843"	"108648.712"	"3d6.(1I).4p"	"y 2I*"	"13/2"	"3d6.(1I).5s"	"2I"	"13/2"		"T6892c83"	"L18349c139"	
"288.2744"	"0.0005"	"288.274799"	"0.000025"	"100d"	"2.8e+06"	"4.0e-03"	"-1.31"	D+	"73969.761"	"108648.712"	"3d6.(1I).4p"	"y 2I*"	"11/2"	"3d6.(1I).5s"	"2I"	"13/2"		"T6892c83"	"L18349c143"	
"288.2860"	"0.0005"	"288.285657"	"0.000017"	"150"	"6.4e+06"	"8.e-03"	"-1.50"	D+	"72169.004"	"106846.649"	"3d6.(3D).4p"	"w 4F*"	"3/2"	"3d6.(5D).5d"	"4F"	"3/2"		"T6892c83"	"L18349c143"	
"288.3373"	"0.0005"	"288.336313"	"0.000015"	"130d"	"9.e+05"	"1.1e-03"	"-2.2"	D	"66078.272"	"100749.825"	"3d6.(3G).4p"	"x 4G*"	"5/2"	"3d6.(3F2).5s"	"e 2F"	"5/2"		"T6892c83"	"L18349c142"	
"288.37101"	"0.00002"	"288.371030"	"0.000013"	"18000"	"1.5e+07"	"2.2e-02"	"-0.59"	D+	"26170.1810"	"60837.560"	"3d6.(3H).4s"	"b 2H"	"11/2"	"3d6.(3H).4p"	"z 4H*"	"13/2"		"T6892c83"	"L18349c139"	
"288.4026"	"0.0005"	"288.40260"	"0.00003"	"100d?"	"4.5e+06"	"4.8e-03"	"-1.17"	D+	"73966.843"	"108630.427"	"3d6.(1I).4p"	"y 2I*"	"13/2"	"3d6.(1I).5s"	"2I"	"11/2"		"T6892c83"	"L18349c143"	
"288.41010"	"0.00010"	"288.409967"	"0.000018"	"900"	"1.0e+07"	"1.0e-02"	"-0.90"	D+	"72261.742"	"106924.441"	"3d6.(1G2).4p"	"x 2H*"	"11/2"	"3d6.(3F2).4d"	"2G"	"9/2"		"T6892c83"	"L18349c139"	
"288.4185"	"0.0005"	"288.417372"	"0.000016"	"110"	"1.8e+06"	"3.0e-03"	"-1.75"	D+	"72238.564"	"106900.373"	"3d6.(3D).4p"	"w 4F*"	"5/2"	"3d6.(3F2).4d"	"2G"	"7/2"		"T6892c83"	"L18349c143"	
"288.42694"	"0.00004"	"288.426884"	"0.000021"	"2000"	"1.14e+08"	"1.42e-01"	"0.23"	B+	"73969.761"	"108630.427"	"3d6.(1I).4p"	"y 2I*"	"11/2"	"3d6.(1I).5s"	"2I"	"11/2"		"T6892c83"	"L18349c139"	
"288.47642"	"0.00005"	"288.476457"	"0.000013"	"9000"	"2.5e+07"	"4.1e-02"	"-0.61"	C+	"44784.7859"	"79439.496"	"3d6.(5D).4p"	"z 4D*"	"5/2"	"3d6.(5D).5s"	"e 4D"	"7/2"		"T7466"	"L18349c139"	
"288.5031"	"0.0002"	"288.502916"	"0.000017"	"500bl(Fe II)*"	"1.2e+07"	"7.3e-03"	"-1.53"	D+	"72524.561"	"107176.093"	"3d6.(3D).4p"	"w 4D*"	"3/2"	"3d6.(5D).5d"	"4P"	"1/2"		"T6892c83"	"L18349c148"	
"288.5932"	"0.0005"	"288.593241"	"0.000017"	"1400"	"3.8e+06"	"4.0e-03"	"-1.25"	D+	"32875.6409"	"67516.328"	"3d6.(1I).4s"	"a 2I"	"13/2"	"3d6.(3G).4p"	"y 2H*"	"11/2"		"T6892c83"	"L18349c143"	
"288.6242"	"0.0005"	"288.623480"	"0.000014"	"1000"	"7.e+05"	"7.e-04"	"-2.1"	D	"26170.1810"	"60807.239"	"3d6.(3H).4s"	"b 2H"	"11/2"	"3d6.(3H).4p"	"z 4G*"	"9/2"		"T6892c83"	"L18349c143"	
"288.69722"	"0.00012"	"288.697264"	"0.000016"	"600"	"5.5e+06"	"6.8e-03"	"-1.39"	D+	"72238.564"	"106866.770"	"3d6.(3D).4p"	"w 4F*"	"5/2"	"3d6.(3F2).4d"	"4F"	"5/2"		"T6892c83"	"L18349c139"	
"288.7313"	"0.0005"	"288.731404"	"0.000014"	"1000bl(Fe II)*"	"1.9e+06"	"1.6e-03"	"-2.0"	D	"27620.4033"	"62244.515"	"3d6.(3F2).4s"	"a 2F"	"5/2"	"3d6.(3F2).4p"	"y 4F*"	"3/2"		"T6892c83"	"L18349c143"	
"288.7648"	"0.0005"	"288.764830"	"0.000014"	"180"	"1.4e+06"	"1.4e-03"	"-1.8"	D	"63948.803"	"98568.907"	"3d6.(3F2).4p"	"y 4G*"	"9/2"	"3d6.(3H).5s"	"e 4H"	"7/2"		"T6892c83"	"L18349c143"	
"288.80956"	"0.00005"	"288.809485"	"0.000014"	"7000"	"6.1e+06"	"1.1e-02"	"-1.34"	D+	"25787.5816"	"60402.333"	"3d6.(3P2).4s"	"b 2P"	"3/2"	"3d6.(3P2).4p"	"y 4P*"	"5/2"		"T6892c83"	"L18349c139"	
"288.8652"	"0.0005"	"288.865119"	"0.000016"	"110d"	"3.1e+06"	"2.6e-03"	"-1.81"	D+	"72238.564"	"106846.649"	"3d6.(3D).4p"	"w 4F*"	"5/2"	"3d6.(5D).5d"	"4F"	"3/2"		"T6892c83"	"L18349c143"	
"288.9162"	"0.0005"	"288.916522"	"0.000014"	"120d?"	"3.2e+06"	"4.1e-03"	"-1.39"	D+	"70314.624"	"104916.552"	"3d6.(3G).4p"	"x 2G*"	"9/2"	"3d6.(3F2).4d"	"4F"	"9/2"		"T6892c83"	"L18349c143"	
"288.93870"	"0.00011"	"288.938376"	"0.000014"	"1000"	"2.1e+07"	"2.6e-02"	"-0.68"	D+	"70523.694"	"105123.005"	"3d6.(3G).4p"	"x 2G*"	"7/2"	"3d6.(3H).4d"	"2G"	"7/2"		"T6892c83"	"L18349c139"	
"289.1098"	"0.0005"	"289.110909"	"0.000014"	"170d?"	"5.e+05"	"6.e-04"	"-2.3"	D	"65109.691"	"99688.355"	"3d6.(3F2).4p"	"y 2G*"	"7/2"	"3d6.(3F2).5s"	"f 4F"	"7/2"		"T6892c83"	"L18349c143"	
"289.2832"	"0.0005"	"289.282653"	"0.000014"	"900bl(Fe II)*"	"1.8e+05"	"3.4e-04"	"-2.9"	E	"8680.4706"	"43238.6066"	"3d6.(5D).4s"	"a 4D"	"3/2"	"3d6.(5D).4p"	"z 6P*"	"5/2"		"T6892c83"	"L18349c143"	
"289.3183"	"0.0005"	"289.318135"	"0.000014"	"120"	"3.1e+06"	"3.8e-03"	"-1.42"	D+	"70314.624"	"104868.522"	"3d6.(3G).4p"	"x 2G*"	"9/2"	"3d6.(5D).5d"	"6G"	"9/2"		"T6892c83"	"L18349c143"	
"289.4067"	"0.0005"	"289.406239"	"0.000014"	"700"	"8.e+05"	"1.4e-03"	"-2.1"	D	"31387.9788"	"65931.358"	"3d6.(3D).4s"	"b 4D"	"5/2"	"3d6.(3G).4p"	"x 4G*"	"7/2"		"T6892c83"	"L18349c143"	
"289.47771"	"0.00007"	"289.477812"	"0.000015"	"5000"	"5.7e+06"	"9.e-03"	"-1.06"	D+	"26352.7671"	"60887.606"	"3d6.(3H).4s"	"b 2H"	"9/2"	"3d6.(3H).4p"	"z 4H*"	"11/2"		"T6892c83"	"L18349c139"	
"289.5098"	"0.0005"	"289.508731"	"0.000015"	"800"	"1.6e+06"	"2.0e-03"	"-1.9"	D	"27620.4033"	"62151.554"	"3d6.(3F2).4s"	"a 2F"	"5/2"	"3d6.(3F2).4p"	"y 4F*"	"5/2"		"T6892c83"	"L18349c142"	
"289.52192"	"0.00005"	"289.521926"	"0.000014"	"7000"	"1.1e+07"	"1.7e-02"	"-0.86"	D+	"31483.1979"	"66012.775"	"3d6.(3D).4s"	"b 4D"	"7/2"	"3d6.(3G).4p"	"x 4F*"	"9/2"		"T6892c83"	"L18349c139"	
"289.5301"	"0.0005"	"289.529599"	"0.000016"	"110"	"6.e+05"	"9.e-04"	"-2.3"	D	"72238.564"	"106767.226"	"3d6.(3D).4p"	"w 4F*"	"5/2"	"3d6.(3F2).4d"	"4F"	"7/2"		"T6892c83"	"L18349c143"	
"289.5350"	"0.0002"	"289.535016"	"0.000014"	"800"	"9.e+06"	"1.1e-02"	"-1.06"	D+	"64040.891"	"98568.907"	"3d6.(3F2).4p"	"y 4G*"	"7/2"	"3d6.(3H).5s"	"e 4H"	"7/2"		"T6892c83"	"L18349c139"	
"289.6471"	"0.0005"	"289.646525"	"0.000014"	"110"	"2.2e+06"	"2.1e-03"	"-1.78"	D+	"72352.046"	"106866.770"	"3d6.(3D).4p"	"w 4F*"	"7/2"	"3d6.(3F2).4d"	"4F"	"5/2"		"T6892c83"	"L18349c143"	
"289.72639"	"0.00003"	"289.726470"	"0.000015"	"11000"	"1.8e+07"	"1.5e-02"	"-1.05"	D+	"27620.4033"	"62125.604"	"3d6.(3F2).4s"	"a 2F"	"5/2"	"3d6.(3P2).4p"	"z 2D*"	"3/2"		"T6892c83"	"L18349c139"	
"289.75872"	"0.00019"	"289.758623"	"0.000014"	"600"	"8.e+06"	"1.0e-02"	"-1.09"	D+	"69606.567"	"104107.939"	"3d6.(3G).4p"	"y 2F*"	"7/2"	"3d6.(3P2).4d"	"4F"	"7/2"		"T6892c83"	"L18349c139"	
"289.7748"	"0.0005"	"289.774436"	"0.000017"	"700d?"	"8.e+05"	"1.3e-03"	"-2.0"	D	"33501.2957"	"68000.785"	"3d6.(1G2).4s"	"c 2G"	"7/2"	"3d6.(3G).4p"	"y 2H*"	"9/2"		"T6892c83"	"L18349c143"	
"289.79464"	"0.00007"	"289.794717"	"0.000019"	"900"	"8.e+06"	"1.0e-02"	"-0.86"	D+	"73966.843"	"108463.918"	"3d6.(1I).4p"	"y 2I*"	"13/2"	"3d6.(3G).4d"	"4I"	"13/2"		"T6892c83"	"L18349c139"	
"289.79871"	"0.00019"	"289.798649"	"0.000014"	"800"	"9.e+06"	"1.2e-02"	"-0.94"	D+	"63948.803"	"98445.410"	"3d6.(3F2).4p"	"y 4G*"	"9/2"	"3d6.(3H).5s"	"e 4H"	"9/2"		"T6892c83"	"L18349c139"	
"289.83246"	"0.00007"	"289.832392"	"0.000014"	"1300"	"3.5e+07"	"4.4e-02"	"-0.36"	C+	"70314.624"	"104807.215"	"3d6.(3G).4p"	"x 2G*"	"9/2"	"3d6.(3H).4d"	"2G"	"9/2"		"T6892c83"	"L18349c139"	
"289.8738"	"0.0005"	"289.873548"	"0.000020"	"700"	"1.0e+06"	"1.7e-03"	"-2.0"	D	"38164.220"	"72651.914"	"3d6.(1D2).4s"	"c 2D"	"5/2"	"3d6.(3D).4p"	"w 4D*"	"7/2"		"T6892c83"	"L18349c143"	
"289.92549"	"0.00008"	"289.925629"	"0.000014"	"3000bl(Fe I)"	"3.8e+07"	"6.3e-02"	"-0.42"	C+	"64087.408"	"98568.907"	"3d6.(3F2).4p"	"y 4G*"	"5/2"	"3d6.(3H).5s"	"e 4H"	"7/2"		"T6892c83"	"L18349c148"	
"290.0208"	"0.0005"	"290.020795"	"0.000014"	"120"	"1.2e+07"	"1.5e-02"	"-0.91"	D+	"70523.694"	"104993.879"	"3d6.(3G).4p"	"x 2G*"	"7/2"	"3d6.(3F2).4d"	"4D"	"7/2"		"T6892c83"	"L18349c143"	
"290.06555"	"0.00006"	"290.065556"	"0.000021"	"900"	"1.6e+07"	"1.5e-02"	"-0.92"	D+	"75600.900"	"110065.766"	"3d6.(3D).4p"	"w 2F*"	"7/2"	"3d6.(3G).4d"	"2D"	"5/2"		"T6892c83"	"L18349c139"	
"290.0768"	"0.0005"	"290.076608"	"0.000014"	"170d?"	"2.9e+05"	"4.6e-04"	"-2.4"	D	"65109.691"	"99573.244"	"3d6.(3F2).4p"	"y 2G*"	"7/2"	"3d6.(3F2).5s"	"f 4F"	"9/2"		"T6892c83"	"L18349c143"	
"290.1021"	"0.0005"	"290.102771"	"0.000018"	"110d"	"3.2e+06"	"3.3e-03"	"-1.40"	D+	"72261.742"	"106722.187"	"3d6.(1G2).4p"	"x 2H*"	"11/2"	"3d6.(3H).4d"	"4F"	"9/2"		"T6892c83"	"L18349c143"	
"290.22065"	"0.00018"	"290.220623"	"0.000015"	"500"	"5.0e+06"	"4.2e-03"	"-1.60"	D+	"72619.499"	"107065.951"	"3d6.(3D).4p"	"w 4D*"	"5/2"	"3d6.(5D).5d"	"4P"	"3/2"		"T6892c83"	"L18349c139"	
"290.2320"	"0.0005"	"290.231807"	"0.000014"	"1000"	"8.8e+05"	"1.48e-03"	"-2.05"	C+	"27620.4033"	"62065.528"	"3d6.(3F2).4s"	"a 2F"	"5/2"	"3d6.(3F2).4p"	"y 4F*"	"7/2"		"T7461"	"L18349c143"	
"290.2363"	"0.0005"	"290.235950"	"0.000014"	"110d"	"6.e+05"	"5.e-04"	"-2.4"	D	"72352.046"	"106796.679"	"3d6.(3D).4p"	"w 4F*"	"7/2"	"3d6.(5D).5d"	"4P"	"5/2"		"T6892c83"	"L18349c143"	
"290.2468"	"0.0005"	"290.246291"	"0.000014"	"1400"	"3.2e+06"	"4.1e-03"	"-1.39"	D+	"30388.5451"	"64831.951"	"3d6.(3G).4s"	"b 2G"	"9/2"	"3d6.(3F2).4p"	"y 2G*"	"9/2"		"T6892c83"	"L18349c143"	
"290.4557"	"0.0005"	"290.455620"	"0.000014"	"180"	"5.9e+06"	"7.4e-03"	"-1.05"	D+	"63876.325"	"98294.909"	"3d6.(3F2).4p"	"y 4G*"	"11/2"	"3d6.(3H).5s"	"e 4H"	"11/2"		"T6892c83"	"L18349c143"	
"290.4845"	"0.0004"	"290.484350"	"0.000015"	"310"	"3.2e+06"	"4.0e-03"	"-1.49"	D+	"72352.046"	"106767.226"	"3d6.(3D).4p"	"w 4F*"	"7/2"	"3d6.(3F2).4d"	"4F"	"7/2"		"T6892c83"	"L18349c139"	
"290.5505"	"0.0005"	"290.549951"	"0.000020"	"90d,bl(Fe I)?"	"1.6e+06"	"2.6e-03"	"-1.68"	D+	"75600.900"	"110008.310"	"3d6.(3D).4p"	"w 2F*"	"7/2"	"3d6.(3G).4d"	"2H"	"9/2"		"T6892c83"	"L18349c143"	
"290.57438"	"0.00006"	"290.574367"	"0.000013"	"3100"	"2.9e+07"	"4.5e-02"	"-0.44"	C+	"64040.891"	"98445.410"	"3d6.(3F2).4p"	"y 4G*"	"7/2"	"3d6.(3H).5s"	"e 4H"	"9/2"		"T6892c83"	"L18349c139"	
"290.6122"	"0.0005"	"290.612387"	"0.000017"	"1000"	"4.4e+06"	"1.1e-02"	"-1.65"	D+	"26932.7348"	"61332.753"	"3d6.(3P2).4s"	"b 2P"	"1/2"	"3d6.(3P2).4p"	"y 4P*"	"3/2"		"T6892c83"	"L18349c143"	
""	""	"290.778806"	"0.000018"	""	"3.0e-03"	"2.2e-12"	"-10.65"	E	"1872.5998"	"36252.931"	"3d7"	"a 4F"	"9/2"	"3d6.(3D).4s"	"b 2D"	"5/2"	E2	"T8961"	""	
"290.7853"	"0.0015"	"290.785618"	"0.000006"	"700"	"1.3e+05"	"1.2e-04"	"-3.0"	E	"7955.3186"	"42334.8444"	"3d6.(5D).4s"	"a 4D"	"7/2"	"3d6.(5D).4p"	"z 6F*"	"5/2"		"T6892c83"	"L7357"	
"290.8375"	"0.0005"	"290.837104"	"0.000015"	"130d?"	"4.1e+06"	"5.3e-03"	"-1.50"	D+	"69650.481"	"104023.921"	"3d6.(3G).4p"	"y 2F*"	"5/2"	"3d6.(5D).5d"	"4F"	"5/2"		"T6892c83"	"L18349c143"	
"290.8654"	"0.0005"	"290.865021"	"0.000015"	"110d"	"7.e+05"	"1.2e-03"	"-2.0"	D	"72352.046"	"106722.187"	"3d6.(3D).4p"	"w 4F*"	"7/2"	"3d6.(3H).4d"	"4F"	"9/2"		"T6892c83"	"L18349c143"	
"290.9381"	"0.0005"	"290.93793"	"0.00004"	"170"	"7.e+05"	"1.3e-03"	"-2.3"	D	"49506.922"	"83868.450"	"3d6.(3P1).4s"	"c 4P"	"3/2"	"3d6.(1F).4p"	"v 2D*"	"5/2"		"T6892c83"	"L18349c142"	
"290.9548"	"0.0005"	"290.954308"	"0.000014"	"310"	"6.e+05"	"1.0e-03"	"-2.2"	D	"45079.9019"	"79439.496"	"3d6.(5D).4p"	"z 4F*"	"5/2"	"3d6.(5D).5s"	"e 4D"	"7/2"		"T6892c83"	"L18349c142"	
"291.06861"	"0.00005"	"291.068574"	"0.000014"	"3200"	"2.5e+07"	"3.8e-02"	"-0.42"	C+	"63948.803"	"98294.909"	"3d6.(3F2).4p"	"y 4G*"	"9/2"	"3d6.(3H).5s"	"e 4H"	"11/2"		"T6892c83"	"L18349c139"	
"291.0762"	"0.0005"	"291.076106"	"0.000015"	"700"	"1.5e+06"	"1.9e-03"	"-1.83"	D+	"30764.4737"	"65109.691"	"3d6.(3G).4s"	"b 2G"	"7/2"	"3d6.(3F2).4p"	"y 2G*"	"7/2"		"T6892c83"	"L18349c143"	
"291.1014"	"0.0005"	"291.101605"	"0.000015"	"140"	"2.9e+06"	"5.5e-03"	"-1.65"	D+	"72524.561"	"106866.770"	"3d6.(3D).4p"	"w 4D*"	"3/2"	"3d6.(3F2).4d"	"4F"	"5/2"		"T6892c83"	"L18349c143"	
"291.15538"	"0.00014"	"291.155460"	"0.000016"	"600"	"2.0e+06"	"3.4e-03"	"-1.69"	D+	"69650.481"	"103986.338"	"3d6.(3G).4p"	"y 2F*"	"5/2"	"3d6.(3H).4d"	"4H"	"7/2"		"T6892c83"	"L18349c139"	
"291.17977"	"0.00017"	"291.179562"	"0.000016"	"600"	"6.1e+07"	"1.04e-01"	"-0.21"	C+	"69650.481"	"103983.496"	"3d6.(3G).4p"	"y 2F*"	"5/2"	"3d6.(3G).5s"	"e 2G"	"7/2"		"T6892c83"	"L18349c139"	
"291.22987"	"0.00018"	"291.229671"	"0.000015"	"350"	"5.e+05"	"7.e-04"	"-2.1"	D	"73393.771"	"107720.879"	"3d5.4s2"	"4F"	"9/2"	"3d5.(2F1).4s.4p.(3P*)"	"4G*"	"11/2"		"T6892c83"	"L18349c139"	
"291.6148"	"0.0005"	"291.615107"	"0.000013"	"900d?"	"5.e+04"	"6.e-05"	"-3.3"	E	"7955.3186"	"42237.0575"	"3d6.(5D).4s"	"a 4D"	"7/2"	"3d6.(5D).4p"	"z 6F*"	"7/2"		"T6892c83"	"L18349c143"	
"291.6214"	"0.0005"	"291.622465"	"0.000015"	"210bl(Fe I)"	"1.6e+06"	"2.7e-03"	"-1.79"	D+	"72619.499"	"106900.373"	"3d6.(3D).4p"	"w 4D*"	"5/2"	"3d6.(3F2).4d"	"2G"	"7/2"		"T6892c83"	"L18349c143"	
"291.6924"	"0.0005"	"291.692199"	"0.000015"	"700"	"2.3e+05"	"3.6e-04"	"-2.4"	D	"26352.7671"	"60625.446"	"3d6.(3H).4s"	"b 2H"	"9/2"	"3d6.(3H).4p"	"z 4G*"	"11/2"		"T6892c83"	"L18349c143"	
"291.7084"	"0.0005"	"291.708507"	"0.000021"	"700"	"2.7e+06"	"4.6e-03"	"-1.56"	D+	"36252.931"	"70523.694"	"3d6.(3D).4s"	"b 2D"	"5/2"	"3d6.(3G).4p"	"x 2G*"	"7/2"		"T6892c83"	"L18349c143"	
"291.7462"	"0.0005"	"291.746596"	"0.000013"	"900bl(Fe II)*"	"1.4e+05"	"2.3e-04"	"-2.9"	E	"8391.9554"	"42658.2444"	"3d6.(5D).4s"	"a 4D"	"5/2"	"3d6.(5D).4p"	"z 6P*"	"7/2"		"T6892c83"	"L18349c143"	
"291.78334"	"0.00011"	"291.783366"	"0.000016"	"1400"	"2.4e+07"	"6.3e-02"	"-0.90"	D+	"64806.494"	"99068.465"	"3d6.(3P2).4p"	"z 2P*"	"1/2"	"3d6.(3P2).5s"	"2P"	"3/2"		"T6892c83"	"L18349c139"	
"291.85285"	"0.00004"	"291.852878"	"0.000013"	"4000"	"2.6e+07"	"3.9e-02"	"-0.32"	C+	"63876.325"	"98130.136"	"3d6.(3F2).4p"	"y 4G*"	"11/2"	"3d6.(3H).5s"	"e 4H"	"13/2"		"T6892c83"	"L18349c139"	
"291.9085"	"0.0005"	"291.908614"	"0.000015"	"110d?"	"5.e+05"	"7.e-04"	"-2.4"	D	"72619.499"	"106866.770"	"3d6.(3D).4p"	"w 4D*"	"5/2"	"3d6.(3F2).4d"	"4F"	"5/2"		"T6892c83"	"L18349c143"	
"292.01849"	"0.00006"	"292.018401"	"0.000015"	"2700"	"4.8e+07"	"6.2e-02"	"-0.61"	D+	"64834.069"	"99068.465"	"3d6.(3P2).4p"	"z 2P*"	"3/2"	"3d6.(3P2).5s"	"2P"	"3/2"		"T6892c83"	"L18349c139"	
"292.2025"	"0.0005"	"292.202269"	"0.000014"	"1100"	"3.8e+06"	"6.1e-03"	"-1.31"	D+	"31483.1979"	"65696.053"	"3d6.(3D).4s"	"b 4D"	"7/2"	"3d6.(3G).4p"	"x 4G*"	"9/2"		"T6892c83"	"L18349c143"	
"292.4159"	"0.0005"	"292.416201"	"0.000020"	"600"	"5.e+05"	"8.e-04"	"-2.3"	D	"38164.220"	"72352.046"	"3d6.(1D2).4s"	"c 2D"	"5/2"	"3d6.(3D).4p"	"w 4F*"	"7/2"		"T6892c83"	"L18349c142"	
"292.6132"	"0.0005"	"292.613504"	"0.000014"	"100d"	"6.e+05"	"9.e-04"	"-2.1"	D	"69606.567"	"103771.342"	"3d6.(3G).4p"	"y 2F*"	"7/2"	"3d6.(3H).4d"	"4G"	"9/2"		"T6892c83"	"L18349c142"	
"292.658524"	"0.000014"	"292.658526"	"0.000013"	"30000"	"5.1e+06"	"8.2e-03"	"-1.18"	C	"7955.3186"	"42114.8380"	"3d6.(5D).4s"	"a 4D"	"7/2"	"3d6.(5D).4p"	"z 6F*"	"9/2"		"T7589"	"L18349c139"	
"292.7597"	"0.0005"	"292.759595"	"0.000016"	"180"	"8.e+05"	"1.3e-03"	"-2.1"	D	"72619.499"	"106767.226"	"3d6.(3D).4p"	"w 4D*"	"5/2"	"3d6.(3F2).4d"	"4F"	"7/2"		"T6892c83"	"L18349c143"	
"292.7850"	"0.0003"	"292.784993"	"0.000016"	"250"	"2.9e+06"	"2.8e-03"	"-1.65"	D+	"72651.914"	"106796.679"	"3d6.(3D).4p"	"w 4D*"	"7/2"	"3d6.(5D).5d"	"4P"	"5/2"		"T6892c83"	"L18349c139"	
"292.7956"	"0.0005"	"292.795824"	"0.000014"	"170d?"	"4.8e+06"	"8.e-03"	"-1.30"	D+	"64425.405"	"98568.907"	"3d6.(3F2).4p"	"z 2F*"	"5/2"	"3d6.(3H).5s"	"e 4H"	"7/2"		"T6892c83"	"L18349c143"	
"292.85019"	"0.00011"	"292.850170"	"0.000015"	"800"	"2.4e+07"	"4.7e-02"	"-0.73"	D+	"66612.659"	"100749.825"	"3d6.(3G).4p"	"x 4F*"	"3/2"	"3d6.(3F2).5s"	"e 2F"	"5/2"		"T6892c83"	"L18349c139"	
"293.0278"	"0.0005"	"293.027331"	"0.000015"	"110"	"1.1e+06"	"1.2e-03"	"-1.9"	D	"72650.698"	"106767.226"	"3d6.(3D).4p"	"w 4F*"	"9/2"	"3d6.(3F2).4d"	"4F"	"7/2"		"T6892c83"	"L18349c143"	
""	""	"293.08522"	"0.00004"	""	"2.0e-03"	"1.3e-12"	"-11.30"	E	"3117.4877"	"37227.277"	"3d7"	"a 4F"	"3/2"	"3d6.(1S2).4s"	"a 2S"	"1/2"	E2	"T8961"	""	
"293.3718"	"0.0005"	"293.371457"	"0.000015"	"100d?"	"8.e+05"	"1.2e-03"	"-2.0"	D	"69606.567"	"103683.078"	"3d6.(3G).4p"	"y 2F*"	"7/2"	"3d6.(5D).5d"	"4F"	"9/2"		"T6892c83"	"L18349c142"	
"293.41464"	"0.00008"	"293.414701"	"0.000016"	"600"	"6.5e+06"	"8.e-03"	"-1.07"	D+	"72650.698"	"106722.187"	"3d6.(3D).4p"	"w 4F*"	"9/2"	"3d6.(3H).4d"	"4F"	"9/2"		"T6892c83"	"L18349c139"	
"293.4253"	"0.0005"	"293.425173"	"0.000016"	"110d?"	"4.6e+05"	"7.e-04"	"-2.2"	D	"72651.914"	"106722.187"	"3d6.(3D).4p"	"w 4D*"	"7/2"	"3d6.(3H).4d"	"4F"	"9/2"		"T6892c83"	"L18349c143"	
"293.4492"	"0.0005"	"293.449254"	"0.000014"	"700d?"	"6.e+05"	"9.e-04"	"-2.1"	D	"30764.4737"	"64831.951"	"3d6.(3G).4s"	"b 2G"	"7/2"	"3d6.(3F2).4p"	"y 2G*"	"9/2"		"T6892c83"	"L18349c143"	
"293.4594"	"0.0005"	"293.459249"	"0.000013"	"120"	"8.e+05"	"9.e-04"	"-2.1"	D	"70314.624"	"104380.941"	"3d6.(3G).4p"	"x 2G*"	"9/2"	"3d6.(5D).5d"	"6F"	"7/2"		"T6892c83"	"L18349c143"	
"293.58830"	"0.00004"	"293.588320"	"0.000020"	"1100"	"8.4e+07"	"8.2e-02"	"-0.18"	C+	"75600.900"	"109652.241"	"3d6.(3D).4p"	"w 2F*"	"7/2"	"3d6.(3D).5s"	"2D"	"5/2"		"T6892c83"	"L18349c139"	
"293.6013"	"0.0005"	"293.601317"	"0.000017"	"600"	"5.e+05"	"7.e-04"	"-2.1"	D	"33466.4943"	"67516.328"	"3d6.(1G2).4s"	"c 2G"	"9/2"	"3d6.(3G).4p"	"y 2H*"	"11/2"		"T6892c83"	"L18349c142"	
"293.88497"	"0.00008"	"293.884951"	"0.000014"	"1600"	"1.7e+07"	"2.2e-02"	"-0.66"	D+	"65556.271"	"99573.244"	"3d6.(3H).4p"	"z 2H*"	"9/2"	"3d6.(3F2).5s"	"f 4F"	"9/2"		"T6892c83"	"L18349c139"	
"293.9507"	"0.0005"	"293.950703"	"0.000013"	"1100"	"4.e+05"	"3.4e-04"	"-2.7"	E	"8391.9554"	"42401.3198"	"3d6.(5D).4s"	"a 4D"	"5/2"	"3d6.(5D).4p"	"z 6F*"	"3/2"		"T6892c83"	"L18349c143"	
"294.01128"	"0.00004"	"294.011310"	"0.000015"	"2300"	"6.4e+07"	"1.04e-01"	"-0.08"	C+	"69606.567"	"103608.921"	"3d6.(3G).4p"	"y 2F*"	"7/2"	"3d6.(3G).5s"	"e 2G"	"9/2"		"T6892c83"	"L18349c139"	
"294.0905"	"0.0005"	"294.090670"	"0.000013"	"160d?"	"2.4e+06"	"2.6e-03"	"-1.51"	D+	"65580.065"	"99573.244"	"3d6.(3G).4p"	"x 4G*"	"11/2"	"3d6.(3F2).5s"	"f 4F"	"9/2"		"T6892c83"	"L18349c143"	
"294.0976"	"0.0005"	"294.098257"	"0.000013"	"130d?"	"1.6e+06"	"1.7e-03"	"-1.77"	D+	"65696.053"	"99688.355"	"3d6.(3G).4p"	"x 4G*"	"9/2"	"3d6.(3F2).5s"	"f 4F"	"7/2"		"T6892c83"	"L18349c142"	
"294.1478"	"0.0005"	"294.148960"	"0.000021"	"90d"	"6.8e+06"	"1.2e-02"	"-1.15"	D+	"75915.080"	"109901.523"	"3d6.(3D).4p"	"w 2F*"	"5/2"	"3d6.(3G).4d"	"2G"	"7/2"		"T6892c83"	"L18349c143"	
"294.29372"	"0.00010"	"294.293817"	"0.000014"	"1100"	"2.0e+07"	"3.4e-02"	"-0.69"	D+	"66522.310"	"100492.025"	"3d6.(3G).4p"	"x 4F*"	"5/2"	"3d6.(3F2).5s"	"e 2F"	"7/2"		"T6892c83"	"L18349c139"	
"294.3167"	"0.0005"	"294.315998"	"0.000017"	"180"	"4.5e+05"	"6.e-04"	"-2.2"	D	"72130.375"	"106097.530"	"3d6.(1G2).4p"	"x 2H*"	"9/2"	"3d6.(3F2).4d"	"2H"	"9/2"		"T6892c83"	"L18349c142"	
"294.439523"	"0.000014"	"294.439523"	"0.000014"	"40000"	"3.5e+07"	"2.3e-02"	"-1.04"	D+	"13673.2045"	"47626.110"	"3d7"	"a 4P"	"3/2"	"3d6.(5D).4p"	"z 4P*"	"1/2"		"T6892c83"	"L18349c139"	
"294.5264"	"0.0005"	"294.526416"	"0.000013"	"800"	"6.e+04"	"7.e-05"	"-3.4"	E	"8391.9554"	"42334.8444"	"3d6.(5D).4s"	"a 4D"	"5/2"	"3d6.(5D).4p"	"z 6F*"	"5/2"		"T6892c83"	"L18349c143"	
"294.5815"	"0.0005"	"294.58176"	"0.00003"	"290"	"2.2e+06"	"2.9e-03"	"-1.64"	D+	"58666.199"	"92602.711"	"3d6.(1G1).4s"	"d 2G"	"7/2"	"3d6.(3F1).4p"	"u 2G*"	"7/2"		"T6892c83"	"L18349c142"	
"294.765492"	"0.000014"	"294.765478"	"0.000014"	"50000bl(Fe II)*"	"2.01e+07"	"1.75e-02"	"-0.98"	B	"13474.4474"	"47389.809"	"3d7"	"a 4P"	"5/2"	"3d6.(5D).4p"	"z 4P*"	"3/2"		"T7589"	"L18349c148"	
"294.765492"	"0.000014"	"294.765692"	"0.000018"	"50000bl(Fe II)*"	"9.e+05"	"1.4e-03"	"-1.9"	D	"72130.375"	"106045.712"	"3d6.(1G2).4p"	"x 2H*"	"9/2"	"3d6.(3H).4d"	"2H"	"11/2"		"T6892c83"	"L18349c148"	
"294.8275"	"0.0005"	"294.827242"	"0.000018"	"110d?"	"2.7e+05"	"4.5e-04"	"-2.4"	D	"73016.184"	"106924.441"	"3d6.(1G2).4p"	"x 2F*"	"7/2"	"3d6.(3F2).4d"	"2G"	"9/2"		"T6892c83"	"L18349c143"	
"294.918121"	"0.000014"	"294.918118"	"0.000013"	"28000"	"2.5e+07"	"2.6e-02"	"-0.59"	D+	"30388.5451"	"64286.354"	"3d6.(3G).4s"	"b 2G"	"9/2"	"3d6.(3F2).4p"	"z 2F*"	"7/2"		"T6892c83"	"L18349c139"	
"295.0977"	"0.0005"	"295.097616"	"0.000014"	"160"	"4.8e+06"	"6.2e-03"	"-1.21"	D+	"65696.053"	"99573.244"	"3d6.(3G).4p"	"x 4G*"	"9/2"	"3d6.(3F2).5s"	"f 4F"	"9/2"		"T6892c83"	"L18349c143"	
"295.1091"	"0.0005"	"295.109225"	"0.000017"	"700"	"7.e+05"	"1.0e-03"	"-2.4"	D	"25787.5816"	"59663.440"	"3d6.(3P2).4s"	"b 2P"	"3/2"	"3d6.(3P2).4p"	"z 4S*"	"3/2"		"T6892c83"	"L18349c143"	
"295.377401"	"0.000015"	"295.377413"	"0.000013"	"23000"	"5.2e+06"	"9.1e-03"	"-1.26"	C	"8391.9554"	"42237.0575"	"3d6.(5D).4s"	"a 4D"	"5/2"	"3d6.(5D).4p"	"z 6F*"	"7/2"		"T7589"	"L18349c139"	
"295.4056"	"0.0005"	"295.405287"	"0.000014"	"700d"	"1.2e+06"	"1.5e-03"	"-1.9"	D	"27314.9183"	"61156.827"	"3d6.(3F2).4s"	"a 2F"	"7/2"	"3d6.(3H).4p"	"z 4H*"	"7/2"		"T6892c83"	"L18349c143"	
"295.4197"	"0.0005"	"295.419409"	"0.000016"	"120d?"	"3.5e+06"	"3.0e-03"	"-1.74"	D+	"66078.272"	"99918.563"	"3d6.(3G).4p"	"x 4G*"	"5/2"	"3d6.(3F2).5s"	"f 4F"	"3/2"		"T6892c83"	"L18349c142"	
""	""	"295.572239"	"0.000018"	""	"5.9e-03"	"5.8e-12"	"-10.33"	E	"2430.1369"	"36252.931"	"3d7"	"a 4F"	"7/2"	"3d6.(3D).4s"	"b 2D"	"5/2"	M1+E2	"T8961"	""	
"295.8117"	"0.0005"	"295.81233"	"0.00005"	"290"	"1.5e+06"	"1.9e-03"	"-1.71"	D+	"58631.623"	"92426.967"	"3d6.(1G1).4s"	"d 2G"	"9/2"	"3d5.(4G).4s.4p.(3P*)"	"v 4F*"	"9/2"		"T6892c83"	"L18349c142"	
"295.8301"	"0.0005"	"295.830089"	"0.000014"	"120d,bl(Fe I)"	"4.8e+06"	"5.1e-03"	"-1.30"	D+	"70314.624"	"104107.939"	"3d6.(3G).4p"	"x 2G*"	"9/2"	"3d6.(3P2).4d"	"4F"	"7/2"		"T6892c83"	"L18349c143"	
"295.8523"	"0.0005"	"295.852074"	"0.000012"	"600"	"1.6e+06"	"2.1e-03"	"-1.77"	D+	"44446.9051"	"78237.709"	"3d6.(5D).4p"	"z 4D*"	"7/2"	"3d6.(5D).5s"	"e 6D"	"7/2"		"T6892c83"	"L18349c143"	
"295.9118"	"0.0005"	"295.911922"	"0.000019"	"110d?"	"2.7e+06"	"3.5e-03"	"-1.37"	D+	"72261.742"	"106045.712"	"3d6.(1G2).4p"	"x 2H*"	"11/2"	"3d6.(3H).4d"	"2H"	"11/2"		"T6892c83"	"L18349c143"	
"295.95994"	"0.00004"	"295.959951"	"0.000014"	"6000"	"1.0e+07"	"1.0e-02"	"-1.12"	D+	"27314.9183"	"61093.406"	"3d6.(3F2).4s"	"a 2F"	"7/2"	"3d6.(3P2).4p"	"z 2D*"	"5/2"		"T6892c83"	"L18349c139"	
"295.98347"	"0.00003"	"295.983477"	"0.000021"	"9000"	"1.4e+07"	"1.3e-02"	"-0.97"	D+	"44915.057"	"78690.860"	"3d6.(1F).4s"	"c 2F"	"7/2"	"3d6.(1D2).4p"	"w 2D*"	"5/2"		"T6892c83"	"L18349c139"	
"296.1273"	"0.0005"	"296.127467"	"0.000014"	"1100"	"9.e+05"	"6.e-04"	"-2.6"	E	"8680.4706"	"42439.8511"	"3d6.(5D).4s"	"a 4D"	"3/2"	"3d6.(5D).4p"	"z 6F*"	"1/2"		"T6892c83"	"L18349c143"	
"296.1477"	"0.0005"	"296.148376"	"0.000013"	"170"	"2.3e+06"	"3.1e-03"	"-1.61"	D+	"65931.358"	"99688.355"	"3d6.(3G).4p"	"x 4G*"	"7/2"	"3d6.(3F2).5s"	"f 4F"	"7/2"		"T6892c83"	"L18349c142"	
"296.2461"	"0.0005"	"296.246828"	"0.000015"	"120d,bl(Fe I)?"	"1.4e+06"	"1.9e-03"	"-1.9"	D	"66078.272"	"99824.051"	"3d6.(3G).4p"	"x 4G*"	"5/2"	"3d6.(3F2).5s"	"f 4F"	"5/2"		"T6892c83"	"L18349c142"	
"296.2921"	"0.0005"	"296.291810"	"0.000013"	"600"	"1.6e+06"	"2.1e-03"	"-1.9"	D	"44784.7859"	"78525.442"	"3d6.(5D).4p"	"z 4D*"	"5/2"	"3d6.(5D).5s"	"e 6D"	"5/2"		"T6892c83"	"L18349c143"	
"296.41327"	"0.00006"	"296.413404"	"0.000014"	"4000bl(Fe I)"	"4.6e+06"	"4.6e-03"	"-1.44"	D+	"27314.9183"	"61041.734"	"3d6.(3F2).4s"	"a 2F"	"7/2"	"3d6.(3H).4p"	"z 4G*"	"5/2"		"T6892c83"	"L18349c148"	
"296.46238"	"0.00003"	"296.462333"	"0.000016"	"7000"	"6.5e+06"	"9.e-03"	"-1.76"	D+	"13904.8604"	"47626.110"	"3d7"	"a 4P"	"1/2"	"3d6.(5D).4p"	"z 4P*"	"1/2"		"T6892c83"	"L18349c139"	
"296.503166"	"0.000020"	"296.503178"	"0.000014"	"13000"	"9.4e+06"	"1.24e-02"	"-1.30"	B	"13673.2045"	"47389.809"	"3d7"	"a 4P"	"3/2"	"3d6.(5D).4p"	"z 4P*"	"3/2"		"T7589"	"L18349c139"	
"296.5395"	"0.0015"	"296.540601"	"0.000012"	"600"	"1.1e+06"	"1.0e-03"	"-2.2"	D	"27620.4033"	"61332.753"	"3d6.(3F2).4s"	"a 2F"	"5/2"	"3d6.(3P2).4p"	"y 4P*"	"3/2"		"T6892c83"	"L7357"	
"296.59664"	"0.00016"	"296.596440"	"0.000017"	"320bl(Fe II)*"	"4.0e+06"	"6.6e-03"	"-1.28"	D+	"73016.184"	"106722.187"	"3d6.(1G2).4p"	"x 2F*"	"7/2"	"3d6.(3H).4d"	"4F"	"9/2"		"T6892c83"	"L18349c148"	
"296.76827"	"0.00006"	"296.768235"	"0.000020"	"600"	"8.3e+07"	"7.3e-02"	"-0.36"	C+	"75915.080"	"109601.572"	"3d6.(3D).4p"	"w 2F*"	"5/2"	"3d6.(3D).5s"	"2D"	"3/2"		"T6892c83"	"L18349c139"	
"296.7727"	"0.0005"	"296.773239"	"0.000014"	"120d?"	"2.6e+06"	"2.5e-03"	"-1.69"	D+	"70523.694"	"104209.618"	"3d6.(3G).4p"	"x 2G*"	"7/2"	"3d6.(3H).4d"	"2F"	"5/2"		"T6892c83"	"L18349c143"	
"296.8742"	"0.0005"	"296.873696"	"0.000014"	"700d?"	"2.4e+05"	"4.e-04"	"-2.5"	E	"27314.9183"	"60989.444"	"3d6.(3F2).4s"	"a 2F"	"7/2"	"3d6.(3H).4p"	"z 4H*"	"9/2"		"T6892c83"	"L18349c143"	
"296.8873"	"0.0005"	"296.886945"	"0.000018"	"300"	"7.3e+07"	"1.0e-01"	"-0.72"	D+	"66248.647"	"99921.670"	"3d6.(3P2).4p"	"z 2S*"	"1/2"	"3d6.(3P2).5s"	"2P"	"1/2"		"T6892c83"	"L18349c143"	
"296.993583"	"0.000015"	"296.993598"	"0.000014"	"21000"	"2.3e+07"	"2.3e-02"	"-0.74"	D+	"30764.4737"	"64425.405"	"3d6.(3G).4s"	"b 2G"	"7/2"	"3d6.(3F2).4p"	"z 2F*"	"5/2"		"T6892c83"	"L18349c139"	
"297.05145"	"0.00002"	"297.051469"	"0.000013"	"10000"	"2.70e+06"	"5.4e-03"	"-1.67"	B	"8680.4706"	"42334.8444"	"3d6.(5D).4s"	"a 4D"	"3/2"	"3d6.(5D).4p"	"z 6F*"	"5/2"		"T7589"	"L18349c139"	
"297.06935"	"0.00010"	"297.069370"	"0.000014"	"2100"	"4.2e+06"	"4.4e-03"	"-1.36"	C+	"30388.5451"	"64040.891"	"3d6.(3G).4s"	"b 2G"	"9/2"	"3d6.(3F2).4p"	"y 4G*"	"7/2"		"T7461"	"L18349c139"	
"297.2009"	"0.0005"	"297.199952"	"0.000014"	"1200d,bl"	"1.4e+06"	"1.8e-03"	"-2.4"	D	"45206.4704"	"78844.031"	"3d6.(5D).4p"	"z 4D*"	"1/2"	"3d6.(5D).5s"	"e 6D"	"1/2"		"T6892c83"	"L18349c143"	
"297.2416"	"0.0005"	"297.241040"	"0.000017"	"110d,bl(Fe I)"	"4.0e+05"	"6.e-04"	"-2.2"	D	"72130.375"	"105763.286"	"3d6.(1G2).4p"	"x 2H*"	"9/2"	"3d6.(3F2).4d"	"2H"	"11/2"		"T6892c83"	"L18349c143"	
"297.2748"	"0.0005"	"297.274636"	"0.000013"	"600"	"9.e+05"	"1.2e-03"	"-1.9"	D	"44232.5398"	"77861.650"	"3d6.(5D).4p"	"z 4F*"	"9/2"	"3d6.(5D).5s"	"e 6D"	"9/2"		"T6892c83"	"L18349c143"	
"297.5933"	"0.0005"	"297.593603"	"0.000014"	"1100"	"9.e+05"	"1.2e-03"	"-2.6"	E	"8846.7837"	"42439.8511"	"3d6.(5D).4s"	"a 4D"	"1/2"	"3d6.(5D).4p"	"z 6F*"	"1/2"		"T6892c83"	"L18349c143"	
"297.8848"	"0.0005"	"297.884552"	"0.000014"	"700d"	"7.2e+05"	"9.5e-04"	"-2.02"	C	"30388.5451"	"63948.803"	"3d6.(3G).4s"	"b 2G"	"9/2"	"3d6.(3F2).4p"	"y 4G*"	"9/2"		"T7461"	"L18349c143"	
"297.9073"	"0.0005"	"297.90804"	"0.00003"	"600"	"9.e+06"	"8.e-03"	"-1.31"	D+	"44929.532"	"78487.144"	"3d6.(1F).4s"	"c 2F"	"5/2"	"3d6.(1D2).4p"	"w 2D*"	"3/2"		"T6892c83"	"L18349c143"	
"297.9125"	"0.0005"	"297.911503"	"0.000021"	"900"	"5.e+05"	"9.e-04"	"-2.2"	D	"31999.049"	"65556.271"	"3d7"	"b 2F"	"7/2"	"3d6.(3H).4p"	"z 2H*"	"9/2"		"T6892c83"	"L18349c143"	
"297.93532"	"0.00004"	"297.935350"	"0.000014"	"4000"	"1.6e+06"	"4.3e-03"	"-2.07"	C	"8846.7837"	"42401.3198"	"3d6.(5D).4s"	"a 4D"	"1/2"	"3d6.(5D).4p"	"z 6F*"	"3/2"		"T7589"	"L18349c139"	
"298.0647"	"0.0005"	"298.06388"	"0.00005"	"500"	"1.6e+06"	"2.1e-03"	"-1.67"	D+	"58631.623"	"92171.690"	"3d6.(1G1).4s"	"d 2G"	"9/2"	"3d6.(3F1).4p"	"u 2G*"	"9/2"		"T6892c83"	"L18349c143"	
"298.0959"	"0.0005"	"298.096266"	"0.000014"	"1400"	"1.1e+06"	"1.9e-03"	"-1.9"	D	"27620.4033"	"61156.827"	"3d6.(3F2).4s"	"a 2F"	"5/2"	"3d6.(3H).4p"	"z 4H*"	"7/2"		"T6892c83"	"L18349c143"	
"298.20610"	"0.00003"	"298.206129"	"0.000021"	"6000"	"2.4e+07"	"4.8e-02"	"-0.71"	D+	"36126.412"	"69650.481"	"3d6.(3D).4s"	"b 2D"	"3/2"	"3d6.(3G).4p"	"y 2F*"	"5/2"		"T6892c83"	"L18349c139"	
"298.2255"	"0.0005"	"298.225601"	"0.000014"	"700"	"1.2e+06"	"1.5e-03"	"-1.9"	D	"30764.4737"	"64286.354"	"3d6.(3G).4s"	"b 2G"	"7/2"	"3d6.(3F2).4p"	"z 2F*"	"7/2"		"T6892c83"	"L18349c143"	
"298.4178"	"0.0005"	"298.418371"	"0.000014"	"120d?"	"5.3e+06"	"5.4e-03"	"-1.37"	D+	"70523.694"	"104023.921"	"3d6.(3G).4p"	"x 2G*"	"7/2"	"3d6.(5D).5d"	"4F"	"5/2"		"T6892c83"	"L18349c143"	
"298.4213"	"0.0005"	"298.421034"	"0.000014"	"100d?"	"1.9e+06"	"2.0e-03"	"-1.70"	D+	"70314.624"	"103814.552"	"3d6.(3G).4p"	"x 2G*"	"9/2"	"3d6.(5D).5d"	"4F"	"7/2"		"T6892c83"	"L18349c142"	
"298.4293"	"0.0005"	"298.428642"	"0.000021"	"100d,bl(Fe II)*"	"7.e+05"	"6.e-04"	"-2.4"	D	"74606.864"	"108105.938"	"3d6.(3D).4p"	"x 2D*"	"5/2"	"3d6.(3F2).4d"	"2P"	"3/2"		"T6892c83"	"L18349c143"	
"298.482516"	"0.000014"	"298.482518"	"0.000014"	"100000"	"4.3e+07"	"5.7e-02"	"-0.46"	C	"13474.4474"	"46967.4751"	"3d7"	"a 4P"	"5/2"	"3d6.(5D).4p"	"z 4P*"	"5/2"		"T7589"	"L18349c139"	
"298.4890"	"0.0003"	"298.488819"	"0.000014"	"500"	"6.e+05"	"1.0e-03"	"-2.1"	D	"27314.9183"	"60807.239"	"3d6.(3F2).4s"	"a 2F"	"7/2"	"3d6.(3H).4p"	"z 4G*"	"9/2"		"T6892c83"	"L18349c139"	
"298.49619"	"0.00005"	"298.496179"	"0.000015"	"1900"	"5.4e+07"	"9.7e-02"	"-0.24"	C+	"67000.530"	"100492.025"	"3d6.(3F2).4p"	"y 2D*"	"5/2"	"3d6.(3F2).5s"	"e 2F"	"7/2"		"T6892c83"	"L18349c139"	
"298.5091"	"0.0005"	"298.509112"	"0.000014"	"250"	"6.e+05"	"8.e-04"	"-2.3"	D	"57411.086"	"90901.130"	"3d5.4s2"	"d 4P"	"5/2"	"3d6.(5D).5p"	"4P*"	"5/2"		"T6892c83"	"L18349c143"	
"298.554532"	"0.000014"	"298.554538"	"0.000015"	"40000"	"2.39e+07"	"6.4e-02"	"-0.89"	B	"13904.8604"	"47389.809"	"3d7"	"a 4P"	"1/2"	"3d6.(5D).4p"	"z 4P*"	"3/2"		"T7589"	"L18349c139"	
"298.5637"	"0.0005"	"298.563967"	"0.000014"	"600?"	"1.2e+06"	"1.7e-03"	"-1.9"	D	"44753.8179"	"78237.709"	"3d6.(5D).4p"	"z 4F*"	"7/2"	"3d6.(5D).5s"	"e 6D"	"7/2"		"T6892c83"	"L18349c143"	
"298.63435"	"0.00008"	"298.634420"	"0.000016"	"1000"	"4.1e+07"	"8.2e-02"	"-0.48"	C+	"67273.833"	"100749.825"	"3d6.(3F2).4p"	"y 2D*"	"3/2"	"3d6.(3F2).5s"	"e 2F"	"5/2"		"T6892c83"	"L18349c139"	
""	""	"298.719176"	"0.000017"	""	"2.5e-03"	"3.3e-12"	"-10.48"	E	"0.0000"	"33466.4943"	"3d6.(5D).4s"	"a 6D"	"9/2"	"3d6.(1G2).4s"	"c 2G"	"9/2"	M1	"T8961"	""	
"298.7512"	"0.0005"	"298.750745"	"0.000014"	"170d?"	"2.7e+06"	"4.3e-03"	"-1.36"	D+	"64831.951"	"98294.909"	"3d6.(3F2).4p"	"y 2G*"	"9/2"	"3d6.(3H).5s"	"e 4H"	"11/2"		"T6892c83"	"L18349c143"	
"298.75347"	"0.00008"	"298.753549"	"0.000014"	"800"	"5.5e+06"	"7.4e-03"	"-1.23"	D+	"70523.694"	"103986.338"	"3d6.(3G).4p"	"x 2G*"	"7/2"	"3d6.(3H).4d"	"4H"	"7/2"		"T6892c83"	"L18349c139"	
"298.77885"	"0.00008"	"298.778925"	"0.000014"	"800"	"8.8e+07"	"1.17e-01"	"-0.03"	C+	"70523.694"	"103983.496"	"3d6.(3G).4p"	"x 2G*"	"7/2"	"3d6.(3G).5s"	"e 2G"	"7/2"		"T6892c83"	"L18349c139"	
"298.9068"	"0.0005"	"298.906336"	"0.000014"	"600bl(Fe II)?*"	"7.e+05"	"9.e-04"	"-2.3"	D	"45079.9019"	"78525.442"	"3d6.(5D).4p"	"z 4F*"	"5/2"	"3d6.(5D).5s"	"e 6D"	"5/2"		"T6892c83"	"L18349c143"	
"299.1236"	"0.0005"	"299.122864"	"0.000015"	"270"	"1.4e+06"	"1.9e-03"	"-1.9"	D	"27620.4033"	"61041.734"	"3d6.(3F2).4s"	"a 2F"	"5/2"	"3d6.(3H).4p"	"z 4G*"	"5/2"		"T6892c83"	"L18349c142"	
"299.1828"	"0.0005"	"299.181822"	"0.000014"	"800bl(Fe II)*"	"1.0e+06"	"1.6e-03"	"-1.9"	D	"44446.9051"	"77861.650"	"3d6.(5D).4p"	"z 4D*"	"7/2"	"3d6.(5D).5s"	"e 6D"	"9/2"		"T6892c83"	"L18349c143"	
"299.5973"	"0.0005"	"299.596884"	"0.000014"	"100bl(Fe I)"	"1.0e+06"	"1.3e-03"	"-1.9"	D	"70314.624"	"103683.078"	"3d6.(3G).4p"	"x 2G*"	"9/2"	"3d6.(5D).5d"	"4F"	"9/2"		"T6892c83"	"L18349c142"	
"299.7296"	"0.0005"	"299.729991"	"0.000020"	"1100"	"9.e+06"	"1.5e-02"	"-1.03"	D+	"36252.931"	"69606.567"	"3d6.(3D).4s"	"b 2D"	"5/2"	"3d6.(3G).4p"	"y 2F*"	"7/2"		"T6892c83"	"L18349c143"	
"299.7706"	"0.0005"	"299.770420"	"0.000018"	"110d?"	"3.0e+06"	"4.0e-03"	"-1.79"	D+	"72169.004"	"105518.142"	"3d6.(3D).4p"	"w 4F*"	"3/2"	"3d6.(3F2).4d"	"4F"	"3/2"		"T6892c83"	"L18349c143"	
"299.7980"	"0.0005"	"299.797237"	"0.000015"	"190"	"1.6e+06"	"1.1e-03"	"-2.4"	D	"57493.333"	"90839.488"	"3d5.4s2"	"d 4P"	"3/2"	"3d6.(3P1).4p"	"4P*"	"1/2"		"T6892c83"	"L18349c142"	
"299.8850"	"0.0005"	"299.885169"	"0.000015"	"700d,bl(Fe II)?*"	"4.2e+05"	"8.e-04"	"-2.3"	D	"27620.4033"	"60956.781"	"3d6.(3F2).4s"	"a 2F"	"5/2"	"3d6.(3H).4p"	"z 4G*"	"7/2"		"T6892c83"	"L18349c143"	
"299.8850"	"0.0005"	"299.88528"	"0.00003"	"700d,bl(Fe II)?*"	"9.e+05"	"1.8e-03"	"-2.1"	D	"72043.060"	"105379.425"	"3d6.(3D).4p"	"w 4P*"	"3/2"	"3d6.(3F2).4d"	"4D"	"5/2"		"T6892c83"	"L18349c143"	
