vacuum_wavelength,par_init,j_init,par_final,j_final,log_gf,einsteina,cf
1.96675e-08,e,1.0,o,0.0,-5.27,936000.0,0.003
1.96776e-08,e,2.0,o,1.0,-5.57,467000.0,0.001
1.96971e-08,e,1.0,o,1.0,-5.19,1120000.0,0.005
1.97066e-08,e,0.0,o,1.0,-5.09,1410000.0,-0.004
1.97107e-08,e,2.0,o,2.0,-4.83,2540000.0,0.005
1.97197e-08,e,4.0,o,3.0,-4.86,2360000.0,0.002
1.97303e-08,e,1.0,o,2.0,-5.16,1200000.0,-0.004
1.97963e-08,e,2.0,o,2.0,-5.24,972000.0,-0.004
1.9797800000000002e-08,e,4.0,o,4.0,-4.97,1820000.0,0.003
1.9816e-08,e,1.0,o,2.0,-5.81,263000.0,0.002
1.98447e-08,e,3.0,o,4.0,-5.47,575000.0,-0.007
1.9894800000000003e-08,e,2.0,o,1.0,-5.99,173000.0,0.002
1.9924400000000002e-08,e,0.0,o,1.0,-5.87,227000.0,0.001
1.9955000000000002e-08,e,2.0,o,3.0,-5.58,440000.0,-0.004
1.9991999999999998e-08,e,1.0,o,2.0,-5.94,194000.0,-0.004
2.0271400000000002e-08,e,2.0,o,1.0,-5.44,583000.0,0.008
2.02921e-08,e,1.0,o,1.0,-5.81,251000.0,-0.004
2.03529e-08,e,2.0,o,1.0,-5.0,1610000.0,0.006
2.0360200000000003e-08,e,4.0,o,3.0,-4.33,7550000.0,-0.008
2.03738e-08,e,1.0,o,1.0,-4.92,1940000.0,-0.008
2.03798e-08,e,3.0,o,2.0,-5.2,1010000.0,0.009
2.03839e-08,e,0.0,o,1.0,-5.36,694000.0,0.005
2.0508e-08,e,3.0,o,2.0,-4.92,1890000.0,-0.009
2.0538800000000002e-08,e,2.0,o,1.0,-5.27,847000.0,-0.009
2.0560100000000002e-08,e,1.0,o,1.0,-5.79,255000.0,-0.003
2.0755000000000003e-08,e,3.0,o,2.0,-5.53,458000.0,-0.005
2.07892e-08,e,2.0,o,2.0,-5.22,925000.0,0.002
2.07946e-08,e,2.0,o,1.0,-2.47,517000000.0,-0.016
2.08038e-08,e,2.0,o,3.0,-5.72,296000.0,0.0
2.08109e-08,e,1.0,o,2.0,-5.93,180000.0,-0.001
2.0831600000000002e-08,e,2.0,o,2.0,-2.08,1270000000.0,-0.017
2.08417e-08,e,2.0,o,1.0,-5.72,293000.0,-0.001
2.08636e-08,e,1.0,o,1.0,-5.27,818000.0,0.004
2.08742e-08,e,0.0,o,1.0,-5.68,320000.0,-0.001
2.08908e-08,e,4.0,o,3.0,-3.22,91400000.0,0.007
2.0909200000000003e-08,e,1.0,o,0.0,-2.56,423000000.0,-0.017
2.09272e-08,e,2.0,o,2.0,-2.54,434000000.0,0.015
2.09282e-08,e,2.0,o,3.0,-3.43,56000000.0,-0.002
2.09427e-08,e,1.0,o,1.0,-2.66,335000000.0,-0.017
2.09551e-08,e,4.0,o,3.0,-4.3,7690000.0,-0.001
2.09788e-08,e,3.0,o,3.0,-3.76,26400000.0,0.006
2.09802e-08,e,1.0,o,2.0,-2.52,460000000.0,0.019
2.09947e-08,e,0.0,o,1.0,-2.54,434000000.0,0.018
2.0998400000000002e-08,e,2.0,o,3.0,-4.61,3750000.0,-0.003
2.10071e-08,e,3.0,o,2.0,-5.71,292000.0,0.0
2.10163e-08,e,4.0,o,3.0,-3.52,45900000.0,0.002
2.10267e-08,e,2.0,o,2.0,-4.85,2140000.0,0.002
2.10373e-08,e,2.0,o,1.0,-5.31,735000.0,-0.001
2.10771e-08,e,1.0,o,2.0,-3.19,96000000.0,-0.008
2.10814e-08,e,4.0,o,3.0,-2.47,512000000.0,-0.005
2.10927e-08,e,5.0,o,4.0,-3.49,48000000.0,-0.034
2.11043e-08,e,3.0,o,2.0,-3.72,28400000.0,0.004
2.11047e-08,e,2.0,o,3.0,-3.98,15800000.0,0.003
2.1105099999999998e-08,e,4.0,o,4.0,-3.01,146000000.0,0.012
2.11054e-08,e,3.0,o,3.0,-4.98,1570000.0,0.0
2.11236e-08,e,2.0,o,2.0,-5.0,1500000.0,0.001
2.1124100000000003e-08,e,2.0,o,2.0,-4.51,4570000.0,0.001
2.1125200000000003e-08,e,2.0,o,3.0,-5.09,1200000.0,0.001
2.1170700000000002e-08,e,4.0,o,4.0,-2.32,720000000.0,-0.011
2.1188900000000003e-08,e,1.0,o,1.0,-3.96,16300000.0,-0.002
2.1194200000000002e-08,e,4.0,o,3.0,-3.97,15900000.0,-0.001
2.1194900000000003e-08,e,3.0,o,4.0,-3.55,41600000.0,0.007
2.12046e-08,e,4.0,o,5.0,-5.8,234000.0,-0.004
2.1209e-08,e,4.0,o,3.0,-4.41,5820000.0,0.001
2.12287e-08,e,3.0,o,3.0,-4.13,10900000.0,-0.012
2.12364e-08,e,2.0,o,1.0,-2.89,192000000.0,-0.004
2.12421e-08,e,0.0,o,1.0,-3.75,26000000.0,-0.003
2.12577e-08,e,3.0,o,2.0,-4.8,2330000.0,0.008
2.12604e-08,e,4.0,o,3.0,-4.42,5640000.0,0.0
2.1276400000000003e-08,e,1.0,o,2.0,-4.13,10800000.0,0.004
2.12848e-08,e,3.0,o,3.0,-2.35,652000000.0,-0.01
2.13041e-08,e,3.0,o,2.0,-4.5,4700000.0,0.0
2.1304900000000002e-08,e,2.0,o,3.0,-3.54,42400000.0,0.007
2.13243e-08,e,2.0,o,2.0,-2.51,450000000.0,-0.008
2.1333900000000002e-08,e,4.0,o,5.0,-4.75,2590000.0,-0.005
2.13384e-08,e,4.0,o,3.0,-2.82,224000000.0,-0.013
2.13522e-08,e,4.0,o,4.0,-5.13,1090000.0,-0.004
2.13572e-08,e,3.0,o,2.0,-3.67,31700000.0,0.016
2.13584e-08,e,3.0,o,3.0,-4.35,6560000.0,0.002
2.13758e-08,e,4.0,o,3.0,-5.84,209000.0,-0.003
2.13799e-08,e,5.0,o,4.0,-2.26,809000000.0,-0.045
2.14298e-08,e,4.0,o,4.0,-5.18,961000.0,0.0
2.1430600000000003e-08,e,3.0,o,3.0,-5.72,276000.0,-0.001
2.145e-08,e,3.0,o,4.0,-5.9,181000.0,0.0
2.1458900000000002e-08,e,2.0,o,1.0,-2.62,350000000.0,-0.026
2.14669e-08,e,2.0,o,3.0,-5.38,604000.0,0.004
2.14683e-08,e,4.0,o,3.0,-5.99,150000.0,-0.002
2.14841e-08,e,4.0,o,5.0,-5.67,307000.0,0.002
2.14993e-08,e,4.0,o,4.0,-4.93,1710000.0,-0.002
2.15034e-08,e,1.0,o,2.0,-5.26,800000.0,0.016
2.15173e-08,e,4.0,o,4.0,-5.45,516000.0,-0.001
2.1521799999999998e-08,e,4.0,o,3.0,-2.41,564000000.0,-0.021
2.15421e-08,e,3.0,o,3.0,-5.28,762000.0,0.0
2.15473e-08,e,1.0,o,0.0,-4.18,9570000.0,0.001
2.15503e-08,e,2.0,o,1.0,-2.02,1370000000.0,-0.027
2.1554800000000003e-08,e,3.0,o,4.0,-4.65,3210000.0,0.015
2.15602e-08,e,2.0,o,3.0,-4.75,2580000.0,0.014
2.15619e-08,e,3.0,o,2.0,-2.49,460000000.0,-0.021
2.1572800000000003e-08,e,3.0,o,4.0,-4.79,2350000.0,0.013
2.15766e-08,e,2.0,o,1.0,-3.9,18300000.0,0.001
2.15829e-08,e,1.0,o,1.0,-5.31,697000.0,0.0
2.1586500000000003e-08,e,2.0,o,3.0,-4.6,3610000.0,-0.001
2.1605400000000002e-08,e,3.0,o,3.0,-3.32,69200000.0,-0.053
2.1616399999999998e-08,e,2.0,o,2.0,-4.7,2870000.0,0.0
2.16166e-08,e,1.0,o,1.0,-2.98,150000000.0,0.022
2.1617200000000002e-08,e,2.0,o,2.0,-3.86,19800000.0,-0.005
2.16227e-08,e,1.0,o,2.0,-4.78,2400000.0,-0.002
2.16284e-08,e,4.0,o,3.0,-1.75,2560000000.0,-0.015
2.1635400000000003e-08,e,3.0,o,2.0,-3.77,24200000.0,0.001
2.1651100000000002e-08,e,2.0,o,3.0,-2.8,228000000.0,0.009
2.1666e-08,e,2.0,o,1.0,-3.5,45200000.0,-0.014
2.1672e-08,e,0.0,o,1.0,-3.3,70800000.0,-0.011
2.17093e-08,e,1.0,o,1.0,-2.13,1040000000.0,0.036
2.17194e-08,e,2.0,o,2.0,-3.08,119000000.0,0.01
2.1720500000000002e-08,e,2.0,o,3.0,-2.28,738000000.0,0.081
2.1725700000000002e-08,e,1.0,o,2.0,-3.42,53500000.0,-0.041
2.17385e-08,e,3.0,o,2.0,-4.32,6840000.0,0.001
2.17397e-08,e,3.0,o,3.0,-1.86,1930000000.0,-0.089
2.1745400000000002e-08,e,4.0,o,3.0,-2.42,535000000.0,-0.032
2.17588e-08,e,2.0,o,1.0,-3.87,19000000.0,0.012
2.1759100000000002e-08,e,2.0,o,1.0,-3.73,26000000.0,0.021
2.17616e-08,e,2.0,o,2.0,-3.5,44900000.0,0.004
2.1763e-08,e,4.0,o,3.0,-3.78,23600000.0,0.004
2.17652e-08,e,0.0,o,1.0,-2.64,320000000.0,-0.023
2.17773e-08,e,1.0,o,2.0,-3.4,56300000.0,-0.011
2.18063e-08,e,3.0,o,2.0,-2.12,1060000000.0,-0.035
2.1815100000000003e-08,e,4.0,o,3.0,-1.61,3450000000.0,0.036
2.18274e-08,e,2.0,o,2.0,-3.09,114000000.0,0.012
2.18346e-08,e,3.0,o,4.0,-2.19,911000000.0,0.081
2.1838100000000002e-08,e,2.0,o,1.0,-2.66,305000000.0,-0.06
2.18408e-08,e,3.0,o,3.0,-2.44,509000000.0,-0.038
2.18435e-08,e,0.0,o,1.0,-5.83,206000.0,-0.004
2.18445e-08,e,1.0,o,1.0,-2.28,739000000.0,-0.099
2.18558e-08,e,4.0,o,3.0,-5.77,238000.0,0.003
2.18562e-08,e,3.0,o,2.0,-5.75,248000.0,0.001
2.18581e-08,e,4.0,o,4.0,-3.82,21400000.0,0.012
2.1862e-08,e,2.0,o,3.0,-3.89,18100000.0,0.029
2.18941e-08,e,2.0,o,2.0,-5.74,256000.0,0.0
2.19036e-08,e,4.0,o,4.0,-4.34,6370000.0,0.008
2.1910600000000002e-08,e,2.0,o,3.0,-2.73,259000000.0,0.02
2.1911000000000003e-08,e,0.0,o,1.0,-3.9,17800000.0,0.009
2.19159e-08,e,1.0,o,1.0,-5.92,166000.0,0.001
2.19171e-08,e,4.0,o,3.0,-4.3,7010000.0,0.008
2.1921e-08,e,1.0,o,1.0,-3.48,46100000.0,0.007
2.19238e-08,e,1.0,o,2.0,-3.24,80000000.0,0.006
2.19301e-08,e,3.0,o,3.0,-2.31,677000000.0,0.082
2.1931e-08,e,2.0,o,2.0,-2.47,469000000.0,0.064
2.19375e-08,e,1.0,o,2.0,-2.86,193000000.0,0.022
2.1950500000000002e-08,e,3.0,o,2.0,-3.27,75400000.0,0.05
2.19511e-08,e,2.0,o,3.0,-5.92,166000.0,0.002
2.1953200000000002e-08,e,3.0,o,2.0,-1.85,1960000000.0,0.038
2.1953800000000002e-08,e,4.0,o,3.0,-3.0,140000000.0,-0.009
2.19572e-08,e,2.0,o,1.0,-5.01,1360000.0,-0.001
2.19612e-08,e,3.0,o,4.0,-4.51,4230000.0,-0.014
2.1967400000000003e-08,e,2.0,o,3.0,-3.33,64100000.0,-0.002
2.19718e-08,e,2.0,o,1.0,-1.78,2300000000.0,0.046
2.19746e-08,e,2.0,o,2.0,-2.51,426000000.0,-0.032
2.1974700000000004e-08,e,3.0,o,3.0,-5.02,1310000.0,0.002
2.19779e-08,e,0.0,o,1.0,-3.25,78000000.0,0.012
2.19984e-08,e,2.0,o,2.0,-2.75,245000000.0,0.008
2.2013e-08,e,2.0,o,3.0,-5.76,239000.0,0.0
2.20179e-08,e,4.0,o,3.0,-4.77,2350000.0,-0.004
2.20398e-08,e,3.0,o,2.0,-4.68,2830000.0,0.008
2.2039900000000002e-08,e,2.0,o,2.0,-3.65,30600000.0,-0.001
2.20764e-08,e,3.0,o,2.0,-2.79,224000000.0,-0.058
2.20783e-08,e,2.0,o,2.0,-5.16,939000.0,0.002
2.20904e-08,e,4.0,o,3.0,-2.55,387000000.0,0.043
2.2099e-08,e,2.0,o,1.0,-3.23,80200000.0,0.003
2.2101e-08,e,3.0,o,2.0,-5.09,1110000.0,-0.005
2.2105000000000002e-08,e,2.0,o,2.0,-2.13,1010000000.0,0.012
2.21062e-08,e,2.0,o,3.0,-3.26,75200000.0,-0.059
2.2107700000000002e-08,e,2.0,o,1.0,-5.01,1320000.0,0.006
2.21118e-08,e,3.0,o,3.0,-3.59,35500000.0,-0.038
2.2114599999999998e-08,e,2.0,o,3.0,-4.65,3040000.0,-0.006
2.2132300000000002e-08,e,1.0,o,1.0,-5.05,1220000.0,0.006
2.21397e-08,e,2.0,o,2.0,-5.34,628000.0,-0.002
2.2144300000000003e-08,e,0.0,o,1.0,-5.51,420000.0,0.002
2.21644e-08,e,1.0,o,2.0,-5.03,1270000.0,-0.004
2.2180600000000003e-08,e,0.0,o,1.0,-5.53,406000.0,0.0
2.22063e-08,e,1.0,o,2.0,-5.79,221000.0,0.0
2.2227e-08,e,3.0,o,2.0,-3.26,75100000.0,0.014
2.2228000000000002e-08,e,2.0,o,1.0,-3.74,24400000.0,0.005
2.2236500000000002e-08,e,3.0,o,2.0,-3.44,49400000.0,-0.035
2.22585e-08,e,2.0,o,2.0,-4.18,8960000.0,0.021
2.2266300000000002e-08,e,1.0,o,1.0,-3.1,106000000.0,-0.006
2.22853e-08,e,1.0,o,0.0,-5.47,451000.0,0.0
2.2292599999999998e-08,e,2.0,o,1.0,-4.79,2190000.0,0.0
2.22993e-08,e,1.0,o,1.0,-4.01,13000000.0,-0.031
2.2303200000000002e-08,e,2.0,o,3.0,-3.8,21100000.0,-0.005
2.23188e-08,e,2.0,o,1.0,-4.17,9120000.0,-0.018
2.23243e-08,e,2.0,o,2.0,-3.55,37600000.0,0.009
2.2325100000000002e-08,e,0.0,o,1.0,-3.86,18300000.0,0.001
2.23913e-08,e,2.0,o,1.0,-2.92,160000000.0,0.043
2.2398e-08,e,1.0,o,1.0,-3.5,41800000.0,-0.048
2.24572e-08,e,4.0,o,3.0,-5.32,637000.0,-0.007
2.24636e-08,e,2.0,o,2.0,-3.07,112000000.0,-0.01
2.24704e-08,e,1.0,o,2.0,-3.42,50900000.0,0.029
2.24719e-08,e,3.0,o,3.0,-1.77,2260000000.0,-0.236
2.2484e-08,e,3.0,o,2.0,-3.33,62200000.0,-0.017
2.25002e-08,e,2.0,o,3.0,-3.49,43000000.0,-0.009
2.2504400000000003e-08,e,3.0,o,2.0,-3.29,68300000.0,0.006
2.2517500000000003e-08,e,3.0,o,2.0,-5.32,625000.0,-0.005
2.25177e-08,e,3.0,o,3.0,-5.24,757000.0,-0.007
2.25207e-08,e,3.0,o,3.0,-2.75,236000000.0,0.011
2.25262e-08,e,2.0,o,3.0,-4.42,4970000.0,-0.004
2.25457e-08,e,4.0,o,3.0,-3.22,80000000.0,-0.014
2.25513e-08,e,4.0,o,4.0,-4.71,2550000.0,0.025
2.25579e-08,e,2.0,o,3.0,-5.26,722000.0,0.007
2.26016e-08,e,2.0,o,1.0,-5.54,381000.0,-0.005
2.26123e-08,e,3.0,o,4.0,-5.23,768000.0,-0.019
2.2616e-08,e,3.0,o,2.0,-2.01,1290000000.0,0.032
2.26165e-08,e,2.0,o,1.0,-3.04,118000000.0,0.021
2.26172e-08,e,3.0,o,3.0,-3.44,47600000.0,0.024
2.26195e-08,e,2.0,o,2.0,-4.51,4050000.0,0.0
2.2623400000000002e-08,e,1.0,o,1.0,-3.2,82500000.0,0.01
2.2626400000000002e-08,e,1.0,o,2.0,-4.57,3480000.0,-0.001
2.26283e-08,e,4.0,o,3.0,-2.32,624000000.0,-0.04
2.26403e-08,e,3.0,o,2.0,-2.61,323000000.0,0.049
2.26497e-08,e,0.0,o,1.0,-3.65,29700000.0,-0.002
2.2666600000000002e-08,e,6.0,o,5.0,-2.61,318000000.0,0.028
2.2681100000000002e-08,e,4.0,o,5.0,-3.8,20400000.0,-0.008
2.26881e-08,e,5.0,o,4.0,-3.91,16000000.0,-0.023
2.2697e-08,e,5.0,o,5.0,-2.22,789000000.0,-0.157
2.2699100000000002e-08,e,2.0,o,1.0,-3.75,23000000.0,0.0
2.2702400000000002e-08,e,4.0,o,4.0,-2.97,140000000.0,-0.007
2.2703700000000003e-08,e,4.0,o,3.0,-3.34,58800000.0,-0.01
2.27081e-08,e,4.0,o,4.0,-3.97,13800000.0,-0.021
2.2711400000000002e-08,e,4.0,o,5.0,-3.32,62600000.0,-0.008
2.272e-08,e,3.0,o,4.0,-4.46,4470000.0,0.015
2.27316e-08,e,3.0,o,3.0,-3.58,34000000.0,-0.014
2.27424e-08,e,4.0,o,3.0,-4.58,3400000.0,0.019
2.27516e-08,e,0.0,o,1.0,-3.76,22500000.0,-0.005
2.27546e-08,e,2.0,o,3.0,-3.66,28300000.0,-0.005
2.27589e-08,e,2.0,o,2.0,-5.04,1170000.0,-0.002
2.2769700000000002e-08,e,4.0,o,3.0,-4.43,4770000.0,-0.004
2.2769900000000003e-08,e,3.0,o,4.0,-4.57,3440000.0,-0.003
2.27784e-08,e,4.0,o,4.0,-4.57,3500000.0,0.0
2.27874e-08,e,4.0,o,5.0,-2.72,243000000.0,0.026
2.2801400000000002e-08,e,2.0,o,1.0,-3.13,94900000.0,0.004
2.2803200000000003e-08,e,2.0,o,3.0,-4.2,8160000.0,-0.017
2.2804400000000002e-08,e,3.0,o,3.0,-3.89,16600000.0,0.034
2.28064e-08,e,3.0,o,4.0,-5.97,137000.0,0.0
2.28143e-08,e,6.0,o,5.0,-0.8,20200000000.0,0.354
2.28182e-08,e,2.0,o,2.0,-4.82,1920000.0,-0.01
2.28234e-08,e,3.0,o,3.0,-2.34,589000000.0,-0.134
2.28242e-08,e,3.0,o,2.0,-3.71,24900000.0,-0.028
2.28319e-08,e,3.0,o,3.0,-3.78,21200000.0,-0.022
2.28421e-08,e,2.0,o,1.0,-4.91,1560000.0,-0.003
2.28452e-08,e,5.0,o,5.0,-2.5,406000000.0,-0.012
2.28456e-08,e,3.0,o,2.0,-2.51,392000000.0,0.087
2.28457e-08,e,2.0,o,3.0,-5.68,267000.0,0.0
2.28597e-08,e,4.0,o,5.0,-2.87,173000000.0,-0.009
2.28655e-08,e,2.0,o,2.0,-3.75,22800000.0,-0.016
2.2866200000000002e-08,e,5.0,o,4.0,-0.96,13900000000.0,0.286
2.28683e-08,e,1.0,o,1.0,-4.98,1340000.0,-0.002
2.2871100000000002e-08,e,4.0,o,5.0,-4.18,8370000.0,-0.051
2.28732e-08,e,2.0,o,3.0,-5.85,179000.0,0.0
2.28738e-08,e,6.0,o,6.0,-1.3,6360000000.0,0.12
2.28764e-08,e,2.0,o,2.0,-2.41,488000000.0,-0.01
2.28808e-08,e,4.0,o,4.0,-1.96,1390000000.0,-0.033
2.28811e-08,e,0.0,o,1.0,-5.41,501000.0,0.001
2.28918e-08,e,1.0,o,2.0,-4.13,9460000.0,0.005
2.29032e-08,e,2.0,o,1.0,-4.04,11500000.0,-0.017
2.29048e-08,e,5.0,o,6.0,-2.67,274000000.0,-0.049
2.29078e-08,e,4.0,o,3.0,-1.45,4490000000.0,0.112
2.2908500000000003e-08,e,2.0,o,3.0,-4.04,11600000.0,-0.013
2.29092e-08,e,4.0,o,4.0,-3.8,20200000.0,-0.006
2.2914300000000002e-08,e,2.0,o,3.0,-5.51,390000.0,0.0
2.29204e-08,e,2.0,o,2.0,-1.74,2300000000.0,-0.282
2.2923e-08,e,4.0,o,3.0,-3.88,16900000.0,-0.021
2.2927400000000003e-08,e,1.0,o,2.0,-2.81,197000000.0,0.197
2.29296e-08,e,1.0,o,1.0,-4.72,2390000.0,-0.003
2.29367e-08,e,4.0,o,5.0,-1.96,1400000000.0,0.022
2.29417e-08,e,3.0,o,2.0,-1.12,9740000000.0,0.563
2.2942400000000003e-08,e,0.0,o,1.0,-4.58,3320000.0,0.004
2.29528e-08,e,4.0,o,5.0,-5.16,874000.0,-0.021
2.29579e-08,e,4.0,o,4.0,-2.3,635000000.0,0.012
2.29639e-08,e,0.0,o,1.0,-1.86,1740000000.0,-0.085
2.29721e-08,e,3.0,o,4.0,-3.35,56900000.0,-0.03
2.29737e-08,e,3.0,o,2.0,-4.63,3000000.0,-0.018
2.29796e-08,e,1.0,o,0.0,-1.82,1910000000.0,0.099
2.29841e-08,e,0.0,o,1.0,-4.04,11500000.0,0.014
2.29843e-08,e,2.0,o,1.0,-1.37,5370000000.0,0.4
2.29852e-08,e,4.0,o,3.0,-1.54,3670000000.0,0.148
2.2986e-08,e,3.0,o,3.0,-3.17,86500000.0,-0.054
2.29863e-08,e,6.0,o,5.0,-1.57,3360000000.0,-0.168
2.29864e-08,e,3.0,o,4.0,-1.98,1330000000.0,0.02
2.29914e-08,e,1.0,o,1.0,-1.74,2290000000.0,-0.442
2.2996600000000002e-08,e,1.0,o,2.0,-3.97,13500000.0,-0.03
2.29984e-08,e,4.0,o,4.0,-3.25,71200000.0,-0.072
2.30021e-08,e,4.0,o,3.0,-4.21,7860000.0,0.002
2.3011600000000003e-08,e,1.0,o,0.0,-1.66,2750000000.0,0.481
2.30137e-08,e,3.0,o,3.0,-2.06,1100000000.0,0.013
2.30141e-08,e,4.0,o,3.0,-1.21,7760000000.0,-0.209
2.3015500000000002e-08,e,2.0,o,2.0,-4.22,7620000.0,-0.017
2.30176e-08,e,5.0,o,5.0,-1.25,7010000000.0,0.131
2.302e-08,e,1.0,o,1.0,-1.87,1690000000.0,0.109
2.3020700000000002e-08,e,5.0,o,4.0,-2.54,365000000.0,-0.19
2.30253e-08,e,3.0,o,3.0,-2.47,427000000.0,0.137
2.30263e-08,e,4.0,o,4.0,-3.65,28400000.0,0.024
2.3027500000000002e-08,e,4.0,o,3.0,-4.6,3170000.0,0.031
2.30278e-08,e,2.0,o,3.0,-3.92,15100000.0,0.011
2.3029e-08,e,3.0,o,2.0,-2.3,627000000.0,0.029
2.3030000000000002e-08,e,5.0,o,5.0,-2.28,658000000.0,-0.095
2.30317e-08,e,3.0,o,2.0,-4.07,10900000.0,-0.028
2.30322e-08,e,3.0,o,3.0,-4.26,6940000.0,0.008
2.30323e-08,e,4.0,o,5.0,-2.9,159000000.0,-0.01
2.3035e-08,e,2.0,o,1.0,-3.35,55600000.0,-0.007
2.3035e-08,e,5.0,o,4.0,-2.05,1130000000.0,-0.156
2.30372e-08,e,2.0,o,3.0,-2.17,841000000.0,0.018
2.30381e-08,e,2.0,o,2.0,-2.62,298000000.0,-0.009
2.30381e-08,e,4.0,o,5.0,-4.14,9190000.0,-0.015
2.30422e-08,e,1.0,o,2.0,-4.72,2420000.0,-0.006
2.30498e-08,e,4.0,o,4.0,-2.19,814000000.0,-0.013
2.30525e-08,e,2.0,o,2.0,-2.8,201000000.0,0.003
2.30557e-08,e,5.0,o,4.0,-1.52,3770000000.0,-0.178
2.30619e-08,e,3.0,o,4.0,-3.69,25900000.0,0.057
2.30653e-08,e,1.0,o,2.0,-1.94,1450000000.0,-0.073
2.30705e-08,e,4.0,o,4.0,-1.45,4420000000.0,0.061
2.30738e-08,e,2.0,o,2.0,-3.98,13100000.0,-0.026
2.3074300000000002e-08,e,2.0,o,3.0,-3.57,33700000.0,0.036
2.30787e-08,e,4.0,o,4.0,-3.16,86700000.0,0.017
2.3088e-08,e,4.0,o,5.0,-2.68,263000000.0,0.051
2.30899e-08,e,3.0,o,4.0,-4.05,11300000.0,-0.022
2.30911e-08,e,3.0,o,3.0,-4.17,8480000.0,0.032
2.30921e-08,e,4.0,o,3.0,-2.25,701000000.0,-0.025
2.30929e-08,e,2.0,o,1.0,-2.93,149000000.0,0.353
2.30979e-08,e,4.0,o,4.0,-3.87,16800000.0,0.056
2.31006e-08,e,1.0,o,2.0,-3.76,21600000.0,0.047
2.31021e-08,e,3.0,o,4.0,-5.35,565000.0,-0.001
2.3103200000000003e-08,e,4.0,o,5.0,-3.72,23800000.0,-0.019
2.3103200000000003e-08,e,4.0,o,3.0,-3.06,109000000.0,-0.053
2.31042e-08,e,2.0,o,3.0,-3.23,73100000.0,0.115
2.3108400000000003e-08,e,4.0,o,3.0,-3.1,99100000.0,0.011
2.31105e-08,e,4.0,o,5.0,-2.49,407000000.0,-0.018
2.3121000000000002e-08,e,3.0,o,3.0,-2.77,212000000.0,-0.002
2.31214e-08,e,3.0,o,3.0,-1.99,1260000000.0,-0.237
2.3128100000000002e-08,e,4.0,o,4.0,-3.24,71600000.0,-0.001
2.31308e-08,e,2.0,o,2.0,-4.89,1580000.0,0.0
2.31333e-08,e,2.0,o,3.0,-4.26,6820000.0,-0.029
2.31337e-08,e,2.0,o,1.0,-1.71,2450000000.0,0.1
2.31385e-08,e,2.0,o,2.0,-3.1,98800000.0,-0.143
2.31447e-08,e,2.0,o,3.0,-2.12,943000000.0,-0.021
2.3144800000000002e-08,e,3.0,o,2.0,-3.26,68200000.0,-0.079
2.3145e-08,e,2.0,o,3.0,-2.82,190000000.0,0.142
2.3148900000000002e-08,e,4.0,o,4.0,-2.44,450000000.0,0.005
2.31558e-08,e,3.0,o,2.0,-2.44,452000000.0,0.204
2.3157e-08,e,3.0,o,4.0,-3.53,37200000.0,-0.003
2.3160700000000002e-08,e,4.0,o,4.0,-2.0,1240000000.0,-0.151
2.31619e-08,e,3.0,o,4.0,-4.2,7810000.0,-0.061
2.31672e-08,e,3.0,o,3.0,-2.42,474000000.0,-0.141
2.31733e-08,e,4.0,o,3.0,-3.62,29900000.0,-0.012
2.3177900000000002e-08,e,3.0,o,4.0,-2.73,231000000.0,-0.006
2.31795e-08,e,2.0,o,2.0,-1.28,6550000000.0,0.115
2.31825e-08,e,5.0,o,5.0,-0.93,14500000000.0,-0.2
2.31826e-08,e,1.0,o,2.0,-4.89,1620000.0,0.0
2.31873e-08,e,2.0,o,2.0,-3.39,51100000.0,-0.049
2.32042e-08,e,5.0,o,4.0,-1.13,9220000000.0,-0.42
2.3209800000000003e-08,e,2.0,o,3.0,-2.52,376000000.0,0.153
2.32143e-08,e,1.0,o,2.0,-2.89,160000000.0,0.151
2.3225e-08,e,3.0,o,4.0,-2.83,183000000.0,0.06
2.3237700000000003e-08,e,3.0,o,3.0,-2.85,173000000.0,-0.048
2.32404e-08,e,2.0,o,1.0,-3.18,81400000.0,-0.075
2.32412e-08,e,4.0,o,5.0,-1.99,1260000000.0,0.044
2.32438e-08,e,5.0,o,6.0,-3.66,27300000.0,-0.001
2.32539e-08,e,3.0,o,2.0,-2.96,137000000.0,-0.073
2.32578e-08,e,2.0,o,3.0,-4.92,1470000.0,-0.001
2.3260200000000002e-08,e,0.0,o,1.0,-1.62,2980000000.0,0.377
2.3262100000000002e-08,e,4.0,o,3.0,-0.6,31300000000.0,0.256
2.32627e-08,e,4.0,o,3.0,-4.82,1860000.0,-0.003
2.3263e-08,e,4.0,o,4.0,-1.14,8930000000.0,-0.127
2.3273900000000002e-08,e,3.0,o,2.0,-1.97,1330000000.0,-0.118
2.3275299999999998e-08,e,3.0,o,3.0,-2.64,283000000.0,-0.008
2.32787e-08,e,4.0,o,4.0,-2.44,446000000.0,-0.085
2.32805e-08,e,2.0,o,3.0,-2.54,356000000.0,0.082
2.32808e-08,e,0.0,o,1.0,-2.75,220000000.0,0.129
2.32832e-08,e,2.0,o,1.0,-3.26,67100000.0,0.004
2.32858e-08,e,2.0,o,2.0,-2.84,177000000.0,0.004
2.32868e-08,e,3.0,o,4.0,-2.0,1220000000.0,0.063
2.3291e-08,e,4.0,o,3.0,-1.0,12200000000.0,-0.341
2.3296700000000004e-08,e,2.0,o,2.0,-3.29,63000000.0,-0.023
2.3297900000000002e-08,e,2.0,o,2.0,-1.7,2430000000.0,-0.107
2.32992e-08,e,2.0,o,3.0,-0.98,12700000000.0,0.515
2.33027e-08,e,4.0,o,3.0,-3.43,45700000.0,-0.074
2.3314099999999998e-08,e,1.0,o,2.0,-3.75,21800000.0,-0.008
2.33148e-08,e,3.0,o,3.0,-1.53,3640000000.0,-0.071
2.33178e-08,e,1.0,o,1.0,-1.67,2600000000.0,0.431
2.3324e-08,e,1.0,o,2.0,-2.4,488000000.0,0.139
2.33276e-08,e,3.0,o,3.0,-5.42,467000.0,0.001
2.33278e-08,e,4.0,o,4.0,-1.86,1690000000.0,-0.179
2.3330500000000002e-08,e,3.0,o,2.0,-1.09,9880000000.0,-0.298
2.33393e-08,e,3.0,o,2.0,-4.05,11100000.0,0.027
2.33434e-08,e,4.0,o,5.0,-1.8,1940000000.0,-0.13
2.33437e-08,e,3.0,o,4.0,-2.48,408000000.0,0.166
2.33474e-08,e,3.0,o,2.0,-3.63,28600000.0,0.01
2.33503e-08,e,2.0,o,2.0,-2.62,288000000.0,0.101
2.336e-08,e,5.0,o,5.0,-2.02,1170000000.0,0.036
2.33641e-08,e,0.0,o,1.0,-3.84,17700000.0,0.017
2.33677e-08,e,4.0,o,3.0,-4.53,3600000.0,-0.01
2.33678e-08,e,3.0,o,3.0,-3.21,76100000.0,-0.064
2.33707e-08,e,2.0,o,3.0,-3.48,40200000.0,0.063
2.33708e-08,e,4.0,o,4.0,-1.07,10300000000.0,0.136
2.33716e-08,e,2.0,o,2.0,-4.91,1490000.0,0.0
2.3372600000000002e-08,e,1.0,o,1.0,-4.48,4070000.0,0.002
2.3378000000000003e-08,e,5.0,o,4.0,-1.19,7870000000.0,-0.279
2.33825e-08,e,2.0,o,2.0,-3.47,41300000.0,0.047
2.3384200000000004e-08,e,3.0,o,4.0,-2.12,926000000.0,-0.151
2.3392599999999998e-08,e,2.0,o,1.0,-0.79,19600000000.0,0.376
2.3393100000000002e-08,e,3.0,o,4.0,-3.83,17900000.0,-0.002
2.3399100000000002e-08,e,4.0,o,4.0,-2.2,762000000.0,-0.097
2.33993e-08,e,5.0,o,4.0,-1.88,1610000000.0,-0.066
2.34009e-08,e,4.0,o,3.0,-1.72,2330000000.0,-0.054
2.34011e-08,e,4.0,o,5.0,-3.85,17100000.0,-0.1
2.34023e-08,e,3.0,o,2.0,-4.23,7250000.0,-0.029
2.341e-08,e,1.0,o,2.0,-5.41,476000.0,0.001
2.3411000000000004e-08,e,2.0,o,3.0,-3.15,85900000.0,0.097
2.34167e-08,e,2.0,o,1.0,-2.84,176000000.0,-0.1
2.34197e-08,e,4.0,o,5.0,-2.42,458000000.0,-0.014
2.34203e-08,e,2.0,o,3.0,-4.31,5980000.0,0.0
2.34239e-08,e,1.0,o,2.0,-2.14,883000000.0,-0.398
2.34241e-08,e,3.0,o,2.0,-0.98,12600000000.0,-0.286
2.34249e-08,e,3.0,o,3.0,-1.12,9340000000.0,0.187
2.3430300000000002e-08,e,2.0,o,1.0,-2.97,130000000.0,0.044
2.34332e-08,e,3.0,o,3.0,-3.12,91300000.0,-0.066
2.34345e-08,e,2.0,o,1.0,-2.82,182000000.0,0.156
2.3437400000000002e-08,e,0.0,o,1.0,-3.08,101000000.0,0.017
2.34378e-08,e,4.0,o,4.0,-1.83,1800000000.0,0.064
2.34457e-08,e,2.0,o,2.0,-4.94,1390000.0,-0.003
2.34468e-08,e,2.0,o,3.0,-3.19,78700000.0,-0.015
2.3459200000000003e-08,e,4.0,o,4.0,-1.59,3150000000.0,0.064
2.346e-08,e,4.0,o,3.0,-2.3,607000000.0,0.037
2.34619e-08,e,3.0,o,4.0,-4.69,2490000.0,0.0
2.3463900000000002e-08,e,3.0,o,3.0,-2.83,179000000.0,0.194
2.34647e-08,e,3.0,o,4.0,-2.1,969000000.0,0.232
2.3469e-08,e,1.0,o,1.0,-3.4,48300000.0,0.004
2.3469100000000002e-08,e,3.0,o,3.0,-4.14,8770000.0,0.009
2.34708e-08,e,2.0,o,1.0,-2.95,135000000.0,-0.091
2.34716e-08,e,1.0,o,2.0,-3.12,92000000.0,-0.004
2.3473400000000003e-08,e,1.0,o,2.0,-3.47,41000000.0,0.111
2.3474000000000002e-08,e,1.0,o,0.0,-3.19,78300000.0,0.006
2.34759e-08,e,2.0,o,3.0,-2.14,876000000.0,-0.14
2.34767e-08,e,2.0,o,3.0,-2.93,141000000.0,-0.066
2.34802e-08,e,4.0,o,3.0,-1.65,2680000000.0,-0.069
2.3481e-08,e,4.0,o,3.0,-1.34,5570000000.0,-0.175
2.3483300000000002e-08,e,3.0,o,4.0,-2.21,752000000.0,-0.031
2.3493700000000002e-08,e,3.0,o,3.0,-1.15,8490000000.0,0.13
2.3494200000000003e-08,e,2.0,o,2.0,-3.37,51600000.0,-0.003
2.3496199999999998e-08,e,4.0,o,3.0,-2.88,160000000.0,0.001
2.34963e-08,e,4.0,o,3.0,-3.06,107000000.0,-0.089
2.3498500000000004e-08,e,1.0,o,1.0,-3.44,43500000.0,-0.027
2.34993e-08,e,2.0,o,2.0,-1.22,7340000000.0,0.136
2.34998e-08,e,5.0,o,4.0,-2.35,537000000.0,-0.073
2.35053e-08,e,3.0,o,2.0,-2.54,349000000.0,-0.058
2.3512000000000002e-08,e,0.0,o,1.0,-3.22,73000000.0,0.033
2.35152e-08,e,4.0,o,4.0,-2.36,529000000.0,0.044
2.35172e-08,e,3.0,o,2.0,-2.04,1110000000.0,-0.039
2.35181e-08,e,2.0,o,3.0,-1.76,2080000000.0,-0.502
2.35189e-08,e,6.0,o,5.0,-0.27,64200000000.0,-0.424
2.3523800000000002e-08,e,4.0,o,4.0,-0.64,28000000000.0,-0.265
2.35272e-08,e,2.0,o,1.0,-2.79,198000000.0,-0.097
2.3527600000000002e-08,e,2.0,o,1.0,-3.88,15700000.0,-0.006
2.3529800000000002e-08,e,2.0,o,2.0,-3.42,46100000.0,0.019
2.35307e-08,e,4.0,o,3.0,-2.73,222000000.0,0.012
2.3534e-08,e,3.0,o,2.0,-1.16,8390000000.0,-0.248
2.35343e-08,e,0.0,o,1.0,-2.83,179000000.0,-0.011
2.3535400000000004e-08,e,2.0,o,3.0,-4.51,3750000.0,0.0
2.35411e-08,e,4.0,o,3.0,-2.94,137000000.0,-0.01
2.35416e-08,e,2.0,o,2.0,-2.5,380000000.0,-0.26
2.35462e-08,e,4.0,o,4.0,-1.41,4640000000.0,0.186
2.35471e-08,e,3.0,o,3.0,-0.77,20600000000.0,-0.256
2.35488e-08,e,3.0,o,4.0,-2.35,535000000.0,-0.193
2.35521e-08,e,4.0,o,5.0,-2.26,658000000.0,-0.121
2.35581e-08,e,4.0,o,3.0,-2.86,167000000.0,0.072
2.35625e-08,e,3.0,o,3.0,-2.3,608000000.0,-0.192
2.3563900000000003e-08,e,2.0,o,2.0,-4.25,6720000.0,0.001
2.35664e-08,e,4.0,o,4.0,-3.94,13800000.0,0.009
2.3571100000000002e-08,e,3.0,o,3.0,-2.24,696000000.0,0.076
2.35761e-08,e,4.0,o,4.0,-2.22,735000000.0,0.004
2.35779e-08,e,2.0,o,2.0,-1.11,9330000000.0,-0.242
2.3583699999999998e-08,e,2.0,o,1.0,-1.08,10000000000.0,-0.34
2.3585800000000003e-08,e,4.0,o,5.0,-1.23,7100000000.0,0.129
2.35901e-08,e,3.0,o,4.0,-2.76,210000000.0,0.003
2.3591e-08,e,2.0,o,3.0,-1.61,2940000000.0,0.041
2.3593700000000003e-08,e,3.0,o,2.0,-0.92,14300000000.0,-0.439
2.35957e-08,e,2.0,o,3.0,-3.6,29800000.0,-0.008
2.35966e-08,e,4.0,o,4.0,-1.66,2600000000.0,-0.055
2.36059e-08,e,1.0,o,2.0,-1.44,4370000000.0,0.088
2.36062e-08,e,4.0,o,5.0,-1.33,5580000000.0,-0.16
2.36065e-08,e,2.0,o,3.0,-4.57,3220000.0,-0.001
2.36117e-08,e,1.0,o,1.0,-1.62,2910000000.0,-0.27
2.36123e-08,e,4.0,o,3.0,-1.48,3970000000.0,-0.07
2.3612600000000003e-08,e,3.0,o,4.0,-5.93,141000.0,0.0
2.36147e-08,e,1.0,o,0.0,-1.25,6720000000.0,-0.44
2.3618100000000002e-08,e,4.0,o,3.0,-3.78,19700000.0,0.018
2.3623e-08,e,3.0,o,2.0,-1.98,1250000000.0,0.236
2.3624600000000003e-08,e,3.0,o,3.0,-2.06,1040000000.0,0.205
2.3625299999999998e-08,e,0.0,o,1.0,-1.48,3970000000.0,0.16
2.36267e-08,e,3.0,o,4.0,-2.79,193000000.0,0.03
2.3633e-08,e,3.0,o,4.0,-3.25,67100000.0,0.061
2.36338e-08,e,4.0,o,5.0,-1.25,6740000000.0,-0.16
2.3642400000000003e-08,e,3.0,o,3.0,-5.29,607000.0,0.0
2.36469e-08,e,4.0,o,3.0,-2.16,821000000.0,-0.029
2.3649500000000003e-08,e,4.0,o,4.0,-2.23,698000000.0,-0.078
2.365e-08,e,4.0,o,5.0,-2.56,332000000.0,-0.044
2.36573e-08,e,3.0,o,2.0,-2.83,176000000.0,0.049
2.36672e-08,e,2.0,o,2.0,-1.84,1730000000.0,0.201
2.3667300000000002e-08,e,2.0,o,3.0,-4.66,2580000.0,0.001
2.36708e-08,e,4.0,o,3.0,-0.3,59500000000.0,0.396
2.3672800000000002e-08,e,4.0,o,4.0,-1.27,6370000000.0,0.099
2.3678000000000002e-08,e,6.0,o,5.0,-2.91,146000000.0,0.022
2.3683400000000003e-08,e,1.0,o,2.0,-5.75,213000.0,0.0
2.36843e-08,e,4.0,o,3.0,-1.93,1410000000.0,0.091
2.3685e-08,e,3.0,o,3.0,-3.74,21700000.0,0.009
2.3686600000000004e-08,e,3.0,o,2.0,-4.14,8700000.0,-0.013
2.3695400000000003e-08,e,1.0,o,2.0,-3.37,51100000.0,-0.005
2.37009e-08,e,4.0,o,4.0,-1.64,2710000000.0,0.111
2.37166e-08,e,3.0,o,4.0,-1.73,2190000000.0,0.237
2.37173e-08,e,1.0,o,1.0,-3.67,25400000.0,-0.003
2.37177e-08,e,3.0,o,2.0,-1.55,3330000000.0,-0.078
2.3717900000000002e-08,e,4.0,o,3.0,-2.41,458000000.0,0.084
2.37293e-08,e,4.0,o,3.0,-1.57,3200000000.0,0.056
2.3729400000000002e-08,e,3.0,o,2.0,-1.71,2330000000.0,0.122
2.37295e-08,e,2.0,o,3.0,-2.41,455000000.0,-0.18
2.37311e-08,e,2.0,o,2.0,-3.46,41200000.0,-0.031
2.3735e-08,e,2.0,o,1.0,-2.0,1180000000.0,0.101
2.3740000000000003e-08,e,3.0,o,4.0,-0.91,14500000000.0,-0.273
2.37408e-08,e,3.0,o,4.0,-1.82,1780000000.0,-0.275
2.3742e-08,e,6.0,o,6.0,-3.72,22500000.0,-0.049
2.37427e-08,e,2.0,o,2.0,-3.33,55800000.0,0.003
2.3745800000000002e-08,e,4.0,o,5.0,-2.3,594000000.0,-0.119
2.3747e-08,e,2.0,o,3.0,-1.37,5120000000.0,-0.253
2.37478e-08,e,2.0,o,1.0,-3.07,102000000.0,0.106
2.37515e-08,e,3.0,o,3.0,-1.94,1370000000.0,0.025
2.37542e-08,e,1.0,o,2.0,-4.22,7100000.0,-0.001
2.3757800000000002e-08,e,4.0,o,5.0,-1.89,1520000000.0,0.115
2.37594e-08,e,1.0,o,2.0,-3.1,94700000.0,-0.068
2.3759700000000003e-08,e,3.0,o,3.0,-1.64,2700000000.0,-0.065
2.3763300000000002e-08,e,2.0,o,2.0,-1.97,1280000000.0,-0.146
2.37634e-08,e,1.0,o,1.0,-2.74,214000000.0,-0.014
2.37683e-08,e,3.0,o,4.0,-1.42,4540000000.0,-0.207
2.37686e-08,e,4.0,o,4.0,-3.46,41100000.0,-0.012
2.37699e-08,e,4.0,o,4.0,-3.66,25800000.0,-0.007
2.37699e-08,e,3.0,o,3.0,-2.34,540000000.0,-0.113
2.3770900000000003e-08,e,1.0,o,2.0,-1.2,7460000000.0,-0.262
2.3774100000000004e-08,e,2.0,o,2.0,-2.9,148000000.0,0.004
2.37762e-08,e,1.0,o,1.0,-2.3,590000000.0,0.168
2.37766e-08,e,0.0,o,1.0,-2.23,691000000.0,-0.232
2.37768e-08,e,2.0,o,1.0,-1.36,5170000000.0,-0.209
2.37772e-08,e,0.0,o,1.0,-1.35,5230000000.0,-0.243
2.3784100000000002e-08,e,0.0,o,1.0,-4.4,4640000.0,0.0
2.3784800000000003e-08,e,2.0,o,3.0,-2.93,140000000.0,0.022
2.37853e-08,e,3.0,o,3.0,-1.92,1430000000.0,0.171
2.37862e-08,e,3.0,o,2.0,-3.64,27100000.0,-0.047
2.3788700000000002e-08,e,3.0,o,2.0,-1.57,3180000000.0,0.074
2.37894e-08,e,4.0,o,3.0,-3.3,58500000.0,0.014
2.379e-08,e,0.0,o,1.0,-2.29,604000000.0,0.159
2.37941e-08,e,3.0,o,2.0,-3.48,38700000.0,0.021
2.37962e-08,e,2.0,o,3.0,-0.81,18400000000.0,-0.282
2.37978e-08,e,4.0,o,3.0,-2.41,464000000.0,0.055
2.37981e-08,e,4.0,o,3.0,-4.32,5700000.0,-0.015
2.38025e-08,e,1.0,o,2.0,-0.95,13100000000.0,-0.29
2.38138e-08,e,2.0,o,2.0,-1.69,2380000000.0,-0.074
2.38195e-08,e,3.0,o,2.0,-2.85,165000000.0,-0.102
2.38302e-08,e,2.0,o,3.0,-2.05,1050000000.0,-0.144
2.38321e-08,e,4.0,o,3.0,-3.06,103000000.0,0.036
2.38362e-08,e,2.0,o,1.0,-2.3,592000000.0,0.163
2.38368e-08,e,1.0,o,1.0,-1.65,2600000000.0,0.522
2.3837700000000002e-08,e,3.0,o,4.0,-1.99,1210000000.0,0.194
2.3839e-08,e,2.0,o,2.0,-2.33,549000000.0,0.085
2.38456e-08,e,4.0,o,4.0,-5.98,124000.0,0.0
2.3856800000000002e-08,e,5.0,o,4.0,-0.93,13900000000.0,-0.201
2.38572e-08,e,3.0,o,3.0,-3.47,39700000.0,-0.008
2.38613e-08,e,2.0,o,3.0,-1.25,6560000000.0,-0.215
2.3862000000000002e-08,e,4.0,o,3.0,-2.28,616000000.0,0.041
2.3863300000000003e-08,e,6.0,o,5.0,-1.31,5780000000.0,-0.362
2.38648e-08,e,1.0,o,1.0,-2.59,304000000.0,0.075
2.3866e-08,e,3.0,o,3.0,-5.35,526000.0,0.0
2.38676e-08,e,1.0,o,2.0,-2.21,728000000.0,0.095
2.38701e-08,e,1.0,o,0.0,-2.16,803000000.0,0.283
2.3878700000000002e-08,e,0.0,o,1.0,-4.1,9240000.0,-0.002
2.38843e-08,e,3.0,o,3.0,-2.07,998000000.0,-0.133
2.38853e-08,e,3.0,o,3.0,-4.45,4100000.0,-0.007
2.3887e-08,e,3.0,o,3.0,-2.55,328000000.0,-0.08
2.38889e-08,e,0.0,o,1.0,-1.6,2960000000.0,-0.311
2.38969e-08,e,2.0,o,3.0,-2.59,300000000.0,0.003
2.39023e-08,e,2.0,o,3.0,-2.44,423000000.0,-0.061
2.39112e-08,e,2.0,o,3.0,-2.63,275000000.0,0.166
2.39125e-08,e,4.0,o,3.0,-2.35,524000000.0,-0.064
2.39138e-08,e,3.0,o,2.0,-2.92,140000000.0,0.07
2.39138e-08,e,3.0,o,4.0,-3.74,21400000.0,-0.039
2.3913999999999998e-08,e,2.0,o,2.0,-4.78,1950000.0,-0.009
2.3915000000000003e-08,e,2.0,o,1.0,-2.67,249000000.0,-0.227
2.3919100000000003e-08,e,4.0,o,4.0,-2.7,233000000.0,0.014
2.39212e-08,e,3.0,o,2.0,-3.06,100000000.0,0.069
2.39228e-08,e,3.0,o,4.0,-0.98,12200000000.0,-0.352
2.39305e-08,e,2.0,o,3.0,-3.68,24200000.0,0.05
2.39321e-08,e,4.0,o,5.0,-2.2,734000000.0,0.092
2.39352e-08,e,4.0,o,3.0,-1.17,7930000000.0,-0.191
2.39428e-08,e,1.0,o,2.0,-4.74,2130000.0,0.013
2.39442e-08,e,3.0,o,4.0,-4.96,1290000.0,-0.001
2.39451e-08,e,3.0,o,4.0,-1.3,5840000000.0,-0.315
2.39453e-08,e,2.0,o,1.0,-2.76,203000000.0,0.06
2.39463e-08,e,4.0,o,4.0,-3.79,18800000.0,0.022
2.3949700000000003e-08,e,1.0,o,1.0,-1.01,11300000000.0,0.531
2.3951e-08,e,4.0,o,4.0,-2.62,281000000.0,-0.01
2.39588e-08,e,2.0,o,1.0,-1.41,4550000000.0,-0.435
2.3959100000000002e-08,e,2.0,o,2.0,-4.42,4430000.0,-0.001
2.39603e-08,e,3.0,o,3.0,-2.55,324000000.0,0.042
2.3968100000000002e-08,e,4.0,o,5.0,-4.58,3030000.0,-0.052
2.3973300000000002e-08,e,4.0,o,4.0,-2.9,146000000.0,0.027
2.3974100000000002e-08,e,1.0,o,1.0,-3.32,55300000.0,-0.019
2.39751e-08,e,4.0,o,4.0,-5.56,319000.0,0.0
2.3988e-08,e,1.0,o,2.0,-2.62,275000000.0,-0.086
2.39882e-08,e,0.0,o,1.0,-2.35,512000000.0,-0.135
2.40202e-08,e,3.0,o,4.0,-4.57,3110000.0,-0.036
2.40286e-08,e,2.0,o,1.0,-2.95,131000000.0,0.213
2.40324e-08,e,1.0,o,2.0,-3.77,19500000.0,0.005
2.4037000000000002e-08,e,4.0,o,5.0,-4.47,3930000.0,0.024
2.40377e-08,e,3.0,o,2.0,-1.32,5460000000.0,-0.216
2.4038100000000002e-08,e,2.0,o,3.0,-2.93,136000000.0,0.026
2.4044e-08,e,3.0,o,4.0,-3.51,35700000.0,0.044
2.40554e-08,e,4.0,o,3.0,-1.48,3800000000.0,-0.078
2.4061099999999998e-08,e,4.0,o,3.0,-1.65,2570000000.0,0.222
2.40727e-08,e,2.0,o,1.0,-0.62,27900000000.0,-0.777
2.40808e-08,e,3.0,o,3.0,-4.34,5250000.0,0.001
2.40878e-08,e,2.0,o,1.0,-4.69,2350000.0,0.001
2.41025e-08,e,2.0,o,2.0,-4.92,1380000.0,0.0
2.4110300000000002e-08,e,1.0,o,2.0,-3.81,17800000.0,0.009
2.41106e-08,e,3.0,o,2.0,-1.46,3940000000.0,-0.103
2.41118e-08,e,2.0,o,2.0,-1.61,2800000000.0,0.481
2.41164e-08,e,3.0,o,2.0,-3.56,31300000.0,-0.069
2.4126e-08,e,3.0,o,2.0,-2.61,282000000.0,-0.035
2.41306e-08,e,3.0,o,2.0,-0.75,20300000000.0,-0.659
2.41454e-08,e,0.0,o,1.0,-3.67,24500000.0,0.005
2.41509e-08,e,3.0,o,3.0,-4.24,6630000.0,-0.009
2.4154e-08,e,2.0,o,3.0,-2.89,148000000.0,0.286
2.41544e-08,e,4.0,o,3.0,-4.24,6590000.0,0.0
2.41563e-08,e,2.0,o,2.0,-3.06,99900000.0,-0.03
2.4158600000000003e-08,e,4.0,o,3.0,-0.24,65600000000.0,0.73
2.4162500000000002e-08,e,2.0,o,2.0,-4.65,2560000.0,0.004
2.4165e-08,e,2.0,o,1.0,-2.95,130000000.0,-0.013
2.4172800000000003e-08,e,1.0,o,1.0,-2.3,574000000.0,0.213
2.4172900000000002e-08,e,3.0,o,3.0,-1.33,5290000000.0,-0.478
2.41918e-08,e,1.0,o,2.0,-3.86,15800000.0,0.035
2.4197200000000002e-08,e,2.0,o,3.0,-3.78,18800000.0,0.043
2.41986e-08,e,2.0,o,3.0,-3.18,74600000.0,0.004
2.4207100000000002e-08,e,3.0,o,2.0,-3.4,45800000.0,-0.031
2.42075e-08,e,1.0,o,1.0,-3.25,64500000.0,-0.015
2.42088e-08,e,2.0,o,3.0,-3.23,66900000.0,0.012
2.4211e-08,e,1.0,o,2.0,-2.6,286000000.0,0.029
2.4225700000000002e-08,e,2.0,o,2.0,-3.05,99700000.0,0.044
2.42404e-08,e,4.0,o,3.0,-2.8,182000000.0,0.011
2.42426e-08,e,3.0,o,2.0,-5.32,544000.0,0.001
2.42469e-08,e,5.0,o,4.0,-2.38,471000000.0,-0.158
2.42526e-08,e,4.0,o,5.0,-5.57,303000.0,0.006
2.42535e-08,e,2.0,o,2.0,-3.3,56400000.0,0.027
2.4263300000000003e-08,e,4.0,o,4.0,-2.66,250000000.0,0.014
2.42665e-08,e,2.0,o,2.0,-3.11,87500000.0,0.003
2.4268000000000003e-08,e,2.0,o,1.0,-1.88,1520000000.0,-0.039
2.4270800000000002e-08,e,2.0,o,2.0,-3.77,19500000.0,-0.001
2.42722e-08,e,3.0,o,3.0,-5.41,439000.0,0.0
2.42759e-08,e,1.0,o,1.0,-3.91,13900000.0,0.001
2.4278700000000002e-08,e,1.0,o,2.0,-4.51,3500000.0,0.001
2.4281200000000002e-08,e,1.0,o,0.0,-2.23,668000000.0,-0.05
2.42831e-08,e,1.0,o,2.0,-3.6,28200000.0,-0.029
2.42867e-08,e,1.0,o,1.0,-3.63,26600000.0,0.009
2.42881e-08,e,2.0,o,1.0,-0.61,27700000000.0,0.749
2.42892e-08,e,2.0,o,2.0,-5.61,277000.0,-0.001
2.42916e-08,e,2.0,o,2.0,-1.63,2660000000.0,-0.287
2.42947e-08,e,3.0,o,2.0,-1.81,1770000000.0,-0.028
2.42983e-08,e,2.0,o,3.0,-2.82,172000000.0,-0.033
2.43106e-08,e,3.0,o,2.0,-0.7,22400000000.0,0.471
2.43189e-08,e,1.0,o,2.0,-4.95,1260000.0,0.004
2.43258e-08,e,2.0,o,1.0,-3.86,15800000.0,-0.01
2.4327600000000003e-08,e,2.0,o,3.0,-2.61,278000000.0,0.03
2.43367e-08,e,2.0,o,2.0,-2.27,598000000.0,-0.07
2.43409e-08,e,2.0,o,3.0,-1.77,1920000000.0,0.215
2.43491e-08,e,2.0,o,1.0,-4.38,4740000.0,0.001
2.435e-08,e,4.0,o,4.0,-2.94,128000000.0,0.01
2.43556e-08,e,1.0,o,1.0,-3.13,84100000.0,0.09
2.43567e-08,e,0.0,o,1.0,-4.72,2150000.0,0.0
2.43611e-08,e,2.0,o,1.0,-2.81,175000000.0,0.014
2.43618e-08,e,6.0,o,5.0,-2.75,199000000.0,0.001
2.43649e-08,e,3.0,o,3.0,-3.38,46700000.0,-0.008
2.43652e-08,e,2.0,o,3.0,-2.64,257000000.0,-0.037
2.43701e-08,e,0.0,o,1.0,-3.35,50800000.0,-0.057
2.43821e-08,e,3.0,o,4.0,-3.19,71800000.0,-0.022
2.4387700000000003e-08,e,2.0,o,2.0,-2.34,512000000.0,0.013
2.4391399999999998e-08,e,1.0,o,0.0,-4.29,5780000.0,0.011
2.43942e-08,e,4.0,o,3.0,-4.09,9170000.0,0.0
2.4396500000000003e-08,e,2.0,o,3.0,-1.53,3270000000.0,0.021
2.4397e-08,e,5.0,o,5.0,-3.21,68500000.0,0.002
2.44135e-08,e,4.0,o,5.0,-2.08,937000000.0,-0.041
2.4417e-08,e,2.0,o,3.0,-2.41,438000000.0,-0.018
2.44244e-08,e,3.0,o,4.0,-1.0,11300000000.0,-0.5
2.4428200000000003e-08,e,5.0,o,4.0,-2.13,830000000.0,0.007
2.44306e-08,e,2.0,o,1.0,-3.91,13700000.0,-0.001
2.44412e-08,e,3.0,o,3.0,-0.99,11400000000.0,-0.228
2.44448e-08,e,4.0,o,4.0,-2.73,208000000.0,0.004
2.44538e-08,e,4.0,o,4.0,-2.77,191000000.0,0.052
2.44684e-08,e,1.0,o,2.0,-2.86,154000000.0,0.007
2.44707e-08,e,4.0,o,3.0,-2.59,288000000.0,0.049
2.4484600000000002e-08,e,4.0,o,3.0,-1.71,2190000000.0,-0.025
2.4491700000000002e-08,e,2.0,o,1.0,-3.17,74700000.0,0.035
2.44951e-08,e,3.0,o,3.0,-2.09,901000000.0,-0.029
2.44974e-08,e,2.0,o,2.0,-1.15,7790000000.0,-0.198
2.4499100000000002e-08,e,4.0,o,3.0,-2.24,643000000.0,-0.052
2.45014e-08,e,4.0,o,5.0,-1.22,6680000000.0,0.074
2.4505000000000003e-08,e,3.0,o,2.0,-2.32,527000000.0,-0.088
2.4505400000000002e-08,e,1.0,o,2.0,-2.91,137000000.0,-0.008
2.4516300000000002e-08,e,4.0,o,3.0,-2.78,186000000.0,0.005
2.4521700000000003e-08,e,3.0,o,2.0,-1.97,1200000000.0,-0.064
2.45219e-08,e,1.0,o,1.0,-2.96,121000000.0,-0.054
2.45317e-08,e,2.0,o,2.0,-3.86,15100000.0,0.009
2.4532900000000003e-08,e,4.0,o,4.0,-2.37,473000000.0,-0.011
2.45337e-08,e,2.0,o,1.0,-1.93,1290000000.0,-0.081
2.4536500000000003e-08,e,0.0,o,1.0,-3.14,79600000.0,0.063
2.4541700000000003e-08,e,1.0,o,1.0,-1.35,4900000000.0,-0.194
2.45422e-08,e,2.0,o,3.0,-1.11,8610000000.0,-0.278
2.45486e-08,e,4.0,o,4.0,-1.43,4100000000.0,-0.325
2.4556e-08,e,1.0,o,2.0,-0.96,12200000000.0,0.703
2.45585e-08,e,2.0,o,2.0,-5.07,950000.0,0.0
2.45646e-08,e,1.0,o,1.0,-2.61,270000000.0,0.012
2.45648e-08,e,3.0,o,2.0,-2.62,265000000.0,-0.13
2.45651e-08,e,0.0,o,1.0,-1.02,10600000000.0,0.672
2.45654e-08,e,3.0,o,4.0,-1.05,9850000000.0,0.106
2.45666e-08,e,3.0,o,3.0,-1.81,1720000000.0,0.039
2.45711e-08,e,3.0,o,3.0,-1.87,1500000000.0,-0.13
2.45725e-08,e,2.0,o,3.0,-2.56,306000000.0,0.018
2.4573e-08,e,4.0,o,3.0,-4.57,2970000.0,0.0
2.45731e-08,e,2.0,o,2.0,-2.4,436000000.0,0.015
2.45783e-08,e,2.0,o,2.0,-0.75,19300000000.0,-0.28
2.45808e-08,e,4.0,o,3.0,-2.07,935000000.0,0.088
2.4581100000000002e-08,e,6.0,o,5.0,-2.93,131000000.0,0.01
2.45812e-08,e,1.0,o,2.0,-1.11,8540000000.0,-0.401
2.4582e-08,e,3.0,o,4.0,-1.8,1750000000.0,0.2
2.4585e-08,e,4.0,o,3.0,-1.66,2400000000.0,-0.033
2.45851e-08,e,0.0,o,1.0,-0.95,12400000000.0,-0.491
2.45916e-08,e,1.0,o,2.0,-1.56,3010000000.0,0.04
2.45963e-08,e,4.0,o,3.0,-1.98,1170000000.0,-0.028
2.45976e-08,e,3.0,o,2.0,-2.45,389000000.0,0.039
2.46048e-08,e,4.0,o,3.0,-1.08,9160000000.0,-0.103
2.4605600000000004e-08,e,3.0,o,3.0,-2.75,194000000.0,0.004
2.4607300000000003e-08,e,3.0,o,3.0,-3.24,64200000.0,-0.01
2.46127e-08,e,2.0,o,2.0,-2.84,159000000.0,-0.085
2.4616900000000003e-08,e,5.0,o,5.0,-2.69,226000000.0,0.038
2.4619e-08,e,2.0,o,3.0,-1.74,2020000000.0,0.311
2.4620800000000002e-08,e,3.0,o,4.0,-1.62,2650000000.0,0.413
2.46248e-08,e,2.0,o,2.0,-4.59,2800000.0,0.0
2.46254e-08,e,2.0,o,3.0,-3.44,39600000.0,0.005
2.46272e-08,e,5.0,o,4.0,-2.84,161000000.0,-0.038
2.46284e-08,e,2.0,o,1.0,-1.82,1650000000.0,-0.147
2.46286e-08,e,3.0,o,2.0,-1.24,6380000000.0,-0.137
2.4629400000000003e-08,e,1.0,o,1.0,-1.12,8240000000.0,-0.581
2.46325e-08,e,2.0,o,3.0,-1.04,10000000000.0,-0.139
2.46338e-08,e,4.0,o,5.0,-2.88,145000000.0,0.01
2.4635200000000003e-08,e,1.0,o,1.0,-2.24,629000000.0,0.025
2.46362e-08,e,0.0,o,1.0,-2.34,505000000.0,0.021
2.46376e-08,e,3.0,o,3.0,-2.47,376000000.0,0.016
2.4643100000000003e-08,e,1.0,o,2.0,-2.24,628000000.0,0.383
2.46433e-08,e,2.0,o,1.0,-1.7,2170000000.0,-0.03
2.4652500000000002e-08,e,1.0,o,0.0,-1.15,7850000000.0,-0.648
2.46556e-08,e,2.0,o,2.0,-2.68,227000000.0,0.019
2.46575e-08,e,3.0,o,3.0,-2.4,433000000.0,-0.015
2.4658500000000002e-08,e,3.0,o,2.0,-3.46,38300000.0,-0.028
2.46611e-08,e,5.0,o,4.0,-0.9,13700000000.0,-0.382
2.46631e-08,e,3.0,o,2.0,-2.23,645000000.0,-0.083
2.4664500000000002e-08,e,2.0,o,3.0,-2.21,673000000.0,-0.076
2.46756e-08,e,6.0,o,5.0,-3.26,60600000.0,-0.003
2.46773e-08,e,2.0,o,1.0,-3.02,105000000.0,0.07
2.4678e-08,e,4.0,o,4.0,-1.51,3360000000.0,0.053
2.46783e-08,e,4.0,o,3.0,-1.75,1950000000.0,0.043
2.46854e-08,e,2.0,o,2.0,-0.56,30000000000.0,-0.643
2.4691800000000003e-08,e,0.0,o,1.0,-2.07,939000000.0,0.286
2.46926e-08,e,2.0,o,3.0,-3.29,56200000.0,0.059
2.46936e-08,e,4.0,o,4.0,-3.59,28400000.0,-0.004
2.4694e-08,e,4.0,o,3.0,-2.02,1050000000.0,-0.023
2.46994e-08,e,2.0,o,1.0,-1.55,3100000000.0,-0.162
2.47056e-08,e,2.0,o,3.0,-2.37,463000000.0,0.053
2.4707200000000002e-08,e,0.0,o,1.0,-1.95,1220000000.0,0.043
2.4708000000000002e-08,e,1.0,o,1.0,-3.23,65000000.0,0.036
2.4711300000000002e-08,e,2.0,o,2.0,-2.52,327000000.0,0.039
2.47116e-08,e,5.0,o,5.0,-2.13,815000000.0,0.06
2.47128e-08,e,2.0,o,1.0,-4.33,5130000.0,-0.012
2.4720300000000002e-08,e,3.0,o,4.0,-3.1,86400000.0,-0.034
2.4722900000000004e-08,e,0.0,o,1.0,-2.55,305000000.0,-0.151
2.47232e-08,e,4.0,o,5.0,-3.21,67200000.0,-0.007
2.4728700000000003e-08,e,4.0,o,5.0,-4.44,3960000.0,0.0
2.47335e-08,e,3.0,o,2.0,-1.07,9400000000.0,-0.15
2.47338e-08,e,6.0,o,6.0,-1.14,7930000000.0,-0.1
2.47421e-08,e,1.0,o,2.0,-3.54,31400000.0,-0.006
2.4747399999999998e-08,e,4.0,o,3.0,-1.05,9770000000.0,0.158
2.47505e-08,e,2.0,o,1.0,-3.22,64700000.0,0.006
2.4751400000000003e-08,e,3.0,o,3.0,-1.03,10200000000.0,0.293
2.47534e-08,e,2.0,o,2.0,-1.84,1580000000.0,0.137
2.47541e-08,e,2.0,o,2.0,-3.65,24600000.0,0.003
2.4759600000000003e-08,e,2.0,o,1.0,-1.26,6010000000.0,-0.268
2.47646e-08,e,5.0,o,4.0,-0.71,20900000000.0,0.566
2.47653e-08,e,1.0,o,2.0,-4.68,2280000.0,0.001
2.47678e-08,e,4.0,o,4.0,-1.05,9780000000.0,-0.055
2.477e-08,e,5.0,o,6.0,-4.29,5520000.0,0.0
2.4774e-08,e,4.0,o,3.0,-2.73,201000000.0,0.074
2.47742e-08,e,6.0,o,5.0,-0.11,84500000000.0,-0.656
2.47798e-08,e,2.0,o,3.0,-2.28,575000000.0,0.017
2.47816e-08,e,4.0,o,4.0,-1.74,1980000000.0,-0.037
2.4782e-08,e,5.0,o,5.0,-3.04,98700000.0,0.001
2.4782e-08,e,2.0,o,2.0,-1.87,1470000000.0,-0.036
2.47839e-08,e,4.0,o,3.0,-2.32,518000000.0,-0.009
2.4791300000000003e-08,e,3.0,o,4.0,-2.75,192000000.0,-0.077
2.47914e-08,e,4.0,o,3.0,-4.17,7380000.0,0.0
2.47968e-08,e,5.0,o,4.0,-0.43,40500000000.0,-0.413
2.47999e-08,e,2.0,o,3.0,-1.42,4140000000.0,-0.231
2.48009e-08,e,3.0,o,4.0,-2.7,218000000.0,0.006
2.48028e-08,e,3.0,o,2.0,-3.07,91600000.0,-0.004
2.48057e-08,e,4.0,o,5.0,-1.56,2990000000.0,-0.391
2.4808600000000002e-08,e,4.0,o,4.0,-3.35,48700000.0,-0.043
2.48105e-08,e,5.0,o,5.0,-2.79,174000000.0,0.002
2.48129e-08,e,1.0,o,2.0,-1.49,3530000000.0,0.154
2.4814e-08,e,4.0,o,4.0,-2.77,185000000.0,-0.002
2.48143e-08,e,5.0,o,4.0,-1.83,1610000000.0,-0.055
2.48146e-08,e,4.0,o,3.0,-4.78,1780000.0,-0.002
2.48147e-08,e,2.0,o,1.0,-4.03,10200000.0,0.003
2.48153e-08,e,4.0,o,3.0,-0.4,43500000000.0,-0.461
2.48171e-08,e,3.0,o,3.0,-1.08,9040000000.0,-0.092
2.48188e-08,e,4.0,o,5.0,-2.89,138000000.0,-0.022
2.48191e-08,e,2.0,o,1.0,-1.05,9670000000.0,-0.332
2.4823e-08,e,3.0,o,3.0,-3.24,62000000.0,-0.009
2.4826400000000002e-08,e,2.0,o,3.0,-2.81,165000000.0,0.004
2.48277e-08,e,4.0,o,5.0,-3.32,52100000.0,-0.001
2.48284e-08,e,3.0,o,2.0,-4.88,1440000.0,0.0
2.48301e-08,e,2.0,o,2.0,-1.08,8960000000.0,-0.146
2.4832700000000002e-08,e,1.0,o,2.0,-3.2,68800000.0,0.006
2.48377e-08,e,4.0,o,3.0,-1.46,3780000000.0,0.081
2.48408e-08,e,3.0,o,2.0,-4.28,5660000.0,0.005
2.48426e-08,e,4.0,o,4.0,-0.1,85100000000.0,-0.872
2.48445e-08,e,2.0,o,3.0,-2.68,224000000.0,0.009
2.48467e-08,e,3.0,o,2.0,-4.28,5690000.0,-0.008
2.48492e-08,e,4.0,o,5.0,-1.72,2050000000.0,0.084
2.48495e-08,e,6.0,o,5.0,-0.47,36800000000.0,0.622
2.4850100000000003e-08,e,1.0,o,1.0,-3.4,43300000.0,0.002
2.48604e-08,e,2.0,o,3.0,-1.79,1750000000.0,0.017
2.4865100000000003e-08,e,3.0,o,3.0,-1.36,4750000000.0,0.275
2.48652e-08,e,0.0,o,1.0,-1.99,1100000000.0,0.061
2.48673e-08,e,4.0,o,3.0,-0.96,11900000000.0,-0.278
2.48689e-08,e,2.0,o,1.0,-2.15,755000000.0,-0.067
2.48705e-08,e,3.0,o,2.0,-2.98,113000000.0,-0.002
2.4871e-08,e,3.0,o,3.0,-1.45,3820000000.0,0.047
2.48721e-08,e,4.0,o,4.0,-2.17,718000000.0,-0.011
2.48772e-08,e,2.0,o,2.0,-1.78,1790000000.0,0.129
2.48789e-08,e,2.0,o,2.0,-2.76,185000000.0,0.007
2.4879900000000003e-08,e,5.0,o,4.0,-1.16,7470000000.0,0.186
2.4881600000000002e-08,e,4.0,o,4.0,-3.57,29000000.0,0.0
2.4882400000000003e-08,e,3.0,o,4.0,-1.96,1200000000.0,-0.423
2.4886000000000002e-08,e,5.0,o,5.0,-0.78,18100000000.0,-0.239
2.48884e-08,e,3.0,o,3.0,-4.59,2760000.0,-0.002
2.4894500000000002e-08,e,1.0,o,0.0,-1.09,8740000000.0,-0.782
2.4897200000000002e-08,e,4.0,o,4.0,-0.91,13300000000.0,-0.122
2.4897900000000004e-08,e,2.0,o,2.0,-1.78,1780000000.0,-0.027
2.4898500000000003e-08,e,2.0,o,3.0,-3.54,30800000.0,0.001
2.49e-08,e,1.0,o,1.0,-2.01,1060000000.0,0.083
2.49022e-08,e,3.0,o,2.0,-0.97,11600000000.0,-0.285
2.49033e-08,e,4.0,o,5.0,-3.5,33900000.0,0.001
2.49034e-08,e,4.0,o,3.0,-4.72,2060000.0,0.0
2.49047e-08,e,4.0,o,4.0,-1.51,3350000000.0,0.035
2.49055e-08,e,2.0,o,3.0,-3.42,40500000.0,0.014
2.4905600000000003e-08,e,3.0,o,4.0,-3.14,78300000.0,0.002
2.49061e-08,e,4.0,o,3.0,-1.07,9240000000.0,-0.261
2.4908400000000002e-08,e,1.0,o,2.0,-2.01,1050000000.0,-0.154
2.49088e-08,e,3.0,o,4.0,-1.69,2220000000.0,0.099
2.49141e-08,e,2.0,o,3.0,-2.04,981000000.0,-0.14
2.49146e-08,e,2.0,o,1.0,-1.1,8590000000.0,-0.309
2.49151e-08,e,0.0,o,1.0,-2.35,480000000.0,-0.067
2.4916600000000002e-08,e,3.0,o,4.0,-0.85,15100000000.0,0.648
2.4918500000000002e-08,e,4.0,o,5.0,-3.54,31300000.0,0.0
2.49212e-08,e,4.0,o,5.0,-0.64,24600000000.0,-0.503
2.4922900000000002e-08,e,4.0,o,3.0,-1.78,1790000000.0,0.063
2.49375e-08,e,2.0,o,3.0,-2.44,385000000.0,-0.348
2.4938200000000002e-08,e,3.0,o,4.0,-4.27,5710000.0,0.0
2.49396e-08,e,3.0,o,3.0,-2.19,684000000.0,0.019
2.49415e-08,e,3.0,o,3.0,-0.71,21000000000.0,-0.362
2.49458e-08,e,1.0,o,1.0,-1.55,3000000000.0,-0.295
2.49479e-08,e,3.0,o,3.0,-2.53,316000000.0,-0.037
2.49501e-08,e,6.0,o,6.0,-1.46,3690000000.0,0.116
2.49501e-08,e,3.0,o,3.0,-3.74,19600000.0,0.0
2.4951300000000003e-08,e,2.0,o,2.0,-1.04,9830000000.0,-0.341
2.49528e-08,e,5.0,o,4.0,-3.05,96300000.0,-0.004
2.4955600000000003e-08,e,4.0,o,3.0,-4.53,3150000.0,0.0
2.4961e-08,e,0.0,o,1.0,-1.09,8690000000.0,0.539
2.4963300000000003e-08,e,2.0,o,3.0,-3.06,94000000.0,0.006
2.4964200000000002e-08,e,1.0,o,2.0,-2.33,496000000.0,0.03
2.49649e-08,e,4.0,o,4.0,-1.53,3190000000.0,-0.141
2.4966900000000002e-08,e,0.0,o,1.0,-2.36,470000000.0,-0.281
2.49673e-08,e,2.0,o,3.0,-2.91,131000000.0,-0.004
2.49701e-08,e,4.0,o,4.0,-2.56,294000000.0,0.005
2.49738e-08,e,3.0,o,2.0,-2.54,308000000.0,-0.061
2.49767e-08,e,2.0,o,2.0,-2.7,215000000.0,-0.027
2.49827e-08,e,1.0,o,2.0,-0.84,15400000000.0,0.57
2.4983000000000003e-08,e,3.0,o,3.0,-5.26,582000.0,0.0
2.49848e-08,e,4.0,o,3.0,-2.64,246000000.0,0.007
2.4986900000000002e-08,e,5.0,o,6.0,-1.69,2180000000.0,0.281
2.49885e-08,e,4.0,o,4.0,-1.66,2310000000.0,-0.036
2.49891e-08,e,2.0,o,2.0,-3.05,93600000.0,-0.01
2.49898e-08,e,3.0,o,4.0,-3.18,70500000.0,0.027
2.49908e-08,e,2.0,o,3.0,-0.71,20900000000.0,0.581
2.49947e-08,e,4.0,o,5.0,-2.5,341000000.0,0.006
2.4994800000000002e-08,e,4.0,o,3.0,-1.37,4530000000.0,-0.056
2.50024e-08,e,3.0,o,2.0,-1.65,2380000000.0,-0.039
2.5007400000000002e-08,e,4.0,o,3.0,-2.17,716000000.0,-0.092
2.5009000000000002e-08,e,5.0,o,5.0,-1.87,1450000000.0,-0.139
2.50093e-08,e,2.0,o,3.0,-1.82,1600000000.0,-0.165
2.50141e-08,e,3.0,o,4.0,-2.47,358000000.0,0.167
2.5022300000000004e-08,e,3.0,o,4.0,-2.26,587000000.0,0.021
2.50258e-08,e,1.0,o,1.0,-2.27,565000000.0,0.02
2.50269e-08,e,2.0,o,1.0,-2.32,505000000.0,0.077
2.50285e-08,e,3.0,o,3.0,-1.73,1970000000.0,-0.017
2.50301e-08,e,2.0,o,2.0,-1.71,2070000000.0,-0.026
2.50357e-08,e,2.0,o,3.0,-1.93,1240000000.0,0.072
2.50396e-08,e,3.0,o,4.0,-0.73,19700000000.0,-0.424
2.5041800000000003e-08,e,6.0,o,7.0,-0.62,25700000000.0,-0.81
2.5048900000000003e-08,e,2.0,o,2.0,-3.07,90700000.0,0.014
2.50546e-08,e,5.0,o,4.0,-1.19,6840000000.0,-0.072
2.50564e-08,e,2.0,o,3.0,-4.03,9910000.0,-0.001
2.5062000000000003e-08,e,4.0,o,4.0,-0.97,11400000000.0,-0.085
2.50679e-08,e,2.0,o,2.0,-2.88,139000000.0,-0.036
2.5076800000000003e-08,e,4.0,o,3.0,-2.6,265000000.0,-0.003
2.5077400000000002e-08,e,4.0,o,5.0,-2.16,738000000.0,0.115
2.50775e-08,e,2.0,o,1.0,-4.6,2680000.0,0.0
2.50824e-08,e,3.0,o,3.0,-0.92,12700000000.0,-0.406
2.50843e-08,e,2.0,o,3.0,-1.92,1280000000.0,0.236
2.50887e-08,e,4.0,o,3.0,-3.65,23700000.0,0.001
2.50893e-08,e,2.0,o,3.0,-3.32,51400000.0,0.006
2.50898e-08,e,5.0,o,4.0,-0.98,11000000000.0,-0.542
2.50912e-08,e,1.0,o,2.0,-2.07,895000000.0,0.018
2.5092e-08,e,2.0,o,1.0,-2.22,646000000.0,-0.015
2.50959e-08,e,3.0,o,4.0,-2.92,127000000.0,0.004
2.5100100000000002e-08,e,0.0,o,1.0,-1.84,1520000000.0,0.045
2.51019e-08,e,4.0,o,4.0,-3.86,14600000.0,0.1
2.5106800000000004e-08,e,5.0,o,5.0,-2.93,126000000.0,0.018
2.51073e-08,e,4.0,o,4.0,-1.37,4480000000.0,0.076
2.51106e-08,e,3.0,o,2.0,-2.05,950000000.0,-0.18
2.51108e-08,e,3.0,o,3.0,-1.92,1280000000.0,0.019
2.51148e-08,e,3.0,o,3.0,-4.27,5730000.0,-0.001
2.5123300000000002e-08,e,4.0,o,4.0,-1.83,1570000000.0,0.023
2.51242e-08,e,4.0,o,5.0,-3.8,16900000.0,0.19
2.51248e-08,e,6.0,o,6.0,-0.91,12900000000.0,-0.639
2.5127600000000003e-08,e,6.0,o,5.0,-0.59,26800000000.0,-0.2
2.51297e-08,e,3.0,o,2.0,-2.48,347000000.0,-0.005
2.5132300000000003e-08,e,2.0,o,3.0,-0.98,11000000000.0,-0.252
2.51352e-08,e,4.0,o,3.0,-0.81,16200000000.0,-0.145
2.51388e-08,e,2.0,o,3.0,-3.59,27400000.0,-0.003
2.51399e-08,e,4.0,o,3.0,-0.79,17100000000.0,-0.255
2.51434e-08,e,2.0,o,1.0,-3.56,29100000.0,-0.003
2.51459e-08,e,4.0,o,3.0,-0.81,16300000000.0,0.114
2.51469e-08,e,5.0,o,4.0,-0.85,14800000000.0,-0.127
2.5151e-08,e,3.0,o,4.0,-2.15,744000000.0,-0.083
2.51519e-08,e,1.0,o,1.0,-3.51,32800000.0,0.009
2.51529e-08,e,3.0,o,2.0,-0.97,11200000000.0,-0.297
2.51577e-08,e,2.0,o,2.0,-2.5,335000000.0,0.009
2.51605e-08,e,2.0,o,2.0,-1.03,9760000000.0,-0.459
2.51614e-08,e,5.0,o,4.0,-1.96,1160000000.0,-0.028
2.51622e-08,e,5.0,o,6.0,-0.97,11200000000.0,-0.402
2.5164500000000003e-08,e,4.0,o,4.0,-1.27,5620000000.0,0.084
2.5165e-08,e,5.0,o,5.0,-1.21,6570000000.0,0.17
2.5167100000000002e-08,e,5.0,o,6.0,-0.43,39300000000.0,-0.82
2.51676e-08,e,3.0,o,3.0,-2.1,833000000.0,0.026
2.51757e-08,e,4.0,o,5.0,-1.47,3600000000.0,0.34
2.51775e-08,e,3.0,o,4.0,-4.07,8890000.0,-0.094
2.51809e-08,e,2.0,o,1.0,-1.99,1090000000.0,-0.227
2.51815e-08,e,4.0,o,3.0,-2.52,317000000.0,0.006
2.51827e-08,e,4.0,o,5.0,-2.54,305000000.0,0.017
2.5184000000000002e-08,e,3.0,o,2.0,-2.31,514000000.0,0.048
2.51907e-08,e,1.0,o,2.0,-1.73,1940000000.0,-0.147
2.51924e-08,e,1.0,o,2.0,-0.96,11600000000.0,-0.419
2.51934e-08,e,4.0,o,4.0,-3.81,16200000.0,0.004
2.51944e-08,e,6.0,o,5.0,-2.84,152000000.0,-0.048
2.5194700000000002e-08,e,5.0,o,4.0,-0.47,36000000000.0,0.602
2.51952e-08,e,4.0,o,3.0,-1.93,1230000000.0,0.021
2.51991e-08,e,1.0,o,0.0,-1.69,2140000000.0,-0.728
2.5199900000000002e-08,e,2.0,o,2.0,-2.09,847000000.0,-0.047
2.52002e-08,e,4.0,o,4.0,-0.75,18700000000.0,-0.17
2.52057e-08,e,2.0,o,1.0,-3.95,11800000.0,-0.001
2.52065e-08,e,2.0,o,1.0,-2.04,956000000.0,-0.363
2.5208900000000002e-08,e,5.0,o,5.0,-0.67,22700000000.0,0.211
2.52109e-08,e,4.0,o,3.0,-3.41,41300000.0,0.0
2.52117e-08,e,3.0,o,2.0,-0.3,51900000000.0,-0.772
2.5212799999999998e-08,e,1.0,o,1.0,-1.4,4200000000.0,-0.276
2.5213200000000003e-08,e,4.0,o,3.0,-1.65,2350000000.0,-0.51
2.52148e-08,e,2.0,o,3.0,-2.32,498000000.0,0.04
2.5215700000000003e-08,e,3.0,o,3.0,-0.73,19700000000.0,-0.323
2.52225e-08,e,3.0,o,2.0,-0.72,19900000000.0,-0.393
2.52231e-08,e,3.0,o,3.0,-1.73,1970000000.0,-0.052
2.52283e-08,e,4.0,o,3.0,-1.31,5100000000.0,-0.07
2.52284e-08,e,0.0,o,1.0,-1.0,10400000000.0,-0.68
2.52295e-08,e,3.0,o,2.0,-3.29,53500000.0,-0.001
2.5229700000000002e-08,e,5.0,o,4.0,-2.15,740000000.0,0.017
2.52307e-08,e,4.0,o,4.0,-0.87,14000000000.0,-0.206
2.5232e-08,e,5.0,o,5.0,-0.89,13400000000.0,-0.697
2.52325e-08,e,2.0,o,3.0,-2.36,451000000.0,-0.078
2.52325e-08,e,3.0,o,4.0,-3.07,88700000.0,-0.035
2.52343e-08,e,2.0,o,2.0,-1.12,7920000000.0,-0.78
2.5234600000000002e-08,e,3.0,o,4.0,-1.56,2910000000.0,0.13
2.52377e-08,e,1.0,o,1.0,-0.96,11400000000.0,-0.821
2.5244e-08,e,2.0,o,3.0,-1.57,2810000000.0,0.207
2.52474e-08,e,4.0,o,4.0,-3.12,79600000.0,0.001
2.52482e-08,e,2.0,o,3.0,-2.13,772000000.0,-0.303
2.52498e-08,e,4.0,o,5.0,-1.0,10400000000.0,-0.326
2.5253200000000002e-08,e,0.0,o,1.0,-1.7,2080000000.0,0.163
2.52533e-08,e,4.0,o,3.0,-2.08,869000000.0,-0.313
2.5257800000000003e-08,e,4.0,o,4.0,-1.63,2420000000.0,-0.036
2.5257800000000003e-08,e,2.0,o,2.0,-0.63,24800000000.0,-0.242
2.5258600000000003e-08,e,3.0,o,4.0,-2.74,191000000.0,0.013
2.5262700000000003e-08,e,3.0,o,3.0,-0.8,16800000000.0,-0.162
2.52639e-08,e,4.0,o,4.0,-3.43,38700000.0,0.0
2.52641e-08,e,1.0,o,2.0,-2.11,802000000.0,0.158
2.52642e-08,e,4.0,o,4.0,-0.84,15200000000.0,0.176
2.52656e-08,e,4.0,o,3.0,-0.71,20500000000.0,0.604
2.5266300000000002e-08,e,1.0,o,2.0,-1.72,2010000000.0,0.32
2.52688e-08,e,3.0,o,3.0,-5.61,256000.0,0.0
2.52695e-08,e,3.0,o,4.0,-1.86,1440000000.0,-0.273
2.52761e-08,e,4.0,o,5.0,-1.06,9050000000.0,-0.209
2.5278e-08,e,4.0,o,3.0,-0.15,74600000000.0,-0.673
2.52784e-08,e,4.0,o,5.0,-0.62,24900000000.0,-0.438
2.5280500000000003e-08,e,5.0,o,4.0,-0.92,12600000000.0,-0.54
2.52868e-08,e,5.0,o,5.0,-0.65,23400000000.0,-0.267
2.5289500000000003e-08,e,3.0,o,3.0,-3.32,50100000.0,-0.007
2.5290400000000002e-08,e,4.0,o,4.0,-2.03,979000000.0,-0.012
2.52911e-08,e,2.0,o,3.0,-2.13,766000000.0,-0.02
2.52922e-08,e,3.0,o,4.0,-0.93,12200000000.0,-0.404
2.5292300000000002e-08,e,3.0,o,4.0,-1.24,6020000000.0,-0.132
2.52932e-08,e,1.0,o,1.0,-1.77,1750000000.0,0.06
2.5293600000000003e-08,e,3.0,o,3.0,-0.51,32500000000.0,0.492
2.52999e-08,e,3.0,o,2.0,-2.66,228000000.0,0.117
2.5301900000000002e-08,e,2.0,o,2.0,-2.45,367000000.0,0.008
2.5303200000000003e-08,e,3.0,o,2.0,-4.13,7780000.0,0.0
2.5303800000000002e-08,e,2.0,o,3.0,-1.84,1520000000.0,0.081
2.53046e-08,e,4.0,o,3.0,-2.91,128000000.0,0.002
2.53083e-08,e,6.0,o,6.0,-0.51,32500000000.0,-0.448
2.53108e-08,e,3.0,o,2.0,-0.32,49900000000.0,-0.831
2.53316e-08,e,2.0,o,2.0,-2.4,416000000.0,-0.012
2.5338200000000003e-08,e,2.0,o,2.0,-0.66,22700000000.0,-0.62
2.53392e-08,e,3.0,o,3.0,-1.36,4500000000.0,0.076
2.5340199999999998e-08,e,2.0,o,3.0,-1.62,2480000000.0,-0.355
2.53414e-08,e,4.0,o,4.0,-0.94,12000000000.0,-0.11
2.53428e-08,e,4.0,o,3.0,-1.99,1060000000.0,0.131
2.5343700000000002e-08,e,4.0,o,5.0,-1.57,2780000000.0,-0.24
2.53456e-08,e,4.0,o,4.0,-2.01,1010000000.0,0.092
2.53462e-08,e,2.0,o,1.0,-0.71,20400000000.0,-0.88
2.53463e-08,e,5.0,o,6.0,-0.86,14300000000.0,0.524
2.53468e-08,e,1.0,o,2.0,-1.62,2520000000.0,0.47
2.53492e-08,e,6.0,o,5.0,-5.64,236000.0,0.0
2.53504e-08,e,4.0,o,4.0,-1.43,3870000000.0,-0.066
2.53506e-08,e,2.0,o,2.0,-1.8,1630000000.0,-0.431
2.53546e-08,e,3.0,o,3.0,-0.98,10800000000.0,0.176
2.53557e-08,e,5.0,o,4.0,-0.79,16700000000.0,0.215
2.5356800000000002e-08,e,4.0,o,5.0,-0.92,12600000000.0,-0.216
2.5356800000000002e-08,e,4.0,o,5.0,-1.73,1950000000.0,0.282
2.5356800000000002e-08,e,4.0,o,3.0,-0.84,15000000000.0,0.169
2.53582e-08,e,3.0,o,2.0,-1.12,7920000000.0,0.124
2.53607e-08,e,4.0,o,3.0,-0.81,15900000000.0,-0.146
2.53608e-08,e,2.0,o,1.0,-1.4,4090000000.0,0.165
2.53613e-08,e,3.0,o,4.0,-3.55,29100000.0,-0.02
2.5361600000000004e-08,e,2.0,o,2.0,-0.74,19000000000.0,0.428
2.53642e-08,e,3.0,o,2.0,-0.39,42800000000.0,0.505
2.53671e-08,e,3.0,o,4.0,-0.53,30700000000.0,-0.456
2.53677e-08,e,2.0,o,3.0,-1.11,8070000000.0,-0.18
2.5369100000000002e-08,e,0.0,o,1.0,-0.94,11800000000.0,0.278
2.53696e-08,e,6.0,o,5.0,-0.7,20800000000.0,-0.133
2.53731e-08,e,2.0,o,3.0,-1.32,4980000000.0,-0.388
2.5373200000000003e-08,e,4.0,o,3.0,-0.98,10900000000.0,0.233
2.53747e-08,e,5.0,o,4.0,-1.98,1080000000.0,-0.034
2.5374900000000002e-08,e,2.0,o,2.0,-1.89,1320000000.0,-0.088
2.53761e-08,e,3.0,o,4.0,-1.12,7900000000.0,0.167
2.53785e-08,e,1.0,o,1.0,-0.83,15200000000.0,0.567
2.5378700000000002e-08,e,3.0,o,4.0,-0.83,15200000000.0,-0.365
2.5379400000000004e-08,e,2.0,o,1.0,-3.73,19300000.0,0.009
2.5383000000000003e-08,e,1.0,o,2.0,-2.99,107000000.0,-0.036
2.53851e-08,e,3.0,o,3.0,-1.58,2750000000.0,-0.09
2.5391000000000002e-08,e,5.0,o,6.0,-1.23,6090000000.0,0.555
2.53927e-08,e,4.0,o,4.0,-3.4,41400000.0,-0.002
2.5394000000000002e-08,e,1.0,o,2.0,-1.05,9280000000.0,-0.545
2.53941e-08,e,2.0,o,1.0,-3.04,93200000.0,-0.014
2.5394200000000003e-08,e,0.0,o,1.0,-1.13,7700000000.0,-0.526
2.5395900000000002e-08,e,3.0,o,2.0,-1.37,4440000000.0,0.502
2.5400800000000003e-08,e,5.0,o,4.0,-0.47,35400000000.0,-0.378
2.54056e-08,e,2.0,o,3.0,-0.94,12000000000.0,-0.451
2.5407700000000002e-08,e,5.0,o,5.0,-1.17,6960000000.0,0.091
2.54176e-08,e,1.0,o,2.0,-1.26,5710000000.0,0.266
2.54188e-08,e,4.0,o,4.0,-1.48,3420000000.0,0.066
2.5424100000000002e-08,e,2.0,o,2.0,-3.73,19000000.0,0.003
2.5424400000000002e-08,e,1.0,o,1.0,-1.95,1150000000.0,-0.434
2.5424400000000002e-08,e,5.0,o,4.0,-2.62,247000000.0,0.003
2.5425700000000002e-08,e,4.0,o,5.0,-1.84,1490000000.0,0.034
2.5426e-08,e,4.0,o,4.0,-0.98,10800000000.0,-0.228
2.54269e-08,e,4.0,o,5.0,-2.15,739000000.0,-0.165
2.54278e-08,e,1.0,o,0.0,-1.79,1650000000.0,-0.646
2.54289e-08,e,3.0,o,4.0,-2.66,225000000.0,-0.052
2.5432300000000002e-08,e,6.0,o,5.0,-2.03,972000000.0,-0.072
2.54327e-08,e,4.0,o,3.0,-1.08,8660000000.0,-0.07
2.5437500000000002e-08,e,4.0,o,3.0,-1.99,1060000000.0,-0.061
2.54392e-08,e,2.0,o,1.0,-2.8,164000000.0,0.332
2.5441300000000002e-08,e,4.0,o,3.0,-1.02,9750000000.0,-0.221
2.54414e-08,e,2.0,o,1.0,-1.15,7310000000.0,0.139
2.5442400000000002e-08,e,4.0,o,4.0,-1.3,5180000000.0,-0.047
2.54458e-08,e,2.0,o,3.0,-3.11,79800000.0,-0.009
2.54493e-08,e,3.0,o,2.0,-2.75,183000000.0,-0.012
2.54494e-08,e,2.0,o,3.0,-1.3,5130000000.0,-0.344
2.545e-08,e,1.0,o,1.0,-0.51,31900000000.0,-0.76
2.54504e-08,e,3.0,o,3.0,-0.46,35600000000.0,-0.429
2.54529e-08,e,2.0,o,3.0,-0.72,19700000000.0,0.691
2.5454400000000003e-08,e,3.0,o,4.0,-2.06,902000000.0,-0.087
2.5455500000000003e-08,e,4.0,o,3.0,-1.6,2570000000.0,-0.04
2.5457200000000002e-08,e,3.0,o,2.0,-2.24,589000000.0,-0.047
2.54608e-08,e,4.0,o,4.0,-2.5,330000000.0,-0.046
2.5463900000000003e-08,e,4.0,o,4.0,-0.65,23000000000.0,-0.383
2.5464300000000002e-08,e,6.0,o,5.0,-0.49,33500000000.0,0.579
2.5469700000000003e-08,e,3.0,o,3.0,-1.98,1080000000.0,0.084
2.54704e-08,e,2.0,o,2.0,-0.59,26600000000.0,-0.363
2.54706e-08,e,5.0,o,5.0,-0.56,28500000000.0,-0.534
2.5472e-08,e,3.0,o,3.0,-1.44,3700000000.0,0.422
2.54724e-08,e,3.0,o,3.0,-1.83,1530000000.0,0.155
2.5472700000000003e-08,e,3.0,o,3.0,-1.59,2620000000.0,-0.067
2.54766e-08,e,4.0,o,5.0,0.03,111000000000.0,-0.762
2.54791e-08,e,1.0,o,2.0,-1.23,6040000000.0,0.289
2.5479900000000002e-08,e,2.0,o,3.0,-1.16,7190000000.0,0.24
2.5481500000000002e-08,e,6.0,o,6.0,-1.73,1920000000.0,0.051
2.54832e-08,e,6.0,o,5.0,-1.21,6270000000.0,-0.111
2.5486e-08,e,2.0,o,2.0,-2.81,161000000.0,0.031
2.5487700000000003e-08,e,4.0,o,4.0,-3.42,39200000.0,-0.001
2.54882e-08,e,2.0,o,3.0,-0.52,30800000000.0,0.353
2.54887e-08,e,4.0,o,5.0,-1.01,10100000000.0,0.404
2.54891e-08,e,3.0,o,2.0,-1.8,1620000000.0,-0.079
2.5490500000000002e-08,e,3.0,o,3.0,-1.08,8550000000.0,-0.109
2.54927e-08,e,2.0,o,1.0,-1.78,1710000000.0,-0.551
2.54936e-08,e,4.0,o,3.0,-0.82,15700000000.0,0.385
2.54945e-08,e,2.0,o,2.0,-0.96,11400000000.0,0.597
2.5495200000000002e-08,e,2.0,o,1.0,-1.44,3730000000.0,-0.179
2.54953e-08,e,3.0,o,2.0,-2.32,497000000.0,0.075
2.5496700000000004e-08,e,3.0,o,2.0,-0.63,24100000000.0,-0.755
2.54972e-08,e,5.0,o,4.0,-0.57,27900000000.0,-0.33
2.54983e-08,e,2.0,o,2.0,-1.18,6730000000.0,-0.279
2.55006e-08,e,2.0,o,2.0,-0.67,22100000000.0,-0.485
2.55011e-08,e,0.0,o,1.0,-2.33,482000000.0,0.108
2.55013e-08,e,2.0,o,3.0,-2.87,137000000.0,0.047
2.55017e-08,e,2.0,o,3.0,-0.51,31600000000.0,-0.346
2.55027e-08,e,4.0,o,3.0,-1.54,2940000000.0,0.049
2.55028e-08,e,5.0,o,5.0,-1.62,2440000000.0,0.088
2.5504e-08,e,4.0,o,3.0,-1.79,1650000000.0,-0.205
2.55062e-08,e,3.0,o,3.0,-0.2,64400000000.0,-0.607
2.55084e-08,e,2.0,o,1.0,-2.01,997000000.0,-0.109
2.5514e-08,e,4.0,o,4.0,-1.04,9430000000.0,-0.131
2.55171e-08,e,2.0,o,1.0,-0.49,33500000000.0,-0.803
2.55194e-08,e,2.0,o,3.0,-1.06,8950000000.0,-0.131
2.5519800000000002e-08,e,6.0,o,6.0,-1.24,5910000000.0,-0.362
2.552e-08,e,5.0,o,6.0,-2.99,104000000.0,-0.018
2.5520900000000002e-08,e,4.0,o,5.0,-1.61,2550000000.0,-0.156
2.5521e-08,e,4.0,o,5.0,-0.39,41900000000.0,-0.342
2.5521100000000003e-08,e,5.0,o,4.0,-1.37,4330000000.0,0.257
2.55215e-08,e,1.0,o,2.0,-0.41,39300000000.0,0.699
2.5521600000000003e-08,e,5.0,o,5.0,-1.7,2040000000.0,0.099
2.5522800000000002e-08,e,3.0,o,4.0,-1.94,1170000000.0,-0.058
2.55259e-08,e,1.0,o,1.0,-1.37,4390000000.0,-0.101
2.5526e-08,e,1.0,o,2.0,-4.02,9730000.0,0.078
2.5528000000000002e-08,e,4.0,o,3.0,-1.08,8530000000.0,-0.1
2.55303e-08,e,4.0,o,5.0,-0.53,30600000000.0,0.791
2.5533400000000003e-08,e,1.0,o,2.0,-0.7,20300000000.0,-0.363
2.55377e-08,e,3.0,o,4.0,-3.32,49000000.0,0.054
2.55378e-08,e,4.0,o,4.0,-0.69,21000000000.0,-0.23
2.5538300000000003e-08,e,4.0,o,3.0,-4.82,1550000.0,0.0
2.55393e-08,e,4.0,o,4.0,-0.33,48300000000.0,0.573
2.55398e-08,e,4.0,o,5.0,-1.28,5380000000.0,-0.374
2.5541100000000002e-08,e,1.0,o,1.0,-0.83,15300000000.0,-0.553
2.5541700000000002e-08,e,3.0,o,4.0,-0.26,55800000000.0,-0.439
2.55418e-08,e,4.0,o,5.0,-0.43,38000000000.0,0.729
2.55468e-08,e,2.0,o,2.0,-1.42,3930000000.0,-0.292
2.5548200000000002e-08,e,5.0,o,4.0,-1.23,5980000000.0,0.406
2.5549000000000003e-08,e,4.0,o,3.0,-0.88,13600000000.0,-0.183
2.55492e-08,e,3.0,o,4.0,-0.92,12400000000.0,-0.155
2.5556100000000003e-08,e,3.0,o,3.0,-2.51,315000000.0,0.082
2.55562e-08,e,5.0,o,4.0,-2.85,144000000.0,-0.003
2.55571e-08,e,0.0,o,1.0,-0.92,12200000000.0,-0.401
2.55584e-08,e,5.0,o,6.0,-1.8,1630000000.0,0.339
2.55613e-08,e,3.0,o,2.0,-1.4,4020000000.0,0.125
2.55625e-08,e,4.0,o,4.0,-1.84,1480000000.0,0.555
2.5563200000000003e-08,e,3.0,o,3.0,-1.06,8990000000.0,0.192
2.55664e-08,e,4.0,o,4.0,-1.74,1870000000.0,0.114
2.55682e-08,e,4.0,o,4.0,-0.67,21800000000.0,0.765
2.55683e-08,e,4.0,o,4.0,-2.02,986000000.0,0.019
2.55708e-08,e,2.0,o,3.0,-0.27,55100000000.0,0.668
2.55716e-08,e,3.0,o,3.0,-1.47,3450000000.0,0.045
2.5572000000000002e-08,e,5.0,o,6.0,-2.06,883000000.0,0.07
2.5573e-08,e,3.0,o,4.0,-0.68,21500000000.0,0.33
2.55749e-08,e,5.0,o,5.0,-1.91,1260000000.0,0.013
2.55777e-08,e,3.0,o,3.0,-5.21,628000.0,0.0
2.55796e-08,e,1.0,o,2.0,-1.55,2870000000.0,-0.255
2.55798e-08,e,4.0,o,3.0,-3.36,44200000.0,0.004
2.55809e-08,e,2.0,o,3.0,-2.74,187000000.0,-0.083
2.5581000000000003e-08,e,5.0,o,4.0,-1.19,6630000000.0,-0.186
2.55841e-08,e,3.0,o,4.0,-0.68,21600000000.0,0.412
2.5584200000000004e-08,e,2.0,o,2.0,-2.12,764000000.0,-0.186
2.55845e-08,e,4.0,o,5.0,-2.32,493000000.0,0.032
2.55867e-08,e,6.0,o,5.0,-0.94,11700000000.0,-0.049
2.55891e-08,e,3.0,o,2.0,-1.16,7010000000.0,0.217
2.55904e-08,e,2.0,o,2.0,-1.63,2410000000.0,0.101
2.55918e-08,e,3.0,o,2.0,-0.8,16100000000.0,-0.143
2.55923e-08,e,2.0,o,3.0,-1.34,4640000000.0,-0.122
2.5595800000000002e-08,e,1.0,o,2.0,-0.76,17800000000.0,-0.728
2.55968e-08,e,2.0,o,3.0,-1.31,5020000000.0,0.117
2.5597e-08,e,3.0,o,4.0,-1.76,1780000000.0,-0.165
2.5597300000000004e-08,e,4.0,o,3.0,-1.11,7910000000.0,-0.078
2.5598500000000003e-08,e,4.0,o,3.0,-1.8,1630000000.0,-0.035
2.55986e-08,e,0.0,o,1.0,-3.24,59300000.0,-0.003
2.55992e-08,e,4.0,o,4.0,-1.89,1330000000.0,0.026
2.56003e-08,e,1.0,o,1.0,-1.93,1180000000.0,0.123
2.5600400000000003e-08,e,4.0,o,3.0,-3.0,101000000.0,0.48
2.56019e-08,e,4.0,o,3.0,-1.51,3170000000.0,0.478
2.5602999999999998e-08,e,2.0,o,3.0,-2.8,160000000.0,-0.027
2.56053e-08,e,2.0,o,3.0,-1.1,8040000000.0,-0.202
2.5608400000000002e-08,e,6.0,o,5.0,-2.9,129000000.0,0.003
2.56152e-08,e,1.0,o,1.0,-1.32,4820000000.0,0.273
2.56156e-08,e,2.0,o,2.0,-0.26,55400000000.0,0.739
2.5616899999999998e-08,e,4.0,o,5.0,-2.7,202000000.0,0.006
2.56179e-08,e,3.0,o,3.0,-0.33,47200000000.0,0.745
2.5619e-08,e,4.0,o,3.0,-1.32,4880000000.0,0.109
2.562e-08,e,2.0,o,1.0,-1.33,4750000000.0,-0.197
2.56234e-08,e,2.0,o,3.0,-0.94,11600000000.0,0.16
2.5626e-08,e,3.0,o,3.0,-2.2,642000000.0,0.008
2.56276e-08,e,4.0,o,4.0,-2.1,809000000.0,0.008
2.5634e-08,e,3.0,o,3.0,-1.21,6300000000.0,-0.105
2.56358e-08,e,2.0,o,2.0,-0.39,40900000000.0,-0.554
2.56358e-08,e,3.0,o,2.0,-2.74,183000000.0,-0.003
2.56359e-08,e,4.0,o,5.0,-0.75,18200000000.0,0.465
2.56368e-08,e,3.0,o,2.0,-1.14,7320000000.0,0.644
2.56378e-08,e,2.0,o,2.0,-0.41,39300000000.0,0.665
2.56395e-08,e,2.0,o,3.0,-3.4,40200000.0,-0.191
2.56409e-08,e,3.0,o,4.0,-1.36,4400000000.0,0.598
2.5641000000000004e-08,e,2.0,o,2.0,-2.09,820000000.0,0.021
2.56417e-08,e,5.0,o,4.0,-0.84,14800000000.0,-0.176
2.56441e-08,e,3.0,o,2.0,-1.47,3390000000.0,-0.409
2.56441e-08,e,5.0,o,5.0,-3.13,74400000.0,0.012
2.56457e-08,e,1.0,o,2.0,-2.53,296000000.0,0.021
2.5646499999999997e-08,e,4.0,o,5.0,-2.83,150000000.0,-0.007
2.56469e-08,e,2.0,o,3.0,-4.07,8540000.0,0.036
2.56472e-08,e,5.0,o,5.0,-1.03,9410000000.0,-0.251
2.5656500000000002e-08,e,3.0,o,4.0,-3.17,68300000.0,-0.004
2.5656700000000003e-08,e,2.0,o,2.0,-3.15,71400000.0,0.004
2.56614e-08,e,5.0,o,4.0,-3.45,35700000.0,0.001
2.5661700000000002e-08,e,2.0,o,1.0,-0.21,62200000000.0,0.867
2.56628e-08,e,4.0,o,4.0,-0.79,16300000000.0,-0.475
2.56631e-08,e,2.0,o,3.0,-0.71,19600000000.0,0.629
2.5665e-08,e,2.0,o,2.0,-0.47,34400000000.0,0.617
2.56655e-08,e,1.0,o,2.0,-1.55,2840000000.0,-0.097
2.56656e-08,e,4.0,o,5.0,-1.31,4940000000.0,0.362
2.56659e-08,e,2.0,o,2.0,-5.06,892000.0,-0.008
2.56659e-08,e,4.0,o,5.0,-0.46,34900000000.0,0.515
2.56676e-08,e,3.0,o,2.0,-0.85,14200000000.0,-0.558
2.56697e-08,e,2.0,o,1.0,-1.45,3570000000.0,-0.25
2.56709e-08,e,3.0,o,4.0,-1.2,6400000000.0,0.331
2.5672000000000003e-08,e,2.0,o,3.0,-1.46,3500000000.0,-0.067
2.56741e-08,e,1.0,o,2.0,-1.53,2950000000.0,0.071
2.56758e-08,e,4.0,o,3.0,-1.29,5250000000.0,0.083
2.5676200000000002e-08,e,4.0,o,3.0,-2.43,376000000.0,-0.017
2.5678100000000002e-08,e,0.0,o,1.0,-1.78,1680000000.0,0.133
2.56791e-08,e,3.0,o,3.0,-2.49,327000000.0,0.352
2.56798e-08,e,4.0,o,4.0,-1.31,4940000000.0,-0.174
2.5681400000000002e-08,e,3.0,o,4.0,-0.77,17400000000.0,-0.242
2.56834e-08,e,3.0,o,2.0,-2.14,737000000.0,-0.181
2.5684600000000003e-08,e,2.0,o,1.0,-2.36,441000000.0,0.037
2.5686000000000002e-08,e,3.0,o,2.0,-1.16,6990000000.0,-0.31
2.56891e-08,e,6.0,o,5.0,0.45,282000000000.0,0.959
2.56931e-08,e,0.0,o,1.0,-0.76,17400000000.0,0.643
2.56932e-08,e,3.0,o,3.0,-1.51,3130000000.0,-0.132
2.5695800000000003e-08,e,4.0,o,4.0,-0.75,18000000000.0,0.223
2.5698399999999998e-08,e,3.0,o,4.0,-2.11,786000000.0,0.078
2.5698700000000004e-08,e,3.0,o,3.0,-1.66,2220000000.0,-0.079
2.5702400000000003e-08,e,4.0,o,3.0,-0.87,13800000000.0,-0.426
2.5704700000000005e-08,e,3.0,o,3.0,-1.47,3390000000.0,-0.036
2.5711900000000003e-08,e,3.0,o,3.0,-1.69,2080000000.0,0.097
2.57127e-08,e,4.0,o,3.0,-2.25,562000000.0,0.024
2.57137e-08,e,4.0,o,4.0,-0.66,22200000000.0,0.214
2.5713900000000002e-08,e,4.0,o,4.0,-1.1,8130000000.0,0.243
2.5715300000000002e-08,e,2.0,o,2.0,-3.54,29000000.0,0.003
2.57157e-08,e,4.0,o,3.0,-0.99,10400000000.0,-0.127
2.5716100000000002e-08,e,4.0,o,5.0,-2.59,259000000.0,0.022
2.5718099999999998e-08,e,1.0,o,1.0,-0.8,16000000000.0,-0.546
2.5721300000000002e-08,e,1.0,o,2.0,-1.53,2950000000.0,-0.097
2.5724200000000003e-08,e,1.0,o,0.0,-0.96,11100000000.0,-0.67
2.57271e-08,e,3.0,o,2.0,-3.23,59300000.0,-0.022
2.57291e-08,e,2.0,o,2.0,-2.01,994000000.0,-0.042
2.5729500000000002e-08,e,2.0,o,3.0,-0.56,28000000000.0,-0.708
2.5729700000000003e-08,e,2.0,o,3.0,-1.22,6070000000.0,0.15
2.57313e-08,e,2.0,o,3.0,-2.16,697000000.0,0.507
2.57313e-08,e,4.0,o,3.0,-0.46,35100000000.0,0.491
2.57315e-08,e,3.0,o,4.0,-1.83,1470000000.0,0.058
2.57347e-08,e,4.0,o,3.0,-1.37,4280000000.0,0.479
2.5735000000000002e-08,e,4.0,o,3.0,-0.86,13900000000.0,-0.23
2.5738000000000002e-08,e,1.0,o,2.0,-2.08,843000000.0,-0.039
2.57412e-08,e,2.0,o,3.0,-2.0,1000000000.0,-0.235
2.5742700000000005e-08,e,3.0,o,4.0,-2.24,586000000.0,0.024
2.5743900000000003e-08,e,4.0,o,5.0,-1.52,3060000000.0,0.881
2.57496e-08,e,5.0,o,4.0,-3.21,62400000.0,-0.002
2.57509e-08,e,3.0,o,3.0,-0.52,30500000000.0,0.384
2.57515e-08,e,3.0,o,3.0,-1.41,3950000000.0,-0.088
2.57522e-08,e,6.0,o,6.0,-1.25,5640000000.0,-0.221
2.57525e-08,e,4.0,o,4.0,-2.4,403000000.0,0.617
2.5755900000000004e-08,e,3.0,o,2.0,-1.97,1080000000.0,0.16
2.57566e-08,e,3.0,o,3.0,-2.75,180000000.0,-0.01
2.57575e-08,e,4.0,o,5.0,-1.05,9030000000.0,-0.689
2.57575e-08,e,4.0,o,3.0,-3.62,24300000.0,0.327
2.5761800000000002e-08,e,3.0,o,2.0,-0.25,56700000000.0,-0.843
2.5762200000000004e-08,e,5.0,o,6.0,-2.22,604000000.0,-0.017
2.57627e-08,e,4.0,o,5.0,-1.51,3080000000.0,-0.14
2.5768099999999998e-08,e,4.0,o,4.0,-1.1,7970000000.0,0.11
2.5768900000000002e-08,e,4.0,o,5.0,-1.73,1870000000.0,0.023
2.5777e-08,e,4.0,o,4.0,-3.17,67400000.0,-0.004
2.57794e-08,e,4.0,o,4.0,-0.18,65800000000.0,0.748
2.5780200000000004e-08,e,2.0,o,3.0,-3.35,44800000.0,0.1
2.5781e-08,e,2.0,o,3.0,-2.0,1010000000.0,0.1
2.5788099999999998e-08,e,2.0,o,1.0,-0.56,27200000000.0,-0.844
2.5789299999999997e-08,e,4.0,o,3.0,-0.59,26200000000.0,0.43
2.5791300000000002e-08,e,2.0,o,2.0,-1.72,1910000000.0,0.092
2.5791600000000002e-08,e,5.0,o,4.0,-1.81,1570000000.0,0.061
2.5793599999999997e-08,e,3.0,o,4.0,-1.44,3640000000.0,0.373
2.5795600000000003e-08,e,3.0,o,4.0,-1.25,5660000000.0,-0.518
2.5795900000000003e-08,e,6.0,o,5.0,-1.18,6660000000.0,0.391
2.57966e-08,e,0.0,o,1.0,-3.24,57800000.0,0.002
2.57998e-08,e,4.0,o,3.0,-0.25,56700000000.0,0.588
2.58031e-08,e,2.0,o,3.0,-2.3,503000000.0,-0.058
2.58034e-08,e,2.0,o,1.0,-3.34,46300000.0,0.029
2.58053e-08,e,4.0,o,4.0,-0.64,23200000000.0,0.454
2.58087e-08,e,1.0,o,2.0,-3.11,77100000.0,-0.015
2.58101e-08,e,4.0,o,3.0,-1.47,3430000000.0,0.215
2.58126e-08,e,4.0,o,3.0,-2.45,355000000.0,-0.063
2.5812900000000002e-08,e,3.0,o,4.0,-3.7,19900000.0,-0.002
2.58185e-08,e,5.0,o,4.0,-3.37,42500000.0,-0.001
2.5821499999999997e-08,e,3.0,o,4.0,-0.81,15700000000.0,-0.645
2.5825599999999997e-08,e,5.0,o,5.0,0.01,103000000000.0,-0.739
2.5826100000000005e-08,e,3.0,o,2.0,-2.7,202000000.0,-0.079
2.58264e-08,e,4.0,o,4.0,-0.48,33500000000.0,0.264
2.58286e-08,e,3.0,o,4.0,-3.0,100000000.0,0.006
2.58301e-08,e,3.0,o,3.0,-2.6,253000000.0,-0.077
2.58311e-08,e,4.0,o,3.0,-1.32,4740000000.0,0.072
2.5832e-08,e,3.0,o,4.0,-1.82,1530000000.0,0.673
2.5832600000000002e-08,e,4.0,o,3.0,-1.83,1480000000.0,0.033
2.5835800000000003e-08,e,3.0,o,3.0,-1.35,4440000000.0,-0.168
2.58371e-08,e,3.0,o,3.0,-2.49,324000000.0,0.476
2.58401e-08,e,3.0,o,2.0,-3.85,14200000.0,0.176
2.5841800000000003e-08,e,3.0,o,3.0,-2.14,727000000.0,0.15
2.58428e-08,e,5.0,o,4.0,-0.73,18500000000.0,0.378
2.5845100000000003e-08,e,1.0,o,1.0,-1.0,9820000000.0,-0.327
2.58461e-08,e,3.0,o,3.0,-2.54,285000000.0,0.015
2.5849500000000003e-08,e,3.0,o,2.0,-1.37,4250000000.0,0.374
2.58498e-08,e,6.0,o,7.0,-3.04,91300000.0,-0.01
2.58529e-08,e,6.0,o,5.0,-1.18,6650000000.0,-0.367
2.58604e-08,e,3.0,o,3.0,-0.23,58800000000.0,-0.683
2.5861200000000003e-08,e,1.0,o,2.0,-2.7,200000000.0,0.004
2.5861500000000003e-08,e,4.0,o,4.0,-1.9,1260000000.0,0.031
2.5863e-08,e,4.0,o,3.0,-2.13,736000000.0,-0.03
2.58643e-08,e,4.0,o,4.0,-1.05,9010000000.0,-0.325
2.5864600000000002e-08,e,2.0,o,2.0,-1.73,1840000000.0,0.39
2.5865400000000002e-08,e,2.0,o,3.0,-2.18,660000000.0,0.167
2.58659e-08,e,4.0,o,4.0,-2.13,737000000.0,0.014
2.58686e-08,e,3.0,o,3.0,-1.16,6950000000.0,0.16
2.58688e-08,e,2.0,o,2.0,-0.94,11400000000.0,0.547
2.58703e-08,e,2.0,o,2.0,-3.99,10300000.0,0.0
2.58731e-08,e,5.0,o,4.0,-1.11,7750000000.0,-0.324
2.58758e-08,e,2.0,o,3.0,-1.62,2400000000.0,-0.357
2.58764e-08,e,4.0,o,5.0,-1.66,2190000000.0,0.289
2.5877600000000003e-08,e,6.0,o,5.0,-0.81,15400000000.0,0.595
2.5879100000000002e-08,e,2.0,o,2.0,-2.09,805000000.0,0.076
2.5879300000000003e-08,e,1.0,o,2.0,-2.16,687000000.0,0.025
2.589e-08,e,2.0,o,3.0,-2.17,674000000.0,0.558
2.58906e-08,e,5.0,o,5.0,-2.38,415000000.0,-0.022
2.58914e-08,e,4.0,o,4.0,-0.23,59100000000.0,-0.584
2.5891699999999998e-08,e,4.0,o,4.0,-0.22,60300000000.0,-0.405
2.5892500000000002e-08,e,5.0,o,5.0,-0.01,97700000000.0,-0.69
2.5893000000000002e-08,e,2.0,o,2.0,-2.75,177000000.0,0.464
2.5893700000000004e-08,e,3.0,o,4.0,-2.3,502000000.0,0.1
2.58974e-08,e,3.0,o,2.0,-4.4,4000000.0,0.001
2.58983e-08,e,2.0,o,3.0,-1.77,1710000000.0,0.04
2.58984e-08,e,2.0,o,3.0,-1.83,1460000000.0,0.09
2.58986e-08,e,4.0,o,5.0,-4.11,7680000.0,0.0
2.5900700000000002e-08,e,5.0,o,4.0,-1.06,8670000000.0,0.24
2.59021e-08,e,3.0,o,2.0,-2.8,157000000.0,-0.007
2.59021e-08,e,3.0,o,4.0,-1.03,9240000000.0,0.499
2.5904700000000003e-08,e,2.0,o,3.0,-1.98,1050000000.0,0.501
2.59058e-08,e,4.0,o,3.0,-0.97,10600000000.0,-0.241
2.5907200000000003e-08,e,6.0,o,6.0,0.22,166000000000.0,-0.886
2.59075e-08,e,0.0,o,1.0,-2.92,121000000.0,-0.06
2.59085e-08,e,2.0,o,3.0,-3.87,13300000.0,-0.002
2.5911200000000004e-08,e,4.0,o,5.0,-1.24,5670000000.0,0.152
2.59157e-08,e,2.0,o,1.0,-0.83,14600000000.0,0.573
2.59159e-08,e,4.0,o,4.0,-1.2,6260000000.0,0.063
2.59178e-08,e,1.0,o,2.0,-2.08,822000000.0,0.373
2.59185e-08,e,0.0,o,1.0,-2.03,924000000.0,0.323
2.59188e-08,e,3.0,o,4.0,-3.04,91700000.0,-0.027
2.5919400000000004e-08,e,4.0,o,4.0,-1.97,1060000000.0,0.027
2.5920800000000003e-08,e,3.0,o,4.0,-1.84,1430000000.0,0.073
2.59238e-08,e,5.0,o,5.0,-0.66,21800000000.0,0.38
2.59243e-08,e,0.0,o,1.0,-1.14,7120000000.0,0.209
2.59255e-08,e,3.0,o,3.0,-2.45,352000000.0,-0.009
2.59265e-08,e,4.0,o,3.0,0.03,106000000000.0,0.746
2.59267e-08,e,1.0,o,2.0,-2.65,225000000.0,0.495
2.59319e-08,e,2.0,o,2.0,-1.81,1530000000.0,-0.107
2.5933100000000003e-08,e,6.0,o,5.0,-1.36,4340000000.0,0.226
2.5933300000000004e-08,e,2.0,o,2.0,-2.12,755000000.0,0.625
2.5933300000000004e-08,e,3.0,o,2.0,-1.38,4140000000.0,-0.218
2.5935300000000003e-08,e,3.0,o,3.0,-0.82,15100000000.0,-0.266
2.59364e-08,e,2.0,o,1.0,-3.91,12200000.0,-0.001
2.59416e-08,e,5.0,o,6.0,-1.17,6660000000.0,0.545
2.5942800000000002e-08,e,5.0,o,4.0,-1.2,6260000000.0,0.387
2.59433e-08,e,5.0,o,5.0,-3.5,31400000.0,0.001
2.59454e-08,e,3.0,o,4.0,-1.34,4490000000.0,0.102
2.59454e-08,e,1.0,o,1.0,-3.38,42000000.0,-0.002
2.5947000000000004e-08,e,5.0,o,6.0,-3.92,11900000.0,0.0
2.59519e-08,e,4.0,o,4.0,-0.55,28300000000.0,-0.657
2.5955399999999998e-08,e,6.0,o,7.0,-0.28,51700000000.0,-0.797
2.5958600000000003e-08,e,4.0,o,5.0,-2.45,355000000.0,0.031
2.5958600000000003e-08,e,4.0,o,3.0,-1.82,1500000000.0,-0.172
2.5964e-08,e,4.0,o,5.0,-4.19,6360000.0,0.0
2.5970800000000004e-08,e,5.0,o,4.0,-1.38,4110000000.0,0.153
2.59721e-08,e,2.0,o,1.0,-5.59,249000.0,0.0
2.5973000000000004e-08,e,5.0,o,5.0,-0.74,18200000000.0,0.565
2.59731e-08,e,2.0,o,2.0,-2.32,476000000.0,0.005
2.5976700000000002e-08,e,2.0,o,3.0,-2.11,753000000.0,0.209
2.59784e-08,e,4.0,o,3.0,-0.73,18600000000.0,0.335
2.59813e-08,e,5.0,o,6.0,-2.72,191000000.0,-0.021
2.59861e-08,e,0.0,o,1.0,-3.0,98800000.0,0.03
2.5986399999999997e-08,e,2.0,o,3.0,-1.49,3190000000.0,0.067
2.5986700000000003e-08,e,6.0,o,6.0,-0.04,90300000000.0,-0.896
2.5990100000000002e-08,e,1.0,o,1.0,-2.5,316000000.0,-0.204
2.5990499999999997e-08,e,4.0,o,4.0,-0.85,13900000000.0,-0.248
2.59918e-08,e,4.0,o,5.0,-2.14,717000000.0,0.011
2.59973e-08,e,4.0,o,5.0,-3.7,19700000.0,-0.001
2.59978e-08,e,3.0,o,4.0,-2.65,222000000.0,0.006
2.6002400000000002e-08,e,2.0,o,2.0,-2.35,434000000.0,0.044
2.6004700000000004e-08,e,5.0,o,4.0,-0.72,18800000000.0,-0.288
2.6006599999999997e-08,e,2.0,o,2.0,-3.26,55100000.0,0.001
2.6008100000000002e-08,e,3.0,o,3.0,-2.92,118000000.0,-0.003
2.6010000000000003e-08,e,3.0,o,2.0,-0.69,20000000000.0,-0.425
2.60101e-08,e,4.0,o,5.0,-2.19,645000000.0,-0.038
2.6010199999999997e-08,e,2.0,o,2.0,-3.36,42700000.0,0.023
2.60123e-08,e,2.0,o,3.0,-2.17,660000000.0,0.058
2.60138e-08,e,3.0,o,3.0,-1.35,4440000000.0,-0.056
2.6014100000000003e-08,e,2.0,o,2.0,-1.47,3370000000.0,-0.32
2.60157e-08,e,1.0,o,2.0,-1.87,1350000000.0,0.056
2.60164e-08,e,4.0,o,4.0,-3.55,28000000.0,-0.001
2.6017000000000004e-08,e,4.0,o,5.0,-1.66,2180000000.0,0.132
2.6018400000000004e-08,e,4.0,o,4.0,-2.15,691000000.0,-0.009
2.60238e-08,e,4.0,o,4.0,0.12,130000000000.0,0.764
2.6027e-08,e,3.0,o,4.0,-1.41,3870000000.0,-0.211
2.60312e-08,e,4.0,o,4.0,-2.23,584000000.0,0.027
2.6032100000000003e-08,e,3.0,o,2.0,-2.12,750000000.0,-0.156
2.6034e-08,e,3.0,o,2.0,-1.93,1170000000.0,-0.078
2.60356e-08,e,4.0,o,5.0,-0.64,22500000000.0,0.574
2.60371e-08,e,0.0,o,1.0,-1.34,4470000000.0,0.345
2.6043700000000002e-08,e,4.0,o,3.0,-1.94,1120000000.0,0.022
2.6044600000000004e-08,e,4.0,o,4.0,-2.06,862000000.0,0.036
2.6046100000000003e-08,e,3.0,o,4.0,-3.08,82100000.0,-0.002
2.60472e-08,e,4.0,o,3.0,-0.74,18100000000.0,-0.449
2.6051100000000005e-08,e,2.0,o,1.0,-2.23,572000000.0,-0.062
2.6055e-08,e,3.0,o,4.0,-1.48,3230000000.0,-0.14
2.6056099999999997e-08,e,2.0,o,1.0,-3.31,48600000.0,-0.001
2.6058499999999998e-08,e,4.0,o,3.0,-1.22,5890000000.0,-0.343
2.60616e-08,e,3.0,o,2.0,-2.8,154000000.0,-0.025
2.6062000000000002e-08,e,2.0,o,2.0,-1.61,2390000000.0,-0.41
2.60731e-08,e,5.0,o,5.0,-1.32,4650000000.0,0.095
2.6074400000000004e-08,e,3.0,o,4.0,-4.45,3470000.0,-0.001
2.60786e-08,e,4.0,o,4.0,-2.39,403000000.0,0.007
2.6083e-08,e,2.0,o,1.0,-4.64,2240000.0,-0.002
2.6086200000000004e-08,e,6.0,o,7.0,-1.69,2010000000.0,0.854
2.60878e-08,e,5.0,o,4.0,-1.81,1510000000.0,0.122
2.6088299999999998e-08,e,3.0,o,3.0,-2.13,730000000.0,0.105
2.60913e-08,e,4.0,o,5.0,-0.95,11000000000.0,0.349
2.6098300000000003e-08,e,1.0,o,2.0,-1.63,2300000000.0,-0.268
2.60988e-08,e,2.0,o,3.0,-1.27,5240000000.0,0.181
2.6099200000000002e-08,e,4.0,o,3.0,-1.85,1370000000.0,0.041
2.61085e-08,e,3.0,o,4.0,-3.47,33300000.0,0.003
2.6109300000000002e-08,e,1.0,o,1.0,-1.11,7630000000.0,-0.762
2.61125e-08,e,1.0,o,2.0,-1.52,2960000000.0,0.155
2.61135e-08,e,2.0,o,2.0,-1.32,4700000000.0,0.162
2.61155e-08,e,1.0,o,0.0,-1.1,7760000000.0,-0.791
2.61227e-08,e,1.0,o,2.0,-0.77,16900000000.0,0.411
2.6126400000000004e-08,e,3.0,o,3.0,-2.63,227000000.0,0.013
2.61291e-08,e,3.0,o,3.0,-2.68,202000000.0,0.013
2.61351e-08,e,2.0,o,1.0,-2.13,720000000.0,-0.248
2.61397e-08,e,3.0,o,2.0,-2.79,158000000.0,-0.014
2.6139999999999998e-08,e,3.0,o,2.0,-1.68,2030000000.0,-0.271
2.61412e-08,e,3.0,o,2.0,-2.4,393000000.0,0.075
2.6143599999999997e-08,e,4.0,o,3.0,-0.8,15400000000.0,0.252
2.61466e-08,e,3.0,o,4.0,-0.7,19600000000.0,0.468
2.6147500000000003e-08,e,4.0,o,5.0,-3.47,33400000.0,0.001
2.6149200000000002e-08,e,2.0,o,3.0,-0.83,14600000000.0,0.4
2.61601e-08,e,4.0,o,3.0,-0.04,89700000000.0,-0.631
2.6162200000000004e-08,e,4.0,o,4.0,-1.9,1220000000.0,0.054
2.61703e-08,e,2.0,o,2.0,-1.62,2350000000.0,-0.128
2.61763e-08,e,6.0,o,6.0,-1.28,5130000000.0,-0.418
2.61765e-08,e,6.0,o,7.0,-0.64,22400000000.0,0.646
2.61769e-08,e,3.0,o,3.0,-1.42,3740000000.0,0.217
2.61789e-08,e,5.0,o,4.0,-1.0,9750000000.0,0.324
2.61794e-08,e,6.0,o,5.0,-1.66,2120000000.0,-0.127
2.61803e-08,e,4.0,o,4.0,-0.38,41000000000.0,0.575
2.61806e-08,e,3.0,o,3.0,-1.43,3640000000.0,-0.057
2.61843e-08,e,6.0,o,5.0,-1.54,2810000000.0,0.25
2.6185800000000003e-08,e,4.0,o,3.0,-1.77,1650000000.0,0.083
2.61923e-08,e,3.0,o,4.0,-4.31,4820000.0,0.001
2.61925e-08,e,2.0,o,2.0,-3.18,64600000.0,-0.003
2.61964e-08,e,4.0,o,3.0,-2.18,642000000.0,-0.039
2.61966e-08,e,2.0,o,2.0,-0.91,12000000000.0,0.491
2.62017e-08,e,1.0,o,2.0,-1.39,3960000000.0,0.293
2.6203100000000002e-08,e,2.0,o,1.0,-2.66,212000000.0,0.148
2.62045e-08,e,1.0,o,2.0,-2.28,511000000.0,-0.013
2.62064e-08,e,2.0,o,2.0,-2.7,196000000.0,-0.125
2.62086e-08,e,3.0,o,4.0,-1.5,3050000000.0,0.376
2.6210700000000003e-08,e,4.0,o,3.0,-0.76,17100000000.0,0.345
2.6211000000000002e-08,e,2.0,o,3.0,-1.59,2480000000.0,-0.159
2.62126e-08,e,2.0,o,3.0,-0.88,12700000000.0,-0.218
2.6215400000000002e-08,e,6.0,o,6.0,-3.49,31500000.0,0.004
2.62159e-08,e,3.0,o,3.0,-2.74,175000000.0,-0.024
2.62195e-08,e,4.0,o,3.0,-1.56,2680000000.0,-0.061
2.62203e-08,e,3.0,o,2.0,-2.65,218000000.0,-0.044
2.6223700000000004e-08,e,2.0,o,1.0,-2.63,227000000.0,0.014
2.6224900000000003e-08,e,5.0,o,5.0,-1.84,1400000000.0,0.039
2.62265e-08,e,3.0,o,3.0,-1.54,2820000000.0,0.184
2.62286e-08,e,3.0,o,2.0,-1.87,1320000000.0,0.239
2.62299e-08,e,3.0,o,2.0,-2.48,320000000.0,-0.038
2.6230700000000002e-08,e,4.0,o,5.0,-4.56,2670000.0,-0.001
2.6231099999999997e-08,e,2.0,o,3.0,-1.25,5470000000.0,-0.381
2.6232900000000002e-08,e,1.0,o,1.0,-3.04,88300000.0,-0.005
2.62425e-08,e,4.0,o,4.0,-0.88,12700000000.0,-0.449
2.6244e-08,e,4.0,o,5.0,-0.33,45500000000.0,-0.552
2.62462e-08,e,1.0,o,2.0,-2.48,321000000.0,0.038
2.62465e-08,e,2.0,o,1.0,-0.34,44000000000.0,0.654
2.62465e-08,e,3.0,o,2.0,-2.09,794000000.0,-0.207
2.6249700000000004e-08,e,3.0,o,3.0,-4.22,5760000.0,0.0
2.62519e-08,e,6.0,o,5.0,-2.92,116000000.0,-0.015
2.62539e-08,e,4.0,o,4.0,-0.99,9910000000.0,-0.225
2.6255700000000004e-08,e,2.0,o,1.0,-1.06,8480000000.0,-0.621
2.62562e-08,e,5.0,o,6.0,-0.87,13000000000.0,0.483
2.62585e-08,e,4.0,o,4.0,-4.07,8270000.0,-0.006
2.62589e-08,e,2.0,o,2.0,-0.53,28800000000.0,-0.735
2.6258999999999997e-08,e,3.0,o,3.0,-1.91,1210000000.0,-0.165
2.62623e-08,e,4.0,o,5.0,-2.02,937000000.0,-0.158
2.62721e-08,e,2.0,o,2.0,-0.94,11000000000.0,-0.301
2.62727e-08,e,2.0,o,3.0,-0.8,15400000000.0,-0.281
2.6277100000000003e-08,e,2.0,o,2.0,-3.15,67700000.0,0.026
2.62841e-08,e,3.0,o,2.0,-1.68,2010000000.0,0.184
2.62841e-08,e,3.0,o,4.0,-1.44,3530000000.0,-0.155
2.62881e-08,e,2.0,o,3.0,-2.74,174000000.0,0.102
2.6288400000000002e-08,e,3.0,o,2.0,-1.08,8060000000.0,0.223
2.6288999999999998e-08,e,1.0,o,1.0,-1.49,3120000000.0,0.097
2.6293000000000003e-08,e,4.0,o,3.0,-0.66,21000000000.0,-0.323
2.6293400000000004e-08,e,3.0,o,3.0,0.02,102000000000.0,0.74
2.62936e-08,e,4.0,o,3.0,-2.02,925000000.0,0.126
2.62941e-08,e,4.0,o,3.0,-1.56,2660000000.0,0.611
2.62986e-08,e,3.0,o,4.0,-0.99,9930000000.0,0.495
2.6306599999999997e-08,e,5.0,o,4.0,-1.86,1330000000.0,0.142
2.6310500000000003e-08,e,3.0,o,3.0,-2.78,160000000.0,-0.018
2.6319099999999998e-08,e,2.0,o,2.0,-3.33,44900000.0,-0.001
2.6326700000000002e-08,e,5.0,o,5.0,-1.15,6800000000.0,0.237
2.6330700000000003e-08,e,1.0,o,0.0,-1.66,2080000000.0,0.094
2.6332700000000002e-08,e,4.0,o,4.0,-0.5,30800000000.0,-0.345
2.63351e-08,e,5.0,o,4.0,-2.75,170000000.0,-0.003
2.63353e-08,e,4.0,o,5.0,-3.39,39500000.0,0.009
2.6341000000000004e-08,e,2.0,o,3.0,-2.21,593000000.0,-0.256
2.63431e-08,e,0.0,o,1.0,-1.22,5730000000.0,-0.617
2.63456e-08,e,4.0,o,5.0,-1.78,1590000000.0,-0.054
2.63493e-08,e,2.0,o,3.0,-1.06,8340000000.0,-0.501
2.63575e-08,e,2.0,o,2.0,-2.09,782000000.0,0.071
2.63621e-08,e,2.0,o,1.0,-3.48,32000000.0,-0.064
2.6362900000000004e-08,e,4.0,o,4.0,-3.63,22400000.0,0.001
2.6364800000000004e-08,e,2.0,o,1.0,-2.61,239000000.0,0.083
2.6366800000000003e-08,e,1.0,o,2.0,-3.3,48500000.0,0.011
2.6371e-08,e,0.0,o,1.0,-1.63,2240000000.0,-0.075
2.63739e-08,e,2.0,o,3.0,-2.93,113000000.0,0.023
2.63741e-08,e,1.0,o,1.0,-2.99,99300000.0,0.053
2.6375e-08,e,1.0,o,2.0,-1.05,8530000000.0,-0.614
2.63756e-08,e,6.0,o,6.0,-0.22,57200000000.0,0.908
2.6376900000000003e-08,e,2.0,o,3.0,-3.23,56500000.0,0.023
2.6377800000000002e-08,e,1.0,o,0.0,-2.91,118000000.0,0.143
2.63798e-08,e,3.0,o,4.0,-2.86,133000000.0,0.032
2.6382299999999997e-08,e,4.0,o,4.0,-1.93,1120000000.0,0.03
2.6382400000000003e-08,e,4.0,o,3.0,-1.13,7100000000.0,0.191
2.6382900000000003e-08,e,5.0,o,6.0,-0.32,46100000000.0,0.388
2.63855e-08,e,2.0,o,2.0,-3.38,40200000.0,0.015
2.6385700000000002e-08,e,3.0,o,2.0,-2.23,565000000.0,0.092
2.6392700000000004e-08,e,2.0,o,3.0,-2.73,177000000.0,0.038
2.63932e-08,e,2.0,o,3.0,-1.85,1370000000.0,-0.104
2.6399400000000005e-08,e,3.0,o,3.0,-2.63,223000000.0,-0.01
2.6402100000000003e-08,e,3.0,o,3.0,-1.91,1170000000.0,0.144
2.6402499999999998e-08,e,4.0,o,5.0,-0.4,37800000000.0,0.411
2.6409800000000002e-08,e,5.0,o,5.0,-3.09,77600000.0,0.006
2.6411e-08,e,4.0,o,4.0,-1.8,1530000000.0,0.029
2.64128e-08,e,3.0,o,4.0,-0.48,31400000000.0,0.383
2.64171e-08,e,1.0,o,1.0,-1.72,1820000000.0,-0.246
2.64193e-08,e,2.0,o,2.0,-1.24,5520000000.0,-0.286
2.64211e-08,e,0.0,o,1.0,-1.77,1650000000.0,0.321
2.64215e-08,e,3.0,o,3.0,-1.94,1110000000.0,-0.118
2.6422500000000004e-08,e,3.0,o,4.0,-0.59,24800000000.0,0.269
2.6430200000000003e-08,e,2.0,o,3.0,-0.92,11500000000.0,-0.567
2.6434199999999998e-08,e,4.0,o,3.0,-1.65,2150000000.0,-0.474
2.6436500000000003e-08,e,4.0,o,3.0,-3.6,24300000.0,-0.011
2.64404e-08,e,2.0,o,1.0,-0.11,74600000000.0,-0.806
2.64416e-08,e,3.0,o,4.0,-1.55,2690000000.0,-0.26
2.64421e-08,e,6.0,o,5.0,-2.0,957000000.0,0.117
2.6448500000000004e-08,e,2.0,o,3.0,-2.56,264000000.0,0.048
2.6455900000000003e-08,e,4.0,o,3.0,-2.67,204000000.0,0.006
2.6456200000000003e-08,e,3.0,o,4.0,-2.84,138000000.0,-0.019
2.6458200000000002e-08,e,4.0,o,5.0,-1.93,1130000000.0,0.236
2.6459800000000002e-08,e,2.0,o,1.0,-2.53,278000000.0,-0.055
2.64628e-08,e,1.0,o,2.0,-1.24,5450000000.0,0.609
2.64692e-08,e,2.0,o,2.0,-1.96,1050000000.0,0.032
2.64707e-08,e,2.0,o,2.0,-2.75,169000000.0,-0.012
2.64712e-08,e,2.0,o,3.0,-2.22,577000000.0,0.04
2.64786e-08,e,1.0,o,2.0,-2.3,474000000.0,0.03
2.64813e-08,e,4.0,o,4.0,-1.36,4170000000.0,-0.267
2.64828e-08,e,1.0,o,1.0,-0.8,15000000000.0,-0.363
2.64846e-08,e,3.0,o,4.0,-2.3,476000000.0,0.047
2.64861e-08,e,4.0,o,5.0,-1.39,3850000000.0,-0.165
2.64883e-08,e,2.0,o,1.0,-3.73,17700000.0,-0.003
2.64908e-08,e,4.0,o,4.0,-1.81,1490000000.0,-0.184
2.64923e-08,e,2.0,o,3.0,-1.28,4960000000.0,0.271
2.64933e-08,e,3.0,o,2.0,-1.47,3190000000.0,0.127
2.64976e-08,e,3.0,o,2.0,-2.03,899000000.0,0.065
2.64989e-08,e,2.0,o,2.0,-3.59,24500000.0,0.001
2.64996e-08,e,3.0,o,3.0,-1.71,1850000000.0,0.095
2.65086e-08,e,4.0,o,4.0,-2.1,748000000.0,0.433
2.6510199999999998e-08,e,3.0,o,4.0,-2.85,133000000.0,-0.019
2.6510300000000003e-08,e,6.0,o,5.0,-3.77,16300000.0,-0.006
2.65131e-08,e,2.0,o,1.0,-1.38,3970000000.0,0.234
2.65191e-08,e,4.0,o,4.0,-0.89,12300000000.0,-0.333
2.6523000000000002e-08,e,2.0,o,3.0,-3.28,49800000.0,0.014
2.65243e-08,e,2.0,o,2.0,-3.2,59900000.0,-0.006
2.65267e-08,e,4.0,o,5.0,-1.67,2060000000.0,0.253
2.6528500000000005e-08,e,4.0,o,3.0,-1.32,4510000000.0,-0.133
2.65291e-08,e,3.0,o,2.0,-1.45,3350000000.0,0.273
2.65329e-08,e,4.0,o,3.0,-4.44,3460000.0,0.0
2.6534300000000004e-08,e,4.0,o,3.0,-1.61,2350000000.0,-0.033
2.6539999999999998e-08,e,4.0,o,3.0,-2.05,844000000.0,0.017
2.65404e-08,e,2.0,o,3.0,-2.64,216000000.0,0.009
2.6544900000000002e-08,e,4.0,o,4.0,-1.68,2000000000.0,-0.046
2.6545100000000003e-08,e,6.0,o,5.0,-3.02,90700000.0,0.018
2.6545700000000002e-08,e,3.0,o,3.0,-2.28,493000000.0,0.018
2.65471e-08,e,2.0,o,3.0,-1.99,962000000.0,-0.065
2.65491e-08,e,2.0,o,2.0,-1.87,1280000000.0,0.053
2.6554000000000004e-08,e,2.0,o,1.0,-3.43,35700000.0,0.008
2.6557e-08,e,2.0,o,1.0,-4.51,2930000.0,-0.007
2.65586e-08,e,1.0,o,2.0,-1.52,2880000000.0,0.131
2.6559100000000002e-08,e,2.0,o,2.0,-2.1,752000000.0,0.042
2.6561500000000003e-08,e,2.0,o,2.0,-0.81,14400000000.0,0.438
2.65635e-08,e,1.0,o,1.0,-2.63,224000000.0,0.03
2.6563700000000002e-08,e,6.0,o,6.0,0.19,147000000000.0,0.711
2.6565499999999997e-08,e,6.0,o,5.0,-2.26,522000000.0,-0.099
2.6566000000000004e-08,e,0.0,o,1.0,-1.23,5510000000.0,0.256
2.65669e-08,e,3.0,o,2.0,-1.97,1010000000.0,-0.349
2.657e-08,e,2.0,o,1.0,-2.33,439000000.0,0.043
2.65709e-08,e,3.0,o,3.0,-2.13,707000000.0,0.023
2.65712e-08,e,5.0,o,4.0,-1.39,3820000000.0,-0.234
2.6575700000000003e-08,e,3.0,o,3.0,-2.1,746000000.0,-0.069
2.65768e-08,e,2.0,o,3.0,-0.98,9880000000.0,0.585
2.65777e-08,e,3.0,o,2.0,-5.03,886000.0,0.0
2.6579300000000002e-08,e,2.0,o,1.0,-0.85,13300000000.0,0.757
2.6579500000000003e-08,e,1.0,o,1.0,-2.26,525000000.0,0.049
2.65801e-08,e,2.0,o,2.0,-3.77,16100000.0,0.003
2.6581900000000004e-08,e,3.0,o,2.0,-1.54,2700000000.0,-0.132
2.65909e-08,e,4.0,o,4.0,-1.99,964000000.0,0.057
2.6595299999999997e-08,e,4.0,o,5.0,-5.19,618000.0,0.0
2.66008e-08,e,2.0,o,3.0,-1.09,7690000000.0,0.202
2.66029e-08,e,2.0,o,2.0,-2.53,280000000.0,0.025
2.6605399999999997e-08,e,6.0,o,6.0,-0.54,26900000000.0,-0.697
2.6610500000000002e-08,e,4.0,o,3.0,-1.83,1390000000.0,-0.034
2.6612400000000002e-08,e,1.0,o,2.0,-2.59,241000000.0,0.043
2.6613099999999997e-08,e,2.0,o,2.0,-2.44,342000000.0,0.062
2.6615400000000002e-08,e,3.0,o,4.0,-2.26,521000000.0,-0.125
2.66229e-08,e,2.0,o,1.0,-2.88,124000000.0,-0.048
2.66243e-08,e,1.0,o,2.0,-3.01,92200000.0,-0.021
2.66303e-08,e,4.0,o,5.0,-2.81,147000000.0,0.055
2.6630700000000002e-08,e,2.0,o,3.0,-1.54,2720000000.0,0.293
2.6631599999999998e-08,e,3.0,o,2.0,-4.47,3200000.0,-0.001
2.6633600000000004e-08,e,4.0,o,3.0,-1.39,3860000000.0,0.266
2.6636700000000003e-08,e,4.0,o,3.0,-1.61,2330000000.0,-0.039
2.66379e-08,e,3.0,o,4.0,-3.61,23000000.0,-0.004
2.6638900000000002e-08,e,3.0,o,2.0,-3.3,46700000.0,-0.033
2.6644900000000003e-08,e,3.0,o,4.0,-2.75,168000000.0,-0.022
2.66503e-08,e,4.0,o,4.0,-1.47,3220000000.0,-0.151
2.6650900000000003e-08,e,4.0,o,5.0,-1.67,2030000000.0,-0.464
2.66577e-08,e,2.0,o,3.0,-0.56,25900000000.0,-0.591
2.6667700000000005e-08,e,3.0,o,2.0,-2.4,376000000.0,-0.006
2.66703e-08,e,5.0,o,5.0,-2.99,95200000.0,0.009
2.6673000000000003e-08,e,2.0,o,2.0,-1.32,4450000000.0,0.203
2.6673200000000004e-08,e,2.0,o,3.0,-3.93,11100000.0,-0.001
2.6675099999999998e-08,e,3.0,o,3.0,-1.63,2220000000.0,-0.037
2.66799e-08,e,4.0,o,4.0,-3.74,17000000.0,-0.004
2.66801e-08,e,2.0,o,1.0,-2.76,164000000.0,0.054
2.6680500000000002e-08,e,3.0,o,4.0,-0.87,12700000000.0,0.651
2.66808e-08,e,2.0,o,1.0,-1.59,2390000000.0,0.126
2.66813e-08,e,2.0,o,2.0,-1.8,1490000000.0,-0.043
2.6682e-08,e,3.0,o,2.0,-2.83,137000000.0,-0.004
2.66842e-08,e,2.0,o,2.0,-1.33,4390000000.0,0.152
2.6685199999999998e-08,e,3.0,o,3.0,-2.51,292000000.0,-0.063
2.66897e-08,e,2.0,o,2.0,-2.8,147000000.0,0.015
2.6690300000000002e-08,e,1.0,o,1.0,-1.94,1070000000.0,0.058
2.66938e-08,e,1.0,o,2.0,-2.12,713000000.0,-0.075
2.66945e-08,e,4.0,o,3.0,-3.01,92600000.0,-0.054
2.6695100000000004e-08,e,4.0,o,4.0,-1.41,3660000000.0,-0.067
2.6696900000000002e-08,e,1.0,o,0.0,-1.85,1320000000.0,0.202
2.66993e-08,e,2.0,o,2.0,-1.82,1400000000.0,-0.03
2.67e-08,e,1.0,o,1.0,-2.01,907000000.0,0.048
2.67016e-08,e,6.0,o,5.0,-3.25,52700000.0,-0.023
2.6702e-08,e,3.0,o,3.0,-1.76,1630000000.0,0.032
2.67027e-08,e,5.0,o,6.0,-2.98,98800000.0,0.017
2.6706700000000002e-08,e,2.0,o,3.0,-5.0,928000.0,0.0
2.67102e-08,e,2.0,o,3.0,-1.32,4400000000.0,0.209
2.67123e-08,e,3.0,o,2.0,-2.4,366000000.0,0.066
2.6713099999999998e-08,e,3.0,o,2.0,-2.15,668000000.0,0.047
2.67156e-08,e,4.0,o,4.0,-1.9,1190000000.0,-0.116
2.67192e-08,e,0.0,o,1.0,-0.56,26200000000.0,0.864
2.6722800000000003e-08,e,3.0,o,3.0,-3.31,45600000.0,-0.004
2.67322e-08,e,2.0,o,3.0,-3.25,52400000.0,-0.005
2.6732799999999998e-08,e,2.0,o,1.0,-1.82,1400000000.0,-0.262
2.6732900000000003e-08,e,2.0,o,3.0,-2.84,136000000.0,-0.476
2.67337e-08,e,3.0,o,4.0,-2.92,113000000.0,0.016
2.6737200000000004e-08,e,4.0,o,3.0,-2.17,640000000.0,0.02
2.6738200000000002e-08,e,4.0,o,3.0,-0.84,13700000000.0,-0.27
2.6739800000000002e-08,e,1.0,o,2.0,-1.03,8700000000.0,0.232
2.67433e-08,e,4.0,o,3.0,-2.32,449000000.0,0.028
2.6748200000000003e-08,e,4.0,o,5.0,-1.74,1710000000.0,-0.066
2.67554e-08,e,2.0,o,2.0,-0.27,49300000000.0,-0.525
2.67592e-08,e,2.0,o,3.0,-3.36,41100000.0,-0.08
2.6763600000000002e-08,e,2.0,o,3.0,-2.96,103000000.0,0.006
2.6768000000000002e-08,e,3.0,o,4.0,-3.52,28400000.0,-0.017
2.6774700000000004e-08,e,2.0,o,3.0,-2.45,329000000.0,0.084
2.67751e-08,e,2.0,o,2.0,-1.59,2410000000.0,-0.249
2.67754e-08,e,2.0,o,1.0,-4.36,4090000.0,0.0
2.67769e-08,e,3.0,o,3.0,-1.45,3280000000.0,0.162
2.6778300000000003e-08,e,2.0,o,2.0,-3.07,79100000.0,-0.01
2.67835e-08,e,3.0,o,2.0,-1.24,5340000000.0,-0.101
2.6784500000000004e-08,e,0.0,o,1.0,-1.5,2930000000.0,0.151
2.6787900000000003e-08,e,1.0,o,2.0,-1.77,1590000000.0,0.39
2.6787900000000003e-08,e,4.0,o,5.0,-3.65,20800000.0,0.017
2.6788e-08,e,2.0,o,1.0,-1.46,3170000000.0,-0.1
2.67926e-08,e,3.0,o,3.0,-1.51,2910000000.0,-0.071
2.67957e-08,e,2.0,o,3.0,-0.96,10100000000.0,-0.366
2.67989e-08,e,2.0,o,3.0,-1.19,5980000000.0,0.424
2.68033e-08,e,4.0,o,4.0,-2.18,610000000.0,0.021
2.68073e-08,e,3.0,o,2.0,-5.45,329000.0,0.0
2.68087e-08,e,2.0,o,3.0,-2.69,189000000.0,-0.118
2.68154e-08,e,2.0,o,2.0,-1.82,1420000000.0,0.102
2.68174e-08,e,2.0,o,1.0,-3.9,11800000.0,0.001
2.68205e-08,e,2.0,o,3.0,-2.27,497000000.0,0.043
2.6822500000000004e-08,e,1.0,o,2.0,-2.48,305000000.0,-0.04
2.68271e-08,e,1.0,o,1.0,-1.36,4020000000.0,-0.183
2.6827999999999997e-08,e,3.0,o,3.0,-4.1,7370000.0,0.001
2.6827999999999997e-08,e,4.0,o,3.0,-2.15,657000000.0,0.022
2.6830099999999998e-08,e,6.0,o,5.0,0.14,128000000000.0,0.575
2.68348e-08,e,2.0,o,2.0,-1.74,1670000000.0,-0.052
2.68392e-08,e,4.0,o,3.0,-3.14,66800000.0,-0.014
2.6844400000000004e-08,e,1.0,o,2.0,-2.45,328000000.0,-0.033
2.6848700000000005e-08,e,4.0,o,3.0,-1.72,1770000000.0,-0.029
2.68635e-08,e,4.0,o,3.0,-1.87,1240000000.0,0.022
2.6863900000000003e-08,e,3.0,o,2.0,-3.39,37900000.0,0.001
2.6863999999999998e-08,e,3.0,o,4.0,-2.27,497000000.0,-0.082
2.68657e-08,e,0.0,o,1.0,-1.82,1420000000.0,-0.522
2.6866100000000003e-08,e,1.0,o,1.0,-2.92,110000000.0,0.022
2.68666e-08,e,3.0,o,2.0,-1.5,2910000000.0,-0.101
2.68728e-08,e,5.0,o,5.0,-2.57,247000000.0,-0.008
2.6876100000000004e-08,e,4.0,o,3.0,-0.79,15000000000.0,-0.412
2.6876100000000004e-08,e,5.0,o,4.0,0.04,101000000000.0,0.515
2.6887700000000003e-08,e,3.0,o,3.0,-2.34,420000000.0,0.022
2.68929e-08,e,4.0,o,5.0,-1.25,5180000000.0,0.342
2.6896300000000004e-08,e,4.0,o,4.0,-4.59,2360000.0,0.0
2.6897300000000002e-08,e,2.0,o,1.0,-1.68,1930000000.0,-0.621
2.68986e-08,e,2.0,o,2.0,-2.3,457000000.0,0.049
2.6899599999999998e-08,e,4.0,o,4.0,-2.61,226000000.0,0.002
2.69015e-08,e,2.0,o,2.0,-1.8,1470000000.0,-0.069
2.6903300000000002e-08,e,4.0,o,3.0,-0.15,65500000000.0,0.426
2.6915100000000002e-08,e,3.0,o,4.0,-1.48,3080000000.0,0.241
2.69161e-08,e,5.0,o,4.0,-2.29,471000000.0,0.349
2.6917300000000002e-08,e,3.0,o,2.0,-1.03,8580000000.0,-0.282
2.6918000000000003e-08,e,1.0,o,0.0,-1.97,972000000.0,-0.238
2.6919799999999998e-08,e,2.0,o,3.0,-2.56,252000000.0,-0.138
2.69243e-08,e,1.0,o,1.0,-2.89,118000000.0,-0.017
2.6927600000000003e-08,e,2.0,o,2.0,-2.44,334000000.0,0.123
2.69341e-08,e,1.0,o,2.0,-1.9,1150000000.0,-0.103
2.69341e-08,e,3.0,o,3.0,-0.77,15700000000.0,-0.18
2.6935199999999997e-08,e,2.0,o,1.0,-2.55,258000000.0,0.086
2.69363e-08,e,4.0,o,4.0,-3.47,31100000.0,-0.016
2.69424e-08,e,2.0,o,1.0,-1.04,8370000000.0,-0.373
2.69447e-08,e,2.0,o,3.0,-3.4,36600000.0,-0.052
2.69517e-08,e,0.0,o,1.0,-2.1,735000000.0,0.139
2.69642e-08,e,6.0,o,7.0,-0.36,40400000000.0,0.821
2.69649e-08,e,2.0,o,3.0,-4.23,5390000.0,0.001
2.6965300000000003e-08,e,4.0,o,3.0,-2.15,657000000.0,-0.074
2.6965300000000003e-08,e,6.0,o,5.0,-2.12,696000000.0,-0.331
2.69676e-08,e,6.0,o,5.0,-1.7,1850000000.0,0.039
2.69779e-08,e,1.0,o,1.0,-2.01,901000000.0,-0.151
2.6978500000000002e-08,e,3.0,o,2.0,-0.54,26600000000.0,0.332
2.69825e-08,e,4.0,o,3.0,-0.54,26200000000.0,0.253
2.6983499999999998e-08,e,2.0,o,3.0,-2.45,321000000.0,0.122
2.6997000000000003e-08,e,3.0,o,2.0,-1.02,8740000000.0,0.186
2.6997699999999998e-08,e,3.0,o,3.0,-0.28,48000000000.0,-0.717
2.69984e-08,e,3.0,o,4.0,-3.98,9580000.0,0.006
2.6999500000000003e-08,e,4.0,o,5.0,-0.53,27300000000.0,-0.501
2.7001e-08,e,2.0,o,1.0,-0.8,14500000000.0,0.367
2.70029e-08,e,4.0,o,4.0,-1.07,7730000000.0,-0.235
2.70084e-08,e,5.0,o,5.0,-2.86,125000000.0,0.117
2.701e-08,e,4.0,o,3.0,-0.82,14000000000.0,0.265
2.70104e-08,e,0.0,o,1.0,-1.92,1090000000.0,-0.164
2.70109e-08,e,2.0,o,2.0,-1.34,4170000000.0,-0.203
2.70161e-08,e,2.0,o,2.0,-2.03,861000000.0,-0.198
2.7020999999999998e-08,e,1.0,o,2.0,-2.46,319000000.0,0.04
2.70219e-08,e,3.0,o,3.0,-1.61,2250000000.0,-0.071
2.7024200000000002e-08,e,4.0,o,3.0,-0.91,11300000000.0,-0.111
2.70267e-08,e,6.0,o,6.0,-1.76,1610000000.0,-0.129
2.7028500000000003e-08,e,3.0,o,4.0,-1.21,5670000000.0,0.445
2.70286e-08,e,5.0,o,4.0,-0.2,57100000000.0,-0.372
2.70287e-08,e,4.0,o,5.0,-3.65,20500000.0,-0.044
2.7034300000000002e-08,e,4.0,o,4.0,-3.05,82100000.0,0.002
2.7038400000000002e-08,e,3.0,o,4.0,-0.48,30100000000.0,0.539
2.7039600000000004e-08,e,2.0,o,1.0,-1.96,1010000000.0,-0.295
2.70423e-08,e,3.0,o,4.0,-0.57,24800000000.0,-0.457
2.7043200000000004e-08,e,4.0,o,4.0,-2.72,173000000.0,0.028
2.70442e-08,e,2.0,o,2.0,-1.7,1800000000.0,0.125
2.7046300000000002e-08,e,2.0,o,3.0,-1.6,2260000000.0,-0.118
2.70474e-08,e,0.0,o,1.0,-1.86,1250000000.0,0.389
2.70483e-08,e,4.0,o,3.0,-0.35,41000000000.0,-0.312
2.70495e-08,e,3.0,o,3.0,-1.21,5650000000.0,-0.206
2.70543e-08,e,2.0,o,3.0,-2.06,799000000.0,0.204
2.7054899999999998e-08,e,2.0,o,1.0,-1.34,4120000000.0,0.307
2.7054899999999998e-08,e,6.0,o,5.0,-0.96,9980000000.0,0.076
2.70556e-08,e,4.0,o,5.0,-0.83,13700000000.0,0.537
2.70597e-08,e,5.0,o,4.0,-2.03,841000000.0,-0.267
2.70623e-08,e,0.0,o,1.0,-1.92,1100000000.0,-0.326
2.70643e-08,e,0.0,o,1.0,-2.84,132000000.0,0.021
2.70645e-08,e,4.0,o,4.0,-2.78,151000000.0,-0.037
2.70657e-08,e,3.0,o,2.0,-1.24,5270000000.0,0.247
2.7068200000000002e-08,e,2.0,o,1.0,-1.07,7740000000.0,0.379
2.7072500000000003e-08,e,4.0,o,3.0,-1.3,4510000000.0,0.121
2.7072800000000003e-08,e,3.0,o,2.0,-0.46,31300000000.0,-0.282
2.7076900000000003e-08,e,3.0,o,4.0,-1.26,4960000000.0,0.332
2.7078500000000003e-08,e,3.0,o,3.0,-1.27,4910000000.0,-0.229
2.70789e-08,e,0.0,o,1.0,-0.93,10700000000.0,-0.464
2.70791e-08,e,6.0,o,7.0,-2.6,228000000.0,0.348
2.70801e-08,e,4.0,o,4.0,-2.49,298000000.0,0.12
2.7080399999999997e-08,e,3.0,o,3.0,-1.51,2820000000.0,0.113
2.7082e-08,e,2.0,o,3.0,-0.61,22400000000.0,-0.573
2.7082799999999998e-08,e,3.0,o,4.0,-3.21,55900000.0,-0.068
2.70902e-08,e,2.0,o,2.0,-4.18,6060000.0,0.0
2.70974e-08,e,4.0,o,4.0,-3.02,85900000.0,0.053
2.7098300000000002e-08,e,2.0,o,2.0,-2.25,506000000.0,-0.1
2.71e-08,e,1.0,o,2.0,-4.05,8200000.0,-0.001
2.7101100000000004e-08,e,2.0,o,2.0,-0.52,27100000000.0,0.519
2.7108600000000003e-08,e,4.0,o,4.0,-1.61,2220000000.0,0.075
2.7112200000000002e-08,e,3.0,o,3.0,-3.6,22700000.0,0.002
2.7118000000000002e-08,e,4.0,o,3.0,-3.04,82100000.0,0.027
2.7119900000000002e-08,e,3.0,o,2.0,-3.75,16000000.0,0.001
2.71254e-08,e,1.0,o,1.0,-5.29,468000.0,0.0
2.71255e-08,e,2.0,o,3.0,-2.84,130000000.0,-0.014
2.71276e-08,e,2.0,o,2.0,-2.42,342000000.0,0.031
2.71301e-08,e,4.0,o,3.0,-2.25,515000000.0,-0.118
2.7132799999999998e-08,e,2.0,o,1.0,-2.54,258000000.0,0.073
2.7133800000000002e-08,e,2.0,o,3.0,-1.24,5260000000.0,0.37
2.7136399999999997e-08,e,4.0,o,5.0,-3.07,77900000.0,0.055
2.7140800000000004e-08,e,3.0,o,4.0,-3.06,79400000.0,-0.05
2.7143400000000002e-08,e,4.0,o,5.0,-0.39,36700000000.0,0.488
2.7144799999999998e-08,e,2.0,o,3.0,-3.11,70900000.0,-0.071
2.71495e-08,e,2.0,o,1.0,-1.67,1930000000.0,0.092
2.7152499999999998e-08,e,3.0,o,2.0,-2.46,312000000.0,0.028
2.7153e-08,e,4.0,o,3.0,-2.1,716000000.0,0.025
2.71632e-08,e,2.0,o,3.0,-3.42,34600000.0,-0.01
2.7163600000000002e-08,e,3.0,o,3.0,-1.92,1080000000.0,-0.078
2.7169e-08,e,4.0,o,3.0,-2.14,659000000.0,-0.097
2.7176e-08,e,3.0,o,4.0,-1.8,1440000000.0,-0.108
2.71834e-08,e,3.0,o,3.0,-1.86,1250000000.0,-0.108
2.7183800000000003e-08,e,2.0,o,2.0,-3.68,18700000.0,0.016
2.71853e-08,e,3.0,o,3.0,-4.35,4010000.0,-0.001
2.7187e-08,e,3.0,o,3.0,-1.13,6760000000.0,0.372
2.7188200000000003e-08,e,4.0,o,4.0,-2.28,472000000.0,-0.076
2.7192200000000004e-08,e,3.0,o,2.0,-1.58,2360000000.0,-0.218
2.7193900000000003e-08,e,0.0,o,1.0,-1.7,1840000000.0,0.362
2.7200000000000002e-08,e,4.0,o,3.0,-3.23,53700000.0,-0.003
2.72031e-08,e,6.0,o,5.0,-1.66,1960000000.0,0.236
2.72046e-08,e,2.0,o,2.0,-1.16,6210000000.0,-0.223
2.72128e-08,e,2.0,o,3.0,-3.01,87500000.0,-0.087
2.7214600000000004e-08,e,1.0,o,2.0,-3.0,89900000.0,0.022
2.7219600000000003e-08,e,2.0,o,3.0,-1.96,990000000.0,0.281
2.72207e-08,e,5.0,o,4.0,-1.65,2000000000.0,0.252
2.72233e-08,e,2.0,o,3.0,-3.04,81300000.0,-0.023
2.7226600000000004e-08,e,2.0,o,1.0,-2.68,190000000.0,-0.119
2.7228199999999998e-08,e,3.0,o,4.0,-2.55,255000000.0,0.136
2.72303e-08,e,2.0,o,1.0,-1.53,2630000000.0,0.286
2.72346e-08,e,3.0,o,2.0,-0.37,38100000000.0,0.458
2.72354e-08,e,2.0,o,2.0,-2.61,222000000.0,0.075
2.72387e-08,e,4.0,o,3.0,-3.71,17300000.0,0.002
2.72414e-08,e,4.0,o,4.0,-0.46,31300000000.0,0.346
2.72469e-08,e,5.0,o,5.0,-0.33,42100000000.0,0.358
2.72481e-08,e,2.0,o,2.0,-1.82,1360000000.0,0.282
2.72489e-08,e,6.0,o,6.0,-0.25,50300000000.0,0.377
2.72496e-08,e,2.0,o,2.0,-2.22,545000000.0,-0.03
2.72572e-08,e,2.0,o,3.0,-2.31,437000000.0,0.036
2.7259600000000002e-08,e,1.0,o,2.0,-1.1,7130000000.0,0.534
2.7262900000000002e-08,e,3.0,o,4.0,-1.91,1100000000.0,-0.133
2.7265100000000002e-08,e,2.0,o,1.0,-2.82,134000000.0,-0.024
2.72666e-08,e,1.0,o,2.0,-2.2,562000000.0,0.179
2.72669e-08,e,4.0,o,3.0,-1.38,3720000000.0,-0.196
2.72676e-08,e,4.0,o,5.0,-4.37,3850000.0,0.0
2.72687e-08,e,2.0,o,2.0,-2.98,93200000.0,-0.02
2.72724e-08,e,4.0,o,3.0,-1.2,5700000000.0,-0.2
2.7274400000000005e-08,e,1.0,o,0.0,-1.19,5810000000.0,0.34
2.7277800000000004e-08,e,3.0,o,2.0,-1.81,1410000000.0,0.112
2.72788e-08,e,3.0,o,3.0,-2.71,177000000.0,-0.036
2.7279700000000004e-08,e,3.0,o,2.0,-2.4,355000000.0,0.052
2.72804e-08,e,3.0,o,3.0,-1.13,6700000000.0,0.238
2.7283400000000002e-08,e,2.0,o,1.0,-4.57,2400000.0,-0.001
2.72905e-08,e,1.0,o,1.0,-2.47,303000000.0,-0.09
2.72929e-08,e,5.0,o,6.0,-3.76,15700000.0,-0.002
2.72957e-08,e,2.0,o,1.0,-0.66,19600000000.0,0.409
2.72988e-08,e,2.0,o,3.0,-5.63,210000.0,0.0
2.7299599999999998e-08,e,3.0,o,3.0,-2.11,702000000.0,0.186
2.73027e-08,e,3.0,o,2.0,-0.91,11000000000.0,-0.38
2.7305700000000003e-08,e,1.0,o,1.0,-1.15,6370000000.0,-0.354
2.73068e-08,e,4.0,o,4.0,-3.34,41400000.0,-0.005
2.73118e-08,e,2.0,o,3.0,-2.95,99300000.0,0.124
2.7312e-08,e,3.0,o,2.0,-3.88,11900000.0,0.004
2.7319600000000004e-08,e,1.0,o,1.0,-1.3,4440000000.0,0.275
2.7319900000000004e-08,e,6.0,o,7.0,-1.54,2570000000.0,0.372
2.7325e-08,e,3.0,o,4.0,-1.85,1280000000.0,0.175
2.73282e-08,e,2.0,o,2.0,-3.19,58100000.0,0.065
2.73283e-08,e,6.0,o,5.0,-1.53,2650000000.0,0.043
2.73284e-08,e,5.0,o,4.0,-1.44,3270000000.0,0.404
2.73359e-08,e,0.0,o,1.0,-2.07,760000000.0,-0.132
2.73407e-08,e,5.0,o,5.0,-0.33,41600000000.0,0.378
2.73442e-08,e,5.0,o,4.0,-2.19,577000000.0,-0.015
2.7345200000000002e-08,e,2.0,o,2.0,-2.52,271000000.0,-0.156
2.7349200000000003e-08,e,4.0,o,4.0,-1.32,4240000000.0,0.192
2.73507e-08,e,1.0,o,0.0,-1.03,8360000000.0,0.416
2.73508e-08,e,4.0,o,4.0,-1.36,3870000000.0,0.17
2.7351600000000004e-08,e,2.0,o,3.0,-2.12,665000000.0,0.074
2.73522e-08,e,1.0,o,2.0,-2.22,537000000.0,-0.034
2.7353199999999998e-08,e,1.0,o,2.0,-1.4,3550000000.0,-0.142
2.73623e-08,e,6.0,o,6.0,-2.31,434000000.0,0.086
2.7363200000000002e-08,e,2.0,o,3.0,-3.16,61500000.0,-0.041
2.7367000000000003e-08,e,2.0,o,2.0,-3.91,10800000.0,0.001
2.7369299999999998e-08,e,2.0,o,1.0,-3.56,24700000.0,0.034
2.7372500000000002e-08,e,4.0,o,3.0,-1.3,4460000000.0,0.273
2.7377200000000002e-08,e,4.0,o,5.0,-1.66,1940000000.0,-0.44
2.73789e-08,e,0.0,o,1.0,-2.06,771000000.0,0.207
2.7385500000000004e-08,e,5.0,o,4.0,-1.67,1920000000.0,0.217
2.73885e-08,e,2.0,o,3.0,-2.87,120000000.0,0.01
2.7391199999999998e-08,e,3.0,o,4.0,-1.89,1130000000.0,-0.49
2.7392500000000002e-08,e,0.0,o,1.0,-2.7,176000000.0,0.01
2.7393200000000003e-08,e,3.0,o,2.0,-2.88,119000000.0,-0.006
2.7398500000000002e-08,e,2.0,o,1.0,-2.97,95500000.0,-0.034
2.7399000000000003e-08,e,3.0,o,2.0,-4.09,7190000.0,0.001
2.74043e-08,e,3.0,o,3.0,-3.39,35800000.0,0.001
2.7405000000000003e-08,e,4.0,o,3.0,-2.15,632000000.0,-0.016
2.74079e-08,e,2.0,o,1.0,-2.53,262000000.0,0.042
2.74082e-08,e,0.0,o,1.0,-1.47,2970000000.0,-0.167
2.7408600000000002e-08,e,2.0,o,2.0,-2.25,493000000.0,0.154
2.74098e-08,e,2.0,o,3.0,-4.03,8290000.0,0.004
2.74176e-08,e,2.0,o,1.0,-4.68,1860000.0,-0.01
2.7418700000000003e-08,e,4.0,o,5.0,-0.92,10800000000.0,0.271
2.7419099999999998e-08,e,2.0,o,1.0,-4.6,2230000.0,-0.007
2.7420600000000003e-08,e,3.0,o,2.0,-2.64,202000000.0,-0.021
2.7422500000000003e-08,e,4.0,o,5.0,-1.05,7870000000.0,-0.42
2.7426e-08,e,2.0,o,2.0,-2.77,151000000.0,-0.007
2.7426e-08,e,4.0,o,4.0,-0.56,24600000000.0,0.246
2.7426600000000003e-08,e,3.0,o,4.0,-1.24,5130000000.0,-0.2
2.74323e-08,e,2.0,o,2.0,-1.98,932000000.0,0.186
2.7433300000000005e-08,e,4.0,o,3.0,-3.84,12700000.0,0.0
2.7438e-08,e,3.0,o,3.0,-2.96,96600000.0,-0.01
2.7442500000000002e-08,e,5.0,o,4.0,-2.76,153000000.0,-0.26
2.7448899999999998e-08,e,4.0,o,3.0,-2.47,304000000.0,-0.176
2.74551e-08,e,2.0,o,2.0,-2.76,153000000.0,0.14
2.7458999999999998e-08,e,3.0,o,4.0,-1.16,6170000000.0,-0.376
2.7459500000000005e-08,e,4.0,o,4.0,-0.43,32900000000.0,-0.345
2.74599e-08,e,3.0,o,3.0,-2.71,172000000.0,0.007
2.7461900000000003e-08,e,2.0,o,2.0,-1.4,3490000000.0,-0.211
2.74635e-08,e,4.0,o,4.0,-3.5,27700000.0,-0.03
2.74664e-08,e,3.0,o,3.0,-0.73,16500000000.0,0.218
2.74676e-08,e,4.0,o,4.0,-3.68,18400000.0,-0.007
2.7472500000000003e-08,e,1.0,o,1.0,-1.16,6080000000.0,0.432
2.74795e-08,e,3.0,o,2.0,-1.95,996000000.0,-0.211
2.7480399999999997e-08,e,0.0,o,1.0,-0.99,8970000000.0,0.458
2.74811e-08,e,5.0,o,5.0,-2.22,538000000.0,-0.395
2.7483e-08,e,4.0,o,3.0,-1.45,3150000000.0,-0.114
2.7483100000000004e-08,e,3.0,o,2.0,-3.7,17500000.0,0.005
2.7484699999999998e-08,e,1.0,o,1.0,-2.62,213000000.0,0.032
2.74899e-08,e,1.0,o,2.0,-2.59,227000000.0,-0.073
2.7494799999999998e-08,e,3.0,o,4.0,-2.82,132000000.0,-0.014
2.74973e-08,e,4.0,o,5.0,-0.59,22700000000.0,-0.313
2.7500200000000002e-08,e,3.0,o,4.0,-1.52,2700000000.0,0.215
2.7500700000000003e-08,e,3.0,o,4.0,-5.12,673000.0,0.004
2.7502800000000004e-08,e,1.0,o,2.0,-2.55,250000000.0,-0.118
2.7504700000000004e-08,e,2.0,o,1.0,-2.35,393000000.0,0.048
2.75063e-08,e,1.0,o,2.0,-0.63,20800000000.0,0.415
2.7507600000000002e-08,e,3.0,o,2.0,-0.98,9170000000.0,0.29
2.75128e-08,e,2.0,o,2.0,-0.8,14100000000.0,0.6
2.7514800000000004e-08,e,1.0,o,1.0,-3.87,11900000.0,-0.003
2.75238e-08,e,3.0,o,3.0,-0.6,22400000000.0,-0.265
2.7531e-08,e,3.0,o,3.0,-3.12,66400000.0,0.041
2.7534199999999998e-08,e,5.0,o,4.0,-1.84,1260000000.0,-0.11
2.7536200000000003e-08,e,3.0,o,2.0,-1.19,5730000000.0,-0.237
2.7537e-08,e,4.0,o,4.0,-1.56,2430000000.0,-0.204
2.75491e-08,e,3.0,o,2.0,-5.33,416000.0,-0.001
2.7550200000000003e-08,e,3.0,o,3.0,-2.11,681000000.0,-0.024
2.75505e-08,e,2.0,o,3.0,-4.66,1910000.0,-0.001
2.75555e-08,e,3.0,o,4.0,-0.65,19600000000.0,-0.299
2.75575e-08,e,2.0,o,3.0,-1.61,2160000000.0,0.21
2.7560000000000003e-08,e,4.0,o,3.0,-2.39,356000000.0,0.065
2.75608e-08,e,1.0,o,1.0,-1.8,1380000000.0,0.087
2.75611e-08,e,4.0,o,3.0,-2.39,356000000.0,-0.182
2.75638e-08,e,4.0,o,5.0,-2.65,198000000.0,0.369
2.7564600000000004e-08,e,2.0,o,1.0,-4.43,3260000.0,-0.011
2.7569900000000003e-08,e,2.0,o,2.0,-0.7,17600000000.0,-0.315
2.75709e-08,e,2.0,o,2.0,-2.93,102000000.0,-0.061
2.75731e-08,e,6.0,o,7.0,-3.65,19400000.0,0.261
2.7574400000000004e-08,e,0.0,o,1.0,-2.47,296000000.0,-0.056
2.7574700000000004e-08,e,4.0,o,4.0,-3.34,39800000.0,0.019
2.7576299999999998e-08,e,2.0,o,1.0,-1.79,1420000000.0,-0.213
2.75815e-08,e,2.0,o,3.0,-0.73,16400000000.0,0.298
2.75829e-08,e,2.0,o,2.0,-3.35,39000000.0,-0.101
2.75875e-08,e,4.0,o,3.0,-2.09,708000000.0,0.149
2.75938e-08,e,3.0,o,4.0,-1.02,8380000000.0,0.281
2.7601e-08,e,3.0,o,3.0,-2.24,508000000.0,0.123
2.7606099999999998e-08,e,3.0,o,3.0,-1.78,1440000000.0,0.083
2.76104e-08,e,2.0,o,2.0,-2.12,664000000.0,0.093
2.76109e-08,e,6.0,o,6.0,-1.93,1030000000.0,0.458
2.7615800000000003e-08,e,3.0,o,4.0,-3.73,16400000.0,0.021
2.76167e-08,e,6.0,o,5.0,-2.1,701000000.0,-0.274
2.7617200000000003e-08,e,4.0,o,4.0,-2.88,116000000.0,-0.029
2.7621600000000002e-08,e,2.0,o,3.0,-2.01,863000000.0,0.127
2.7627600000000002e-08,e,4.0,o,3.0,-0.75,15600000000.0,-0.272
2.7634500000000005e-08,e,2.0,o,1.0,-1.44,3130000000.0,0.432
2.76349e-08,e,2.0,o,3.0,-3.37,37300000.0,-0.083
2.76351e-08,e,3.0,o,2.0,-1.18,5780000000.0,-0.198
2.76397e-08,e,2.0,o,3.0,-1.79,1400000000.0,-0.314
2.7646300000000005e-08,e,3.0,o,3.0,-1.64,2000000000.0,0.125
2.7647000000000003e-08,e,5.0,o,4.0,-2.33,410000000.0,-0.245
2.76506e-08,e,3.0,o,4.0,-3.16,59800000.0,0.149
2.76561e-08,e,5.0,o,6.0,-4.5,2760000.0,0.009
2.7657400000000003e-08,e,2.0,o,2.0,-4.26,4830000.0,0.0
2.7661900000000004e-08,e,5.0,o,5.0,-2.86,120000000.0,0.158
2.7665300000000003e-08,e,2.0,o,3.0,-3.72,16800000.0,0.001
2.7665400000000002e-08,e,2.0,o,1.0,-1.65,1960000000.0,-0.182
2.76664e-08,e,1.0,o,2.0,-3.2,55000000.0,-0.02
2.7667599999999998e-08,e,1.0,o,2.0,-3.37,37700000.0,0.002
2.76683e-08,e,4.0,o,4.0,-3.58,23200000.0,-0.013
2.76688e-08,e,2.0,o,2.0,-1.47,2910000000.0,0.115
2.7669200000000002e-08,e,4.0,o,3.0,-1.97,940000000.0,-0.12
2.76731e-08,e,4.0,o,3.0,-2.63,204000000.0,0.042
2.76753e-08,e,2.0,o,3.0,-4.58,2270000.0,-0.021
2.7675500000000002e-08,e,1.0,o,1.0,-5.52,262000.0,0.0
2.7679800000000003e-08,e,6.0,o,5.0,-1.82,1330000000.0,0.277
2.7680000000000004e-08,e,2.0,o,3.0,-0.32,41600000000.0,0.398
2.7683300000000003e-08,e,4.0,o,5.0,-3.72,16600000.0,-0.022
2.76884e-08,e,3.0,o,2.0,-4.73,1610000.0,-0.001
2.76897e-08,e,3.0,o,2.0,-3.66,19200000.0,-0.02
2.76928e-08,e,2.0,o,2.0,-3.0,85600000.0,-0.001
2.76963e-08,e,3.0,o,3.0,-1.77,1490000000.0,0.127
2.7700900000000002e-08,e,5.0,o,4.0,-3.65,19300000.0,-0.017
2.7702800000000002e-08,e,3.0,o,3.0,-4.84,1260000.0,-0.001
2.7703300000000003e-08,e,4.0,o,3.0,-4.16,6070000.0,0.003
2.7707799999999998e-08,e,3.0,o,3.0,-3.67,18400000.0,0.031
2.7713299999999998e-08,e,3.0,o,2.0,-2.69,176000000.0,0.138
2.77145e-08,e,3.0,o,3.0,-2.41,338000000.0,0.092
2.7720800000000003e-08,e,1.0,o,2.0,-2.09,698000000.0,0.087
2.7723700000000004e-08,e,1.0,o,2.0,-3.11,67200000.0,0.037
2.7724e-08,e,2.0,o,1.0,-2.57,234000000.0,-0.042
2.7725200000000003e-08,e,5.0,o,5.0,-2.15,615000000.0,0.162
2.77281e-08,e,5.0,o,5.0,-3.33,41000000.0,-0.003
2.7729100000000002e-08,e,3.0,o,3.0,-2.07,736000000.0,-0.064
2.77342e-08,e,4.0,o,3.0,-3.46,30100000.0,0.005
2.7737200000000003e-08,e,3.0,o,2.0,-2.77,147000000.0,-0.055
2.7738400000000002e-08,e,2.0,o,3.0,-2.79,140000000.0,-0.029
2.7739e-08,e,2.0,o,1.0,-1.63,2020000000.0,0.118
2.7746600000000002e-08,e,4.0,o,5.0,-3.2,54100000.0,0.048
2.77474e-08,e,2.0,o,2.0,-2.51,269000000.0,0.198
2.7748700000000003e-08,e,2.0,o,3.0,-4.06,7470000.0,-0.012
2.77493e-08,e,1.0,o,1.0,-1.24,4960000000.0,0.156
2.77566e-08,e,2.0,o,1.0,-4.6,2150000.0,0.007
2.7759500000000004e-08,e,3.0,o,4.0,-2.0,873000000.0,0.042
2.7763200000000003e-08,e,5.0,o,4.0,-1.91,1070000000.0,0.241
2.77664e-08,e,0.0,o,1.0,-5.23,504000.0,0.001
2.7767399999999998e-08,e,3.0,o,4.0,-4.6,2160000.0,0.001
2.77678e-08,e,3.0,o,2.0,-2.91,107000000.0,0.054
2.77748e-08,e,2.0,o,3.0,-1.64,1980000000.0,-0.167
2.77757e-08,e,5.0,o,6.0,-0.68,17900000000.0,0.614
2.7776999999999998e-08,e,4.0,o,5.0,-2.79,139000000.0,0.036
2.7781099999999998e-08,e,4.0,o,4.0,-2.07,738000000.0,0.137
2.7782e-08,e,2.0,o,2.0,-0.73,16300000000.0,0.323
2.77847e-08,e,4.0,o,4.0,-2.18,574000000.0,0.145
2.77849e-08,e,4.0,o,4.0,-4.22,5190000.0,0.001
2.77924e-08,e,1.0,o,2.0,-1.6,2180000000.0,-0.143
2.7796300000000003e-08,e,4.0,o,5.0,-3.06,74700000.0,0.026
2.7797500000000005e-08,e,4.0,o,4.0,-3.44,31800000.0,0.006
2.77986e-08,e,3.0,o,4.0,-4.34,3940000.0,0.0
2.7802e-08,e,2.0,o,2.0,-2.78,145000000.0,0.107
2.78061e-08,e,3.0,o,3.0,-0.7,17300000000.0,0.524
2.7808300000000003e-08,e,1.0,o,2.0,-1.18,5700000000.0,-0.597
2.7812200000000002e-08,e,4.0,o,5.0,-0.84,12400000000.0,0.498
2.7812400000000003e-08,e,2.0,o,2.0,-2.42,329000000.0,-0.06
2.7812500000000002e-08,e,5.0,o,4.0,-0.7,17400000000.0,0.252
2.7813e-08,e,3.0,o,2.0,-2.41,336000000.0,-0.081
2.78133e-08,e,3.0,o,2.0,-1.4,3400000000.0,0.145
2.78152e-08,e,3.0,o,3.0,-3.16,59400000.0,0.003
2.7816500000000003e-08,e,4.0,o,3.0,-3.01,83700000.0,0.011
2.7818799999999998e-08,e,3.0,o,4.0,-0.96,9370000000.0,0.5
2.7822899999999998e-08,e,3.0,o,4.0,-4.59,2240000.0,-0.001
2.7826799999999997e-08,e,3.0,o,2.0,-2.2,542000000.0,-0.201
2.7826900000000003e-08,e,3.0,o,4.0,-2.64,196000000.0,-0.012
2.78295e-08,e,4.0,o,3.0,-2.06,747000000.0,0.189
2.78295e-08,e,2.0,o,2.0,-1.04,7820000000.0,-0.284
2.78318e-08,e,1.0,o,2.0,-3.91,10500000.0,0.006
2.7833e-08,e,0.0,o,1.0,-2.53,258000000.0,-0.139
2.78332e-08,e,4.0,o,4.0,-0.4,34100000000.0,-0.294
2.7844200000000002e-08,e,4.0,o,3.0,-3.48,28800000.0,0.014
2.7847500000000002e-08,e,2.0,o,3.0,-1.42,3320000000.0,0.257
2.78522e-08,e,3.0,o,4.0,-0.98,9110000000.0,0.305
2.78536e-08,e,4.0,o,3.0,-2.51,269000000.0,0.009
2.7854500000000003e-08,e,3.0,o,2.0,-1.53,2550000000.0,-0.227
2.7858300000000003e-08,e,3.0,o,3.0,-2.35,379000000.0,-0.074
2.78589e-08,e,2.0,o,3.0,-4.52,2610000.0,-0.02
2.78594e-08,e,2.0,o,2.0,-3.53,25100000.0,-0.001
2.78601e-08,e,4.0,o,5.0,-2.32,412000000.0,-0.158
2.7871300000000005e-08,e,2.0,o,2.0,-4.14,6170000.0,-0.001
2.7872600000000002e-08,e,3.0,o,3.0,-0.56,23700000000.0,-0.343
2.78792e-08,e,3.0,o,2.0,-3.02,81100000.0,0.026
2.78818e-08,e,1.0,o,2.0,-3.87,11600000.0,-0.003
2.7888799999999998e-08,e,2.0,o,2.0,-3.41,33500000.0,-0.017
2.78928e-08,e,2.0,o,3.0,-3.67,18400000.0,0.03
2.7894099999999997e-08,e,2.0,o,3.0,-2.1,680000000.0,-0.042
2.78971e-08,e,4.0,o,4.0,-1.32,4080000000.0,-0.154
2.78977e-08,e,4.0,o,5.0,-3.39,34900000.0,0.012
2.7898500000000003e-08,e,4.0,o,4.0,-2.41,330000000.0,-0.08
2.7899e-08,e,3.0,o,3.0,-2.1,672000000.0,0.065
2.79012e-08,e,3.0,o,2.0,-2.12,651000000.0,-0.123
2.7902800000000004e-08,e,3.0,o,2.0,-2.52,257000000.0,-0.065
2.7906900000000004e-08,e,2.0,o,3.0,-1.47,2940000000.0,-0.245
2.7907600000000002e-08,e,2.0,o,1.0,-2.38,355000000.0,-0.115
2.7910399999999998e-08,e,6.0,o,6.0,-1.82,1290000000.0,-0.172
2.79137e-08,e,2.0,o,2.0,-2.88,113000000.0,-0.089
2.79147e-08,e,2.0,o,2.0,-0.52,26200000000.0,-0.55
2.79154e-08,e,2.0,o,3.0,-1.24,4950000000.0,-0.251
2.7918300000000002e-08,e,2.0,o,1.0,-2.0,867000000.0,0.137
2.79214e-08,e,4.0,o,3.0,-0.98,9060000000.0,0.148
2.7921600000000002e-08,e,4.0,o,3.0,-2.29,445000000.0,0.035
2.79256e-08,e,3.0,o,3.0,-0.67,18100000000.0,0.348
2.79288e-08,e,1.0,o,1.0,-1.51,2630000000.0,0.31
2.7930700000000004e-08,e,5.0,o,4.0,-4.56,2330000.0,-0.004
2.7931e-08,e,6.0,o,5.0,-4.08,7100000.0,-0.014
2.79313e-08,e,3.0,o,4.0,-3.01,84300000.0,0.048
2.7939900000000002e-08,e,3.0,o,2.0,-1.82,1310000000.0,0.035
2.79406e-08,e,3.0,o,4.0,-2.8,136000000.0,-0.073
2.79406e-08,e,3.0,o,3.0,-1.29,4400000000.0,0.077
2.79428e-08,e,3.0,o,4.0,-3.15,60400000.0,-0.008
2.7943700000000002e-08,e,4.0,o,3.0,-4.34,3920000.0,0.002
2.79498e-08,e,4.0,o,3.0,-0.49,27700000000.0,0.376
2.79556e-08,e,3.0,o,3.0,-1.46,2940000000.0,-0.15
2.79565e-08,e,5.0,o,6.0,-5.74,155000.0,0.0
2.79606e-08,e,3.0,o,2.0,-3.25,47800000.0,-0.072
2.7964100000000004e-08,e,4.0,o,3.0,-3.79,13800000.0,0.006
2.79651e-08,e,4.0,o,4.0,-1.72,1630000000.0,0.051
2.79673e-08,e,0.0,o,1.0,-0.94,9860000000.0,-0.36
2.79683e-08,e,3.0,o,2.0,-1.1,6850000000.0,0.164
2.79733e-08,e,1.0,o,2.0,-1.24,4910000000.0,-0.398
2.79743e-08,e,2.0,o,2.0,-1.98,896000000.0,-0.149
2.79751e-08,e,2.0,o,3.0,-2.12,642000000.0,0.138
2.79753e-08,e,3.0,o,4.0,-4.31,4210000.0,0.006
2.7977300000000003e-08,e,5.0,o,5.0,-2.2,535000000.0,-0.165
2.79813e-08,e,2.0,o,1.0,-1.56,2380000000.0,-0.275
2.7981700000000002e-08,e,3.0,o,2.0,-3.89,10900000.0,0.049
2.79842e-08,e,3.0,o,4.0,-1.63,2010000000.0,-0.069
2.79849e-08,e,1.0,o,0.0,-2.89,109000000.0,0.045
2.7985899999999998e-08,e,3.0,o,3.0,-2.22,513000000.0,-0.186
2.7987400000000003e-08,e,5.0,o,4.0,-4.49,2780000.0,-0.005
2.7991800000000003e-08,e,2.0,o,2.0,-1.33,4020000000.0,-0.197
2.7991800000000003e-08,e,1.0,o,1.0,-1.42,3220000000.0,-0.254
2.79991e-08,e,4.0,o,5.0,-4.74,1540000.0,0.003
2.80008e-08,e,4.0,o,3.0,-2.7,171000000.0,-0.064
2.8001900000000003e-08,e,2.0,o,3.0,-1.42,3260000000.0,0.185
2.80024e-08,e,1.0,o,2.0,-1.96,939000000.0,0.127
2.80063e-08,e,4.0,o,4.0,-0.88,11300000000.0,0.42
2.8008100000000004e-08,e,4.0,o,3.0,-3.67,18300000.0,0.009
2.8009300000000003e-08,e,4.0,o,4.0,-3.29,43600000.0,-0.021
2.80146e-08,e,3.0,o,4.0,-2.91,105000000.0,0.025
2.80152e-08,e,4.0,o,3.0,-3.75,15000000.0,0.017
2.80161e-08,e,4.0,o,4.0,-3.89,11000000.0,-0.013
2.80207e-08,e,2.0,o,3.0,-3.06,73500000.0,-0.061
2.80236e-08,e,3.0,o,2.0,-1.64,1970000000.0,-0.177
2.8023800000000002e-08,e,4.0,o,5.0,-1.01,8300000000.0,0.219
2.8025500000000002e-08,e,3.0,o,4.0,-1.72,1630000000.0,0.069
2.80272e-08,e,3.0,o,3.0,-1.62,2020000000.0,0.18
2.8032600000000002e-08,e,6.0,o,5.0,-2.39,350000000.0,-0.063
2.8035300000000002e-08,e,3.0,o,3.0,-3.21,53000000.0,0.07
2.80383e-08,e,3.0,o,3.0,-3.59,21800000.0,-0.002
2.8038600000000002e-08,e,2.0,o,3.0,-1.84,1220000000.0,0.135
2.80392e-08,e,2.0,o,1.0,-3.28,44600000.0,-0.006
2.8049700000000003e-08,e,1.0,o,1.0,-1.76,1490000000.0,-0.214
2.80503e-08,e,0.0,o,1.0,-2.69,176000000.0,-0.085
2.80505e-08,e,3.0,o,2.0,-3.88,11100000.0,-0.004
2.80506e-08,e,1.0,o,1.0,-1.03,7830000000.0,-0.37
2.8061900000000005e-08,e,2.0,o,3.0,-3.78,14200000.0,0.026
2.80682e-08,e,2.0,o,3.0,-3.98,8980000.0,0.005
2.80704e-08,e,3.0,o,3.0,-1.3,4290000000.0,-0.231
2.80798e-08,e,2.0,o,3.0,-0.07,72500000000.0,-0.661
2.8081000000000002e-08,e,2.0,o,2.0,-0.69,17400000000.0,0.231
2.8085700000000004e-08,e,2.0,o,2.0,-2.08,703000000.0,-0.098
2.80925e-08,e,3.0,o,4.0,-4.83,1240000.0,-0.001
2.8095600000000004e-08,e,4.0,o,4.0,-0.13,62500000000.0,-0.469
2.8096300000000002e-08,e,1.0,o,2.0,-2.82,128000000.0,0.068
2.81002e-08,e,3.0,o,3.0,-2.8,136000000.0,-0.097
2.81065e-08,e,3.0,o,2.0,-0.69,17100000000.0,0.406
2.8109300000000003e-08,e,4.0,o,3.0,-2.88,112000000.0,-0.018
2.81111e-08,e,3.0,o,4.0,-2.33,390000000.0,0.037
2.8112400000000002e-08,e,4.0,o,4.0,-1.06,7360000000.0,-0.421
2.8114e-08,e,2.0,o,3.0,-1.9,1060000000.0,-0.057
2.81147e-08,e,4.0,o,5.0,-4.67,1830000.0,0.004
2.81176e-08,e,4.0,o,3.0,-3.03,78900000.0,-0.033
2.8120100000000002e-08,e,4.0,o,5.0,-1.3,4240000000.0,-0.187
2.81202e-08,e,4.0,o,3.0,-0.57,22800000000.0,0.406
2.8124900000000003e-08,e,4.0,o,4.0,-2.41,325000000.0,-0.128
2.8126100000000002e-08,e,2.0,o,1.0,-3.24,48300000.0,0.028
2.81277e-08,e,4.0,o,5.0,-2.99,86200000.0,0.025
2.81289e-08,e,1.0,o,2.0,-4.23,4910000.0,-0.034
2.8131000000000002e-08,e,4.0,o,3.0,-2.82,129000000.0,-0.136
2.8131400000000004e-08,e,4.0,o,4.0,-4.73,1560000.0,-0.001
2.81317e-08,e,3.0,o,4.0,-2.06,738000000.0,-0.053
2.8132799999999997e-08,e,1.0,o,2.0,-1.0,8540000000.0,-0.226
2.8135700000000005e-08,e,2.0,o,3.0,-3.04,77500000.0,0.015
2.81361e-08,e,3.0,o,4.0,-2.8,135000000.0,-0.085
2.81382e-08,e,3.0,o,3.0,-3.37,36300000.0,0.004
2.8139100000000003e-08,e,4.0,o,3.0,-2.85,120000000.0,0.014
2.81395e-08,e,3.0,o,3.0,-0.51,26300000000.0,0.246
2.8141300000000003e-08,e,2.0,o,2.0,-1.55,2360000000.0,-0.355
2.8142500000000002e-08,e,5.0,o,4.0,-2.82,128000000.0,-0.035
2.8148500000000002e-08,e,4.0,o,3.0,-0.07,71900000000.0,-0.63
2.81505e-08,e,3.0,o,3.0,-3.7,17000000.0,-0.008
2.8151100000000004e-08,e,3.0,o,2.0,-3.16,58800000.0,-0.054
2.81519e-08,e,5.0,o,6.0,-2.43,315000000.0,0.604
2.81524e-08,e,3.0,o,3.0,-3.7,17000000.0,0.018
2.8154500000000002e-08,e,3.0,o,2.0,-3.23,49200000.0,-0.009
2.8158e-08,e,5.0,o,5.0,-2.78,139000000.0,-0.08
2.8158900000000002e-08,e,2.0,o,1.0,-0.71,16400000000.0,0.382
2.81677e-08,e,3.0,o,4.0,-3.42,32000000.0,0.067
2.81678e-08,e,3.0,o,3.0,-2.64,191000000.0,0.014
2.8173700000000005e-08,e,3.0,o,2.0,-0.36,36500000000.0,-0.596
2.81738e-08,e,3.0,o,3.0,-2.42,323000000.0,-0.104
2.8174500000000002e-08,e,2.0,o,3.0,-0.97,9020000000.0,-0.37
2.81772e-08,e,3.0,o,3.0,-2.36,367000000.0,-0.025
2.8177300000000004e-08,e,3.0,o,2.0,-2.53,249000000.0,-0.163
2.81803e-08,e,6.0,o,5.0,-4.67,1790000.0,0.029
2.8193900000000002e-08,e,2.0,o,1.0,-0.79,13600000000.0,-0.574
2.82053e-08,e,4.0,o,4.0,-0.31,41300000000.0,0.366
2.8207e-08,e,4.0,o,3.0,-3.82,12900000.0,-0.005
2.82073e-08,e,3.0,o,2.0,-3.45,29900000.0,-0.033
2.8208999999999998e-08,e,2.0,o,3.0,-3.14,61000000.0,0.121
2.8212599999999997e-08,e,2.0,o,2.0,-2.09,674000000.0,-0.171
2.82169e-08,e,3.0,o,2.0,-4.22,5070000.0,0.001
2.82169e-08,e,3.0,o,4.0,-1.46,2900000000.0,0.097
2.82178e-08,e,2.0,o,3.0,-2.09,690000000.0,0.093
2.8219600000000002e-08,e,2.0,o,1.0,-1.97,889000000.0,-0.32
2.82236e-08,e,5.0,o,5.0,-2.51,256000000.0,0.076
2.82241e-08,e,4.0,o,3.0,-0.93,9770000000.0,0.111
2.82248e-08,e,3.0,o,4.0,-1.81,1320000000.0,-0.052
2.82292e-08,e,4.0,o,4.0,-4.01,8200000.0,0.003
2.82339e-08,e,1.0,o,1.0,-0.68,17400000000.0,0.581
2.8236599999999998e-08,e,2.0,o,2.0,-0.57,22600000000.0,0.593
2.82417e-08,e,2.0,o,2.0,-1.21,5150000000.0,-0.202
2.82435e-08,e,3.0,o,3.0,-0.66,18300000000.0,0.617
2.82436e-08,e,3.0,o,3.0,-0.83,12400000000.0,-0.202
2.8244799999999998e-08,e,4.0,o,5.0,-3.01,81200000.0,0.127
2.82533e-08,e,0.0,o,1.0,-1.04,7690000000.0,-0.574
2.8257900000000002e-08,e,1.0,o,2.0,-2.2,523000000.0,0.063
2.8263e-08,e,5.0,o,4.0,-2.93,97700000.0,0.039
2.8264100000000003e-08,e,3.0,o,4.0,-4.13,6190000.0,0.02
2.82657e-08,e,4.0,o,3.0,-3.31,41200000.0,0.01
2.82674e-08,e,3.0,o,2.0,-0.94,9630000000.0,0.162
2.8276299999999998e-08,e,4.0,o,5.0,-5.79,137000.0,-0.002
2.82767e-08,e,1.0,o,2.0,-1.16,5770000000.0,-0.58
2.8278800000000004e-08,e,2.0,o,3.0,-0.87,11100000000.0,-0.149
2.8285800000000002e-08,e,2.0,o,2.0,-4.35,3690000.0,-0.002
2.82931e-08,e,3.0,o,4.0,-4.11,6430000.0,-0.003
2.8294099999999997e-08,e,2.0,o,3.0,-4.41,3230000.0,-0.002
2.8294099999999997e-08,e,0.0,o,1.0,-3.85,11800000.0,0.012
2.82973e-08,e,4.0,o,5.0,-5.08,694000.0,0.0
2.83007e-08,e,3.0,o,3.0,-3.64,19000000.0,-0.018
2.8301600000000002e-08,e,0.0,o,1.0,-3.97,8990000.0,0.0
2.83027e-08,e,2.0,o,2.0,-1.3,4140000000.0,-0.22
2.83068e-08,e,2.0,o,3.0,-1.51,2580000000.0,-0.597
2.8310700000000005e-08,e,4.0,o,5.0,-3.37,35600000.0,0.024
2.83152e-08,e,2.0,o,3.0,-3.46,28700000.0,-0.014
2.8322300000000003e-08,e,3.0,o,2.0,-3.96,9080000.0,0.009
2.83325e-08,e,4.0,o,4.0,-4.11,6420000.0,0.021
2.83393e-08,e,4.0,o,4.0,-4.74,1510000.0,0.001
2.8347699999999997e-08,e,3.0,o,3.0,-2.28,435000000.0,0.111
2.83503e-08,e,1.0,o,2.0,-2.25,467000000.0,0.165
2.8350400000000004e-08,e,4.0,o,4.0,-3.31,40800000.0,0.011
2.8350400000000004e-08,e,2.0,o,3.0,-3.19,53400000.0,0.009
2.8351100000000002e-08,e,2.0,o,2.0,-3.7,16800000.0,0.006
2.83568e-08,e,4.0,o,3.0,-1.37,3510000000.0,-0.122
2.8361900000000004e-08,e,1.0,o,2.0,-3.04,76200000.0,-0.059
2.8365300000000003e-08,e,3.0,o,4.0,-2.47,279000000.0,0.029
2.8367800000000002e-08,e,2.0,o,2.0,-2.73,153000000.0,0.003
2.8370299999999998e-08,e,1.0,o,0.0,-2.58,219000000.0,-0.017
2.83712e-08,e,2.0,o,1.0,-3.6,20500000.0,-0.01
2.83764e-08,e,3.0,o,3.0,-3.36,36200000.0,0.001
2.8377e-08,e,2.0,o,1.0,-2.93,97100000.0,0.023
2.83806e-08,e,4.0,o,4.0,-1.19,5390000000.0,-0.144
2.83837e-08,e,3.0,o,2.0,-2.98,86900000.0,0.028
2.8385600000000002e-08,e,3.0,o,4.0,-3.82,12600000.0,0.014
2.8386900000000003e-08,e,1.0,o,1.0,-2.63,193000000.0,0.009
2.83873e-08,e,4.0,o,3.0,-5.67,176000.0,-0.001
2.8387799999999998e-08,e,1.0,o,1.0,-4.76,1460000.0,0.001
2.83929e-08,e,4.0,o,3.0,-4.3,4170000.0,-0.002
2.83938e-08,e,3.0,o,2.0,-2.3,420000000.0,-0.018
2.8397000000000003e-08,e,4.0,o,3.0,-2.94,94100000.0,0.04
2.83984e-08,e,3.0,o,4.0,-4.56,2270000.0,0.002
2.84002e-08,e,3.0,o,4.0,-1.93,974000000.0,0.078
2.84084e-08,e,2.0,o,1.0,-3.35,36800000.0,-0.001
2.84086e-08,e,2.0,o,3.0,-5.65,182000.0,0.0
2.8409800000000003e-08,e,2.0,o,3.0,-1.65,1860000000.0,0.077
2.8411900000000004e-08,e,2.0,o,3.0,-1.77,1400000000.0,0.124
2.84162e-08,e,2.0,o,2.0,-2.7,163000000.0,-0.038
2.84162e-08,e,4.0,o,3.0,-4.42,3150000.0,0.0
2.8419200000000002e-08,e,1.0,o,1.0,-2.14,601000000.0,0.041
2.8429399999999998e-08,e,2.0,o,2.0,-2.06,716000000.0,0.143
2.84325e-08,e,3.0,o,3.0,-3.41,31800000.0,0.012
2.8435399999999998e-08,e,4.0,o,3.0,-2.11,642000000.0,-0.075
2.84359e-08,e,3.0,o,3.0,-3.68,17400000.0,0.0
2.844e-08,e,6.0,o,5.0,-3.57,22200000.0,-0.123
2.84447e-08,e,2.0,o,2.0,-1.74,1500000000.0,0.06
2.8453600000000003e-08,e,4.0,o,4.0,-2.06,714000000.0,0.036
2.84556e-08,e,1.0,o,2.0,-3.16,56600000.0,0.008
2.8461000000000003e-08,e,2.0,o,2.0,-1.99,834000000.0,-0.061
2.8463299999999998e-08,e,5.0,o,6.0,-2.28,437000000.0,-0.259
2.8466000000000005e-08,e,0.0,o,1.0,-3.29,42700000.0,0.023
2.8469099999999997e-08,e,3.0,o,4.0,-4.41,3170000.0,-0.066
2.8471600000000003e-08,e,2.0,o,3.0,-2.52,249000000.0,0.042
2.8473399999999998e-08,e,3.0,o,4.0,-1.52,2510000000.0,0.086
2.8476900000000002e-08,e,4.0,o,5.0,-1.21,5060000000.0,0.173
2.8477499999999998e-08,e,3.0,o,2.0,-3.53,24500000.0,-0.001
2.8480700000000002e-08,e,0.0,o,1.0,-4.72,1600000.0,0.006
2.8484800000000002e-08,e,5.0,o,5.0,-4.15,5840000.0,0.009
2.8487099999999998e-08,e,3.0,o,2.0,-2.61,203000000.0,-0.023
2.84901e-08,e,6.0,o,6.0,-2.78,135000000.0,-0.056
2.8495400000000003e-08,e,5.0,o,4.0,-2.72,156000000.0,0.137
2.84978e-08,e,2.0,o,1.0,-1.37,3480000000.0,-0.213
2.8499400000000004e-08,e,3.0,o,2.0,-3.53,24400000.0,-0.001
2.85066e-08,e,2.0,o,3.0,-2.7,164000000.0,0.007
2.8509100000000003e-08,e,4.0,o,4.0,-2.81,129000000.0,0.029
2.85096e-08,e,2.0,o,2.0,-4.78,1350000.0,0.001
2.85116e-08,e,2.0,o,3.0,-2.04,749000000.0,-0.424
2.8513000000000002e-08,e,4.0,o,3.0,-3.05,73500000.0,-0.01
2.8523000000000003e-08,e,2.0,o,2.0,-2.8,129000000.0,-0.032
2.8532900000000003e-08,e,3.0,o,3.0,-2.18,535000000.0,0.025
2.85334e-08,e,2.0,o,3.0,-4.41,3130000.0,0.002
2.85438e-08,e,1.0,o,2.0,-3.16,56500000.0,0.004
2.85462e-08,e,0.0,o,1.0,-4.79,1340000.0,-0.003
2.85477e-08,e,3.0,o,3.0,-3.63,19200000.0,0.003
2.8552300000000003e-08,e,1.0,o,1.0,-3.66,17800000.0,-0.014
2.8556700000000003e-08,e,1.0,o,0.0,-3.32,39200000.0,-0.035
2.8558800000000004e-08,e,2.0,o,1.0,-4.56,2260000.0,0.002
2.85597e-08,e,4.0,o,4.0,-4.03,7700000.0,0.0
2.8560000000000002e-08,e,2.0,o,1.0,-2.87,111000000.0,-0.015
2.8562700000000003e-08,e,4.0,o,5.0,-3.59,20900000.0,-0.034
2.85688e-08,e,2.0,o,3.0,-3.21,50500000.0,-0.015
2.85736e-08,e,4.0,o,5.0,-2.67,173000000.0,-0.211
2.85794e-08,e,2.0,o,3.0,-0.76,14100000000.0,-0.336
2.85796e-08,e,3.0,o,4.0,-2.53,244000000.0,-0.009
2.85842e-08,e,4.0,o,4.0,-3.16,56900000.0,-0.059
2.8586900000000004e-08,e,3.0,o,4.0,-0.59,20900000000.0,-0.363
2.8587000000000003e-08,e,2.0,o,1.0,-3.12,62100000.0,-0.011
2.8590400000000002e-08,e,4.0,o,3.0,-2.61,202000000.0,0.09
2.8592599999999998e-08,e,2.0,o,2.0,-1.85,1150000000.0,-0.09
2.85936e-08,e,4.0,o,5.0,-0.54,23400000000.0,-0.365
2.8598000000000002e-08,e,1.0,o,1.0,-3.12,61400000.0,0.024
2.86036e-08,e,1.0,o,2.0,-0.93,9520000000.0,-0.336
2.8606599999999998e-08,e,2.0,o,2.0,-5.83,120000.0,0.0
2.8612500000000002e-08,e,3.0,o,3.0,-1.75,1450000000.0,-0.11
2.86176e-08,e,1.0,o,2.0,-3.69,16800000.0,-0.047
2.8620100000000003e-08,e,3.0,o,4.0,-3.53,24200000.0,-0.069
2.8624700000000004e-08,e,2.0,o,1.0,-5.04,733000.0,-0.001
2.86258e-08,e,3.0,o,2.0,-3.4,32400000.0,-0.011
2.8626200000000002e-08,e,3.0,o,2.0,-5.51,250000.0,0.0
2.8626299999999997e-08,e,3.0,o,3.0,-2.83,122000000.0,-0.126
2.8627300000000005e-08,e,4.0,o,4.0,-2.54,236000000.0,0.051
2.8630000000000002e-08,e,3.0,o,2.0,-2.42,313000000.0,0.103
2.8635700000000003e-08,e,2.0,o,2.0,-3.14,57800000.0,0.023
2.8639800000000003e-08,e,3.0,o,2.0,-2.96,89300000.0,-0.026
2.8652800000000004e-08,e,4.0,o,3.0,-3.34,37100000.0,0.024
2.86532e-08,e,4.0,o,4.0,-1.93,961000000.0,-0.058
2.8656000000000002e-08,e,2.0,o,2.0,-2.66,180000000.0,0.063
2.8662599999999998e-08,e,2.0,o,3.0,-2.19,529000000.0,0.221
2.86645e-08,e,2.0,o,1.0,-4.75,1430000.0,0.001
2.86748e-08,e,4.0,o,3.0,-3.16,55900000.0,0.001
2.86748e-08,e,1.0,o,2.0,-4.21,5060000.0,0.0
2.86753e-08,e,2.0,o,3.0,-2.91,99500000.0,-0.064
2.8675900000000003e-08,e,3.0,o,2.0,-3.33,38300000.0,0.005
2.8676400000000003e-08,e,2.0,o,3.0,-1.75,1430000000.0,0.485
2.86818e-08,e,4.0,o,3.0,-2.44,296000000.0,-0.039
2.86825e-08,e,3.0,o,2.0,-2.17,552000000.0,-0.078
2.86846e-08,e,2.0,o,3.0,-4.13,5970000.0,0.006
2.86853e-08,e,2.0,o,1.0,-4.36,3530000.0,-0.006
2.86868e-08,e,0.0,o,1.0,-3.01,79700000.0,-0.011
2.8695900000000002e-08,e,3.0,o,3.0,-2.79,133000000.0,-0.043
2.8698200000000004e-08,e,2.0,o,3.0,-1.45,2860000000.0,0.066
2.8701900000000002e-08,e,3.0,o,3.0,-3.22,49100000.0,0.013
2.8704700000000005e-08,e,4.0,o,3.0,-3.63,18900000.0,-0.002
2.87054e-08,e,0.0,o,1.0,-4.0,8120000.0,0.001
2.8711900000000004e-08,e,3.0,o,4.0,-3.4,32400000.0,-0.126
2.87157e-08,e,2.0,o,3.0,-3.98,8440000.0,-0.006
2.87188e-08,e,2.0,o,2.0,-3.15,57000000.0,-0.006
2.87215e-08,e,4.0,o,5.0,-0.39,32800000000.0,0.579
2.87248e-08,e,3.0,o,3.0,-2.87,108000000.0,-0.003
2.87274e-08,e,2.0,o,1.0,-3.43,29800000.0,-0.026
2.8733999999999998e-08,e,2.0,o,2.0,-3.99,8210000.0,0.005
2.87365e-08,e,4.0,o,3.0,-4.5,2550000.0,-0.011
2.87383e-08,e,2.0,o,3.0,-3.92,9690000.0,0.001
2.8745700000000002e-08,e,4.0,o,4.0,-2.47,275000000.0,-0.018
2.87469e-08,e,4.0,o,3.0,-2.69,163000000.0,-0.005
2.8761200000000003e-08,e,2.0,o,3.0,-4.66,1750000.0,0.001
2.87659e-08,e,3.0,o,4.0,-2.56,225000000.0,0.015
2.87686e-08,e,1.0,o,2.0,-2.9,100000000.0,0.006
2.8774400000000005e-08,e,1.0,o,1.0,-2.49,259000000.0,-0.047
2.87791e-08,e,4.0,o,4.0,-2.95,91300000.0,-0.004
2.8783600000000003e-08,e,2.0,o,2.0,-3.16,56000000.0,0.036
2.8785000000000003e-08,e,2.0,o,3.0,-2.87,110000000.0,0.067
2.87863e-08,e,2.0,o,3.0,-5.13,584000.0,0.001
2.8788e-08,e,2.0,o,2.0,-2.33,374000000.0,0.03
2.8788e-08,e,4.0,o,5.0,-1.27,4320000000.0,0.05
2.87904e-08,e,2.0,o,3.0,-2.92,97400000.0,0.004
2.8793000000000002e-08,e,4.0,o,4.0,-1.19,5200000000.0,-0.064
2.8793200000000003e-08,e,1.0,o,1.0,-2.32,389000000.0,-0.035
2.8793500000000002e-08,e,2.0,o,1.0,-5.05,720000.0,-0.004
2.87948e-08,e,1.0,o,2.0,-2.95,91400000.0,0.087
2.87969e-08,e,4.0,o,3.0,-3.64,18700000.0,-0.001
2.8799400000000004e-08,e,3.0,o,4.0,-1.41,3120000000.0,0.059
2.88046e-08,e,1.0,o,1.0,-4.94,926000.0,0.004
2.8809400000000002e-08,e,4.0,o,4.0,-3.01,78100000.0,-0.003
2.8814800000000003e-08,e,3.0,o,2.0,-1.81,1240000000.0,-0.083
2.8817200000000003e-08,e,3.0,o,3.0,-2.78,133000000.0,0.006
2.8817200000000003e-08,e,3.0,o,2.0,-4.28,4260000.0,-0.003
2.88186e-08,e,3.0,o,3.0,-3.15,56800000.0,0.033
2.8829700000000004e-08,e,3.0,o,4.0,-1.81,1250000000.0,-0.03
2.88318e-08,e,1.0,o,2.0,-2.86,110000000.0,-0.015
2.88347e-08,e,0.0,o,1.0,-2.4,317000000.0,0.016
2.8836700000000002e-08,e,4.0,o,4.0,-2.41,314000000.0,-0.017
2.88385e-08,e,4.0,o,3.0,-2.97,85800000.0,0.008
2.88424e-08,e,2.0,o,2.0,-4.07,6890000.0,-0.001
2.88515e-08,e,2.0,o,2.0,-2.33,374000000.0,-0.014
2.88536e-08,e,1.0,o,2.0,-2.83,119000000.0,0.071
2.88539e-08,e,2.0,o,3.0,-3.36,34600000.0,-0.003
2.8855200000000004e-08,e,4.0,o,5.0,-2.8,126000000.0,0.039
2.8859500000000004e-08,e,4.0,o,3.0,-4.42,3050000.0,-0.017
2.88688e-08,e,4.0,o,5.0,-3.12,60500000.0,-0.026
2.88762e-08,e,3.0,o,2.0,-3.85,11400000.0,0.001
2.8880200000000002e-08,e,2.0,o,3.0,-2.16,552000000.0,-0.029
2.8882600000000003e-08,e,2.0,o,2.0,-4.36,3500000.0,0.0
2.88861e-08,e,6.0,o,6.0,-4.57,2140000.0,-0.059
2.8886700000000003e-08,e,4.0,o,3.0,-2.82,122000000.0,0.01
2.8888400000000002e-08,e,2.0,o,1.0,-3.37,34400000.0,0.004
2.8892500000000002e-08,e,6.0,o,5.0,-4.54,2330000.0,0.04
2.8907100000000004e-08,e,3.0,o,3.0,-2.88,106000000.0,-0.004
2.89073e-08,e,2.0,o,1.0,-2.06,694000000.0,-0.125
2.8909500000000005e-08,e,3.0,o,2.0,-1.83,1170000000.0,0.05
2.89101e-08,e,4.0,o,5.0,-2.69,162000000.0,-0.013
2.89233e-08,e,1.0,o,1.0,-2.9,99700000.0,0.006
2.89274e-08,e,1.0,o,2.0,-2.25,447000000.0,0.025
2.8931000000000003e-08,e,1.0,o,0.0,-2.44,292000000.0,-0.031
2.89337e-08,e,4.0,o,4.0,-3.31,39300000.0,-0.005
2.89344e-08,e,4.0,o,5.0,-1.94,924000000.0,-0.036
2.8935700000000005e-08,e,3.0,o,4.0,-2.35,355000000.0,0.169
2.8940100000000002e-08,e,2.0,o,3.0,-2.75,141000000.0,-0.072
2.8944e-08,e,2.0,o,3.0,-3.74,14300000.0,-0.002
2.89462e-08,e,2.0,o,2.0,-4.9,1010000.0,0.0
2.8946400000000002e-08,e,2.0,o,2.0,-2.61,194000000.0,0.022
2.89491e-08,e,4.0,o,4.0,-1.85,1110000000.0,0.041
2.8952300000000003e-08,e,2.0,o,1.0,-3.72,15300000.0,-0.014
2.89542e-08,e,3.0,o,4.0,-5.41,307000.0,0.0
2.89574e-08,e,4.0,o,5.0,-1.68,1670000000.0,0.28
2.89575e-08,e,4.0,o,3.0,-3.87,10900000.0,-0.003
2.8958100000000002e-08,e,0.0,o,1.0,-4.78,1340000.0,0.006
2.89615e-08,e,6.0,o,5.0,-4.14,5760000.0,-0.078
2.8962599999999998e-08,e,2.0,o,2.0,-3.44,29000000.0,-0.025
2.8968599999999998e-08,e,4.0,o,4.0,-4.3,3950000.0,0.0
2.8971300000000005e-08,e,2.0,o,1.0,-3.61,19300000.0,-0.005
2.89733e-08,e,3.0,o,2.0,-2.41,309000000.0,0.027
2.89739e-08,e,1.0,o,2.0,-3.82,12100000.0,-0.021
2.8974000000000002e-08,e,4.0,o,4.0,-3.7,16000000.0,-0.468
2.89741e-08,e,3.0,o,3.0,-3.16,55600000.0,-0.024
2.8974200000000003e-08,e,2.0,o,3.0,-4.96,856000.0,0.006
2.8977e-08,e,4.0,o,4.0,-4.26,4360000.0,-0.027
2.89791e-08,e,2.0,o,3.0,-4.72,1520000.0,0.001
2.8985700000000003e-08,e,4.0,o,3.0,-1.87,1070000000.0,0.114
2.8989100000000004e-08,e,3.0,o,4.0,-3.26,43700000.0,0.011
2.89909e-08,e,0.0,o,1.0,-3.93,9370000.0,-0.01
2.89935e-08,e,4.0,o,5.0,-5.4,321000.0,-0.003
2.8994400000000003e-08,e,0.0,o,1.0,-3.22,47700000.0,0.002
2.89967e-08,e,3.0,o,2.0,-3.44,29200000.0,-0.028
2.9006200000000003e-08,e,3.0,o,3.0,-4.14,5740000.0,0.001
2.9010399999999998e-08,e,2.0,o,2.0,-2.63,186000000.0,-0.049
2.9010700000000004e-08,e,4.0,o,4.0,-2.17,540000000.0,0.018
2.90155e-08,e,4.0,o,3.0,-5.77,136000.0,0.0
2.90255e-08,e,2.0,o,2.0,-0.71,15300000000.0,0.302
2.90294e-08,e,2.0,o,3.0,-4.49,2550000.0,0.0
2.90312e-08,e,3.0,o,4.0,-2.29,409000000.0,-0.031
2.90361e-08,e,4.0,o,3.0,-2.44,289000000.0,-0.008
2.9037900000000003e-08,e,1.0,o,2.0,-3.75,14000000.0,0.005
2.9038400000000003e-08,e,2.0,o,1.0,-2.46,276000000.0,0.015
2.9042500000000003e-08,e,2.0,o,2.0,-4.81,1240000.0,0.0
2.9043400000000003e-08,e,2.0,o,3.0,-3.92,9610000.0,-0.001
2.9047800000000002e-08,e,4.0,o,4.0,-2.83,118000000.0,0.011
2.90567e-08,e,3.0,o,3.0,-2.8,126000000.0,0.005
2.9063e-08,e,4.0,o,5.0,-4.71,1540000.0,0.017
2.90631e-08,e,3.0,o,4.0,-2.56,217000000.0,-0.255
2.9067700000000003e-08,e,4.0,o,3.0,-3.14,56900000.0,0.003
2.9069799999999997e-08,e,3.0,o,2.0,-2.29,401000000.0,0.011
2.9071800000000003e-08,e,2.0,o,1.0,-4.35,3460000.0,-0.002
2.90747e-08,e,3.0,o,4.0,-4.42,2970000.0,0.404
2.9077900000000002e-08,e,2.0,o,3.0,-2.65,177000000.0,-0.238
2.9083999999999998e-08,e,1.0,o,1.0,-3.11,60500000.0,-0.003
2.9093900000000004e-08,e,2.0,o,3.0,-2.17,531000000.0,-0.01
2.9095900000000002e-08,e,4.0,o,5.0,-2.32,374000000.0,0.043
2.9103e-08,e,2.0,o,1.0,-2.19,504000000.0,-0.041
2.91044e-08,e,1.0,o,2.0,-1.9,983000000.0,0.032
2.91048e-08,e,4.0,o,4.0,-4.04,7230000.0,0.032
2.9107100000000003e-08,e,2.0,o,2.0,-3.14,56400000.0,-0.004
2.91099e-08,e,2.0,o,2.0,-3.34,35500000.0,-0.012
2.9112200000000004e-08,e,3.0,o,3.0,-3.53,23300000.0,-0.091
2.9114100000000004e-08,e,4.0,o,4.0,-2.24,456000000.0,0.091
2.91161e-08,e,2.0,o,1.0,-1.35,3550000000.0,0.075
2.9127800000000004e-08,e,3.0,o,2.0,-3.91,9560000.0,0.006
2.9131e-08,e,4.0,o,3.0,-1.81,1220000000.0,-0.347
2.91349e-08,e,3.0,o,4.0,-3.96,8640000.0,-0.001
2.91366e-08,e,2.0,o,3.0,-3.45,28000000.0,-0.013
2.9136700000000002e-08,e,3.0,o,3.0,-2.81,121000000.0,0.049
2.91433e-08,e,4.0,o,3.0,-1.54,2270000000.0,-0.039
2.91498e-08,e,2.0,o,3.0,-4.77,1340000.0,0.0
2.9154000000000004e-08,e,2.0,o,2.0,-2.34,363000000.0,0.06
2.9154000000000004e-08,e,4.0,o,3.0,-4.21,4890000.0,0.02
2.91564e-08,e,4.0,o,3.0,-3.44,28800000.0,0.009
2.9164100000000004e-08,e,3.0,o,3.0,-3.52,23500000.0,0.002
2.9176900000000002e-08,e,0.0,o,1.0,-4.42,3010000.0,-0.017
2.91772e-08,e,3.0,o,3.0,-2.18,513000000.0,0.059
2.91784e-08,e,2.0,o,3.0,-2.65,174000000.0,-0.016
2.9181500000000002e-08,e,3.0,o,2.0,-2.94,90000000.0,0.016
2.9185100000000002e-08,e,4.0,o,3.0,-3.12,58600000.0,0.005
2.9200400000000002e-08,e,2.0,o,1.0,-3.5,24600000.0,0.002
2.9201600000000004e-08,e,2.0,o,3.0,-2.19,501000000.0,-0.009
2.9205900000000005e-08,e,3.0,o,3.0,-2.9,98700000.0,0.004
2.92066e-08,e,3.0,o,4.0,-5.37,333000.0,0.0
2.92084e-08,e,4.0,o,3.0,-2.65,175000000.0,0.002
2.9214e-08,e,6.0,o,6.0,-4.14,5650000.0,0.042
2.9214800000000003e-08,e,2.0,o,3.0,-3.77,13200000.0,0.01
2.9220999999999997e-08,e,2.0,o,2.0,-2.35,352000000.0,-0.047
2.92277e-08,e,4.0,o,4.0,-3.12,59100000.0,-0.004
2.9232900000000002e-08,e,3.0,o,3.0,-2.5,247000000.0,0.244
2.9233600000000004e-08,e,4.0,o,4.0,-2.47,263000000.0,-0.006
2.92436e-08,e,2.0,o,3.0,-3.13,57400000.0,0.016
2.9248500000000002e-08,e,3.0,o,2.0,-2.65,175000000.0,0.015
2.92486e-08,e,3.0,o,4.0,-3.55,22000000.0,-0.002
2.9250900000000003e-08,e,2.0,o,3.0,-2.8,122000000.0,0.065
2.92582e-08,e,3.0,o,3.0,-3.55,22200000.0,-0.028
2.9258900000000002e-08,e,2.0,o,1.0,-5.02,733000.0,0.002
2.9264800000000003e-08,e,2.0,o,2.0,-3.74,14000000.0,0.004
2.92657e-08,e,2.0,o,1.0,-2.08,642000000.0,-0.047
2.92659e-08,e,2.0,o,1.0,-2.34,356000000.0,-0.1
2.92661e-08,e,3.0,o,2.0,-4.33,3670000.0,-0.002
2.92699e-08,e,2.0,o,2.0,-1.92,944000000.0,-0.206
2.92715e-08,e,4.0,o,3.0,-3.05,69800000.0,-0.003
2.9280700000000003e-08,e,2.0,o,3.0,-2.45,275000000.0,-0.199
2.9284500000000003e-08,e,2.0,o,2.0,-3.1,62700000.0,-0.091
2.92863e-08,e,2.0,o,2.0,-1.84,1120000000.0,-0.026
2.9296e-08,e,1.0,o,2.0,-2.29,397000000.0,-0.213
2.9300599999999997e-08,e,2.0,o,3.0,-3.43,29000000.0,-0.17
2.9308900000000002e-08,e,3.0,o,4.0,-2.72,149000000.0,-0.195
2.9311200000000004e-08,e,4.0,o,4.0,-2.47,261000000.0,0.016
2.93155e-08,e,3.0,o,3.0,-3.42,29900000.0,-0.076
2.93193e-08,e,3.0,o,2.0,-4.66,1710000.0,-0.019
2.9323000000000004e-08,e,3.0,o,2.0,-2.43,290000000.0,-0.306
2.93358e-08,e,4.0,o,5.0,-5.4,309000.0,0.0
2.93381e-08,e,2.0,o,3.0,-4.45,2700000.0,-0.018
2.93513e-08,e,4.0,o,4.0,-5.61,191000.0,0.001
2.93578e-08,e,4.0,o,3.0,-5.27,415000.0,0.013
2.93653e-08,e,3.0,o,2.0,-3.78,12700000.0,-0.013
2.9372000000000003e-08,e,2.0,o,3.0,-1.75,1370000000.0,-0.036
2.9374200000000003e-08,e,4.0,o,3.0,-3.35,34500000.0,0.001
2.9386900000000005e-08,e,4.0,o,4.0,-4.08,6400000.0,0.002
2.9390499999999998e-08,e,3.0,o,3.0,-3.71,14900000.0,-0.015
2.93912e-08,e,2.0,o,2.0,-2.68,161000000.0,0.273
2.9392000000000003e-08,e,0.0,o,1.0,-5.35,346000.0,-0.013
2.9405e-08,e,1.0,o,2.0,-2.3,385000000.0,-0.079
2.9408e-08,e,3.0,o,4.0,-2.79,126000000.0,0.024
2.9412000000000002e-08,e,4.0,o,5.0,-4.79,1260000.0,0.001
2.9422500000000004e-08,e,4.0,o,4.0,-2.89,99300000.0,0.003
2.9423800000000002e-08,e,4.0,o,4.0,-3.58,20300000.0,0.0
2.94269e-08,e,4.0,o,5.0,-2.18,502000000.0,-0.255
2.94346e-08,e,1.0,o,2.0,-3.3,38200000.0,-0.232
2.9443700000000002e-08,e,3.0,o,4.0,-4.27,4140000.0,0.0
2.94649e-08,e,2.0,o,2.0,-5.37,323000.0,-0.002
2.9466300000000004e-08,e,2.0,o,3.0,-5.58,199000.0,-0.002
2.94753e-08,e,2.0,o,1.0,-5.36,332000.0,0.016
2.94829e-08,e,2.0,o,3.0,-3.9,9740000.0,-0.021
2.94991e-08,e,3.0,o,2.0,-2.97,82800000.0,0.037
2.9515800000000003e-08,e,4.0,o,5.0,-2.22,463000000.0,-0.075
2.95241e-08,e,2.0,o,2.0,-3.62,18400000.0,-0.003
2.95265e-08,e,2.0,o,2.0,-4.63,1800000.0,0.002
2.954e-08,e,1.0,o,2.0,-1.19,4910000000.0,-0.209
2.9551e-08,e,3.0,o,3.0,-4.33,3530000.0,-0.002
2.95522e-08,e,3.0,o,2.0,-3.59,19700000.0,-0.005
2.9553400000000002e-08,e,4.0,o,3.0,-4.4,3070000.0,-0.004
2.95543e-08,e,0.0,o,1.0,-1.44,2760000000.0,-0.142
2.9575400000000004e-08,e,3.0,o,4.0,-2.37,327000000.0,0.317
2.9575900000000004e-08,e,2.0,o,3.0,-3.49,24400000.0,-0.003
2.9577600000000003e-08,e,4.0,o,3.0,-3.25,42400000.0,0.003
2.95828e-08,e,4.0,o,3.0,-2.94,86500000.0,-0.004
2.9590800000000002e-08,e,2.0,o,2.0,-2.04,695000000.0,0.057
2.9593000000000002e-08,e,1.0,o,2.0,-3.34,34600000.0,-0.007
2.96001e-08,e,2.0,o,2.0,-2.17,515000000.0,0.186
2.96034e-08,e,3.0,o,2.0,-3.67,16400000.0,0.015
2.96042e-08,e,3.0,o,3.0,-3.2,48000000.0,0.002
2.96212e-08,e,4.0,o,4.0,-3.24,44100000.0,0.009
2.96238e-08,e,3.0,o,4.0,-5.71,150000.0,0.003
2.96289e-08,e,2.0,o,3.0,-4.62,1800000.0,0.013
2.9642800000000002e-08,e,2.0,o,3.0,-3.42,28600000.0,-0.007
2.9647300000000004e-08,e,1.0,o,1.0,-1.94,874000000.0,0.044
2.96525e-08,e,2.0,o,2.0,-4.71,1470000.0,0.012
2.9653100000000003e-08,e,2.0,o,1.0,-2.73,142000000.0,0.083
2.9656700000000002e-08,e,4.0,o,4.0,-2.23,447000000.0,0.018
2.9658900000000002e-08,e,3.0,o,3.0,-3.72,14600000.0,-0.024
2.96601e-08,e,2.0,o,2.0,-4.21,4640000.0,-0.003
2.96655e-08,e,2.0,o,3.0,-5.24,439000.0,0.0
2.96662e-08,e,4.0,o,5.0,-2.25,423000000.0,0.151
2.96756e-08,e,4.0,o,3.0,-3.17,51200000.0,-0.002
2.96885e-08,e,3.0,o,2.0,-3.18,49800000.0,0.017
2.9688900000000003e-08,e,4.0,o,4.0,-3.37,32200000.0,-0.001
2.9700500000000002e-08,e,1.0,o,0.0,-1.34,3460000000.0,0.285
2.9710700000000004e-08,e,2.0,o,2.0,-2.95,84800000.0,0.116
2.97135e-08,e,2.0,o,2.0,-3.18,49500000.0,0.002
2.97274e-08,e,2.0,o,2.0,-0.88,9950000000.0,0.169
2.97421e-08,e,3.0,o,2.0,-4.52,2280000.0,0.0
2.9752e-08,e,4.0,o,5.0,-3.98,7850000.0,0.014
2.9768300000000002e-08,e,2.0,o,1.0,-3.67,16100000.0,0.03
2.9771e-08,e,4.0,o,3.0,-3.01,73500000.0,-0.004
2.97733e-08,e,2.0,o,3.0,-4.77,1260000.0,0.016
2.97811e-08,e,2.0,o,2.0,-4.48,2460000.0,0.0
2.9795800000000003e-08,e,4.0,o,5.0,-4.91,916000.0,-0.001
2.9797800000000002e-08,e,3.0,o,4.0,-5.83,110000.0,-0.002
2.9799400000000003e-08,e,0.0,o,1.0,-1.41,2940000000.0,-0.184
2.98209e-08,e,4.0,o,4.0,-2.53,220000000.0,0.02
2.98216e-08,e,4.0,o,5.0,-2.41,291000000.0,-0.173
2.98362e-08,e,2.0,o,1.0,-1.1,5930000000.0,0.193
2.98416e-08,e,4.0,o,5.0,-2.45,269000000.0,-0.111
2.98579e-08,e,4.0,o,4.0,-4.25,4190000.0,0.003
2.98761e-08,e,4.0,o,3.0,-4.02,7070000.0,0.012
2.98941e-08,e,1.0,o,1.0,-1.15,5320000000.0,0.171
2.9898300000000004e-08,e,3.0,o,2.0,-4.55,2100000.0,0.016
2.9902600000000005e-08,e,4.0,o,4.0,-4.03,6920000.0,0.001
2.99296e-08,e,4.0,o,3.0,-4.11,5770000.0,0.0
2.9986e-08,e,2.0,o,3.0,-4.55,2080000.0,0.037
2.999e-08,e,2.0,o,2.0,-4.81,1140000.0,0.005
2.99932e-08,e,3.0,o,4.0,-4.38,3070000.0,0.011
2.99932e-08,e,4.0,o,5.0,-3.8,11600000.0,0.024
3.00025e-08,e,3.0,o,2.0,-4.86,1030000.0,-0.001
3.00126e-08,e,4.0,o,4.0,-3.8,11700000.0,-0.001
3.00171e-08,e,2.0,o,1.0,-4.46,2580000.0,-0.009
3.00436e-08,e,4.0,o,3.0,-2.64,169000000.0,-0.011
3.00575e-08,e,4.0,o,3.0,-4.72,1420000.0,-0.001
3.00745e-08,e,1.0,o,2.0,-3.11,57400000.0,0.022
3.00861e-08,e,2.0,o,1.0,-1.37,3160000000.0,-0.066
3.0088e-08,e,4.0,o,3.0,-2.84,107000000.0,0.004
3.0124e-08,e,3.0,o,4.0,-4.41,2860000.0,0.003
3.0133300000000006e-08,e,4.0,o,4.0,-2.9,93000000.0,0.001
3.01523e-08,e,3.0,o,3.0,-3.22,44400000.0,0.027
3.01671e-08,e,3.0,o,2.0,-4.23,4320000.0,0.004
3.0171100000000005e-08,e,1.0,o,1.0,-3.14,52700000.0,-0.004
3.0199000000000005e-08,e,2.0,o,2.0,-1.48,2400000000.0,-0.111
3.02085e-08,e,2.0,o,3.0,-2.73,137000000.0,0.045
3.02157e-08,e,4.0,o,3.0,-3.76,12700000.0,0.001
3.0222000000000004e-08,e,1.0,o,2.0,-2.76,128000000.0,0.006
3.0238e-08,e,3.0,o,3.0,-1.47,2490000000.0,-0.105
3.0245e-08,e,3.0,o,3.0,-5.28,386000.0,-0.004
3.02688e-08,e,2.0,o,2.0,-3.31,35700000.0,0.024
3.02784e-08,e,2.0,o,3.0,-2.65,163000000.0,0.066
3.02856e-08,e,0.0,o,1.0,-2.8,115000000.0,0.04
3.02909e-08,e,4.0,o,4.0,-1.42,2740000000.0,-0.125
3.0296400000000004e-08,e,2.0,o,1.0,-2.29,372000000.0,-0.012
3.0302499999999996e-08,e,4.0,o,4.0,-3.31,35300000.0,-0.002
3.03133e-08,e,3.0,o,4.0,-2.66,159000000.0,0.046
3.03277e-08,e,1.0,o,2.0,-2.99,74900000.0,0.017
3.03292e-08,e,4.0,o,5.0,-2.06,627000000.0,0.047
3.0339100000000003e-08,e,2.0,o,3.0,-3.58,19200000.0,-0.022
3.03404e-08,e,4.0,o,4.0,-4.67,1540000.0,0.001
3.03464e-08,e,4.0,o,3.0,-2.99,74900000.0,0.003
3.03477e-08,e,2.0,o,2.0,-3.95,8160000.0,0.001
3.03597e-08,e,0.0,o,1.0,-2.62,175000000.0,-0.042
3.03667e-08,e,2.0,o,1.0,-5.91,89100.0,0.0
3.03689e-08,e,3.0,o,3.0,-2.5,227000000.0,0.025
3.03775e-08,e,3.0,o,2.0,-3.09,58700000.0,-0.003
3.03798e-08,e,3.0,o,2.0,-5.25,401000.0,-0.009
3.03813e-08,e,3.0,o,3.0,-4.45,2540000.0,-0.039
3.03834e-08,e,1.0,o,1.0,-3.02,69400000.0,0.029
3.0409600000000004e-08,e,2.0,o,3.0,-2.52,216000000.0,0.021
3.0418200000000006e-08,e,2.0,o,2.0,-4.67,1530000.0,0.0
3.04279e-08,e,0.0,o,1.0,-3.03,67800000.0,-0.018
3.0439600000000005e-08,e,4.0,o,5.0,-1.4,2840000000.0,0.082
3.04498e-08,e,1.0,o,0.0,-3.9,8960000.0,0.004
3.04543e-08,e,2.0,o,2.0,-3.91,8880000.0,0.002
3.04579e-08,e,1.0,o,1.0,-2.84,105000000.0,-0.029
3.0468700000000003e-08,e,2.0,o,3.0,-1.92,874000000.0,-0.063
3.04704e-08,e,1.0,o,2.0,-2.28,379000000.0,-0.058
3.04814e-08,e,2.0,o,3.0,-3.81,11100000.0,-0.015
3.04843e-08,e,3.0,o,2.0,-2.48,239000000.0,0.017
3.04888e-08,e,4.0,o,3.0,-3.03,67000000.0,-0.002
3.05104e-08,e,2.0,o,1.0,-2.63,169000000.0,0.014
3.0510800000000003e-08,e,4.0,o,3.0,-3.61,17500000.0,-0.002
3.05115e-08,e,3.0,o,4.0,-5.48,239000.0,-0.006
3.05115e-08,e,3.0,o,3.0,-4.11,5620000.0,0.001
3.05253e-08,e,2.0,o,2.0,-4.07,6030000.0,0.002
3.05265e-08,e,1.0,o,1.0,-3.29,37000000.0,-0.011
3.0544700000000004e-08,e,2.0,o,1.0,-3.83,10500000.0,-0.035
3.0548500000000004e-08,e,2.0,o,1.0,-1.73,1330000000.0,0.052
3.05526e-08,e,2.0,o,3.0,-3.24,40600000.0,0.002
3.05542e-08,e,3.0,o,3.0,-5.69,145000.0,0.001
3.05793e-08,e,3.0,o,2.0,-4.62,1690000.0,0.022
3.05817e-08,e,1.0,o,2.0,-2.81,111000000.0,-0.025
3.05817e-08,e,2.0,o,1.0,-4.46,2500000.0,0.002
3.05856e-08,e,2.0,o,1.0,-2.29,369000000.0,-0.017
3.0594900000000005e-08,e,2.0,o,2.0,-4.48,2370000.0,0.006
3.0598200000000005e-08,e,2.0,o,2.0,-4.81,1090000.0,0.0
3.06285e-08,e,3.0,o,2.0,-1.87,955000000.0,-0.023
3.06532e-08,e,3.0,o,4.0,-4.29,3620000.0,0.091
3.06541e-08,e,2.0,o,3.0,-3.08,59100000.0,0.032
3.06548e-08,e,2.0,o,1.0,-2.75,126000000.0,-0.017
3.06572e-08,e,2.0,o,1.0,-3.3,35700000.0,-0.023
3.06615e-08,e,4.0,o,3.0,-1.65,1590000000.0,-0.027
3.0669900000000004e-08,e,2.0,o,2.0,-2.6,177000000.0,-0.033
3.06773e-08,e,2.0,o,3.0,-4.55,1990000.0,-0.029
3.06834e-08,e,4.0,o,5.0,-1.02,6720000000.0,-0.341
3.06844e-08,e,3.0,o,3.0,-3.69,14500000.0,0.001
3.06878e-08,e,4.0,o,4.0,-2.7,142000000.0,-0.032
3.0689600000000004e-08,e,2.0,o,3.0,-1.27,3820000000.0,-0.287
3.069700000000001e-08,e,4.0,o,3.0,-3.53,20800000.0,-0.01
3.07078e-08,e,3.0,o,3.0,-5.07,605000.0,0.008
3.07105e-08,e,2.0,o,2.0,-3.6,17800000.0,0.006
3.07108e-08,e,3.0,o,4.0,-1.15,4990000000.0,-0.293
3.072e-08,e,3.0,o,3.0,-2.72,135000000.0,-0.026
3.0726e-08,e,2.0,o,3.0,-2.06,619000000.0,-0.095
3.07268e-08,e,2.0,o,1.0,-3.8,11300000.0,0.004
3.0739900000000004e-08,e,4.0,o,4.0,-3.48,23200000.0,0.015
3.0741000000000004e-08,e,3.0,o,2.0,-2.42,268000000.0,-0.021
3.0761700000000005e-08,e,2.0,o,3.0,-4.09,5720000.0,-0.021
3.0762900000000003e-08,e,3.0,o,4.0,-3.73,13100000.0,-0.05
3.07703e-08,e,2.0,o,3.0,-3.63,16400000.0,-0.036
3.07777e-08,e,4.0,o,3.0,-2.26,389000000.0,-0.017
3.07827e-08,e,2.0,o,2.0,-3.89,9120000.0,-0.002
3.0786200000000006e-08,e,4.0,o,5.0,-1.92,848000000.0,0.049
3.08009e-08,e,3.0,o,3.0,-2.83,103000000.0,0.019
3.08365e-08,e,2.0,o,2.0,-4.05,6240000.0,0.011
3.08428e-08,e,2.0,o,3.0,-3.06,60800000.0,-0.009
3.08604e-08,e,4.0,o,5.0,-4.35,3160000.0,0.009
3.08632e-08,e,0.0,o,1.0,-3.81,10900000.0,-0.001
3.08652e-08,e,1.0,o,1.0,-3.93,8270000.0,0.024
3.08669e-08,e,4.0,o,3.0,-4.31,3410000.0,0.02
3.08966e-08,e,1.0,o,2.0,-5.03,646000.0,0.0
3.0906700000000004e-08,e,1.0,o,0.0,-3.87,9360000.0,0.001
3.0916500000000004e-08,e,1.0,o,2.0,-4.66,1520000.0,-0.009
3.0927300000000006e-08,e,1.0,o,1.0,-4.18,4550000.0,-0.003
3.0927300000000006e-08,e,4.0,o,4.0,-2.68,147000000.0,-0.101
3.0934e-08,e,3.0,o,3.0,-4.78,1160000.0,0.024
3.09507e-08,e,3.0,o,4.0,-3.37,29500000.0,0.051
3.09647e-08,e,1.0,o,1.0,-3.57,18900000.0,0.002
3.0966e-08,e,2.0,o,1.0,-5.42,265000.0,-0.015
3.0975000000000004e-08,e,3.0,o,2.0,-4.28,3660000.0,-0.018
3.0978300000000004e-08,e,0.0,o,1.0,-4.29,3560000.0,-0.019
3.0985e-08,e,2.0,o,3.0,-3.79,11300000.0,0.037
3.09894e-08,e,2.0,o,1.0,-3.35,30700000.0,0.05
3.09926e-08,e,4.0,o,3.0,-2.95,78500000.0,-0.023
3.0996e-08,e,2.0,o,3.0,-3.03,65300000.0,0.143
3.10074e-08,e,4.0,o,3.0,-3.58,18100000.0,-0.019
3.10078e-08,e,1.0,o,2.0,-4.08,5750000.0,0.0
3.1016100000000003e-08,e,3.0,o,3.0,-3.59,18000000.0,-0.012
3.10176e-08,e,2.0,o,2.0,-5.17,465000.0,0.016
3.1028e-08,e,2.0,o,2.0,-3.74,12600000.0,-0.02
3.10325e-08,e,2.0,o,2.0,-4.86,960000.0,-0.001
3.10467e-08,e,2.0,o,3.0,-3.22,41900000.0,0.022
3.1058600000000005e-08,e,2.0,o,3.0,-5.93,81200.0,0.0
3.1059e-08,e,2.0,o,1.0,-3.73,12900000.0,-0.03
3.10591e-08,e,3.0,o,2.0,-3.25,39200000.0,-0.035
3.10594e-08,e,3.0,o,3.0,-4.59,1770000.0,0.016
3.10741e-08,e,0.0,o,1.0,-3.51,21100000.0,-0.007
3.10967e-08,e,2.0,o,1.0,-4.1,5460000.0,-0.004
3.11017e-08,e,2.0,o,2.0,-5.27,366000.0,0.0
3.1101900000000004e-08,e,2.0,o,1.0,-3.41,26600000.0,-0.016
3.11378e-08,e,4.0,o,4.0,-4.82,1040000.0,-0.009
3.11402e-08,e,2.0,o,2.0,-3.21,42600000.0,0.02
3.11707e-08,e,2.0,o,1.0,-3.84,9860000.0,0.001
3.11716e-08,e,3.0,o,2.0,-4.73,1290000.0,0.0
3.1177e-08,e,1.0,o,1.0,-3.04,62300000.0,0.017
3.11837e-08,e,1.0,o,2.0,-4.93,796000.0,-0.001
3.1184500000000004e-08,e,4.0,o,3.0,-4.59,1750000.0,-0.001
3.12003e-08,e,1.0,o,2.0,-4.88,899000.0,0.001
3.12145e-08,e,2.0,o,2.0,-3.09,55700000.0,0.002
3.12647e-08,e,4.0,o,4.0,-4.27,3650000.0,-0.002
3.12788e-08,e,4.0,o,4.0,-1.62,1650000000.0,-0.04
3.13016e-08,e,2.0,o,3.0,-3.14,49200000.0,0.011
3.13027e-08,e,3.0,o,4.0,-3.1,54800000.0,0.01
3.13094e-08,e,4.0,o,3.0,-2.76,119000000.0,-0.013
3.1309500000000006e-08,e,2.0,o,2.0,-3.95,7660000.0,0.001
3.1310800000000004e-08,e,2.0,o,1.0,-5.58,178000.0,-0.001
3.13176e-08,e,2.0,o,2.0,-2.0,682000000.0,-0.033
3.13182e-08,e,0.0,o,1.0,-4.39,2750000.0,-0.009
3.132370000000001e-08,e,4.0,o,3.0,-5.69,140000.0,0.0
3.13323e-08,e,2.0,o,3.0,-1.45,2410000000.0,-0.172
3.13333e-08,e,3.0,o,3.0,-1.86,946000000.0,-0.031
3.1334300000000004e-08,e,2.0,o,2.0,-4.79,1100000.0,-0.008
3.13493e-08,e,3.0,o,2.0,-2.95,76000000.0,-0.012
3.13661e-08,e,3.0,o,2.0,-5.44,248000.0,-0.001
3.13767e-08,e,2.0,o,3.0,-4.63,1600000.0,-0.001
3.13859e-08,e,2.0,o,1.0,-2.9,84400000.0,-0.017
3.1392700000000006e-08,e,2.0,o,2.0,-4.66,1490000.0,0.001
3.14015e-08,e,2.0,o,3.0,-4.8,1080000.0,-0.007
3.14093e-08,e,4.0,o,3.0,-4.24,3920000.0,0.002
3.14095e-08,e,2.0,o,2.0,-4.13,5010000.0,-0.002
3.1411e-08,e,1.0,o,2.0,-3.86,9370000.0,-0.009
3.14174e-08,e,2.0,o,2.0,-3.81,10600000.0,-0.001
3.14183e-08,e,2.0,o,3.0,-1.56,1870000000.0,-0.135
3.1422800000000005e-08,e,1.0,o,1.0,-3.84,9860000.0,-0.042
3.14284e-08,e,4.0,o,4.0,-4.28,3510000.0,0.007
3.14334e-08,e,3.0,o,3.0,-3.43,25400000.0,0.019
3.14526e-08,e,3.0,o,4.0,-5.52,203000.0,0.001
3.1477e-08,e,2.0,o,3.0,-4.17,4500000.0,-0.003
3.14811e-08,e,1.0,o,2.0,-5.26,371000.0,0.0
3.15229e-08,e,3.0,o,2.0,-5.66,148000.0,-0.013
3.1527900000000004e-08,e,2.0,o,3.0,-2.53,201000000.0,-0.047
3.15469e-08,e,2.0,o,2.0,-3.46,23500000.0,0.052
3.15485e-08,e,2.0,o,3.0,-4.79,1080000.0,-0.005
3.15563e-08,e,4.0,o,3.0,-4.59,1730000.0,-0.001
3.15587e-08,e,2.0,o,1.0,-4.25,3780000.0,0.021
3.15666e-08,e,4.0,o,3.0,-4.86,934000.0,-0.013
3.1579e-08,e,3.0,o,2.0,-4.47,2290000.0,0.006
3.15807e-08,e,3.0,o,3.0,-3.15,46900000.0,0.045
3.16104e-08,e,3.0,o,3.0,-5.98,70200.0,0.011
3.1617500000000005e-08,e,2.0,o,2.0,-3.95,7420000.0,0.013
3.1623100000000003e-08,e,2.0,o,2.0,-4.13,4970000.0,-0.004
3.16243e-08,e,1.0,o,2.0,-5.58,173000.0,0.0
3.1624700000000004e-08,e,2.0,o,3.0,-3.64,15100000.0,-0.025
3.16282e-08,e,2.0,o,2.0,-2.97,71800000.0,0.015
3.1635000000000005e-08,e,2.0,o,1.0,-5.08,549000.0,-0.01
3.16498e-08,e,3.0,o,2.0,-4.33,3100000.0,0.004
3.16596e-08,e,4.0,o,3.0,-5.02,629000.0,0.0
3.1670100000000004e-08,e,2.0,o,3.0,-3.32,32300000.0,0.075
3.1683e-08,e,4.0,o,5.0,-3.75,11900000.0,-0.009
3.16876e-08,e,4.0,o,4.0,-5.29,338000.0,0.0
3.16941e-08,e,2.0,o,2.0,-4.04,6080000.0,-0.001
3.1696800000000005e-08,e,4.0,o,4.0,-3.06,57300000.0,0.038
3.16974e-08,e,4.0,o,3.0,-4.1,5270000.0,0.003
3.1716500000000005e-08,e,4.0,o,5.0,-3.92,7900000.0,0.011
3.17271e-08,e,2.0,o,1.0,-4.6,1690000.0,-0.002
3.17349e-08,e,2.0,o,3.0,-5.4,265000.0,0.001
3.1742899999999996e-08,e,4.0,o,3.0,-3.1,52500000.0,-0.016
3.1762000000000003e-08,e,2.0,o,2.0,-5.48,219000.0,0.0
3.17675e-08,e,3.0,o,3.0,-3.91,8110000.0,-0.004
3.1794600000000006e-08,e,3.0,o,2.0,-3.4,26300000.0,-0.019
3.1799700000000004e-08,e,4.0,o,5.0,-3.12,50400000.0,-0.082
3.1801900000000004e-08,e,2.0,o,3.0,-2.18,437000000.0,0.084
3.1812e-08,e,2.0,o,3.0,-4.39,2670000.0,-0.003
3.18322e-08,e,2.0,o,2.0,-3.86,9180000.0,-0.001
3.18393e-08,e,2.0,o,2.0,-3.81,10200000.0,-0.017
3.18497e-08,e,4.0,o,4.0,-3.25,36700000.0,-0.047
3.18745e-08,e,3.0,o,4.0,-3.3,33000000.0,-0.064
3.19007e-08,e,2.0,o,3.0,-3.3,32500000.0,-0.081
3.19087e-08,e,4.0,o,3.0,-4.34,2990000.0,-0.015
3.19335e-08,e,3.0,o,3.0,-3.36,28200000.0,-0.037
3.19431e-08,e,4.0,o,4.0,-5.64,151000.0,-0.002
3.19704e-08,e,2.0,o,3.0,-2.21,407000000.0,0.027
3.19925e-08,e,2.0,o,2.0,-2.89,84800000.0,-0.015
3.20084e-08,e,1.0,o,2.0,-5.56,181000.0,0.003
3.20128e-08,e,4.0,o,3.0,-5.55,182000.0,-0.001
3.2046e-08,e,2.0,o,3.0,-2.65,147000000.0,-0.026
3.20524e-08,e,4.0,o,3.0,-5.91,79100.0,0.016
3.21111e-08,e,2.0,o,2.0,-1.94,748000000.0,0.02
3.21318e-08,e,4.0,o,5.0,-5.38,269000.0,-0.003
3.21449e-08,e,2.0,o,3.0,-3.97,6860000.0,0.029
3.21452e-08,e,4.0,o,4.0,-3.73,12200000.0,-0.019
3.21495e-08,e,2.0,o,2.0,-3.27,34400000.0,-0.022
3.21531e-08,e,4.0,o,3.0,-4.63,1520000.0,-0.007
3.2158e-08,e,2.0,o,1.0,-3.1,51600000.0,-0.005
3.2167700000000004e-08,e,4.0,o,4.0,-5.16,450000.0,0.001
3.21692e-08,e,2.0,o,3.0,-5.06,556000.0,0.0
3.2170400000000005e-08,e,3.0,o,4.0,-4.46,2260000.0,0.012
3.21783e-08,e,3.0,o,3.0,-3.53,19100000.0,-0.017
3.21829e-08,e,3.0,o,2.0,-4.33,3040000.0,-0.008
3.2204e-08,e,4.0,o,3.0,-5.19,419000.0,-0.015
3.2224000000000005e-08,e,2.0,o,3.0,-5.52,192000.0,0.004
3.22287e-08,e,2.0,o,2.0,-5.7,127000.0,0.003
3.23182e-08,e,4.0,o,4.0,-4.74,1170000.0,-0.001
3.23508e-08,e,4.0,o,3.0,-5.54,184000.0,0.0
3.2359500000000006e-08,e,2.0,o,2.0,-3.73,11900000.0,-0.023
3.23606e-08,e,3.0,o,2.0,-5.63,148000.0,-0.001
3.23704e-08,e,2.0,o,1.0,-4.15,4560000.0,0.005
3.24528e-08,e,3.0,o,3.0,-5.91,77800.0,0.001
3.25047e-08,e,4.0,o,3.0,-5.77,107000.0,0.006
3.2528e-08,e,2.0,o,2.0,-3.05,56800000.0,-0.015
3.25311e-08,e,2.0,o,3.0,-2.64,144000000.0,-0.029
3.2645700000000004e-08,e,2.0,o,3.0,-3.63,14800000.0,-0.006
3.26488e-08,e,2.0,o,2.0,-3.6,15600000.0,-0.007
3.26562e-08,e,2.0,o,1.0,-4.18,4130000.0,0.005
3.26804e-08,e,2.0,o,1.0,-3.15,44200000.0,0.006
3.28366e-08,e,2.0,o,3.0,-2.98,65500000.0,0.026
3.28481e-08,e,2.0,o,1.0,-4.1,4920000.0,-0.006
3.28533e-08,e,2.0,o,2.0,-4.68,1280000.0,0.002
3.28746e-08,e,4.0,o,5.0,-5.93,72700.0,-0.004
3.2973800000000004e-08,e,2.0,o,3.0,-3.04,56100000.0,-0.026
3.29906e-08,e,2.0,o,3.0,-4.01,6060000.0,-0.022
3.29911e-08,e,4.0,o,3.0,-5.76,107000.0,0.002
3.2996e-08,e,2.0,o,2.0,-3.73,11500000.0,-0.003
3.3027300000000005e-08,e,2.0,o,3.0,-3.05,54900000.0,0.016
3.30555e-08,e,2.0,o,1.0,-3.97,6490000.0,0.007
3.30818e-08,e,2.0,o,2.0,-4.51,1870000.0,0.0
3.3470800000000005e-08,e,2.0,o,2.0,-2.93,69600000.0,-0.003
3.35375e-08,e,2.0,o,3.0,-3.43,21800000.0,-0.023
3.3645800000000005e-08,e,2.0,o,2.0,-4.0,5870000.0,0.007
3.3714600000000006e-08,e,2.0,o,2.0,-3.2,37000000.0,0.005
3.41059e-08,e,2.0,o,1.0,-4.75,1020000.0,0.005
3.4341e-08,e,2.0,o,2.0,-5.57,154000.0,-0.001
3.43532e-08,e,2.0,o,3.0,-5.14,414000.0,-0.002
3.44669e-08,e,2.0,o,1.0,-5.07,482000.0,0.004
3.45222e-08,e,2.0,o,3.0,-5.22,335000.0,0.007
3.4533400000000004e-08,e,2.0,o,2.0,-4.72,1060000.0,-0.003
3.46715e-08,e,2.0,o,2.0,-5.77,93800.0,0.001
3.4706700000000005e-08,e,2.0,o,3.0,-4.79,892000.0,0.014
3.49306e-08,e,2.0,o,3.0,-5.32,261000.0,0.003
3.49767e-08,e,2.0,o,3.0,-4.47,1840000.0,0.007
3.50039e-08,e,2.0,o,2.0,-5.34,248000.0,-0.001
3.50816e-08,e,2.0,o,3.0,-5.19,353000.0,0.006
3.5465800000000004e-08,e,0.0,o,1.0,-5.21,331000.0,-0.007
3.55999e-08,e,1.0,o,1.0,-5.12,404000.0,0.006
3.5668e-08,e,1.0,o,2.0,-5.26,287000.0,-0.007
3.5774e-08,e,2.0,o,3.0,-4.99,541000.0,0.006
3.57948e-08,e,2.0,o,2.0,-4.32,2500000.0,0.004
3.58167e-08,e,2.0,o,2.0,-5.86,71300.0,0.002
3.5872500000000006e-08,e,2.0,o,1.0,-5.66,113000.0,-0.001
3.58848e-08,e,3.0,o,2.0,-5.38,217000.0,-0.005
3.59045e-08,e,2.0,o,3.0,-5.83,76700.0,-0.01
3.5941699999999996e-08,e,2.0,o,2.0,-5.48,171000.0,0.002
3.59666e-08,e,4.0,o,3.0,-4.59,1330000.0,-0.007
3.5998200000000007e-08,e,3.0,o,3.0,-5.73,95200.0,0.004
3.60555e-08,e,2.0,o,3.0,-5.34,236000.0,-0.012
3.61872e-08,e,2.0,o,2.0,-5.32,244000.0,-0.002
3.63411e-08,e,2.0,o,3.0,-5.97,54600.0,0.007
3.68858e-08,e,2.0,o,2.0,-5.61,120000.0,0.004
4.81197e-08,e,4.0,o,3.0,-5.89,37400.0,-0.007
4.8690300000000004e-08,e,2.0,o,1.0,-5.59,73100.0,-0.009
4.9060000000000004e-08,e,3.0,o,3.0,-5.89,36000.0,-0.003
4.91549e-08,e,2.0,o,2.0,-5.78,45700.0,-0.004
4.9786800000000003e-08,e,4.0,o,3.0,-5.27,145000.0,-0.03
4.99303e-08,e,3.0,o,2.0,-5.53,79400.0,-0.002
5.0482900000000004e-08,e,3.0,o,2.0,-5.14,188000.0,-0.006
5.0505700000000006e-08,e,4.0,o,3.0,-4.63,611000.0,0.051
5.09917e-08,e,5.0,o,4.0,-3.77,4350000.0,0.072
5.10044e-08,e,3.0,o,4.0,-5.81,39700.0,-0.001
5.15455e-08,e,4.0,o,3.0,-4.04,2300000.0,0.041
5.16414e-08,e,3.0,o,2.0,-4.51,766000.0,0.017
5.46948e-08,e,3.0,o,2.0,-5.94,25800.0,0.003
5.74842e-08,e,3.0,o,2.0,-5.78,33500.0,-0.002
5.896380000000001e-08,e,6.0,o,5.0,-5.86,26700.0,0.003
5.9003099999999994e-08,e,5.0,o,5.0,-5.61,47200.0,0.001
5.91568e-08,e,4.0,o,4.0,-5.7,38000.0,0.001
5.9334100000000006e-08,e,3.0,o,3.0,-5.81,29200.0,0.001
5.936240000000001e-08,e,6.0,o,6.0,-5.78,31400.0,0.006
5.940220000000001e-08,e,5.0,o,6.0,-5.78,31000.0,-0.001
5.98084e-08,e,2.0,o,3.0,-5.56,51300.0,0.049
6.02803e-08,e,2.0,o,3.0,-5.47,63000.0,0.024
6.038920000000001e-08,e,2.0,o,2.0,-5.88,24400.0,0.015
6.14357e-08,e,5.0,o,4.0,-4.4,705000.0,0.025
6.14785e-08,e,4.0,o,4.0,-5.65,39300.0,0.001
6.15015e-08,e,5.0,o,5.0,-5.01,173000.0,-0.012
6.15444e-08,e,4.0,o,5.0,-5.24,101000.0,0.002
6.15727e-08,e,2.0,o,1.0,-5.9,22000.0,0.003
6.231559999999999e-08,e,2.0,o,2.0,-4.82,258000.0,0.093
6.235610000000001e-08,e,2.0,o,1.0,-5.28,91300.0,0.094
6.240720000000001e-08,e,2.0,o,3.0,-5.07,148000.0,0.045
6.260130000000001e-08,e,5.0,o,5.0,-3.63,4000000.0,-0.055
6.26457e-08,e,4.0,o,5.0,-5.83,25000.0,-0.001
6.27598e-08,e,5.0,o,4.0,-3.93,2010000.0,0.083
6.28044e-08,e,4.0,o,4.0,-3.76,2950000.0,-0.069
6.2955e-08,e,2.0,o,3.0,-5.52,50600.0,-0.048
6.2983e-08,e,3.0,o,3.0,-4.18,1130000.0,-0.034
6.300860000000001e-08,e,4.0,o,3.0,-3.2,10700000.0,0.208
6.30508e-08,e,5.0,o,6.0,-3.75,2950000.0,-0.147
6.30973e-08,e,3.0,o,2.0,-3.15,11900000.0,0.241
6.33972e-08,e,2.0,o,2.0,-5.69,33800.0,-0.006
6.342540000000001e-08,e,2.0,o,1.0,-5.94,19200.0,-0.015
6.37048e-08,e,2.0,o,2.0,-5.16,114000.0,-0.027
6.38191e-08,e,4.0,o,3.0,-2.85,23400000.0,0.228
6.386430000000001e-08,e,2.0,o,3.0,-4.94,189000.0,-0.019
6.39131e-08,e,5.0,o,5.0,-4.92,197000.0,0.007
6.39594e-08,e,4.0,o,5.0,-3.85,2280000.0,-0.055
6.4048e-08,e,5.0,o,4.0,-2.76,28100000.0,0.205
6.40679e-08,e,3.0,o,4.0,-4.67,351000.0,0.01
6.40945e-08,e,4.0,o,4.0,-4.76,285000.0,-0.008
6.41092e-08,e,2.0,o,3.0,-5.45,57000.0,-0.068
6.41531e-08,e,2.0,o,1.0,-5.83,23800.0,0.004
6.41536e-08,e,3.0,o,3.0,-5.91,19800.0,0.0
6.417310000000001e-08,e,2.0,o,2.0,-5.94,18500.0,-0.002
6.42078e-08,e,5.0,o,4.0,-2.99,16400000.0,0.174
6.42279e-08,e,3.0,o,4.0,-4.47,552000.0,-0.015
6.425460000000001e-08,e,4.0,o,4.0,-5.89,21000.0,-0.001
6.46343e-08,e,2.0,o,3.0,-4.57,433000.0,0.012
6.47746e-08,e,3.0,o,2.0,-5.86,21900.0,0.01
6.49491e-08,e,2.0,o,1.0,-5.13,118000.0,0.012
6.505080000000001e-08,e,2.0,o,2.0,-4.84,225000.0,0.092
6.65723e-08,e,2.0,o,2.0,-4.92,181000.0,-0.084
6.680650000000001e-08,e,3.0,o,4.0,-5.07,128000.0,-0.002
6.683630000000001e-08,e,2.0,o,3.0,-5.2,92800.0,0.004
6.7112e-08,e,3.0,o,3.0,-5.59,38000.0,-0.004
6.71243e-08,e,5.0,o,4.0,-2.83,21900000.0,0.33
6.72028e-08,e,5.0,o,5.0,-4.02,1400000.0,-0.055
6.720860000000001e-08,e,6.0,o,5.0,-2.7,29600000.0,0.217
6.72679e-08,e,2.0,o,2.0,-4.14,1080000.0,-0.021
6.73406e-08,e,3.0,o,3.0,-4.9,185000.0,-0.006
6.737e-08,e,4.0,o,3.0,-4.03,1390000.0,0.13
6.754339999999999e-08,e,2.0,o,2.0,-5.59,37900.0,0.003
6.77747e-08,e,5.0,o,4.0,-3.19,9390000.0,-0.152
6.779700000000001e-08,e,3.0,o,4.0,-4.79,235000.0,0.001
6.78268e-08,e,4.0,o,4.0,-4.24,834000.0,0.033
6.782720000000001e-08,e,2.0,o,1.0,-4.16,1010000.0,-0.052
6.78442e-08,e,3.0,o,2.0,-5.51,44800.0,0.001
6.79563e-08,e,4.0,o,3.0,-3.9,1800000.0,-0.076
6.85182e-08,e,5.0,o,5.0,-3.33,6610000.0,0.228
6.85242e-08,e,6.0,o,5.0,-1.86,198000000.0,-0.366
6.85518e-08,e,3.0,o,2.0,-4.13,1050000.0,-0.019
6.87081e-08,e,5.0,o,4.0,-2.26,78300000.0,-0.376
6.877240000000001e-08,e,3.0,o,2.0,-4.93,164000.0,0.003
6.89036e-08,e,3.0,o,3.0,-4.94,163000.0,0.001
6.893440000000001e-08,e,4.0,o,3.0,-3.44,5040000.0,-0.074
6.905700000000001e-08,e,5.0,o,6.0,-4.67,298000.0,-0.193
6.906309999999999e-08,e,6.0,o,6.0,-2.64,32300000.0,0.267
6.90968e-08,e,3.0,o,3.0,-4.79,224000.0,0.002
6.90978e-08,e,7.0,o,6.0,-1.09,1130000000.0,-0.391
6.91326e-08,e,2.0,o,1.0,-3.96,1550000.0,0.009
6.9148e-08,e,3.0,o,2.0,-3.88,1850000.0,-0.026
6.91895e-08,e,3.0,o,4.0,-3.97,1490000.0,0.004
6.9377e-08,e,4.0,o,4.0,-5.87,18800.0,0.015
6.98045e-08,e,3.0,o,2.0,-5.83,20100.0,-0.001
6.98125e-08,e,3.0,o,3.0,-5.5,43400.0,0.0
7.009280000000001e-08,e,5.0,o,5.0,-2.72,25800000.0,0.265
7.0099e-08,e,6.0,o,5.0,-1.25,766000000.0,-0.363
7.01514e-08,e,3.0,o,2.0,-4.63,315000.0,0.002
7.015650000000001e-08,e,2.0,o,3.0,-4.57,364000.0,-0.004
7.025510000000001e-08,e,5.0,o,4.0,-1.64,308000000.0,0.371
7.04474e-08,e,5.0,o,4.0,-1.46,472000000.0,-0.362
7.0504e-08,e,3.0,o,4.0,-4.65,299000.0,-0.006
7.05451e-08,e,6.0,o,5.0,-4.13,981000.0,0.003
7.06014e-08,e,5.0,o,5.0,-4.36,583000.0,0.01
7.06198e-08,e,4.0,o,5.0,-5.22,79800.0,-0.004
7.06323e-08,e,2.0,o,1.0,-5.08,112000.0,-0.029
7.07321e-08,e,3.0,o,3.0,-4.87,181000.0,0.001
7.08636e-08,e,5.0,o,4.0,-4.17,906000.0,0.006
7.08649e-08,e,2.0,o,3.0,-2.93,15700000.0,-0.065
7.08667e-08,e,3.0,o,2.0,-5.37,56500.0,0.001
7.08767e-08,e,3.0,o,4.0,-5.86,18400.0,-0.001
7.08821e-08,e,4.0,o,4.0,-4.65,297000.0,0.007
7.091180000000001e-08,e,2.0,o,2.0,-3.33,6170000.0,-0.21
7.1162e-08,e,2.0,o,1.0,-5.89,16900.0,0.001
7.12125e-08,e,3.0,o,3.0,-5.23,77600.0,-0.004
7.1218e-08,e,4.0,o,3.0,-4.43,487000.0,-0.011
7.13896e-08,e,2.0,o,2.0,-5.64,29700.0,-0.002
7.14056e-08,e,3.0,o,2.0,-4.95,145000.0,0.002
7.14807e-08,e,3.0,o,3.0,-5.24,74900.0,-0.004
7.148619999999999e-08,e,4.0,o,3.0,-5.06,113000.0,0.002
7.14966e-08,e,2.0,o,2.0,-2.93,15300000.0,-0.095
7.17581e-08,e,2.0,o,1.0,-5.28,67700.0,0.002
7.18068e-08,e,2.0,o,1.0,-2.87,17700000.0,-0.216
7.22245e-08,e,2.0,o,1.0,-2.87,17300000.0,-0.198
7.22951e-08,e,2.0,o,2.0,-3.14,9190000.0,-0.097
7.24161e-08,e,6.0,o,5.0,-5.0,126000.0,0.045
7.24754e-08,e,5.0,o,5.0,-5.01,124000.0,-0.011
7.24948e-08,e,4.0,o,5.0,-5.32,60200.0,0.008
7.260750000000001e-08,e,2.0,o,3.0,-3.28,6690000.0,-0.042
7.26117e-08,e,2.0,o,1.0,-3.43,4640000.0,0.074
7.280689999999999e-08,e,2.0,o,3.0,-5.1,101000.0,-0.054
7.28595e-08,e,5.0,o,4.0,-4.28,659000.0,0.032
7.28729e-08,e,2.0,o,2.0,-5.01,124000.0,-0.002
7.28733e-08,e,3.0,o,4.0,-5.85,17900.0,0.001
7.28791e-08,e,4.0,o,4.0,-4.91,156000.0,-0.003
7.28896e-08,e,3.0,o,2.0,-4.55,353000.0,0.012
7.29247e-08,e,2.0,o,2.0,-3.61,3090000.0,0.022
7.301319999999999e-08,e,3.0,o,3.0,-5.36,55300.0,-0.001
7.30189e-08,e,4.0,o,3.0,-5.53,37300.0,0.002
7.3242e-08,e,6.0,o,5.0,-5.88,16200.0,0.004
7.32628e-08,e,2.0,o,3.0,-5.42,47100.0,0.0
7.33027e-08,e,5.0,o,5.0,-4.65,279000.0,-0.016
7.33225e-08,e,4.0,o,5.0,-5.22,74400.0,0.01
7.33975e-08,e,3.0,o,3.0,-4.61,305000.0,0.003
7.34324e-08,e,4.0,o,3.0,-3.26,6880000.0,0.138
7.34599e-08,e,2.0,o,2.0,-5.33,57800.0,0.001
7.34651e-08,e,2.0,o,3.0,-5.88,16400.0,0.0
7.3477e-08,e,3.0,o,2.0,-5.19,79400.0,-0.005
7.34821e-08,e,3.0,o,3.0,-4.89,163000.0,0.002
7.348790000000001e-08,e,4.0,o,3.0,-4.27,662000.0,-0.017
7.37573e-08,e,6.0,o,6.0,-3.5,3870000.0,0.01
7.377010000000001e-08,e,5.0,o,4.0,-5.31,59100.0,0.004
7.37843e-08,e,3.0,o,4.0,-5.24,69800.0,0.01
7.379020000000001e-08,e,4.0,o,4.0,-4.66,269000.0,-0.019
7.38188e-08,e,5.0,o,6.0,-4.42,466000.0,-0.007
7.40574e-08,e,5.0,o,4.0,-5.82,18400.0,0.001
7.40717e-08,e,3.0,o,4.0,-5.26,66900.0,-0.003
7.40776e-08,e,4.0,o,4.0,-4.5,381000.0,0.01
7.4084e-08,e,3.0,o,3.0,-4.75,214000.0,0.02
7.41797e-08,e,5.0,o,5.0,-3.92,1450000.0,0.014
7.42e-08,e,4.0,o,5.0,-4.47,406000.0,-0.013
7.43852e-08,e,5.0,o,4.0,-3.58,3180000.0,-0.009
7.44121e-08,e,3.0,o,4.0,-5.6,30600.0,-0.002
7.44479e-08,e,4.0,o,4.0,-4.11,932000.0,-0.021
7.44922e-08,e,2.0,o,3.0,-4.36,527000.0,0.036
7.46228e-08,e,2.0,o,2.0,-4.11,941000.0,-0.013
7.46403e-08,e,3.0,o,2.0,-5.83,18100.0,0.0
7.47409e-08,e,2.0,o,2.0,-4.88,159000.0,0.011
7.47955e-08,e,6.0,o,5.0,-3.79,1930000.0,0.025
7.48183e-08,e,3.0,o,4.0,-4.98,125000.0,-0.011
7.482430000000001e-08,e,4.0,o,4.0,-4.86,162000.0,0.004
7.48564e-08,e,2.0,o,3.0,-5.08,99200.0,0.007
7.48741e-08,e,3.0,o,3.0,-3.93,1390000.0,-0.027
7.487949999999999e-08,e,4.0,o,5.0,-5.46,41000.0,-0.002
7.488010000000001e-08,e,4.0,o,3.0,-4.71,231000.0,0.006
7.49211e-08,e,2.0,o,1.0,-3.94,1360000.0,-0.239
7.514070000000001e-08,e,2.0,o,1.0,-2.67,25300000.0,0.357
7.51756e-08,e,2.0,o,1.0,-3.67,2550000.0,-0.097
7.53954e-08,e,2.0,o,2.0,-2.83,17200000.0,0.379
7.54657e-08,e,5.0,o,4.0,-3.43,4340000.0,0.08
7.54805e-08,e,3.0,o,4.0,-5.65,26500.0,0.002
7.54867e-08,e,4.0,o,4.0,-3.82,1800000.0,-0.036
7.55688e-08,e,3.0,o,2.0,-5.24,66900.0,0.002
7.55972e-08,e,2.0,o,3.0,-5.03,110000.0,-0.01
7.56152e-08,e,3.0,o,3.0,-3.79,1880000.0,0.032
7.56213e-08,e,4.0,o,3.0,-3.51,3620000.0,-0.062
7.571440000000001e-08,e,6.0,o,6.0,-4.11,896000.0,-0.007
7.57684e-08,e,2.0,o,2.0,-3.85,1650000.0,0.026
7.57792e-08,e,5.0,o,6.0,-4.39,475000.0,0.009
7.57865e-08,e,3.0,o,2.0,-3.52,3490000.0,-0.07
7.58157e-08,e,5.0,o,5.0,-2.7,23200000.0,-0.083
7.58809e-08,e,4.0,o,5.0,-5.43,42500.0,0.001
7.61182e-08,e,5.0,o,4.0,-2.96,12600000.0,-0.148
7.61463e-08,e,3.0,o,4.0,-4.8,182000.0,0.004
7.618390000000001e-08,e,4.0,o,4.0,-3.05,10300000.0,-0.064
7.63487e-08,e,2.0,o,3.0,-3.16,8000000.0,-0.598
7.640320000000001e-08,e,2.0,o,1.0,-1.88,150000000.0,-0.354
7.644360000000001e-08,e,2.0,o,2.0,-3.55,3230000.0,0.415
7.653410000000001e-08,e,3.0,o,3.0,-4.15,798000.0,0.013
7.65435e-08,e,2.0,o,2.0,-1.6,286000000.0,-0.425
7.65563e-08,e,2.0,o,3.0,-5.47,38700.0,-0.007
7.65656e-08,e,6.0,o,7.0,-3.84,1640000.0,-0.002
7.6572e-08,e,4.0,o,3.0,-3.2,7170000.0,0.101
7.658110000000001e-08,e,4.0,o,3.0,-4.64,257000.0,-0.061
7.66831e-08,e,2.0,o,2.0,-5.99,11700.0,0.0
7.67016e-08,e,3.0,o,2.0,-4.07,964000.0,-0.024
7.67333e-08,e,5.0,o,4.0,-3.72,2150000.0,-0.063
7.67487e-08,e,3.0,o,4.0,-4.71,219000.0,-0.015
7.6755e-08,e,4.0,o,4.0,-3.8,1790000.0,0.054
7.67572e-08,e,3.0,o,2.0,-4.31,548000.0,-0.006
7.68439e-08,e,3.0,o,3.0,-4.82,172000.0,0.002
7.68821e-08,e,4.0,o,3.0,-3.54,3240000.0,-0.029
7.694560000000001e-08,e,2.0,o,3.0,-1.51,346000000.0,-0.598
7.69912e-08,e,2.0,o,3.0,-4.1,901000.0,0.018
7.700990000000001e-08,e,3.0,o,3.0,-4.1,893000.0,-0.023
7.701630000000001e-08,e,4.0,o,3.0,-4.35,498000.0,-0.028
7.72697e-08,e,5.0,o,4.0,-3.05,9860000.0,0.055
7.72852e-08,e,3.0,o,4.0,-3.23,6580000.0,0.079
7.729170000000001e-08,e,4.0,o,4.0,-2.63,25900000.0,-0.129
7.73469e-08,e,6.0,o,6.0,-3.55,3120000.0,-0.036
7.73677e-08,e,2.0,o,2.0,-4.84,162000.0,0.022
7.737360000000001e-08,e,6.0,o,5.0,-2.27,59400000.0,0.178
7.73866e-08,e,3.0,o,2.0,-4.86,155000.0,-0.037
7.74146e-08,e,5.0,o,6.0,-5.38,46000.0,0.0
7.74413e-08,e,5.0,o,5.0,-2.47,37800000.0,-0.116
7.74635e-08,e,4.0,o,5.0,-3.27,5940000.0,0.065
7.764090000000001e-08,e,2.0,o,1.0,-3.63,2610000.0,0.013
7.77059e-08,e,2.0,o,3.0,-3.56,3070000.0,0.036
7.7725e-08,e,3.0,o,3.0,-3.04,10100000.0,-0.096
7.773150000000001e-08,e,4.0,o,3.0,-3.39,4530000.0,0.047
7.78242e-08,e,2.0,o,2.0,-3.4,4340000.0,0.123
7.78342e-08,e,2.0,o,3.0,-2.15,77900000.0,0.372
7.78964e-08,e,2.0,o,1.0,-4.18,730000.0,0.199
7.7981e-08,e,5.0,o,5.0,-4.63,255000.0,0.001
7.80107e-08,e,6.0,o,5.0,-4.48,360000.0,0.038
7.804990000000001e-08,e,4.0,o,5.0,-3.85,1560000.0,-0.039
7.80571e-08,e,5.0,o,4.0,-3.19,7000000.0,-0.235
7.8073e-08,e,3.0,o,4.0,-4.97,117000.0,-0.002
7.80795e-08,e,5.0,o,5.0,-3.88,1440000.0,-0.035
7.807960000000001e-08,e,4.0,o,4.0,-4.18,725000.0,0.018
7.82557e-08,e,2.0,o,2.0,-3.37,4700000.0,0.092
7.84258e-08,e,5.0,o,4.0,-1.27,578000000.0,-0.338
7.845570000000001e-08,e,3.0,o,4.0,-4.41,421000.0,0.003
7.84746e-08,e,3.0,o,2.0,-2.3,55000000.0,-0.233
7.849560000000001e-08,e,4.0,o,4.0,-2.62,26100000.0,0.051
7.86178e-08,e,3.0,o,3.0,-2.87,14600000.0,0.053
7.86578e-08,e,4.0,o,3.0,-1.81,167000000.0,-0.291
7.882580000000001e-08,e,2.0,o,2.0,-2.89,14000000.0,-0.08
7.88454e-08,e,3.0,o,2.0,-2.17,72400000.0,0.118
7.889059999999999e-08,e,2.0,o,1.0,-2.55,30700000.0,0.202
7.89396e-08,e,5.0,o,5.0,-5.06,93200.0,0.001
7.89725e-08,e,2.0,o,3.0,-4.28,566000.0,0.018
7.8979e-08,e,2.0,o,3.0,-2.43,39200000.0,0.226
7.89921e-08,e,3.0,o,3.0,-2.7,21500000.0,-0.068
7.899890000000001e-08,e,4.0,o,3.0,-1.88,141000000.0,0.16
7.90102e-08,e,4.0,o,5.0,-4.33,503000.0,-0.017
7.91131e-08,e,6.0,o,6.0,-2.34,49000000.0,-0.347
7.91462e-08,e,2.0,o,3.0,-3.37,4530000.0,-0.059
7.914690000000001e-08,e,2.0,o,2.0,-2.88,14000000.0,0.165
7.91558e-08,e,3.0,o,2.0,-2.15,75900000.0,-0.25
7.916180000000001e-08,e,3.0,o,3.0,-3.33,5030000.0,-0.024
7.91659e-08,e,3.0,o,3.0,-3.62,2560000.0,0.012
7.91727e-08,e,4.0,o,3.0,-2.74,19400000.0,0.203
7.918390000000001e-08,e,5.0,o,6.0,-3.42,4080000.0,0.05
7.92023e-08,e,4.0,o,3.0,-1.75,191000000.0,0.329
7.94623e-08,e,5.0,o,4.0,-1.64,241000000.0,0.251
7.947880000000001e-08,e,3.0,o,4.0,-4.06,924000.0,-0.008
7.948200000000001e-08,e,5.0,o,4.0,-2.44,38400000.0,0.228
7.94856e-08,e,4.0,o,4.0,-3.4,4210000.0,-0.01
7.95127e-08,e,3.0,o,4.0,-5.49,33700.0,0.0
7.953850000000001e-08,e,5.0,o,6.0,-2.74,19300000.0,0.2
7.95536e-08,e,4.0,o,4.0,-5.1,82700.0,0.001
7.97147e-08,e,6.0,o,5.0,-2.21,64400000.0,0.446
7.97183e-08,e,5.0,o,4.0,-2.48,35100000.0,-0.065
7.973490000000001e-08,e,3.0,o,4.0,-3.17,7100000.0,-0.045
7.97418e-08,e,4.0,o,4.0,-2.53,30900000.0,0.099
7.97866e-08,e,5.0,o,5.0,-2.64,23900000.0,0.18
7.98101e-08,e,4.0,o,5.0,-3.07,9020000.0,-0.11
7.98155e-08,e,5.0,o,4.0,-2.19,68200000.0,0.32
7.983320000000001e-08,e,2.0,o,2.0,-4.62,252000.0,0.001
7.98465e-08,e,3.0,o,4.0,-3.61,2540000.0,0.02
7.98517e-08,e,2.0,o,3.0,-3.56,2870000.0,-0.015
7.985330000000001e-08,e,3.0,o,2.0,-2.51,32100000.0,-0.167
7.986079999999999e-08,e,3.0,o,3.0,-4.89,134000.0,0.002
7.98718e-08,e,3.0,o,3.0,-3.04,9560000.0,0.073
7.98786e-08,e,4.0,o,3.0,-3.13,7750000.0,-0.082
7.988780000000001e-08,e,4.0,o,4.0,-4.54,305000.0,-0.002
7.99021e-08,e,4.0,o,3.0,-3.15,7330000.0,0.197
7.99511e-08,e,5.0,o,4.0,-3.31,5120000.0,-0.249
7.99577e-08,e,5.0,o,5.0,-4.68,217000.0,-0.001
7.996780000000001e-08,e,3.0,o,4.0,-3.62,2470000.0,0.016
7.99747e-08,e,4.0,o,4.0,-3.91,1270000.0,-0.023
8.00134e-08,e,2.0,o,3.0,-4.97,110000.0,0.183
8.003020000000001e-08,e,4.0,o,5.0,-3.01,10100000.0,0.055
8.03372e-08,e,6.0,o,5.0,-1.51,316000000.0,0.368
8.04102e-08,e,5.0,o,5.0,-2.34,47200000.0,-0.128
8.043410000000001e-08,e,4.0,o,5.0,-3.8,1620000.0,0.018
8.05076e-08,e,3.0,o,2.0,-1.92,126000000.0,0.216
8.054589999999999e-08,e,2.0,o,3.0,-4.16,704000.0,-0.002
8.05645e-08,e,2.0,o,2.0,-2.59,26500000.0,-0.058
8.05663e-08,e,3.0,o,3.0,-3.04,9240000.0,0.026
8.057340000000001e-08,e,4.0,o,3.0,-2.68,21200000.0,0.186
8.0585e-08,e,3.0,o,2.0,-4.54,300000.0,0.002
8.061e-08,e,2.0,o,1.0,-1.73,190000000.0,0.285
8.06577e-08,e,6.0,o,5.0,-1.39,419000000.0,0.411
8.068300000000001e-08,e,5.0,o,4.0,-2.45,36200000.0,-0.244
8.07147e-08,e,3.0,o,4.0,-3.0,10100000.0,0.066
8.07313e-08,e,5.0,o,5.0,-3.84,1470000.0,0.003
8.07472e-08,e,5.0,o,5.0,-3.19,6520000.0,0.043
8.07554e-08,e,4.0,o,5.0,-3.46,3520000.0,-0.012
8.07569e-08,e,4.0,o,4.0,-3.03,9420000.0,0.037
8.07576e-08,e,2.0,o,1.0,-2.25,57700000.0,-0.421
8.07796e-08,e,3.0,o,3.0,-3.17,6980000.0,-0.021
8.08211e-08,e,4.0,o,5.0,-3.0,10100000.0,0.169
8.08219e-08,e,4.0,o,3.0,-1.52,312000000.0,0.27
8.08305e-08,e,6.0,o,6.0,-1.7,202000000.0,0.534
8.08468e-08,e,6.0,o,5.0,-1.87,136000000.0,0.271
8.09044e-08,e,5.0,o,6.0,-2.79,16500000.0,-0.136
8.09157e-08,e,5.0,o,4.0,-2.53,30000000.0,-0.123
8.09207e-08,e,5.0,o,5.0,-2.01,99100000.0,0.171
8.09328e-08,e,3.0,o,4.0,-3.37,4340000.0,-0.069
8.09399e-08,e,4.0,o,4.0,-2.31,50200000.0,0.17
8.09449e-08,e,4.0,o,5.0,-2.84,14700000.0,-0.022
8.106190000000001e-08,e,2.0,o,2.0,-2.55,28600000.0,-0.127
8.10826e-08,e,3.0,o,2.0,-1.56,282000000.0,0.39
8.118890000000001e-08,e,5.0,o,4.0,-1.49,327000000.0,0.458
8.120610000000001e-08,e,3.0,o,4.0,-3.93,1200000.0,-0.004
8.12132e-08,e,4.0,o,4.0,-3.54,2900000.0,-0.005
8.121710000000001e-08,e,6.0,o,6.0,-1.2,641000000.0,0.394
8.129170000000001e-08,e,5.0,o,6.0,-2.27,53800000.0,-0.098
8.13203e-08,e,2.0,o,3.0,-3.79,1630000.0,0.019
8.134109999999999e-08,e,3.0,o,3.0,-2.17,68400000.0,-0.14
8.13482e-08,e,4.0,o,3.0,-1.4,398000000.0,0.386
8.14537e-08,e,5.0,o,4.0,-1.56,280000000.0,0.299
8.1486e-08,e,3.0,o,4.0,-4.33,471000.0,0.006
8.15204e-08,e,5.0,o,4.0,-1.72,192000000.0,0.389
8.1529e-08,e,4.0,o,4.0,-2.19,65500000.0,-0.144
8.15377e-08,e,3.0,o,4.0,-4.62,238000.0,-0.001
8.15449e-08,e,4.0,o,4.0,-4.77,171000.0,0.0
8.16429e-08,e,3.0,o,3.0,-3.11,7760000.0,0.05
8.16861e-08,e,4.0,o,3.0,-2.5,31800000.0,-0.286
8.171780000000001e-08,e,2.0,o,3.0,-3.95,1130000.0,-0.022
8.173890000000001e-08,e,3.0,o,3.0,-3.11,7720000.0,0.04
8.17461e-08,e,4.0,o,3.0,-2.95,11300000.0,0.058
8.17892e-08,e,2.0,o,1.0,-2.57,26600000.0,-0.136
8.18191e-08,e,5.0,o,6.0,-2.83,14700000.0,-0.026
8.182160000000001e-08,e,2.0,o,2.0,-2.26,55200000.0,0.209
8.184270000000001e-08,e,3.0,o,2.0,-2.24,56900000.0,-0.136
8.212089999999999e-08,e,6.0,o,5.0,-2.48,32600000.0,-0.043
8.21972e-08,e,5.0,o,5.0,-1.25,551000000.0,0.33
8.22221e-08,e,4.0,o,5.0,-2.11,76300000.0,-0.122
8.23429e-08,e,5.0,o,4.0,-3.97,1060000.0,0.002
8.23606e-08,e,3.0,o,4.0,-2.09,79200000.0,-0.138
8.23679e-08,e,4.0,o,4.0,-1.32,465000000.0,0.336
8.25728e-08,e,2.0,o,3.0,-4.57,263000.0,0.007
8.259430000000001e-08,e,3.0,o,3.0,-3.17,6590000.0,-0.053
8.260170000000001e-08,e,4.0,o,3.0,-2.46,33700000.0,0.119
8.26785e-08,e,2.0,o,3.0,-2.2,61900000.0,-0.191
8.27e-08,e,3.0,o,3.0,-1.41,377000000.0,0.38
8.27074e-08,e,4.0,o,3.0,-2.46,34100000.0,0.105
8.27126e-08,e,2.0,o,2.0,-1.57,260000000.0,0.412
8.273410000000001e-08,e,3.0,o,2.0,-2.29,50200000.0,0.338
8.276280000000001e-08,e,3.0,o,3.0,-3.16,6670000.0,-0.017
8.28071e-08,e,4.0,o,3.0,-2.61,23800000.0,0.133
8.28906e-08,e,5.0,o,4.0,-2.89,12600000.0,-0.039
8.290940000000001e-08,e,2.0,o,3.0,-4.67,206000.0,0.0
8.291100000000001e-08,e,3.0,o,2.0,-2.33,45200000.0,0.189
8.2931e-08,e,3.0,o,3.0,-3.2,6120000.0,0.026
8.29325e-08,e,5.0,o,4.0,-4.24,561000.0,0.011
8.29385e-08,e,4.0,o,3.0,-3.11,7380000.0,0.152
8.29659e-08,e,3.0,o,4.0,-3.41,3760000.0,-0.023
8.30105e-08,e,4.0,o,4.0,-3.74,1760000.0,-0.063
8.30874e-08,e,2.0,o,1.0,-2.87,13100000.0,0.386
8.32538e-08,e,2.0,o,2.0,-2.64,22000000.0,-0.195
8.32578e-08,e,5.0,o,4.0,-3.79,1550000.0,-0.028
8.32712e-08,e,3.0,o,3.0,-2.71,18700000.0,0.036
8.32757e-08,e,3.0,o,2.0,-3.83,1410000.0,-0.013
8.32759e-08,e,3.0,o,4.0,-2.99,9990000.0,0.07
8.32834e-08,e,4.0,o,4.0,-2.3,48800000.0,-0.296
8.33161e-08,e,4.0,o,3.0,-2.04,88700000.0,0.328
8.355940000000001e-08,e,5.0,o,4.0,-1.93,112000000.0,0.362
8.35933e-08,e,3.0,o,4.0,-4.48,314000.0,0.0
8.36385e-08,e,4.0,o,4.0,-1.85,135000000.0,0.154
8.371190000000001e-08,e,3.0,o,2.0,-3.96,1040000.0,0.004
8.37289e-08,e,5.0,o,6.0,-2.79,15400000.0,0.059
8.37602e-08,e,5.0,o,5.0,-1.67,205000000.0,0.287
8.383970000000001e-08,e,4.0,o,5.0,-2.41,36400000.0,-0.125
8.4108e-08,e,3.0,o,3.0,-2.07,80800000.0,0.214
8.41538e-08,e,4.0,o,3.0,-5.65,21000.0,0.0
8.4481e-08,e,5.0,o,4.0,-1.79,150000000.0,0.352
8.45072e-08,e,5.0,o,5.0,-4.02,886000.0,0.013
8.451570000000001e-08,e,3.0,o,4.0,-3.15,6580000.0,-0.014
8.456190000000001e-08,e,4.0,o,4.0,-3.93,1100000.0,0.006
8.45627e-08,e,5.0,o,4.0,-4.13,685000.0,-0.06
8.45813e-08,e,3.0,o,4.0,-4.62,224000.0,0.009
8.45882e-08,e,4.0,o,5.0,-2.75,16700000.0,0.281
8.45891e-08,e,4.0,o,4.0,-2.87,12700000.0,-0.302
8.46566e-08,e,6.0,o,7.0,-4.27,492000.0,0.011
8.46709e-08,e,5.0,o,5.0,-3.76,1620000.0,-0.023
8.468e-08,e,6.0,o,5.0,-2.54,26900000.0,0.062
8.477070000000001e-08,e,5.0,o,5.0,-3.14,6830000.0,-0.483
8.47972e-08,e,4.0,o,5.0,-5.5,29700.0,0.004
8.48583e-08,e,5.0,o,4.0,-3.22,5540000.0,-0.322
8.48771e-08,e,3.0,o,4.0,-4.21,567000.0,0.002
8.48849e-08,e,4.0,o,4.0,-3.86,1290000.0,-0.009
8.50483e-08,e,5.0,o,4.0,-2.95,10300000.0,0.027
8.52748e-08,e,6.0,o,6.0,-3.49,3000000.0,-0.331
8.542150000000001e-08,e,3.0,o,2.0,-1.85,130000000.0,0.157
8.559380000000001e-08,e,3.0,o,3.0,-1.65,206000000.0,0.151
8.563920000000001e-08,e,5.0,o,5.0,-3.87,1230000.0,0.18
8.56412e-08,e,4.0,o,3.0,-3.43,3420000.0,0.043
8.57624e-08,e,2.0,o,2.0,-2.7,18100000.0,-0.258
8.57856e-08,e,3.0,o,2.0,-3.07,7650000.0,-0.365
8.57979e-08,e,3.0,o,3.0,-2.24,52600000.0,-0.05
8.57991e-08,e,6.0,o,7.0,-3.89,1180000.0,0.125
8.58024e-08,e,5.0,o,6.0,-2.03,85200000.0,0.231
8.584550000000001e-08,e,4.0,o,3.0,-1.48,299000000.0,-0.397
8.61295e-08,e,5.0,o,4.0,-2.15,64200000.0,-0.19
8.61655e-08,e,3.0,o,4.0,-3.04,8250000.0,0.008
8.62012e-08,e,2.0,o,3.0,-3.55,2510000.0,0.01
8.62136e-08,e,4.0,o,4.0,-1.68,190000000.0,-0.321
8.62246e-08,e,3.0,o,3.0,-2.93,10400000.0,-0.038
8.623260000000001e-08,e,4.0,o,3.0,-3.34,4080000.0,-0.1
8.64303e-08,e,5.0,o,4.0,-1.9,113000000.0,-0.299
8.646660000000001e-08,e,3.0,o,4.0,-3.6,2260000.0,0.003
8.65105e-08,e,5.0,o,5.0,-1.03,826000000.0,-0.546
8.6515e-08,e,4.0,o,4.0,-1.5,282000000.0,-0.247
8.65954e-08,e,4.0,o,5.0,-3.44,3240000.0,-0.006
8.66058e-08,e,3.0,o,2.0,-3.18,5920000.0,0.012
8.66276e-08,e,3.0,o,3.0,-1.45,318000000.0,-0.315
8.66761e-08,e,4.0,o,3.0,-3.19,5800000.0,0.023
8.67039e-08,e,5.0,o,4.0,-2.2,55100000.0,-0.218
8.67405e-08,e,3.0,o,4.0,-3.29,4590000.0,0.011
8.678920000000001e-08,e,4.0,o,4.0,-1.76,152000000.0,0.389
8.69203e-08,e,2.0,o,2.0,-4.38,371000.0,0.029
8.724420000000001e-08,e,5.0,o,5.0,-2.54,25200000.0,-0.183
8.73305e-08,e,4.0,o,5.0,-2.32,42000000.0,0.139
8.738049999999999e-08,e,5.0,o,5.0,-3.73,1630000.0,-0.002
8.7381e-08,e,2.0,o,2.0,-2.9,11000000.0,-0.04
8.739030000000001e-08,e,6.0,o,5.0,-2.91,10700000.0,-0.441
8.7405e-08,e,3.0,o,2.0,-4.32,422000.0,-0.007
8.74452e-08,e,3.0,o,3.0,-2.9,10900000.0,0.047
8.746720000000001e-08,e,3.0,o,2.0,-1.88,115000000.0,0.209
8.74947e-08,e,4.0,o,3.0,-1.75,153000000.0,-0.474
8.76223e-08,e,5.0,o,5.0,-1.79,140000000.0,0.328
8.77094e-08,e,4.0,o,5.0,-2.11,67600000.0,-0.353
8.782619999999999e-08,e,5.0,o,6.0,-3.88,1150000.0,-0.014
8.78396e-08,e,5.0,o,4.0,-2.2,54400000.0,-0.346
8.78455e-08,e,5.0,o,5.0,-2.1,68300000.0,-0.413
8.785660000000001e-08,e,2.0,o,1.0,-5.74,16100.0,-0.016
8.78771e-08,e,3.0,o,4.0,-1.61,214000000.0,-0.4
8.79271e-08,e,4.0,o,4.0,-2.87,11500000.0,0.089
8.793300000000001e-08,e,4.0,o,5.0,-4.82,129000.0,0.0
8.79395e-08,e,5.0,o,4.0,-3.55,2450000.0,0.029
8.805370000000001e-08,e,3.0,o,2.0,-2.99,8740000.0,-0.019
8.81616e-08,e,5.0,o,4.0,-2.49,27400000.0,-0.262
8.81994e-08,e,3.0,o,4.0,-1.43,318000000.0,0.265
8.82497e-08,e,4.0,o,4.0,-1.91,107000000.0,0.374
8.82637e-08,e,6.0,o,7.0,-3.84,1220000.0,-0.043
8.82828e-08,e,5.0,o,6.0,-3.09,6870000.0,0.14
8.835220000000001e-08,e,6.0,o,5.0,-4.82,129000.0,-0.018
8.83587e-08,e,3.0,o,3.0,-2.84,12500000.0,-0.012
8.84092e-08,e,4.0,o,3.0,-2.03,79600000.0,0.229
8.84405e-08,e,5.0,o,5.0,-3.92,1020000.0,0.072
8.84693e-08,e,4.0,o,5.0,-4.16,588000.0,0.043
8.85526e-08,e,5.0,o,4.0,-1.43,312000000.0,0.354
8.85859e-08,e,5.0,o,5.0,-3.19,5510000.0,-0.016
8.85908e-08,e,3.0,o,4.0,-1.96,92600000.0,0.141
8.85959e-08,e,6.0,o,5.0,-1.88,112000000.0,-0.314
8.864160000000001e-08,e,4.0,o,4.0,-1.74,155000000.0,-0.322
8.87082e-08,e,6.0,o,6.0,-4.89,107000.0,-0.01
8.87973e-08,e,5.0,o,6.0,-4.38,349000.0,-0.019
8.88282e-08,e,3.0,o,3.0,-3.85,1210000.0,0.003
8.895090000000001e-08,e,3.0,o,2.0,-2.93,9890000.0,-0.088
8.92695e-08,e,5.0,o,4.0,-2.38,35000000.0,0.146
8.934080000000001e-08,e,5.0,o,6.0,-3.56,2300000.0,0.007
8.93511e-08,e,6.0,o,6.0,-2.74,15200000.0,-0.014
8.935180000000001e-08,e,5.0,o,5.0,-1.46,291000000.0,0.533
8.940910000000001e-08,e,7.0,o,6.0,-1.38,348000000.0,0.413
8.94423e-08,e,4.0,o,5.0,-2.81,12800000.0,0.031
8.9524e-08,e,5.0,o,4.0,-2.59,21400000.0,0.393
8.9563e-08,e,3.0,o,4.0,-2.6,20800000.0,-0.024
8.96149e-08,e,4.0,o,4.0,-2.04,75000000.0,0.296
8.96905e-08,e,5.0,o,4.0,-1.82,127000000.0,0.403
8.983940000000001e-08,e,3.0,o,3.0,-3.55,2350000.0,-0.01
8.987000000000001e-08,e,5.0,o,5.0,-2.91,10200000.0,-0.019
8.98804e-08,e,6.0,o,5.0,-1.8,130000000.0,0.171
8.98917e-08,e,4.0,o,3.0,-3.64,1880000.0,0.031
8.99645e-08,e,3.0,o,3.0,-2.49,26500000.0,0.05
9.00049e-08,e,3.0,o,2.0,-2.35,36800000.0,0.259
9.00169e-08,e,4.0,o,3.0,-1.77,139000000.0,0.57
9.00592e-08,e,2.0,o,1.0,-5.5,25700.0,0.011
9.0238e-08,e,3.0,o,3.0,-2.28,43000000.0,-0.133
9.029070000000001e-08,e,4.0,o,3.0,-1.93,94100000.0,0.27
9.060650000000001e-08,e,5.0,o,4.0,-1.63,193000000.0,-0.408
9.064610000000001e-08,e,3.0,o,2.0,-1.99,82300000.0,-0.216
9.064640000000001e-08,e,3.0,o,4.0,-3.97,867000.0,-0.003
9.06996e-08,e,4.0,o,4.0,-2.1,65200000.0,-0.169
9.07874e-08,e,5.0,o,4.0,-1.44,297000000.0,0.591
9.08687e-08,e,5.0,o,5.0,-2.57,21700000.0,-0.045
9.08793e-08,e,6.0,o,5.0,-1.44,291000000.0,0.476
9.1717e-08,e,2.0,o,2.0,-5.28,41600.0,0.002
9.17435e-08,e,3.0,o,2.0,-3.37,3390000.0,0.178
9.176440000000001e-08,e,5.0,o,4.0,-2.45,28300000.0,0.172
9.180460000000001e-08,e,2.0,o,3.0,-4.05,713000.0,0.053
9.183120000000001e-08,e,3.0,o,3.0,-3.93,942000.0,-0.027
9.184030000000001e-08,e,4.0,o,3.0,-2.72,15200000.0,0.33
9.2154e-08,e,5.0,o,4.0,-2.85,11000000.0,-0.075
9.21953e-08,e,3.0,o,4.0,-1.57,210000000.0,0.34
9.22285e-08,e,5.0,o,6.0,-3.08,6530000.0,0.008
9.22394e-08,e,6.0,o,6.0,-2.17,52300000.0,-0.173
9.225030000000001e-08,e,4.0,o,4.0,-3.05,7050000.0,-0.023
9.23012e-08,e,7.0,o,6.0,-2.17,52300000.0,-0.512
9.24011e-08,e,5.0,o,5.0,-4.72,148000.0,0.002
9.2498e-08,e,4.0,o,5.0,-1.25,444000000.0,0.64
9.25052e-08,e,5.0,o,4.0,-2.26,42800000.0,0.45
9.250700000000001e-08,e,5.0,o,4.0,-2.4,30900000.0,0.517
9.25294e-08,e,3.0,o,4.0,-4.16,535000.0,0.033
9.25386e-08,e,4.0,o,4.0,-3.45,2800000.0,-0.099
9.25468e-08,e,3.0,o,4.0,-2.55,21800000.0,-0.066
9.26023e-08,e,4.0,o,4.0,-1.67,165000000.0,0.267
9.26211e-08,e,2.0,o,1.0,-2.62,18700000.0,0.469
9.302150000000001e-08,e,2.0,o,3.0,-5.15,55200.0,0.007
9.30488e-08,e,3.0,o,3.0,-3.61,1920000.0,-0.059
9.30581e-08,e,4.0,o,3.0,-3.56,2100000.0,0.057
9.30983e-08,e,5.0,o,6.0,-1.13,574000000.0,0.634
9.31022e-08,e,2.0,o,2.0,-3.17,5150000.0,-0.184
9.31296e-08,e,3.0,o,2.0,-2.39,31400000.0,0.407
9.3434e-08,e,5.0,o,5.0,-2.24,43800000.0,0.215
9.35058e-08,e,6.0,o,7.0,-2.4,30000000.0,-0.014
9.353300000000001e-08,e,4.0,o,5.0,-2.05,67800000.0,-0.439
9.35694e-08,e,7.0,o,7.0,-0.88,1000000000.0,0.753
9.3628e-08,e,3.0,o,2.0,-2.65,17200000.0,-0.05
9.364560000000001e-08,e,5.0,o,4.0,-2.14,55100000.0,0.217
9.41409e-08,e,3.0,o,2.0,-3.53,2240000.0,-0.179
9.41511e-08,e,3.0,o,3.0,-2.08,62000000.0,0.124
9.42085e-08,e,4.0,o,3.0,-2.77,12700000.0,0.196
9.43727e-08,e,2.0,o,3.0,-3.89,960000.0,0.205
9.44007e-08,e,3.0,o,3.0,-3.4,2970000.0,-0.117
9.44103e-08,e,4.0,o,3.0,-2.51,23000000.0,0.473
9.444570000000001e-08,e,5.0,o,4.0,-2.55,21100000.0,-0.262
9.46512e-08,e,2.0,o,1.0,-3.19,4840000.0,0.272
9.466230000000001e-08,e,5.0,o,6.0,-2.64,17100000.0,-0.009
9.46737e-08,e,6.0,o,6.0,-1.06,641000000.0,0.52
9.47023e-08,e,5.0,o,5.0,-2.89,9670000.0,0.067
9.47137e-08,e,6.0,o,5.0,-5.18,48600.0,-0.002
9.473890000000001e-08,e,7.0,o,6.0,-4.49,241000.0,-0.003
9.500230000000001e-08,e,3.0,o,2.0,-1.74,136000000.0,0.838
9.50097e-08,e,3.0,o,2.0,-2.29,37800000.0,0.282
9.53783e-08,e,2.0,o,1.0,-3.24,4210000.0,-0.413
9.550140000000001e-08,e,2.0,o,2.0,-3.65,1640000.0,0.089
9.553010000000001e-08,e,3.0,o,2.0,-4.18,479000.0,-0.033
9.556040000000001e-08,e,3.0,o,2.0,-2.9,9300000.0,0.05
9.562480000000001e-08,e,5.0,o,4.0,-1.81,115000000.0,-0.293
9.56584e-08,e,5.0,o,5.0,-0.94,829000000.0,0.572
9.56701e-08,e,6.0,o,5.0,-5.17,49100.0,0.0
9.580140000000001e-08,e,3.0,o,3.0,-1.3,368000000.0,0.864
9.60473e-08,e,2.0,o,3.0,-3.51,2220000.0,-0.214
9.60547e-08,e,2.0,o,1.0,-4.22,430000.0,0.155
9.607630000000001e-08,e,3.0,o,3.0,-4.74,130000.0,-0.005
9.608630000000001e-08,e,4.0,o,3.0,-3.08,5950000.0,0.286
9.61632e-08,e,6.0,o,5.0,-1.16,504000000.0,-0.733
9.62678e-08,e,5.0,o,5.0,-2.25,40700000.0,0.181
9.6302e-08,e,4.0,o,5.0,-2.0,72100000.0,0.39
9.63107e-08,e,5.0,o,4.0,-1.64,166000000.0,-0.596
9.63349e-08,e,3.0,o,4.0,-1.72,137000000.0,0.434
9.634500000000001e-08,e,4.0,o,4.0,-2.16,49500000.0,0.22
9.639650000000001e-08,e,2.0,o,3.0,-1.62,173000000.0,0.502
9.642580000000001e-08,e,3.0,o,3.0,-2.26,39400000.0,0.291
9.643579999999999e-08,e,4.0,o,3.0,-2.3,35800000.0,-0.431
9.66032e-08,e,2.0,o,2.0,-3.53,2110000.0,-0.157
9.663260000000001e-08,e,3.0,o,2.0,-2.59,18200000.0,0.466
9.677830000000001e-08,e,5.0,o,5.0,-2.22,42900000.0,0.184
9.682580000000001e-08,e,5.0,o,4.0,-4.76,123000.0,0.01
9.68502e-08,e,3.0,o,4.0,-5.45,25300.0,-0.003
9.68604e-08,e,4.0,o,4.0,-4.23,420000.0,0.025
9.68846e-08,e,4.0,o,5.0,-2.26,39600000.0,-0.539
9.71973e-08,e,2.0,o,3.0,-3.75,1250000.0,0.117
9.72057e-08,e,5.0,o,6.0,-3.74,1290000.0,0.052
9.722709999999999e-08,e,3.0,o,3.0,-2.6,17600000.0,-0.252
9.72373e-08,e,4.0,o,3.0,-1.8,110000000.0,0.575
9.73213e-08,e,5.0,o,6.0,-1.83,105000000.0,0.507
9.73335e-08,e,6.0,o,6.0,-1.43,262000000.0,-0.128
9.74023e-08,e,7.0,o,6.0,-1.46,243000000.0,-0.689
9.77423e-08,e,5.0,o,4.0,-3.15,5020000.0,-0.15
9.792300000000001e-08,e,6.0,o,5.0,-0.76,1200000000.0,-0.599
9.80314e-08,e,5.0,o,5.0,-1.26,377000000.0,0.713
9.806690000000001e-08,e,4.0,o,5.0,-2.26,38300000.0,-0.393
9.812980000000001e-08,e,5.0,o,4.0,-2.7,13800000.0,-0.12
9.82333e-08,e,5.0,o,5.0,-3.84,1010000.0,-0.004
9.824560000000001e-08,e,6.0,o,5.0,-1.75,125000000.0,0.093
9.84828e-08,e,5.0,o,4.0,-1.13,505000000.0,-0.309
9.87102e-08,e,5.0,o,4.0,-0.76,1200000000.0,-0.574
9.873560000000001e-08,e,3.0,o,4.0,-2.05,60500000.0,-0.562
9.874610000000001e-08,e,4.0,o,4.0,-1.14,493000000.0,0.687
9.91804e-08,e,5.0,o,5.0,-1.58,179000000.0,-0.15
9.9193e-08,e,6.0,o,5.0,-1.66,149000000.0,-0.436
9.93733e-08,e,2.0,o,3.0,-2.1,54300000.0,-0.775
9.94044e-08,e,3.0,o,3.0,-1.09,544000000.0,0.714
9.941500000000001e-08,e,4.0,o,3.0,-0.75,1200000000.0,-0.586
9.966930000000001e-08,e,5.0,o,5.0,-2.08,56200000.0,0.216
9.9682e-08,e,6.0,o,5.0,-4.59,173000.0,-0.002
9.98163e-08,e,2.0,o,2.0,-1.17,452000000.0,0.775
9.98477e-08,e,3.0,o,2.0,-0.67,1420000000.0,-0.701
9.99332e-08,e,5.0,o,6.0,-1.58,175000000.0,0.34
9.994600000000001e-08,e,6.0,o,6.0,-1.96,72500000.0,0.101
9.99505e-08,e,5.0,o,4.0,-1.4,264000000.0,0.53
9.99582e-08,e,5.0,o,5.0,-2.44,24300000.0,0.255
9.9971e-08,e,6.0,o,5.0,-3.11,5110000.0,0.045
1.0001860000000001e-07,e,7.0,o,6.0,-1.05,589000000.0,-0.667
1.00138e-07,e,2.0,o,1.0,-0.7,1320000000.0,-0.859
1.0036760000000001e-07,e,5.0,o,4.0,-2.79,10600000.0,-0.609
1.0052480000000001e-07,e,5.0,o,6.0,-2.45,23300000.0,-0.136
1.005307e-07,e,2.0,o,1.0,-1.73,122000000.0,-0.752
1.0053780000000001e-07,e,6.0,o,6.0,-2.09,54000000.0,-0.116
1.006112e-07,e,7.0,o,6.0,-2.79,10600000.0,0.142
1.007703e-07,e,3.0,o,2.0,-2.35,29100000.0,-0.185
1.0087480000000001e-07,e,5.0,o,4.0,-2.03,61300000.0,0.616
1.008761e-07,e,3.0,o,3.0,-1.34,300000000.0,-0.279
1.0088719999999999e-07,e,5.0,o,4.0,-3.35,2910000.0,0.217
1.009138e-07,e,3.0,o,4.0,-1.53,194000000.0,0.608
1.0092480000000001e-07,e,4.0,o,4.0,-1.86,89600000.0,0.842
1.00942e-07,e,4.0,o,3.0,-3.17,4450000.0,0.053
1.0098710000000001e-07,e,2.0,o,2.0,-2.51,20100000.0,0.713
1.010193e-07,e,3.0,o,2.0,-3.61,1610000.0,-0.055
1.011329e-07,e,6.0,o,5.0,-2.58,17100000.0,0.785
1.012486e-07,e,5.0,o,5.0,-1.38,273000000.0,0.826
1.012864e-07,e,4.0,o,5.0,-1.18,425000000.0,0.523
1.0166900000000001e-07,e,5.0,o,4.0,-2.15,45200000.0,0.401
1.017193e-07,e,3.0,o,4.0,-1.7,128000000.0,-0.121
1.017694e-07,e,6.0,o,6.0,-0.95,723000000.0,0.87
1.017862e-07,e,4.0,o,4.0,-2.09,53000000.0,0.317
1.018865e-07,e,5.0,o,6.0,-1.06,562000000.0,0.427
1.019131e-07,e,5.0,o,5.0,-5.31,31500.0,0.0
1.019264e-07,e,6.0,o,5.0,-1.26,349000000.0,-0.744
1.021372e-07,e,5.0,o,4.0,-2.07,54400000.0,-0.386
1.023473e-07,e,3.0,o,3.0,-0.68,1330000000.0,-0.701
1.023823e-07,e,5.0,o,4.0,-1.27,343000000.0,-0.844
1.024097e-07,e,3.0,o,4.0,-2.05,56900000.0,0.409
1.024152e-07,e,4.0,o,3.0,-2.61,15600000.0,-0.069
1.02421e-07,e,4.0,o,4.0,-2.41,24700000.0,-0.053
1.0244510000000001e-07,e,3.0,o,2.0,-1.46,217000000.0,0.283
1.027047e-07,e,2.0,o,3.0,-1.97,67500000.0,0.347
1.0273800000000002e-07,e,3.0,o,3.0,-2.31,30900000.0,-0.038
1.027494e-07,e,4.0,o,3.0,-1.04,584000000.0,-0.758
1.0280350000000001e-07,e,2.0,o,1.0,-2.73,11700000.0,-0.672
1.0287650000000001e-07,e,2.0,o,2.0,-1.54,182000000.0,-0.258
1.029099e-07,e,3.0,o,2.0,-1.29,322000000.0,-0.712
1.030576e-07,e,2.0,o,2.0,-2.63,14700000.0,0.667
1.0309110000000001e-07,e,3.0,o,2.0,-1.94,72500000.0,-0.756
1.0354860000000001e-07,e,5.0,o,4.0,-0.57,1700000000.0,0.677
1.036702e-07,e,3.0,o,2.0,-2.07,52700000.0,0.014
1.0378779999999999e-07,e,2.0,o,3.0,-2.26,33900000.0,-0.8
1.0382180000000002e-07,e,3.0,o,3.0,-1.49,202000000.0,0.677
1.0383340000000001e-07,e,4.0,o,3.0,-1.37,265000000.0,-0.465
1.039853e-07,e,3.0,o,3.0,-0.78,1020000000.0,0.367
1.04003e-07,e,5.0,o,4.0,-0.48,2040000000.0,-0.638
1.040312e-07,e,3.0,o,4.0,-1.66,134000000.0,-0.818
1.0404290000000001e-07,e,4.0,o,4.0,-0.94,702000000.0,0.69
1.0405530000000002e-07,e,4.0,o,3.0,-1.57,166000000.0,0.34
1.0535740000000002e-07,e,3.0,o,2.0,-1.13,443000000.0,0.381
1.0539269999999999e-07,e,2.0,o,2.0,-0.72,1160000000.0,0.892
1.0541099999999999e-07,e,2.0,o,3.0,-1.43,225000000.0,-0.835
1.054277e-07,e,3.0,o,2.0,-0.26,3280000000.0,-0.72
1.05446e-07,e,3.0,o,3.0,-0.55,1680000000.0,0.753
1.0545799999999999e-07,e,4.0,o,3.0,-0.17,4050000000.0,-0.646
1.055252e-07,e,2.0,o,1.0,-0.28,3140000000.0,-0.895
1.055748e-07,e,5.0,o,4.0,0.25,10700000000.0,-0.925
1.05862e-07,e,6.0,o,7.0,-0.62,1410000000.0,0.654
1.058992e-07,e,5.0,o,5.0,-0.75,1070000000.0,0.914
1.059136e-07,e,6.0,o,5.0,0.3,11900000000.0,-0.816
1.059434e-07,e,7.0,o,7.0,-0.8,926000000.0,0.941
1.060222e-07,e,3.0,o,3.0,-1.37,255000000.0,-0.119
1.06036e-07,e,5.0,o,4.0,-1.52,180000000.0,0.742
1.0608900000000002e-07,e,3.0,o,4.0,0.38,14100000000.0,-0.942
1.060949e-07,e,4.0,o,3.0,-2.64,13700000.0,-0.051
1.0618550000000001e-07,e,2.0,o,2.0,-1.43,223000000.0,0.861
1.0622100000000001e-07,e,3.0,o,2.0,-1.1,476000000.0,-0.635
1.0623e-07,e,5.0,o,5.0,0.41,15100000000.0,0.875
1.062822e-07,e,5.0,o,4.0,-0.71,1140000000.0,0.884
1.063372e-07,e,3.0,o,4.0,-1.68,125000000.0,-0.165
1.0635799999999999e-07,e,4.0,o,5.0,-1.12,452000000.0,-0.466
1.064104e-07,e,4.0,o,4.0,0.26,10800000000.0,0.802
1.0644280000000001e-07,e,6.0,o,7.0,0.59,22800000000.0,-0.925
1.0644790000000001e-07,e,3.0,o,3.0,-0.13,4350000000.0,0.7
1.065212e-07,e,4.0,o,3.0,-0.79,950000000.0,0.791
1.0670000000000001e-07,e,3.0,o,2.0,-0.69,1200000000.0,-0.582
1.0681590000000002e-07,e,5.0,o,6.0,-0.66,1300000000.0,-0.788
1.0683050000000001e-07,e,6.0,o,6.0,0.02,6160000000.0,0.771
1.069098e-07,e,5.0,o,4.0,-3.03,5380000.0,-0.164
1.069135e-07,e,7.0,o,6.0,0.29,11300000000.0,-0.665
1.069654e-07,e,3.0,o,4.0,-1.14,419000000.0,0.137
1.0700150000000002e-07,e,5.0,o,4.0,-0.01,5660000000.0,-0.599
1.0700840000000001e-07,e,6.0,o,6.0,-0.96,634000000.0,0.074
1.0703140000000001e-07,e,3.0,o,4.0,-0.7,1150000000.0,-0.829
1.070394e-07,e,4.0,o,4.0,-1.51,181000000.0,0.562
1.0704380000000002e-07,e,4.0,o,4.0,-0.41,2240000000.0,0.54
1.070965e-07,e,6.0,o,5.0,0.15,8260000000.0,-0.584
1.0713800000000002e-07,e,5.0,o,6.0,0.51,18500000000.0,-0.92
1.072263e-07,e,5.0,o,5.0,-0.33,2700000000.0,0.363
1.0725820000000002e-07,e,5.0,o,5.0,0.0,5880000000.0,-0.848
1.0726869999999999e-07,e,4.0,o,5.0,-0.17,3960000000.0,-0.89
1.072729e-07,e,6.0,o,5.0,-0.94,666000000.0,0.245
1.074252e-07,e,3.0,o,3.0,-0.62,1390000000.0,-0.388
1.0749990000000001e-07,e,4.0,o,3.0,-1.33,270000000.0,0.738
1.0752170000000001e-07,e,2.0,o,3.0,-1.44,207000000.0,0.789
1.075581e-07,e,3.0,o,3.0,-0.97,613000000.0,-0.608
1.075706e-07,e,4.0,o,3.0,-0.59,1460000000.0,0.629
1.0765460000000001e-07,e,6.0,o,7.0,0.27,10600000000.0,-0.887
1.077388e-07,e,7.0,o,7.0,0.3,11500000000.0,0.62
1.0783309999999999e-07,e,2.0,o,2.0,-1.58,151000000.0,-0.911
1.078697e-07,e,3.0,o,2.0,-1.05,513000000.0,0.748
1.0794159999999999e-07,e,7.0,o,8.0,0.64,25000000000.0,-0.935
1.080512e-07,e,6.0,o,5.0,-0.19,3680000000.0,0.698
1.0818330000000001e-07,e,5.0,o,5.0,-1.78,94300000.0,-0.011
1.082251e-07,e,3.0,o,3.0,0.25,10100000000.0,-0.942
1.0822650000000002e-07,e,4.0,o,5.0,0.31,11500000000.0,-0.82
1.083816e-07,e,5.0,o,5.0,-1.77,96300000.0,-0.721
1.0851479999999999e-07,e,4.0,o,5.0,-1.12,429000000.0,-0.639
1.0876410000000001e-07,e,5.0,o,4.0,-0.7,1110000000.0,0.478
1.08795e-07,e,3.0,o,4.0,0.3,11200000000.0,-0.851
1.088078e-07,e,4.0,o,4.0,-2.2,35600000.0,-0.004
1.092118e-07,e,5.0,o,4.0,-1.97,60200000.0,-0.712
1.0926980000000001e-07,e,3.0,o,4.0,-0.08,4700000000.0,0.816
1.093471e-07,e,4.0,o,4.0,-1.82,84800000.0,-0.371
1.09448e-07,e,2.0,o,3.0,0.22,9140000000.0,-0.887
1.0947080000000002e-07,e,3.0,o,2.0,0.1,7060000000.0,-0.942
1.094857e-07,e,3.0,o,3.0,-2.31,27300000.0,-0.006
1.0949870000000002e-07,e,4.0,o,3.0,-1.2,350000000.0,0.337
1.09848e-07,e,2.0,o,1.0,-0.12,4240000000.0,-0.935
1.100895e-07,e,3.0,o,3.0,-0.95,612000000.0,0.243
1.1016800000000001e-07,e,4.0,o,3.0,-3.3,2780000.0,-0.074
1.1049960000000001e-07,e,2.0,o,2.0,0.1,6860000000.0,-0.936
1.1063350000000001e-07,e,3.0,o,2.0,-2.48,18100000.0,0.045
1.1156330000000001e-07,e,6.0,o,7.0,0.25,9450000000.0,-0.592
1.1158209999999999e-07,e,2.0,o,3.0,0.24,9210000000.0,-0.933
1.116514e-07,e,6.0,o,6.0,0.49,16500000000.0,0.948
1.1165370000000001e-07,e,7.0,o,7.0,0.21,8600000000.0,-0.945
1.1168879999999999e-07,e,5.0,o,5.0,0.19,8230000000.0,0.736
1.1170480000000001e-07,e,6.0,o,5.0,-0.28,2810000000.0,0.928
1.1179240000000001e-07,e,5.0,o,6.0,-1.13,402000000.0,0.057
1.11883e-07,e,5.0,o,4.0,-2.83,7760000.0,-0.322
1.1194380000000002e-07,e,3.0,o,4.0,0.05,5940000000.0,-0.926
1.1198320000000002e-07,e,6.0,o,5.0,-0.34,2430000000.0,0.934
1.12025e-07,e,4.0,o,4.0,-1.08,436000000.0,-0.546
1.1207370000000001e-07,e,3.0,o,2.0,-1.62,127000000.0,-0.088
1.121251e-07,e,5.0,o,5.0,0.34,11800000000.0,0.792
1.1217149999999999e-07,e,4.0,o,5.0,-1.33,250000000.0,0.031
1.1225840000000001e-07,e,5.0,o,6.0,0.3,10500000000.0,-0.664
1.1227449999999999e-07,e,6.0,o,6.0,0.05,5860000000.0,-0.852
1.122885e-07,e,5.0,o,4.0,-0.29,2730000000.0,0.933
1.123214e-07,e,3.0,o,4.0,-1.63,125000000.0,0.017
1.1232760000000002e-07,e,5.0,o,5.0,-1.08,440000000.0,-0.57
1.1233510000000001e-07,e,4.0,o,4.0,0.23,8910000000.0,0.761
1.1236610000000001e-07,e,7.0,o,6.0,-0.98,546000000.0,-0.926
1.1237790000000001e-07,e,2.0,o,3.0,-2.11,41600000.0,0.009
1.1241769999999999e-07,e,3.0,o,3.0,0.1,6670000000.0,0.77
1.1243130000000001e-07,e,4.0,o,3.0,-0.35,2340000000.0,0.936
1.12434e-07,e,2.0,o,2.0,-0.04,4830000000.0,0.815
1.1247080000000002e-07,e,4.0,o,5.0,0.39,12900000000.0,-0.907
1.1247380000000001e-07,e,3.0,o,2.0,-0.56,1470000000.0,0.938
1.131133e-07,e,5.0,o,6.0,0.48,15700000000.0,-0.937
1.1372480000000001e-07,e,5.0,o,4.0,0.27,9660000000.0,-0.886
1.137876e-07,e,3.0,o,4.0,-1.95,57900000.0,-0.245
1.138715e-07,e,4.0,o,4.0,-0.74,942000000.0,0.866
1.1419310000000001e-07,e,3.0,o,3.0,-1.37,219000000.0,0.219
1.1427750000000001e-07,e,4.0,o,3.0,0.12,6780000000.0,-0.867
1.1440550000000001e-07,e,3.0,o,2.0,-0.18,3400000000.0,-0.923
1.1462950000000001e-07,e,3.0,o,2.0,-0.87,690000000.0,0.378
1.155336e-07,e,3.0,o,3.0,-5.45,17900.0,0.0
1.1562000000000001e-07,e,4.0,o,3.0,-2.34,23000000.0,0.047
1.1572790000000001e-07,e,5.0,o,4.0,-3.08,4080000.0,-0.692
1.1579300000000001e-07,e,3.0,o,4.0,-1.0,496000000.0,-0.234
1.158798e-07,e,4.0,o,4.0,-1.8,77900000.0,-0.609
1.175258e-07,e,3.0,o,2.0,-2.13,36100000.0,0.048
1.1754849999999999e-07,e,3.0,o,3.0,-1.89,61700000.0,-0.04
1.1763789999999999e-07,e,4.0,o,3.0,-1.68,101000000.0,0.437
1.1825360000000001e-07,e,5.0,o,4.0,-5.67,10300.0,0.014
1.1851250000000001e-07,e,3.0,o,2.0,-1.95,53900000.0,-0.072
1.194528e-07,e,5.0,o,4.0,-1.59,120000000.0,0.542
1.1952220000000001e-07,e,3.0,o,4.0,-1.8,74000000.0,-0.044
1.196146e-07,e,4.0,o,4.0,-2.42,17800000.0,-0.082
1.196228e-07,e,5.0,o,6.0,-1.32,220000000.0,-0.893
1.197329e-07,e,5.0,o,5.0,-1.59,119000000.0,-0.863
1.1989559999999998e-07,e,4.0,o,5.0,-3.1,3670000.0,0.041
1.2017929999999998e-07,e,3.0,o,3.0,-1.0,455000000.0,0.189
1.2027280000000002e-07,e,4.0,o,3.0,-1.75,81400000.0,-0.453
1.205685e-07,e,3.0,o,2.0,-2.29,23400000.0,0.025
1.2092750000000002e-07,e,5.0,o,5.0,-1.63,107000000.0,0.381
1.210934e-07,e,4.0,o,5.0,-1.2,283000000.0,-0.871
1.2165360000000002e-07,e,5.0,o,4.0,-1.92,53600000.0,-0.321
1.2172560000000002e-07,e,3.0,o,4.0,-1.87,60800000.0,-0.247
1.218215e-07,e,4.0,o,4.0,-1.63,104000000.0,0.374
1.2259090000000002e-07,e,3.0,o,3.0,-1.67,94600000.0,0.571
1.226882e-07,e,4.0,o,3.0,-2.01,42600000.0,-0.275
1.244694e-07,e,5.0,o,5.0,-3.42,1640000.0,-0.055
1.244893e-07,e,6.0,o,5.0,-2.81,6790000.0,-0.725
1.2454120000000001e-07,e,5.0,o,4.0,-3.37,1850000.0,-0.262
1.2540380000000002e-07,e,5.0,o,4.0,-4.7,84700.0,-0.36
1.254548e-07,e,5.0,o,6.0,-0.93,505000000.0,0.848
1.2587390000000001e-07,e,5.0,o,5.0,-2.48,14000000.0,0.672
1.260537e-07,e,4.0,o,5.0,-1.34,193000000.0,0.832
1.260799e-07,e,5.0,o,4.0,-1.71,81400000.0,-0.852
1.261572e-07,e,3.0,o,4.0,-2.46,14500000.0,0.176
1.262602e-07,e,4.0,o,4.0,-2.58,11000000.0,0.372
1.2627860000000002e-07,e,3.0,o,3.0,-3.74,768000.0,0.016
1.2634939999999998e-07,e,3.0,o,2.0,-1.52,127000000.0,-0.747
1.2638180000000002e-07,e,4.0,o,3.0,-1.41,162000000.0,-0.861
1.274337e-07,e,5.0,o,5.0,-4.7,82500.0,0.171
1.274545e-07,e,6.0,o,5.0,-4.05,370000.0,-0.176
1.28583e-07,e,5.0,o,4.0,-5.01,39100.0,-0.069
1.2880370000000002e-07,e,2.0,o,3.0,-1.43,151000000.0,-0.921
1.30572e-07,e,2.0,o,2.0,-1.87,52300000.0,-0.921
1.323019e-07,e,5.0,o,4.0,-1.29,195000000.0,-0.854
1.329241e-07,e,5.0,o,5.0,-2.56,10400000.0,0.608
1.329467e-07,e,6.0,o,5.0,-1.23,223000000.0,-0.847
1.340258e-07,e,5.0,o,6.0,-4.87,50400.0,-0.004
1.340488e-07,e,6.0,o,6.0,-2.5,11600000.0,0.684
1.3417940000000002e-07,e,7.0,o,6.0,-1.14,270000000.0,-0.892
1.3488510000000003e-07,e,5.0,o,4.0,-5.74,6730.0,-0.001
1.3771220000000002e-07,e,5.0,o,4.0,-4.57,94000.0,0.153
1.422769e-07,e,6.0,o,7.0,-5.44,12000.0,0.002
1.42424e-07,e,7.0,o,7.0,-3.73,613000.0,0.853
1.432893e-07,e,6.0,o,6.0,-3.71,625000.0,0.293
1.43421e-07,e,5.0,o,5.0,-5.25,18400.0,0.028
1.434385e-07,e,7.0,o,6.0,-3.05,2840000.0,-0.767
1.434473e-07,e,6.0,o,5.0,-4.87,44000.0,-0.02
1.4513830000000002e-07,e,5.0,o,5.0,-4.09,258000.0,0.21
1.4516530000000002e-07,e,6.0,o,5.0,-3.09,2540000.0,-0.376
1.4618560000000001e-07,e,5.0,o,4.0,-3.39,1270000.0,-0.495
1.517386e-07,e,6.0,o,6.0,-3.79,475000.0,-0.083
1.51906e-07,e,7.0,o,6.0,-2.74,5320000.0,0.76
1.523225e-07,e,5.0,o,5.0,-4.24,169000.0,-0.083
1.523522e-07,e,6.0,o,5.0,-3.19,1880000.0,0.435
1.5262420000000001e-07,e,5.0,o,4.0,-3.73,543000.0,0.332
1.7588570000000001e-07,e,3.0,o,2.0,-5.9,2740.0,0.253
1.786445e-07,e,3.0,o,3.0,-5.62,5020.0,-0.77
1.78679e-07,e,4.0,o,3.0,-5.39,8550.0,0.806
2.1235430000000003e-07,e,3.0,o,2.0,-2.32,7140000.0,-0.696
2.1638890000000003e-07,e,3.0,o,3.0,-3.28,750000.0,0.126
2.166922e-07,e,4.0,o,3.0,-3.63,332000.0,0.715
2.770774e-07,e,3.0,o,4.0,-5.29,4440.0,-0.007
2.9213710000000004e-07,e,3.0,o,3.0,-4.77,13200.0,0.017
2.9269040000000003e-07,e,4.0,o,3.0,-5.39,3160.0,0.505
3.013946e-07,e,3.0,o,2.0,-4.31,35700.0,-0.076
