vacuum_wavelength,par_init,j_init,par_final,j_final,log_gf,einsteina,cf
2.53555e-08,e,4.5,o,3.5,-3.98,10800000.0,-0.015
2.54599e-08,e,3.5,o,3.5,-5.54,295000.0,0.003
2.5534200000000003e-08,e,2.5,o,3.5,-4.95,1140000.0,-0.008
2.55435e-08,e,2.5,o,1.5,-4.97,1100000.0,-0.004
2.55503e-08,e,1.5,o,0.5,-4.85,1450000.0,-0.005
2.55731e-08,e,3.5,o,2.5,-4.76,1780000.0,-0.01
2.5698700000000004e-08,e,1.5,o,2.5,-4.82,1530000.0,-0.008
2.5968e-08,e,3.5,o,2.5,-5.31,479000.0,0.004
2.60453e-08,e,2.5,o,2.5,-4.96,1080000.0,-0.003
2.60976e-08,e,1.5,o,2.5,-5.54,285000.0,0.003
2.6145400000000002e-08,e,1.5,o,1.5,-4.75,1720000.0,-0.004
2.6748899999999998e-08,e,1.5,o,0.5,-4.53,2750000.0,0.003
2.67692e-08,e,2.5,o,3.5,-4.81,1440000.0,-0.006
2.67794e-08,e,2.5,o,1.5,-3.97,9870000.0,-0.015
2.6796499999999998e-08,e,1.5,o,1.5,-4.07,7980000.0,0.002
2.68591e-08,e,0.5,o,1.5,-4.68,1920000.0,-0.003
2.68943e-08,e,2.5,o,2.5,-5.11,710000.0,-0.011
2.6895e-08,e,4.5,o,3.5,-1.45,3270000000.0,-0.055
2.6911599999999998e-08,e,1.5,o,2.5,-4.38,3800000.0,0.028
2.70058e-08,e,3.5,o,3.5,-2.8,144000000.0,0.049
2.71332e-08,e,3.5,o,2.5,-1.54,2630000000.0,-0.055
2.71816e-08,e,1.5,o,0.5,-2.67,194000000.0,0.01
2.72307e-08,e,1.5,o,1.5,-3.54,25900000.0,0.001
2.7281700000000003e-08,e,0.5,o,0.5,-3.52,26900000.0,0.002
2.7331200000000003e-08,e,0.5,o,1.5,-6.0,89400.0,0.0
2.7331500000000002e-08,e,2.5,o,2.5,-3.96,9700000.0,-0.013
2.7349400000000004e-08,e,1.5,o,2.5,-3.39,36000000.0,0.016
2.7349599999999998e-08,e,1.5,o,2.5,-2.74,161000000.0,0.031
2.7384e-08,e,2.5,o,1.5,-5.66,194000.0,-0.002
2.73919e-08,e,4.5,o,3.5,-4.48,2980000.0,0.003
2.74019e-08,e,1.5,o,1.5,-4.29,4550000.0,0.005
2.7426799999999997e-08,e,4.5,o,4.5,-3.49,29100000.0,0.013
2.74673e-08,e,0.5,o,1.5,-3.91,10800000.0,0.02
2.75137e-08,e,3.5,o,3.5,-4.3,4400000.0,-0.008
2.7516000000000003e-08,e,2.5,o,3.5,-2.02,835000000.0,0.044
2.7526799999999998e-08,e,2.5,o,1.5,-1.8,1400000000.0,0.028
2.75489e-08,e,3.5,o,4.5,-4.62,2120000.0,-0.005
2.7578199999999998e-08,e,3.5,o,2.5,-2.8,140000000.0,0.051
2.75811e-08,e,4.5,o,3.5,-2.81,136000000.0,0.063
2.76005e-08,e,2.5,o,3.5,-5.15,628000.0,0.001
2.76133e-08,e,4.5,o,5.5,-4.35,3940000.0,0.006
2.7613400000000002e-08,e,4.5,o,3.5,-5.89,113000.0,0.0
2.7641000000000002e-08,e,3.5,o,2.5,-4.85,1250000.0,-0.002
2.76483e-08,e,2.5,o,2.5,-2.71,171000000.0,0.031
2.7653300000000003e-08,e,1.5,o,0.5,-2.12,668000000.0,0.022
2.77042e-08,e,1.5,o,1.5,-2.82,131000000.0,-0.005
2.77287e-08,e,2.5,o,2.5,-3.65,19300000.0,-0.024
2.7737200000000003e-08,e,3.5,o,3.5,-3.07,74700000.0,0.037
2.7773300000000003e-08,e,4.5,o,4.5,-5.36,380000.0,0.003
2.77879e-08,e,1.5,o,2.5,-4.22,5270000.0,0.004
2.78018e-08,e,1.5,o,2.5,-2.44,316000000.0,0.014
2.7825400000000004e-08,e,2.5,o,3.5,-3.81,13300000.0,-0.012
2.78272e-08,e,1.5,o,2.5,-2.34,392000000.0,0.026
2.78561e-08,e,1.5,o,1.5,-2.36,377000000.0,0.018
2.7876499999999998e-08,e,4.5,o,3.5,-3.13,63400000.0,0.018
2.7898500000000003e-08,e,3.5,o,4.5,-5.37,369000.0,0.003
2.79426e-08,e,3.5,o,2.5,-3.8,13700000.0,0.017
2.79613e-08,e,0.5,o,1.5,-2.27,454000000.0,0.037
2.80027e-08,e,3.5,o,3.5,-4.83,1270000.0,-0.001
2.80322e-08,e,2.5,o,2.5,-4.51,2650000.0,-0.005
2.8059800000000004e-08,e,2.5,o,1.5,-3.6,21200000.0,0.008
2.80606e-08,e,4.5,o,3.5,-1.42,3190000000.0,0.041
2.8063700000000003e-08,e,3.5,o,2.5,-3.89,10800000.0,0.017
2.80926e-08,e,2.5,o,3.5,-4.71,1640000.0,-0.001
2.8092700000000002e-08,e,1.5,o,2.5,-4.88,1120000.0,-0.001
2.80998e-08,e,4.5,o,4.5,-1.05,7450000000.0,0.106
2.8110500000000002e-08,e,2.5,o,2.5,-1.81,1300000000.0,0.023
2.81204e-08,e,1.5,o,1.5,-3.32,40200000.0,-0.025
2.8154000000000002e-08,e,2.5,o,2.5,-3.19,54200000.0,0.032
2.8166000000000002e-08,e,2.5,o,1.5,-3.57,22700000.0,0.003
2.81765e-08,e,4.5,o,3.5,-3.06,73100000.0,-0.001
2.8188400000000002e-08,e,3.5,o,3.5,-2.04,770000000.0,0.018
2.8215100000000004e-08,e,1.5,o,2.5,-3.96,9270000.0,-0.024
2.8220499999999998e-08,e,1.5,o,0.5,-3.04,76700000.0,0.023
2.82279e-08,e,3.5,o,4.5,-2.04,761000000.0,-0.106
2.8249400000000005e-08,e,3.5,o,2.5,-1.43,3100000000.0,0.061
2.8256400000000003e-08,e,2.5,o,1.5,-2.62,202000000.0,-0.045
2.82769e-08,e,4.5,o,3.5,-3.53,24900000.0,-0.008
2.8279500000000002e-08,e,2.5,o,3.5,-2.57,225000000.0,-0.037
2.82955e-08,e,1.5,o,2.5,-2.05,741000000.0,-0.045
2.83054e-08,e,3.5,o,3.5,-1.26,4520000000.0,0.095
2.8317899999999997e-08,e,1.5,o,1.5,-2.49,267000000.0,-0.038
2.83409e-08,e,2.5,o,2.5,-2.06,722000000.0,0.017
2.8351799999999997e-08,e,1.5,o,1.5,-2.0,823000000.0,0.02
2.8362200000000004e-08,e,4.5,o,4.5,-2.06,726000000.0,-0.059
2.8397300000000002e-08,e,2.5,o,3.5,-2.05,743000000.0,-0.099
2.8402800000000002e-08,e,1.5,o,2.5,-2.55,236000000.0,-0.037
2.84061e-08,e,2.5,o,1.5,-1.67,1770000000.0,0.081
2.84067e-08,e,3.5,o,3.5,-2.06,718000000.0,-0.082
2.8419600000000004e-08,e,3.5,o,2.5,-2.47,278000000.0,-0.01
2.84262e-08,e,2.5,o,2.5,-1.59,2140000000.0,0.095
2.8467300000000002e-08,e,2.5,o,1.5,-2.13,617000000.0,0.019
2.84682e-08,e,1.5,o,1.5,-1.76,1420000000.0,0.044
2.8488400000000002e-08,e,1.5,o,2.5,-2.37,350000000.0,-0.092
2.84928e-08,e,3.5,o,4.5,-3.75,14500000.0,0.004
2.8499200000000003e-08,e,2.5,o,3.5,-3.02,78000000.0,0.034
2.8506e-08,e,3.5,o,2.5,-5.24,468000.0,0.0
2.85123e-08,e,2.5,o,2.5,-1.71,1600000000.0,0.087
2.85298e-08,e,1.5,o,1.5,-1.67,1760000000.0,-0.088
2.85664e-08,e,1.5,o,0.5,-1.8,1280000000.0,0.067
2.8574900000000004e-08,e,1.5,o,2.5,-2.56,223000000.0,-0.089
2.8599200000000004e-08,e,2.5,o,2.5,-2.77,140000000.0,0.035
2.86332e-08,e,2.5,o,1.5,-2.87,109000000.0,-0.034
2.86395e-08,e,4.5,o,5.5,-2.41,314000000.0,0.011
2.8662200000000003e-08,e,1.5,o,2.5,-3.55,22800000.0,-0.029
2.8680300000000002e-08,e,2.5,o,1.5,-4.92,977000.0,0.0
2.8696300000000004e-08,e,1.5,o,1.5,-2.75,144000000.0,0.088
2.87089e-08,e,4.5,o,4.5,-3.53,23900000.0,-0.004
2.8723800000000002e-08,e,1.5,o,0.5,-3.82,12400000.0,-0.072
2.8743700000000003e-08,e,1.5,o,1.5,-2.61,196000000.0,0.042
2.87527e-08,e,4.5,o,3.5,-5.15,571000.0,-0.001
2.8842700000000003e-08,e,3.5,o,4.5,-2.37,339000000.0,0.015
2.88566e-08,e,2.5,o,1.5,-4.89,1030000.0,0.014
2.8886900000000004e-08,e,3.5,o,3.5,-5.23,472000.0,0.0
2.8920800000000004e-08,e,1.5,o,1.5,-4.96,874000.0,-0.032
2.89349e-08,e,3.5,o,2.5,-5.66,174000.0,0.001
2.8982700000000002e-08,e,2.5,o,3.5,-2.48,261000000.0,0.014
2.89938e-08,e,2.5,o,3.5,-2.79,130000000.0,0.068
2.90058e-08,e,2.5,o,1.5,-2.56,218000000.0,-0.132
2.9031e-08,e,2.5,o,2.5,-3.92,9450000.0,0.003
2.90428e-08,e,3.5,o,3.5,-1.54,2280000000.0,-0.073
2.90491e-08,e,2.5,o,3.5,-3.31,38500000.0,-0.036
2.9095900000000002e-08,e,1.5,o,2.5,-2.66,174000000.0,0.013
2.9125900000000003e-08,e,4.5,o,3.5,-4.42,2970000.0,0.001
2.91407e-08,e,2.5,o,2.5,-1.91,976000000.0,-0.037
2.91902e-08,e,3.5,o,2.5,-1.82,1190000000.0,-0.232
2.9191100000000002e-08,e,2.5,o,2.5,-4.56,2170000.0,-0.011
2.91974e-08,e,4.5,o,3.5,-5.81,122000.0,0.0
2.9211500000000003e-08,e,1.5,o,2.5,-3.63,18600000.0,-0.052
2.9237099999999998e-08,e,4.5,o,4.5,-1.84,1120000000.0,-0.014
2.9263600000000005e-08,e,3.5,o,3.5,-2.75,138000000.0,-0.063
2.9266699999999997e-08,e,3.5,o,2.5,-4.7,1560000.0,-0.001
2.92984e-08,e,2.5,o,3.5,-3.1,62200000.0,0.038
2.9328e-08,e,3.5,o,3.5,-2.25,442000000.0,-0.007
2.9341000000000004e-08,e,4.5,o,3.5,-1.3,3870000000.0,0.061
2.9361900000000003e-08,e,2.5,o,3.5,-3.25,43200000.0,0.039
2.9365e-08,e,2.5,o,2.5,-3.24,44400000.0,-0.029
2.9368000000000002e-08,e,3.5,o,4.5,-2.61,191000000.0,0.03
2.9431400000000002e-08,e,1.5,o,2.5,-3.34,34900000.0,0.025
2.94491e-08,e,4.5,o,5.5,-1.93,914000000.0,0.035
2.9449200000000002e-08,e,4.5,o,3.5,-1.92,937000000.0,0.011
2.94727e-08,e,3.5,o,2.5,-1.82,1160000000.0,-0.02
2.94808e-08,e,3.5,o,3.5,-2.0,764000000.0,-0.083
2.94892e-08,e,3.5,o,2.5,-1.55,2160000000.0,0.051
2.95277e-08,e,2.5,o,2.5,-3.44,27800000.0,-0.09
2.95486e-08,e,1.5,o,2.5,-3.5,24100000.0,-0.041
2.9558300000000005e-08,e,2.5,o,1.5,-2.89,99300000.0,-0.039
2.9579199999999997e-08,e,1.5,o,1.5,-5.1,611000.0,0.0
2.95805e-08,e,2.5,o,3.5,-3.16,52600000.0,0.066
2.95806e-08,e,4.5,o,4.5,-4.19,4950000.0,-0.008
2.9582e-08,e,3.5,o,3.5,-2.09,616000000.0,-0.015
2.9589e-08,e,2.5,o,2.5,-2.08,630000000.0,-0.057
2.95947e-08,e,2.5,o,3.5,-2.44,276000000.0,-0.123
2.9610000000000002e-08,e,2.5,o,1.5,-2.23,449000000.0,0.035
2.9631099999999998e-08,e,4.5,o,4.5,-2.08,636000000.0,0.032
2.9654700000000003e-08,e,2.5,o,2.5,-1.6,1890000000.0,0.261
2.96555e-08,e,0.5,o,1.5,-2.57,205000000.0,-0.081
2.96565e-08,e,1.5,o,2.5,-3.31,37600000.0,0.039
2.9662900000000004e-08,e,2.5,o,2.5,-2.28,403000000.0,-0.078
2.96776e-08,e,1.5,o,1.5,-3.17,51000000.0,-0.008
2.96839e-08,e,1.5,o,2.5,-3.04,69000000.0,0.011
2.96899e-08,e,1.5,o,0.5,-3.04,70000000.0,-0.03
2.9705900000000003e-08,e,3.5,o,2.5,-0.57,20300000000.0,-0.58
2.97072e-08,e,2.5,o,1.5,-1.86,1060000000.0,0.047
2.97164e-08,e,2.5,o,1.5,-0.7,14900000000.0,-0.626
2.9722699999999998e-08,e,3.5,o,4.5,-4.35,3380000.0,-0.003
2.9726499999999998e-08,e,3.5,o,2.5,-2.46,262000000.0,-0.048
2.97282e-08,e,1.5,o,2.5,-2.74,139000000.0,-0.009
2.9733800000000003e-08,e,1.5,o,0.5,-1.88,986000000.0,0.053
2.9748700000000004e-08,e,4.5,o,3.5,-1.74,1390000000.0,0.011
2.97656e-08,e,3.5,o,4.5,-1.99,773000000.0,0.033
2.9766699999999998e-08,e,0.5,o,0.5,-2.55,211000000.0,-0.096
2.97676e-08,e,4.5,o,3.5,-4.82,1150000.0,0.009
2.97752e-08,e,1.5,o,1.5,-2.13,563000000.0,-0.065
2.97765e-08,e,2.5,o,1.5,-2.69,156000000.0,0.092
2.97977e-08,e,1.5,o,1.5,-3.21,46600000.0,0.01
2.98022e-08,e,2.5,o,3.5,-1.0,7480000000.0,-0.284
2.98158e-08,e,3.5,o,2.5,-2.03,700000000.0,0.008
2.98279e-08,e,2.5,o,2.5,-2.45,269000000.0,0.069
2.9870400000000004e-08,e,2.5,o,2.5,-1.47,2570000000.0,-0.241
2.98751e-08,e,0.5,o,1.5,-2.92,90700000.0,0.031
2.98842e-08,e,3.5,o,3.5,-2.99,77000000.0,-0.011
2.98918e-08,e,1.5,o,2.5,-1.43,2800000000.0,-0.168
2.98965e-08,e,1.5,o,2.5,-3.37,32000000.0,-0.05
2.99115e-08,e,3.5,o,3.5,-4.97,806000.0,-0.002
2.9921800000000004e-08,e,5.5,o,4.5,-0.41,29200000000.0,0.483
2.99307e-08,e,2.5,o,3.5,-2.43,279000000.0,-0.006
2.99331e-08,e,2.5,o,3.5,-1.37,3160000000.0,0.289
2.99428e-08,e,2.5,o,1.5,-3.47,25500000.0,-0.029
2.99537e-08,e,3.5,o,2.5,-5.43,277000.0,0.0
2.9958300000000006e-08,e,4.5,o,3.5,-2.43,280000000.0,-0.05
2.99643e-08,e,1.5,o,1.5,-1.9,946000000.0,-0.21
2.99651e-08,e,2.5,o,2.5,-1.14,5380000000.0,0.221
2.99866e-08,e,1.5,o,2.5,-3.66,16100000.0,-0.001
3.0003e-08,e,4.5,o,4.5,-4.2,4660000.0,0.001
3.0007700000000003e-08,e,4.5,o,3.5,-0.57,20100000000.0,0.408
3.00109e-08,e,2.5,o,1.5,-2.05,654000000.0,-0.131
3.00142e-08,e,2.5,o,3.5,-4.5,2360000.0,-0.004
3.00324e-08,e,1.5,o,1.5,-1.26,4110000000.0,-0.29
3.00425e-08,e,0.5,o,1.5,-2.13,547000000.0,-0.181
3.00464e-08,e,2.5,o,3.5,-3.12,55900000.0,-0.246
3.00496e-08,e,4.5,o,4.5,-4.15,5210000.0,0.0
3.00608e-08,e,2.5,o,2.5,-2.03,687000000.0,-0.024
3.0073e-08,e,1.5,o,0.5,-1.97,788000000.0,-0.237
3.00774e-08,e,1.5,o,2.5,-2.88,97600000.0,0.008
3.0081400000000005e-08,e,2.5,o,2.5,-3.42,28200000.0,-0.003
3.00824e-08,e,1.5,o,2.5,-0.99,7590000000.0,0.312
3.00906e-08,e,4.5,o,3.5,-3.3,37200000.0,-0.005
3.00958e-08,e,3.5,o,3.5,-3.53,22000000.0,0.01
3.01091e-08,e,1.5,o,1.5,-3.02,70200000.0,-0.001
3.0111000000000004e-08,e,0.5,o,1.5,-1.82,1120000000.0,-0.08
3.01409e-08,e,3.5,o,4.5,-4.26,4070000.0,-0.007
3.01438e-08,e,5.5,o,5.5,-1.04,6720000000.0,0.167
3.01518e-08,e,0.5,o,0.5,-1.32,3520000000.0,-0.341
3.01575e-08,e,2.5,o,2.5,-2.4,295000000.0,0.065
3.01653e-08,e,3.5,o,2.5,-3.14,53000000.0,-0.054
3.01718e-08,e,4.5,o,3.5,-3.74,13500000.0,-0.004
3.0179300000000005e-08,e,1.5,o,2.5,-4.38,3090000.0,0.0
3.0195299999999996e-08,e,2.5,o,1.5,-1.6,1840000000.0,-0.131
3.01954e-08,e,2.5,o,3.5,-2.22,439000000.0,0.006
3.0205000000000005e-08,e,4.5,o,3.5,-2.38,304000000.0,-0.024
3.02171e-08,e,1.5,o,1.5,-2.68,153000000.0,-0.019
3.02177e-08,e,1.5,o,2.5,-2.15,512000000.0,-0.015
3.02238e-08,e,1.5,o,0.5,-2.39,298000000.0,-0.011
3.02293e-08,e,3.5,o,3.5,-3.32,35300000.0,0.005
3.02321e-08,e,0.5,o,1.5,-2.15,521000000.0,0.031
3.0247500000000007e-08,e,1.5,o,0.5,-1.59,1890000000.0,-0.15
3.0261900000000004e-08,e,3.5,o,2.5,-4.46,2530000.0,-0.005
3.0269600000000004e-08,e,1.5,o,1.5,-2.57,195000000.0,0.064
3.02736e-08,e,4.5,o,5.5,-2.32,351000000.0,-0.121
3.02737e-08,e,4.5,o,3.5,-0.87,9780000000.0,0.308
3.02859e-08,e,2.5,o,1.5,-4.17,4940000.0,0.004
3.02934e-08,e,1.5,o,2.5,-1.88,966000000.0,-0.016
3.02967e-08,e,0.5,o,1.5,-1.14,5290000000.0,0.328
3.0302400000000004e-08,e,4.5,o,4.5,-1.98,756000000.0,0.011
3.03197e-08,e,3.5,o,3.5,-3.62,17500000.0,0.015
3.03272e-08,e,0.5,o,0.5,-1.98,764000000.0,0.23
3.03346e-08,e,5.5,o,4.5,-1.38,3000000000.0,-0.219
3.03356e-08,e,1.5,o,1.5,-2.38,305000000.0,0.007
3.03448e-08,e,3.5,o,3.5,-2.08,598000000.0,0.012
3.03477e-08,e,0.5,o,0.5,-2.53,211000000.0,-0.015
3.0349400000000004e-08,e,0.5,o,1.5,-4.85,1030000.0,0.0
3.03565e-08,e,1.5,o,1.5,-4.57,1930000.0,0.002
3.03814e-08,e,3.5,o,2.5,-3.5,23000000.0,0.016
3.04251e-08,e,2.5,o,3.5,-3.93,8440000.0,0.009
3.0433100000000004e-08,e,1.5,o,2.5,-2.36,315000000.0,0.053
3.0439e-08,e,2.5,o,2.5,-3.66,15700000.0,0.002
3.0443000000000003e-08,e,3.5,o,4.5,-3.2,45000000.0,-0.013
3.04438e-08,e,2.5,o,1.5,-0.54,20900000000.0,-0.755
3.0458100000000006e-08,e,3.5,o,2.5,-3.74,13000000.0,0.01
3.04604e-08,e,0.5,o,1.5,-2.73,134000000.0,0.006
3.0466e-08,e,1.5,o,1.5,-0.77,12100000000.0,0.638
3.0466e-08,e,4.5,o,4.5,-1.06,6310000000.0,0.149
3.0471499999999996e-08,e,2.5,o,1.5,-1.68,1520000000.0,-0.019
3.04873e-08,e,2.5,o,2.5,-4.29,3730000.0,0.003
3.0504000000000006e-08,e,1.5,o,0.5,-3.88,9430000.0,0.014
3.05082e-08,e,1.5,o,1.5,-2.11,550000000.0,0.067
3.05102e-08,e,2.5,o,3.5,-1.7,1450000000.0,0.018
3.05135e-08,e,3.5,o,2.5,-3.84,10500000.0,0.006
3.0531400000000006e-08,e,1.5,o,2.5,-4.12,5400000.0,-0.001
3.0546900000000003e-08,e,0.5,o,1.5,-0.99,7340000000.0,-0.723
3.0558900000000004e-08,e,1.5,o,2.5,-3.7,14400000.0,0.017
3.0562200000000004e-08,e,2.5,o,1.5,-3.47,24500000.0,0.023
3.05789e-08,e,1.5,o,1.5,-2.37,303000000.0,0.036
3.05827e-08,e,2.5,o,2.5,-1.75,1270000000.0,-0.016
3.05903e-08,e,4.5,o,3.5,-2.7,144000000.0,-0.027
3.06192e-08,e,4.5,o,5.5,-3.25,39600000.0,-0.074
3.0620299999999995e-08,e,2.5,o,2.5,-4.28,3730000.0,-0.002
3.06209e-08,e,1.5,o,0.5,-2.3,358000000.0,0.096
3.0630000000000004e-08,e,4.5,o,3.5,-2.61,173000000.0,0.036
3.06307e-08,e,1.5,o,2.5,-1.95,803000000.0,-0.123
3.06342e-08,e,1.5,o,1.5,-4.51,2180000.0,0.002
3.0634400000000003e-08,e,0.5,o,1.5,-2.87,94800000.0,0.034
3.0638e-08,e,2.5,o,2.5,-5.42,272000.0,-0.034
3.06561e-08,e,1.5,o,2.5,-2.5,228000000.0,0.006
3.06891e-08,e,1.5,o,1.5,-1.84,1040000000.0,0.018
3.06926e-08,e,1.5,o,2.5,-3.42,27100000.0,-0.021
3.06985e-08,e,4.5,o,4.5,-2.73,132000000.0,0.035
3.07035e-08,e,2.5,o,1.5,-1.93,843000000.0,0.024
3.07057e-08,e,0.5,o,1.5,-3.92,8510000.0,0.002
3.0707600000000004e-08,e,3.5,o,2.5,-3.47,24000000.0,0.024
3.07245e-08,e,5.5,o,4.5,-1.0,7100000000.0,-0.59
3.07308e-08,e,2.5,o,3.5,-2.13,526000000.0,-0.152
3.07311e-08,e,1.5,o,2.5,-2.19,455000000.0,-0.008
3.0748100000000004e-08,e,0.5,o,0.5,-2.24,405000000.0,0.181
3.07486e-08,e,4.5,o,3.5,-4.49,2280000.0,0.001
3.07703e-08,e,1.5,o,1.5,-3.01,69400000.0,0.031
3.07824e-08,e,3.5,o,3.5,-3.26,38300000.0,-0.028
3.08007e-08,e,4.5,o,5.5,-4.27,3770000.0,-0.012
3.0801799999999996e-08,e,1.5,o,0.5,-1.99,727000000.0,0.106
3.0801799999999996e-08,e,1.5,o,2.5,-2.33,330000000.0,0.015
3.08034e-08,e,2.5,o,2.5,-3.88,9220000.0,-0.002
3.08082e-08,e,1.5,o,0.5,-1.8,1120000000.0,-0.024
3.0812000000000005e-08,e,4.5,o,3.5,-1.87,951000000.0,-0.349
3.0815800000000005e-08,e,2.5,o,2.5,-4.22,4200000.0,-0.005
3.0824700000000003e-08,e,1.5,o,1.5,-2.22,422000000.0,-0.013
3.08429e-08,e,3.5,o,4.5,-3.35,31600000.0,-0.068
3.08593e-08,e,4.5,o,4.5,-3.3,35400000.0,0.022
3.087e-08,e,2.5,o,3.5,-3.79,11400000.0,-0.004
3.08735e-08,e,3.5,o,2.5,-3.81,10900000.0,0.013
3.08783e-08,e,1.5,o,0.5,-2.9,88100000.0,0.057
3.08803e-08,e,2.5,o,1.5,-2.39,287000000.0,0.047
3.0889e-08,e,1.5,o,2.5,-3.54,20300000.0,0.02
3.08911e-08,e,2.5,o,3.5,-3.68,14700000.0,0.018
3.0893400000000006e-08,e,3.5,o,3.5,-3.48,23400000.0,0.019
3.08987e-08,e,0.5,o,1.5,-2.52,213000000.0,-0.161
3.0900700000000004e-08,e,4.5,o,4.5,-5.05,625000.0,-0.002
3.09041e-08,e,2.5,o,2.5,-2.42,264000000.0,0.024
3.09113e-08,e,4.5,o,5.5,-3.32,33200000.0,0.035
3.09244e-08,e,1.5,o,1.5,-5.21,431000.0,0.0
3.09305e-08,e,0.5,o,0.5,-2.76,123000000.0,-0.044
3.0944e-08,e,2.5,o,1.5,-3.26,38600000.0,0.033
3.09483e-08,e,3.5,o,2.5,-2.94,80000000.0,0.034
3.09519e-08,e,4.5,o,3.5,-1.09,5680000000.0,-0.531
3.09527e-08,e,2.5,o,1.5,-4.45,2490000.0,0.001
3.09536e-08,e,0.5,o,1.5,-2.41,270000000.0,-0.012
3.09717e-08,e,4.5,o,4.5,-3.54,20100000.0,-0.001
3.09829e-08,e,2.5,o,2.5,-4.29,3570000.0,0.003
3.0984300000000004e-08,e,4.5,o,3.5,-1.62,1650000000.0,0.073
3.0990499999999996e-08,e,2.5,o,3.5,-5.38,293000.0,0.001
3.10059e-08,e,2.5,o,2.5,-2.59,178000000.0,0.029
3.10068e-08,e,2.5,o,3.5,-2.42,264000000.0,-0.137
3.10102e-08,e,2.5,o,2.5,-5.12,528000.0,0.002
3.10112e-08,e,4.5,o,3.5,-4.28,3640000.0,-0.001
3.10178e-08,e,1.5,o,1.5,-3.3,34800000.0,-0.045
3.10197e-08,e,4.5,o,4.5,-2.9,87400000.0,0.016
3.10257e-08,e,1.5,o,2.5,-2.32,336000000.0,-0.095
3.1028500000000006e-08,e,1.5,o,1.5,-1.65,1550000000.0,-0.29
3.10332e-08,e,1.5,o,2.5,-3.48,23200000.0,-0.024
3.10385e-08,e,5.5,o,4.5,-0.26,38000000000.0,-0.383
3.10415e-08,e,2.5,o,1.5,-3.16,47600000.0,0.036
3.10558e-08,e,3.5,o,4.5,-4.08,5760000.0,-0.012
3.10568e-08,e,1.5,o,2.5,-5.79,112000.0,0.0
3.1073e-08,e,4.5,o,3.5,-0.28,36300000000.0,-0.403
3.10756e-08,e,4.5,o,3.5,-1.84,1010000000.0,0.07
3.10939e-08,e,3.5,o,2.5,-3.05,60700000.0,-0.033
3.11038e-08,e,1.5,o,1.5,-3.54,20200000.0,0.002
3.11087e-08,e,2.5,o,2.5,-2.52,211000000.0,-0.002
3.1110700000000003e-08,e,4.5,o,3.5,-2.07,583000000.0,0.074
3.11157e-08,e,1.5,o,1.5,-3.63,16100000.0,0.008
3.11274e-08,e,3.5,o,4.5,-4.09,5630000.0,0.001
3.11279e-08,e,1.5,o,2.5,-2.92,83400000.0,-0.017
3.11402e-08,e,3.5,o,3.5,-2.42,263000000.0,-0.034
3.11489e-08,e,2.5,o,1.5,-3.37,29400000.0,-0.026
3.11591e-08,e,0.5,o,1.5,-2.18,448000000.0,0.398
3.11674e-08,e,3.5,o,3.5,-2.82,103000000.0,-0.004
3.1175799999999997e-08,e,4.5,o,3.5,-2.12,523000000.0,-0.027
3.1176100000000006e-08,e,4.5,o,4.5,-2.91,84300000.0,0.007
3.11772e-08,e,1.5,o,1.5,-1.8,1100000000.0,-0.13
3.11938e-08,e,3.5,o,2.5,-1.57,1830000000.0,0.085
3.1204700000000004e-08,e,2.5,o,1.5,-2.73,127000000.0,-0.009
3.12048e-08,e,2.5,o,2.5,-3.34,31500000.0,0.021
3.1221e-08,e,1.5,o,0.5,-2.83,100000000.0,0.021
3.12302e-08,e,1.5,o,2.5,-3.97,7290000.0,0.011
3.12311e-08,e,1.5,o,2.5,-4.58,1820000.0,0.001
3.12324e-08,e,3.5,o,3.5,-3.87,9180000.0,-0.002
3.1250700000000003e-08,e,2.5,o,3.5,-0.28,35700000000.0,-0.804
3.12515e-08,e,2.5,o,3.5,-4.07,5760000.0,0.003
3.12547e-08,e,4.5,o,5.5,-2.33,319000000.0,-0.1
3.12602e-08,e,2.5,o,2.5,-1.18,4550000000.0,-0.427
3.12679e-08,e,3.5,o,3.5,-2.93,80800000.0,0.008
3.12745e-08,e,3.5,o,2.5,-1.81,1060000000.0,-0.065
3.12783e-08,e,2.5,o,1.5,-1.92,827000000.0,0.077
3.12789e-08,e,2.5,o,3.5,-2.88,90500000.0,0.012
3.12799e-08,e,1.5,o,2.5,-3.15,48800000.0,0.023
3.12804e-08,e,4.5,o,4.5,-3.07,57500000.0,0.023
3.12835e-08,e,1.5,o,2.5,-0.76,12000000000.0,-0.507
3.12836e-08,e,2.5,o,1.5,-2.98,71100000.0,-0.099
3.13055e-08,e,2.5,o,2.5,-2.06,590000000.0,-0.047
3.1306900000000005e-08,e,4.5,o,4.5,-4.05,6090000.0,0.01
3.13071e-08,e,1.5,o,1.5,-1.77,1170000000.0,-0.191
3.13181e-08,e,4.5,o,3.5,-3.08,56200000.0,-0.031
3.13247e-08,e,3.5,o,3.5,-3.16,47200000.0,0.016
3.13282e-08,e,3.5,o,2.5,-2.05,604000000.0,-0.053
3.13355e-08,e,1.5,o,2.5,-2.29,350000000.0,0.011
3.13439e-08,e,1.5,o,0.5,-2.32,323000000.0,0.057
3.13444e-08,e,2.5,o,3.5,-3.93,7960000.0,-0.008
3.13537e-08,e,1.5,o,1.5,-2.59,173000000.0,-0.046
3.13696e-08,e,1.5,o,0.5,-1.9,857000000.0,-0.495
3.1371e-08,e,5.5,o,5.5,-4.0,6830000.0,-0.021
3.13763e-08,e,1.5,o,1.5,-3.85,9720000.0,0.006
3.13791e-08,e,2.5,o,1.5,-2.16,472000000.0,0.064
3.13801e-08,e,2.5,o,3.5,-4.03,6270000.0,-0.003
3.1381e-08,e,1.5,o,2.5,-2.93,78800000.0,0.038
3.13868e-08,e,2.5,o,2.5,-2.48,225000000.0,-0.009
3.13921e-08,e,2.5,o,1.5,-2.17,459000000.0,-0.351
3.13925e-08,e,0.5,o,1.5,-1.78,1130000000.0,-0.21
3.14091e-08,e,1.5,o,0.5,-2.85,95100000.0,-0.049
3.14135e-08,e,2.5,o,1.5,-2.86,94600000.0,-0.025
3.14155e-08,e,2.5,o,1.5,-1.93,798000000.0,-0.083
3.14157e-08,e,1.5,o,1.5,-1.11,5330000000.0,-0.513
3.14224e-08,e,4.5,o,3.5,-4.65,1520000.0,0.0
3.14329e-08,e,1.5,o,1.5,-2.43,249000000.0,-0.004
3.14392e-08,e,1.5,o,0.5,-0.68,14200000000.0,0.79
3.14393e-08,e,3.5,o,4.5,-2.24,385000000.0,-0.325
3.14543e-08,e,5.5,o,4.5,-1.02,6470000000.0,-0.782
3.14549e-08,e,1.5,o,1.5,-2.09,544000000.0,-0.08
3.14554e-08,e,0.5,o,0.5,-1.11,5200000000.0,-0.724
3.14627e-08,e,1.5,o,2.5,-2.77,115000000.0,0.021
3.1466000000000005e-08,e,3.5,o,4.5,-2.99,68800000.0,0.112
3.14774e-08,e,3.5,o,3.5,-5.33,316000.0,0.0
3.14915e-08,e,1.5,o,1.5,-2.19,434000000.0,-0.024
3.1501700000000003e-08,e,0.5,o,1.5,-1.15,4770000000.0,-0.545
3.1505e-08,e,1.5,o,1.5,-1.74,1220000000.0,-0.171
3.15053e-08,e,1.5,o,0.5,-2.15,474000000.0,0.169
3.1511500000000004e-08,e,4.5,o,5.5,-4.3,3330000.0,0.094
3.15152e-08,e,3.5,o,2.5,-3.77,11500000.0,-0.011
3.1525700000000004e-08,e,4.5,o,4.5,-2.7,134000000.0,0.078
3.15269e-08,e,2.5,o,2.5,-1.51,2100000000.0,0.548
3.15507e-08,e,1.5,o,2.5,-1.35,3000000000.0,0.216
3.1563e-08,e,2.5,o,3.5,-3.01,66300000.0,0.059
3.1573300000000004e-08,e,2.5,o,3.5,-2.72,126000000.0,0.009
3.1573700000000006e-08,e,3.5,o,3.5,-4.58,1760000.0,-0.005
3.15768e-08,e,1.5,o,0.5,-2.33,314000000.0,-0.097
3.15811e-08,e,2.5,o,1.5,-2.87,89200000.0,-0.044
3.15813e-08,e,4.5,o,3.5,-2.71,131000000.0,-0.041
3.15833e-08,e,3.5,o,2.5,-3.35,30200000.0,0.022
3.1587500000000004e-08,e,2.5,o,1.5,-0.39,27000000000.0,0.77
3.15911e-08,e,2.5,o,3.5,-2.49,216000000.0,-0.163
3.15955e-08,e,4.5,o,4.5,-3.25,37400000.0,0.035
3.1617000000000004e-08,e,1.5,o,2.5,-4.31,3260000.0,0.0
3.16203e-08,e,2.5,o,2.5,-3.53,20000000.0,0.046
3.1629199999999996e-08,e,2.5,o,2.5,-4.16,4600000.0,-0.01
3.16306e-08,e,4.5,o,5.5,-1.97,723000000.0,0.231
3.16448e-08,e,1.5,o,1.5,-2.44,245000000.0,0.13
3.16486e-08,e,4.5,o,3.5,-1.51,2070000000.0,-0.77
3.1658e-08,e,1.5,o,1.5,-4.04,6100000.0,0.008
3.16642e-08,e,1.5,o,2.5,-4.7,1320000.0,0.0
3.16872e-08,e,3.5,o,4.5,-4.09,5360000.0,0.008
3.16876e-08,e,2.5,o,3.5,-0.92,8010000000.0,-0.287
3.1697300000000006e-08,e,4.5,o,4.5,-1.73,1250000000.0,0.081
3.17351e-08,e,2.5,o,3.5,-3.73,12300000.0,-0.375
3.17433e-08,e,3.5,o,3.5,-3.71,13000000.0,0.005
3.1746100000000004e-08,e,3.5,o,3.5,-1.06,5780000000.0,-0.122
3.17476e-08,e,2.5,o,2.5,-1.8,1040000000.0,0.232
3.1793e-08,e,3.5,o,4.5,-0.45,23300000000.0,-0.848
3.17947e-08,e,3.5,o,2.5,-3.12,50700000.0,-0.042
3.18512e-08,e,3.5,o,4.5,-3.0,66100000.0,-0.069
3.18546e-08,e,1.5,o,2.5,-2.66,143000000.0,0.071
3.18557e-08,e,3.5,o,2.5,-2.52,201000000.0,0.085
3.18566e-08,e,2.5,o,2.5,-0.66,14600000000.0,-0.244
3.1859e-08,e,2.5,o,3.5,-3.16,45300000.0,-0.022
3.18769e-08,e,1.5,o,2.5,-1.07,5600000000.0,0.457
3.19013e-08,e,1.5,o,1.5,-5.23,386000.0,0.0
3.1910700000000004e-08,e,2.5,o,2.5,-3.51,20300000.0,0.008
3.1912200000000006e-08,e,4.5,o,3.5,-5.12,500000.0,0.0
3.19158e-08,e,3.5,o,2.5,-2.07,560000000.0,-0.1
3.19663e-08,e,1.5,o,0.5,-2.78,109000000.0,0.119
3.19844e-08,e,2.5,o,3.5,-0.8,10500000000.0,-0.462
3.19875e-08,e,3.5,o,2.5,-3.5,20600000.0,-0.006
3.19892e-08,e,1.5,o,2.5,-2.6,164000000.0,-0.055
3.20132e-08,e,2.5,o,3.5,-0.82,9990000000.0,-0.291
3.2014100000000003e-08,e,1.5,o,1.5,-1.67,1380000000.0,0.09
3.20169e-08,e,2.5,o,2.5,-1.43,2400000000.0,-0.285
3.20278e-08,e,2.5,o,1.5,-4.04,5870000.0,0.002
3.2037099999999996e-08,e,4.5,o,4.5,-2.47,223000000.0,0.073
3.2039e-08,e,2.5,o,1.5,-2.09,533000000.0,0.286
3.20394e-08,e,0.5,o,1.5,-1.27,3520000000.0,0.188
3.20404e-08,e,4.5,o,5.5,-3.05,58100000.0,0.016
3.20438e-08,e,4.5,o,3.5,-5.22,390000.0,0.001
3.2044e-08,e,3.5,o,3.5,-1.28,3400000000.0,0.052
3.2063600000000007e-08,e,1.5,o,1.5,-1.51,2000000000.0,-0.288
3.2068200000000004e-08,e,3.5,o,3.5,-2.0,653000000.0,0.033
3.20942e-08,e,4.5,o,3.5,-2.25,361000000.0,0.048
3.21013e-08,e,4.5,o,3.5,-2.83,96100000.0,-0.027
3.2104899999999997e-08,e,0.5,o,0.5,-2.29,332000000.0,0.562
3.2104899999999997e-08,e,2.5,o,2.5,-1.4,2570000000.0,0.448
3.2106900000000005e-08,e,1.5,o,1.5,-1.39,2640000000.0,0.448
3.21303e-08,e,4.5,o,4.5,-1.17,4420000000.0,0.161
3.21316e-08,e,4.5,o,3.5,-2.73,121000000.0,-0.076
3.21532e-08,e,0.5,o,1.5,-3.41,24900000.0,0.01
3.21532e-08,e,0.5,o,1.5,-2.46,223000000.0,-0.019
3.21544e-08,e,1.5,o,2.5,-1.41,2490000000.0,0.044
3.21673e-08,e,4.5,o,4.5,-1.1,5160000000.0,-0.296
3.21844e-08,e,1.5,o,2.5,-2.81,100000000.0,-0.042
3.21949e-08,e,2.5,o,3.5,-2.52,195000000.0,0.118
3.2203800000000004e-08,e,3.5,o,4.5,-2.56,178000000.0,-0.024
3.22079e-08,e,4.5,o,5.5,-2.99,66100000.0,-0.001
3.22106e-08,e,3.5,o,3.5,-2.46,225000000.0,0.075
3.22282e-08,e,1.5,o,0.5,-2.71,125000000.0,-0.058
3.2235000000000004e-08,e,3.5,o,2.5,-1.62,1540000000.0,0.16
3.22572e-08,e,1.5,o,2.5,-1.0,6490000000.0,-0.265
3.2257900000000005e-08,e,2.5,o,2.5,-0.64,14600000000.0,0.419
3.2259500000000005e-08,e,3.5,o,4.5,-1.56,1770000000.0,0.706
3.22616e-08,e,3.5,o,3.5,-0.58,16800000000.0,0.426
3.22645e-08,e,2.5,o,2.5,-3.34,29300000.0,-0.032
3.22719e-08,e,1.5,o,2.5,-1.48,2130000000.0,-0.392
3.2273300000000004e-08,e,2.5,o,3.5,-3.13,47800000.0,0.013
3.22788e-08,e,4.5,o,3.5,-1.7,1290000000.0,0.115
3.22818e-08,e,4.5,o,4.5,-1.6,1590000000.0,0.262
3.22834e-08,e,2.5,o,2.5,-1.51,1980000000.0,-0.252
3.22894e-08,e,1.5,o,2.5,-1.72,1230000000.0,-0.266
3.22944e-08,e,2.5,o,1.5,-1.42,2460000000.0,-0.156
3.2298e-08,e,3.5,o,4.5,-2.72,121000000.0,-0.003
3.22993e-08,e,3.5,o,3.5,-1.86,880000000.0,-0.103
3.23084e-08,e,2.5,o,1.5,-2.03,605000000.0,-0.094
3.23185e-08,e,3.5,o,2.5,-2.31,310000000.0,0.063
3.2318700000000003e-08,e,0.5,o,0.5,-2.19,417000000.0,-0.273
3.23296e-08,e,2.5,o,3.5,-2.99,65900000.0,-0.013
3.2331700000000005e-08,e,4.5,o,3.5,-2.53,187000000.0,-0.031
3.23343e-08,e,4.5,o,5.5,-1.73,1190000000.0,-0.056
3.23354e-08,e,3.5,o,4.5,-1.33,2960000000.0,0.122
3.23379e-08,e,2.5,o,3.5,-1.84,929000000.0,-0.182
3.23451e-08,e,1.5,o,1.5,-0.53,19000000000.0,0.674
3.2348000000000006e-08,e,3.5,o,2.5,-1.4,2540000000.0,0.283
3.23484e-08,e,2.5,o,1.5,-2.58,167000000.0,-0.292
3.23542e-08,e,2.5,o,2.5,-0.57,17300000000.0,0.498
3.2358600000000004e-08,e,2.5,o,2.5,-0.39,25700000000.0,0.6
3.2362900000000005e-08,e,4.5,o,3.5,-3.45,22800000.0,0.069
3.2368e-08,e,2.5,o,1.5,-1.13,4730000000.0,0.497
3.23735e-08,e,1.5,o,1.5,-2.83,93700000.0,0.029
3.2377200000000004e-08,e,4.5,o,3.5,-0.99,6540000000.0,0.078
3.2381000000000004e-08,e,2.5,o,3.5,-1.51,1980000000.0,-0.044
3.2381599999999997e-08,e,4.5,o,4.5,-0.21,39200000000.0,0.521
3.23989e-08,e,3.5,o,3.5,-0.27,34600000000.0,0.586
3.2413600000000006e-08,e,2.5,o,2.5,-3.28,33500000.0,-0.053
3.2419e-08,e,2.5,o,3.5,-0.91,7750000000.0,0.809
3.24193e-08,e,2.5,o,2.5,-1.72,1220000000.0,-0.126
3.24198e-08,e,1.5,o,0.5,-2.81,99600000.0,-0.194
3.2424200000000004e-08,e,2.5,o,1.5,-2.77,110000000.0,0.022
3.24321e-08,e,2.5,o,1.5,-1.97,687000000.0,0.093
3.24349e-08,e,1.5,o,2.5,-1.53,1870000000.0,-0.053
3.24387e-08,e,1.5,o,2.5,-1.69,1310000000.0,-0.465
3.2448e-08,e,3.5,o,3.5,-0.39,25800000000.0,0.464
3.2448800000000004e-08,e,1.5,o,1.5,-0.43,23800000000.0,0.842
3.24511e-08,e,3.5,o,4.5,-0.88,8400000000.0,0.567
3.2460700000000006e-08,e,4.5,o,5.5,-0.21,39300000000.0,-0.865
3.24648e-08,e,0.5,o,1.5,-1.99,653000000.0,-0.383
3.24681e-08,e,2.5,o,2.5,-0.76,11100000000.0,0.339
3.2468500000000004e-08,e,4.5,o,3.5,-1.61,1560000000.0,-0.251
3.24724e-08,e,3.5,o,2.5,-2.13,469000000.0,0.096
3.2480599999999996e-08,e,3.5,o,2.5,-0.7,12700000000.0,0.185
3.2486000000000004e-08,e,4.5,o,4.5,-0.4,25100000000.0,-0.873
3.25001e-08,e,2.5,o,1.5,-3.19,41100000.0,0.01
3.25015e-08,e,3.5,o,3.5,-1.23,3700000000.0,0.412
3.25037e-08,e,5.5,o,4.5,-0.22,38000000000.0,-0.74
3.25378e-08,e,3.5,o,3.5,-1.72,1200000000.0,-0.154
3.2549400000000004e-08,e,1.5,o,2.5,-0.53,18500000000.0,-0.784
3.25519e-08,e,3.5,o,4.5,-0.42,24000000000.0,-0.871
3.25531e-08,e,1.5,o,1.5,-0.7,12700000000.0,-0.36
3.25551e-08,e,2.5,o,1.5,-1.07,5340000000.0,-0.147
3.2568000000000004e-08,e,2.5,o,2.5,-0.71,12300000000.0,-0.164
3.25688e-08,e,2.5,o,3.5,-0.53,18400000000.0,-0.583
3.25815e-08,e,1.5,o,1.5,-1.3,3200000000.0,0.622
3.25847e-08,e,4.5,o,5.5,-0.86,8660000000.0,-0.85
3.25858e-08,e,2.5,o,3.5,-2.5,199000000.0,0.348
3.25934e-08,e,2.5,o,2.5,-0.78,10300000000.0,0.538
3.26088e-08,e,3.5,o,2.5,-1.35,2820000000.0,0.13
3.262080000000001e-08,e,1.5,o,0.5,-3.03,59000000.0,-0.053
3.26227e-08,e,2.5,o,3.5,-0.93,7320000000.0,0.427
3.26327e-08,e,2.5,o,2.5,-3.1,50000000.0,-0.122
3.26398e-08,e,3.5,o,3.5,-0.63,14800000000.0,-0.716
3.26463e-08,e,1.5,o,0.5,-3.48,20700000.0,0.011
3.26477e-08,e,3.5,o,3.5,-2.01,617000000.0,-0.272
3.26484e-08,e,3.5,o,2.5,-1.59,1620000000.0,-0.389
3.26546e-08,e,4.5,o,4.5,-1.85,891000000.0,0.228
3.26575e-08,e,3.5,o,4.5,-0.53,18500000000.0,-0.413
3.26582e-08,e,1.5,o,2.5,-2.71,123000000.0,-0.124
3.26611e-08,e,1.5,o,0.5,-2.07,531000000.0,-0.342
3.26674e-08,e,2.5,o,2.5,-2.44,225000000.0,-0.161
3.26706e-08,e,1.5,o,1.5,-1.23,3700000000.0,0.166
3.26753e-08,e,1.5,o,2.5,-1.02,5970000000.0,0.144
3.2687200000000004e-08,e,1.5,o,1.5,-0.73,11600000000.0,-0.236
3.27008e-08,e,3.5,o,4.5,-2.02,597000000.0,0.555
3.27171e-08,e,2.5,o,3.5,-1.84,897000000.0,-0.375
3.27296e-08,e,3.5,o,2.5,-2.49,201000000.0,-0.087
3.27382e-08,e,4.5,o,3.5,-0.74,11400000000.0,-0.338
3.2739200000000004e-08,e,0.5,o,0.5,-3.13,45900000.0,-0.043
3.27423e-08,e,2.5,o,3.5,-2.19,399000000.0,0.317
3.27539e-08,e,2.5,o,1.5,-1.62,1490000000.0,-0.227
3.27558e-08,e,3.5,o,2.5,-1.18,4090000000.0,0.186
3.2761100000000003e-08,e,3.5,o,2.5,-1.57,1670000000.0,-0.036
3.2762e-08,e,2.5,o,3.5,-0.59,15900000000.0,-0.432
3.27707e-08,e,2.5,o,2.5,-1.23,3620000000.0,-0.373
3.27765e-08,e,2.5,o,1.5,-3.58,16400000.0,0.007
3.2780700000000004e-08,e,2.5,o,2.5,-3.29,32000000.0,-0.036
3.27902e-08,e,2.5,o,3.5,-3.0,62200000.0,0.056
3.28022e-08,e,1.5,o,1.5,-2.88,81100000.0,-0.016
3.2804800000000004e-08,e,3.5,o,3.5,-2.57,169000000.0,-0.071
3.28166e-08,e,1.5,o,2.5,-1.89,804000000.0,0.026
3.2820100000000004e-08,e,2.5,o,2.5,-1.99,630000000.0,-0.18
3.2824e-08,e,4.5,o,3.5,-1.04,5670000000.0,-0.424
3.2832100000000005e-08,e,0.5,o,1.5,-1.76,1080000000.0,0.068
3.28354e-08,e,2.5,o,1.5,-1.54,1790000000.0,0.546
3.2840800000000005e-08,e,3.5,o,2.5,-0.25,35000000000.0,-0.796
3.28433e-08,e,3.5,o,2.5,-1.84,889000000.0,-0.432
3.28455e-08,e,4.5,o,4.5,-2.0,626000000.0,-0.078
3.2845800000000004e-08,e,1.5,o,2.5,-3.77,10500000.0,0.002
3.2853500000000004e-08,e,1.5,o,2.5,-0.58,16200000000.0,-0.638
3.28537e-08,e,2.5,o,1.5,-2.24,353000000.0,0.026
3.28582e-08,e,1.5,o,0.5,-1.23,3660000000.0,-0.172
3.2873200000000003e-08,e,4.5,o,3.5,-0.4,24400000000.0,0.631
3.28779e-08,e,2.5,o,3.5,-2.02,590000000.0,0.067
3.28789e-08,e,2.5,o,2.5,-1.67,1340000000.0,-0.173
3.28826e-08,e,4.5,o,3.5,-0.33,28700000000.0,-0.507
3.28848e-08,e,4.5,o,4.5,-1.02,5850000000.0,-0.143
3.28859e-08,e,2.5,o,1.5,-5.64,142000.0,0.0
3.28952e-08,e,2.5,o,2.5,-5.54,177000.0,0.0
3.2896e-08,e,0.5,o,1.5,-3.58,16400000.0,-0.007
3.2902100000000004e-08,e,4.5,o,5.5,-3.05,54600000.0,0.017
3.29035e-08,e,2.5,o,1.5,-0.42,23300000000.0,-0.81
3.29054e-08,e,4.5,o,3.5,-0.09,50400000000.0,-0.542
3.29117e-08,e,1.5,o,1.5,-2.24,357000000.0,-0.133
3.29123e-08,e,3.5,o,3.5,-3.63,14400000.0,-0.001
3.29219e-08,e,1.5,o,2.5,-0.88,8180000000.0,-0.22
3.293690000000001e-08,e,1.5,o,1.5,-1.69,1270000000.0,-0.181
3.29409e-08,e,3.5,o,3.5,-2.85,86800000.0,0.06
3.29532e-08,e,1.5,o,0.5,-0.68,12900000000.0,-0.842
3.2958300000000006e-08,e,3.5,o,2.5,-1.72,1180000000.0,-0.28
3.2962200000000005e-08,e,1.5,o,2.5,-2.19,397000000.0,0.296
3.29645e-08,e,2.5,o,2.5,-1.42,2360000000.0,0.113
3.29805e-08,e,4.5,o,3.5,-0.37,26400000000.0,0.533
3.2985e-08,e,3.5,o,2.5,-0.08,50600000000.0,-0.613
3.2987e-08,e,1.5,o,1.5,-1.3,3050000000.0,0.271
3.2994000000000004e-08,e,2.5,o,1.5,-1.07,5180000000.0,0.807
3.2999e-08,e,3.5,o,3.5,-4.64,1390000.0,0.0
3.300470000000001e-08,e,0.5,o,0.5,-0.66,13300000000.0,-0.844
3.30054e-08,e,4.5,o,4.5,-4.08,5080000.0,0.0
3.30062e-08,e,0.5,o,1.5,-3.1,48500000.0,-0.041
3.3009300000000004e-08,e,1.5,o,1.5,-1.48,2050000000.0,0.056
3.3011000000000004e-08,e,2.5,o,2.5,-1.58,1600000000.0,-0.171
3.30207e-08,e,3.5,o,4.5,-1.8,971000000.0,0.341
3.3036700000000004e-08,e,2.5,o,3.5,-3.11,47800000.0,0.021
3.30483e-08,e,1.5,o,2.5,-2.16,420000000.0,0.094
3.30488e-08,e,3.5,o,3.5,-2.1,483000000.0,-0.036
3.30563e-08,e,2.5,o,1.5,-2.69,124000000.0,-0.197
3.30567e-08,e,3.5,o,4.5,-1.88,806000000.0,0.076
3.30604e-08,e,3.5,o,4.5,-0.7,12100000000.0,0.584
3.30693e-08,e,2.5,o,2.5,-2.42,234000000.0,0.248
3.30713e-08,e,3.5,o,3.5,-1.57,1640000000.0,0.318
3.30745e-08,e,3.5,o,2.5,-0.12,46800000000.0,0.749
3.3077100000000004e-08,e,1.5,o,2.5,-0.61,14900000000.0,-0.499
3.30779e-08,e,1.5,o,1.5,-2.76,106000000.0,-0.028
3.30954e-08,e,1.5,o,2.5,-2.24,350000000.0,0.171
3.31024e-08,e,4.5,o,5.5,-1.5,1930000000.0,0.1
3.31147e-08,e,2.5,o,1.5,-1.82,920000000.0,-0.02
3.31191e-08,e,2.5,o,1.5,-0.29,31100000000.0,0.78
3.31216e-08,e,2.5,o,3.5,-0.8,9740000000.0,-0.398
3.3124e-08,e,2.5,o,3.5,-0.95,6750000000.0,0.421
3.31276e-08,e,3.5,o,2.5,-1.69,1230000000.0,0.072
3.31518e-08,e,2.5,o,1.5,-2.19,395000000.0,-0.19
3.31524e-08,e,2.5,o,3.5,-3.13,44400000.0,0.034
3.31537e-08,e,3.5,o,2.5,-1.49,1970000000.0,0.511
3.31571e-08,e,0.5,o,1.5,-0.59,15600000000.0,-0.681
3.31572e-08,e,3.5,o,3.5,-1.07,5150000000.0,-0.171
3.3158e-08,e,4.5,o,3.5,-1.2,3810000000.0,-0.52
3.3167200000000006e-08,e,1.5,o,0.5,-2.74,111000000.0,-0.037
3.31741e-08,e,2.5,o,3.5,-4.55,1710000.0,-0.001
3.31764e-08,e,3.5,o,2.5,-1.62,1450000000.0,0.405
3.3178e-08,e,1.5,o,1.5,-1.78,1000000000.0,-0.086
3.31801e-08,e,4.5,o,4.5,-1.26,3360000000.0,0.718
3.31823e-08,e,2.5,o,2.5,-0.87,8240000000.0,-0.576
3.31824e-08,e,3.5,o,4.5,-2.32,291000000.0,-0.033
3.3191e-08,e,4.5,o,5.5,-3.01,59100000.0,0.026
3.31944e-08,e,4.5,o,3.5,-2.92,73200000.0,-0.015
3.32087e-08,e,1.5,o,2.5,-1.27,3250000000.0,-0.158
3.3218e-08,e,4.5,o,4.5,-2.24,350000000.0,0.011
3.32254e-08,e,2.5,o,1.5,-1.1,4840000000.0,-0.484
3.3226e-08,e,2.5,o,3.5,-1.11,4650000000.0,-0.382
3.3230200000000005e-08,e,4.5,o,5.5,-1.18,3970000000.0,0.063
3.3231400000000003e-08,e,2.5,o,1.5,-2.69,123000000.0,0.013
3.3240600000000005e-08,e,4.5,o,4.5,-0.77,10200000000.0,0.558
3.32535e-08,e,2.5,o,2.5,-1.31,2990000000.0,-0.091
3.3263e-08,e,0.5,o,0.5,-2.11,469000000.0,-0.085
3.3265e-08,e,2.5,o,1.5,-1.2,3830000000.0,-0.56
3.32661e-08,e,2.5,o,3.5,-1.52,1830000000.0,-0.449
3.32737e-08,e,2.5,o,2.5,-1.59,1570000000.0,0.491
3.3274000000000004e-08,e,0.5,o,1.5,-1.56,1660000000.0,-0.245
3.32798e-08,e,2.5,o,2.5,-2.56,167000000.0,-0.044
3.32813e-08,e,2.5,o,3.5,-0.74,11000000000.0,0.265
3.32834e-08,e,2.5,o,3.5,-1.65,1350000000.0,0.194
3.32888e-08,e,4.5,o,5.5,0.02,62900000000.0,0.627
3.3291500000000004e-08,e,1.5,o,1.5,-0.95,6730000000.0,-0.626
3.3293e-08,e,1.5,o,0.5,-1.54,1740000000.0,0.083
3.33e-08,e,4.5,o,4.5,-1.95,679000000.0,-0.093
3.33001e-08,e,1.5,o,2.5,-1.59,1550000000.0,0.25
3.33053e-08,e,1.5,o,2.5,-2.82,91500000.0,-0.006
3.33059e-08,e,2.5,o,1.5,-1.79,976000000.0,0.588
3.3310500000000006e-08,e,1.5,o,1.5,-2.24,350000000.0,0.086
3.33146e-08,e,4.5,o,3.5,-0.46,21000000000.0,0.464
3.3316500000000006e-08,e,1.5,o,1.5,-1.18,3940000000.0,-0.199
3.3332400000000005e-08,e,1.5,o,1.5,-1.54,1740000000.0,0.454
3.33366e-08,e,3.5,o,3.5,-1.74,1090000000.0,-0.086
3.33388e-08,e,1.5,o,2.5,-1.39,2440000000.0,0.159
3.33425e-08,e,3.5,o,2.5,-3.09,49200000.0,0.022
3.33457e-08,e,4.5,o,3.5,-1.16,4120000000.0,-0.22
3.3347899999999996e-08,e,1.5,o,0.5,-0.79,9640000000.0,-0.692
3.33544e-08,e,2.5,o,1.5,-3.15,42000000.0,-0.51
3.3355500000000004e-08,e,4.5,o,4.5,-0.07,50600000000.0,-0.627
3.33557e-08,e,2.5,o,2.5,-0.69,12200000000.0,0.35
3.33589e-08,e,3.5,o,4.5,-0.89,7800000000.0,0.478
3.33652e-08,e,1.5,o,2.5,-4.57,1620000.0,0.002
3.3371800000000005e-08,e,1.5,o,1.5,-0.58,15900000000.0,0.384
3.33734e-08,e,3.5,o,3.5,-0.84,8570000000.0,0.383
3.33765e-08,e,4.5,o,3.5,-2.16,413000000.0,-0.076
3.33871e-08,e,3.5,o,4.5,-0.59,15600000000.0,0.213
3.33881e-08,e,0.5,o,1.5,-2.13,439000000.0,0.04
3.33929e-08,e,3.5,o,2.5,-0.8,9500000000.0,-0.656
3.33964e-08,e,1.5,o,0.5,-2.27,322000000.0,-0.275
3.34201e-08,e,3.5,o,4.5,-0.5,18800000000.0,0.337
3.34202e-08,e,4.5,o,3.5,-1.14,4290000000.0,-0.063
3.3428e-08,e,1.5,o,0.5,-1.37,2530000000.0,-0.174
3.34311e-08,e,3.5,o,2.5,-0.29,30500000000.0,-0.327
3.3443400000000006e-08,e,0.5,o,0.5,-3.68,12300000.0,-0.001
3.34448e-08,e,0.5,o,0.5,-3.19,38600000.0,-0.004
3.34454e-08,e,2.5,o,1.5,-1.14,4310000000.0,0.177
3.34552e-08,e,1.5,o,1.5,-1.17,4020000000.0,-0.098
3.34607e-08,e,4.5,o,3.5,-0.99,6110000000.0,-0.166
3.3464100000000006e-08,e,2.5,o,3.5,-0.95,6650000000.0,-0.33
3.34699e-08,e,3.5,o,4.5,-3.19,38400000.0,0.049
3.3470100000000007e-08,e,2.5,o,2.5,-1.02,5650000000.0,0.477
3.34846e-08,e,3.5,o,3.5,-1.53,1750000000.0,-0.117
3.3492200000000004e-08,e,2.5,o,1.5,-0.76,10300000000.0,-0.566
3.35005e-08,e,1.5,o,2.5,-1.44,2160000000.0,-0.108
3.35013e-08,e,2.5,o,3.5,-0.81,9210000000.0,0.226
3.35034e-08,e,2.5,o,3.5,-2.68,125000000.0,0.211
3.3515e-08,e,2.5,o,2.5,-1.42,2270000000.0,0.084
3.35161e-08,e,3.5,o,3.5,-1.38,2490000000.0,-0.283
3.3519000000000004e-08,e,1.5,o,1.5,-1.98,627000000.0,-0.043
3.35209e-08,e,2.5,o,2.5,-1.92,709000000.0,0.125
3.3523e-08,e,2.5,o,3.5,-3.28,30900000.0,-0.06
3.3525400000000006e-08,e,0.5,o,0.5,-1.03,5570000000.0,0.553
3.3526e-08,e,3.5,o,4.5,-1.43,2210000000.0,0.169
3.35287e-08,e,3.5,o,4.5,-3.66,12900000.0,0.019
3.35462e-08,e,2.5,o,2.5,-0.31,29400000000.0,-0.65
3.35467e-08,e,3.5,o,2.5,-4.86,814000.0,0.0
3.3550200000000004e-08,e,1.5,o,0.5,-1.71,1160000000.0,0.041
3.35565e-08,e,1.5,o,2.5,-0.77,10100000000.0,0.291
3.35691e-08,e,1.5,o,1.5,-0.78,9860000000.0,-0.298
3.35731e-08,e,1.5,o,2.5,-0.56,16400000000.0,0.658
3.35876e-08,e,2.5,o,2.5,-1.6,1490000000.0,0.769
3.35885e-08,e,3.5,o,3.5,-1.91,725000000.0,0.643
3.35913e-08,e,3.5,o,3.5,-0.57,15800000000.0,0.221
3.3607e-08,e,0.5,o,1.5,-0.95,6640000000.0,0.565
3.36075e-08,e,1.5,o,2.5,-2.14,432000000.0,-0.271
3.36165e-08,e,1.5,o,2.5,-0.87,8040000000.0,0.215
3.36169e-08,e,0.5,o,1.5,-0.63,13900000000.0,0.64
3.36274e-08,e,4.5,o,5.5,-0.18,39300000000.0,0.527
3.3632299999999996e-08,e,3.5,o,3.5,-0.16,41000000000.0,-0.661
3.364e-08,e,3.5,o,2.5,-1.45,2090000000.0,0.549
3.36534e-08,e,3.5,o,2.5,-2.67,126000000.0,0.601
3.365710000000001e-08,e,4.5,o,4.5,-1.29,3040000000.0,-0.029
3.36878e-08,e,4.5,o,4.5,-1.39,2420000000.0,0.052
3.37008e-08,e,4.5,o,3.5,-0.83,8660000000.0,0.173
3.3707700000000003e-08,e,1.5,o,1.5,-1.45,2100000000.0,0.043
3.3722e-08,e,0.5,o,1.5,-1.43,2200000000.0,-0.159
3.37494e-08,e,2.5,o,2.5,-2.54,168000000.0,-0.011
3.37602e-08,e,1.5,o,2.5,-1.93,685000000.0,0.038
3.37784e-08,e,1.5,o,2.5,-1.2,3740000000.0,-0.09
3.38048e-08,e,2.5,o,3.5,-2.06,507000000.0,0.503
3.3830700000000004e-08,e,3.5,o,4.5,-1.16,4000000000.0,0.235
3.38349e-08,e,1.5,o,0.5,-1.59,1480000000.0,0.117
3.38397e-08,e,2.5,o,3.5,-1.2,3700000000.0,0.101
3.38462e-08,e,1.5,o,1.5,-1.23,3410000000.0,0.208
3.3861700000000006e-08,e,3.5,o,4.5,-0.26,31800000000.0,-0.754
3.3863000000000004e-08,e,2.5,o,2.5,-3.1,46700000.0,0.147
3.38748e-08,e,3.5,o,3.5,-0.56,16000000000.0,-0.21
3.38781e-08,e,1.5,o,2.5,-2.93,68000000.0,0.014
3.38905e-08,e,1.5,o,2.5,-2.63,138000000.0,0.095
3.39032e-08,e,2.5,o,1.5,-0.24,33200000000.0,0.587
3.39186e-08,e,3.5,o,2.5,-3.29,29700000.0,-0.093
3.39381e-08,e,4.5,o,3.5,-2.23,344000000.0,0.07
3.39414e-08,e,4.5,o,4.5,-0.36,25200000000.0,-0.368
3.39498e-08,e,2.5,o,2.5,-0.49,18700000000.0,-0.361
3.3964299999999995e-08,e,1.5,o,1.5,-1.36,2490000000.0,-0.148
3.39733e-08,e,1.5,o,2.5,-3.14,42100000.0,-0.009
3.3982799999999996e-08,e,5.5,o,5.5,-0.69,11800000000.0,-0.467
3.3988e-08,e,5.5,o,6.5,-0.12,44000000000.0,-0.896
3.39902e-08,e,0.5,o,0.5,-1.34,2630000000.0,0.386
3.3995e-08,e,2.5,o,1.5,-4.28,3040000.0,-0.012
3.40016e-08,e,0.5,o,1.5,-2.05,515000000.0,-0.14
3.4003500000000004e-08,e,1.5,o,0.5,-0.37,24600000000.0,0.652
3.40058e-08,e,4.5,o,3.5,-0.18,38500000000.0,-0.311
3.40069e-08,e,1.5,o,1.5,-3.01,56200000.0,-0.011
3.40164e-08,e,1.5,o,2.5,-0.96,6270000000.0,0.174
3.40202e-08,e,2.5,o,1.5,-1.57,1570000000.0,0.072
3.40226e-08,e,1.5,o,1.5,-2.43,213000000.0,0.104
3.40229e-08,e,1.5,o,0.5,-2.85,81300000.0,0.008
3.40313e-08,e,2.5,o,3.5,-2.02,547000000.0,0.144
3.40355e-08,e,2.5,o,2.5,-0.59,14900000000.0,-0.536
3.4063e-08,e,4.5,o,5.5,-0.55,16300000000.0,-0.353
3.40819e-08,e,2.5,o,2.5,-2.22,347000000.0,-0.143
3.40988e-08,e,3.5,o,3.5,-0.5,18300000000.0,-0.501
3.4103e-08,e,3.5,o,2.5,-1.69,1170000000.0,-0.195
3.41064e-08,e,1.5,o,0.5,-1.34,2590000000.0,0.271
3.4109699999999996e-08,e,1.5,o,2.5,-1.57,1550000000.0,0.195
3.41175e-08,e,5.5,o,5.5,0.02,59100000000.0,-0.613
3.4117899999999996e-08,e,3.5,o,4.5,-1.61,1400000000.0,-0.028
3.41208e-08,e,0.5,o,1.5,-2.48,187000000.0,0.041
3.41235e-08,e,0.5,o,1.5,-2.9,72500000.0,0.037
3.4147800000000005e-08,e,4.5,o,5.5,-0.23,33600000000.0,-0.666
3.4163799999999997e-08,e,0.5,o,1.5,-2.29,292000000.0,-0.15
3.41727e-08,e,1.5,o,1.5,-3.18,37900000.0,0.001
3.4180000000000006e-08,e,0.5,o,0.5,-1.39,2340000000.0,-0.551
3.4183e-08,e,3.5,o,3.5,-1.96,631000000.0,-0.031
3.4191100000000004e-08,e,5.5,o,4.5,-1.66,1260000000.0,-0.354
3.42011e-08,e,1.5,o,1.5,-1.94,645000000.0,0.05
3.42165e-08,e,2.5,o,2.5,-2.38,235000000.0,0.021
3.4220100000000003e-08,e,1.5,o,2.5,-1.14,4130000000.0,0.278
3.42426e-08,e,3.5,o,2.5,-0.49,18500000000.0,-0.249
3.42496e-08,e,5.5,o,4.5,-0.94,6540000000.0,-0.2
3.42575e-08,e,1.5,o,2.5,-1.73,1060000000.0,-0.149
3.42642e-08,e,0.5,o,0.5,-2.9,71700000.0,0.015
3.4270800000000005e-08,e,4.5,o,4.5,0.29,110000000000.0,-0.8
3.4272600000000003e-08,e,2.5,o,3.5,-1.06,4990000000.0,-0.172
3.42838e-08,e,4.5,o,5.5,-0.86,7770000000.0,0.373
3.42916e-08,e,1.5,o,1.5,-1.05,5070000000.0,-0.101
3.4304800000000004e-08,e,2.5,o,1.5,-1.66,1230000000.0,0.056
3.43055e-08,e,2.5,o,3.5,-0.87,7600000000.0,0.705
3.4325400000000006e-08,e,2.5,o,3.5,-4.14,4160000.0,-0.016
3.43352e-08,e,2.5,o,3.5,-4.2,3560000.0,-0.067
3.43368e-08,e,2.5,o,2.5,-2.11,442000000.0,0.178
3.43376e-08,e,2.5,o,2.5,-3.16,39500000.0,-0.018
3.43581e-08,e,4.5,o,4.5,-3.98,5840000.0,0.004
3.43598e-08,e,0.5,o,1.5,-2.61,139000000.0,-0.029
3.4363e-08,e,2.5,o,2.5,-3.28,29700000.0,-0.069
3.43651e-08,e,2.5,o,1.5,-1.47,1950000000.0,-0.116
3.43736e-08,e,4.5,o,3.5,-0.9,7100000000.0,-0.556
3.4374200000000005e-08,e,1.5,o,0.5,-1.46,1990000000.0,-0.341
3.4378500000000006e-08,e,2.5,o,1.5,-4.24,3230000.0,0.01
3.43844e-08,e,2.5,o,3.5,-1.83,838000000.0,0.035
3.43912e-08,e,1.5,o,2.5,-2.8,88900000.0,-0.082
3.43931e-08,e,2.5,o,3.5,-2.49,184000000.0,-0.147
3.4394099999999996e-08,e,3.5,o,3.5,-2.39,229000000.0,0.102
3.44055e-08,e,3.5,o,2.5,-3.21,34600000.0,-0.01
3.44067e-08,e,4.5,o,3.5,-2.83,82900000.0,0.017
3.44068e-08,e,1.5,o,1.5,-4.44,2060000.0,0.002
3.44172e-08,e,4.5,o,4.5,-0.95,6260000000.0,0.215
3.4426100000000005e-08,e,2.5,o,1.5,-1.36,2460000000.0,-0.113
3.4427300000000004e-08,e,2.5,o,3.5,-1.94,653000000.0,0.06
3.44354e-08,e,2.5,o,2.5,-2.16,393000000.0,-0.104
3.4436000000000005e-08,e,2.5,o,3.5,-4.42,2120000.0,-0.042
3.44663e-08,e,3.5,o,2.5,-2.1,446000000.0,0.043
3.4469900000000005e-08,e,2.5,o,1.5,-2.71,109000000.0,0.027
3.44772e-08,e,0.5,o,0.5,-2.48,187000000.0,0.1
3.4486e-08,e,4.5,o,3.5,-0.4,22300000000.0,0.445
3.44911e-08,e,1.5,o,2.5,-1.0,5650000000.0,0.106
3.44914e-08,e,2.5,o,2.5,-4.62,1350000.0,-0.008
3.4496100000000005e-08,e,2.5,o,1.5,-1.56,1560000000.0,0.161
3.451e-08,e,0.5,o,1.5,-3.65,12700000.0,-0.022
3.45199e-08,e,1.5,o,2.5,-2.85,79900000.0,-0.207
3.45276e-08,e,2.5,o,1.5,-2.66,123000000.0,-0.039
3.4529199999999995e-08,e,4.5,o,3.5,-1.87,754000000.0,-0.022
3.45348e-08,e,4.5,o,4.5,-1.85,792000000.0,-0.093
3.45364e-08,e,5.5,o,5.5,0.0,55600000000.0,-0.524
3.45387e-08,e,4.5,o,5.5,-0.83,8290000000.0,-0.59
3.45426e-08,e,4.5,o,3.5,-2.67,120000000.0,0.04
3.45561e-08,e,1.5,o,1.5,-1.81,867000000.0,-0.136
3.4567700000000006e-08,e,5.5,o,4.5,0.03,59000000000.0,0.602
3.4569000000000003e-08,e,1.5,o,0.5,-1.82,846000000.0,-0.041
3.45808e-08,e,1.5,o,1.5,-2.01,547000000.0,-0.054
3.4587900000000006e-08,e,1.5,o,2.5,-3.2,35400000.0,-0.001
3.46e-08,e,5.5,o,4.5,-0.84,7960000000.0,0.317
3.4601200000000004e-08,e,4.5,o,3.5,-1.67,1190000000.0,-0.174
3.46051e-08,e,2.5,o,3.5,-2.56,155000000.0,-0.185
3.46141e-08,e,1.5,o,2.5,-2.06,490000000.0,0.18
3.4632900000000004e-08,e,2.5,o,2.5,-2.95,63100000.0,-0.101
3.46431e-08,e,4.5,o,4.5,-4.99,567000.0,0.0
3.46446e-08,e,4.5,o,3.5,-1.65,1260000000.0,-0.075
3.46456e-08,e,1.5,o,0.5,-2.35,251000000.0,0.057
3.46589e-08,e,2.5,o,2.5,-1.74,1010000000.0,0.116
3.46602e-08,e,0.5,o,1.5,-4.49,1810000.0,0.001
3.46616e-08,e,1.5,o,2.5,-2.65,125000000.0,-0.097
3.4666e-08,e,2.5,o,3.5,-1.73,1030000000.0,-0.183
3.46695e-08,e,2.5,o,1.5,-1.56,1530000000.0,0.15
3.46815e-08,e,2.5,o,3.5,-1.32,2660000000.0,-0.174
3.46861e-08,e,4.5,o,4.5,-2.22,334000000.0,-0.008
3.47041e-08,e,1.5,o,1.5,-2.73,102000000.0,0.008
3.47068e-08,e,4.5,o,5.5,-2.34,252000000.0,0.016
3.47135e-08,e,1.5,o,2.5,-1.73,1020000000.0,0.191
3.47176e-08,e,3.5,o,4.5,-1.21,3400000000.0,-0.439
3.4723700000000004e-08,e,3.5,o,4.5,-1.34,2560000000.0,-0.203
3.4725400000000003e-08,e,3.5,o,3.5,-2.57,150000000.0,-0.011
3.47256e-08,e,1.5,o,1.5,-0.87,7450000000.0,0.377
3.47274e-08,e,2.5,o,2.5,-5.59,142000.0,0.0
3.4729000000000006e-08,e,3.5,o,2.5,-1.11,4290000000.0,-0.106
3.473330000000001e-08,e,4.5,o,5.5,-0.98,5830000000.0,0.217
3.4738400000000005e-08,e,4.5,o,4.5,-1.12,4220000000.0,0.081
3.47486e-08,e,1.5,o,1.5,-1.9,699000000.0,-0.137
3.47502e-08,e,0.5,o,0.5,-2.35,245000000.0,-0.102
3.4753800000000004e-08,e,3.5,o,2.5,-1.85,775000000.0,-0.101
3.4765300000000004e-08,e,1.5,o,0.5,-3.9,6960000.0,-0.001
3.47711e-08,e,4.5,o,4.5,-2.7,108000000.0,0.001
3.47847e-08,e,3.5,o,3.5,-1.71,1070000000.0,-0.288
3.47849e-08,e,4.5,o,3.5,-0.37,23700000000.0,0.309
3.47943e-08,e,2.5,o,3.5,-0.41,21700000000.0,0.615
3.48158e-08,e,4.5,o,3.5,-4.69,1120000.0,0.0
3.48163e-08,e,1.5,o,2.5,-0.48,18000000000.0,0.363
3.48193e-08,e,4.5,o,4.5,-0.36,23900000000.0,-0.496
3.48233e-08,e,2.5,o,3.5,-2.23,322000000.0,-0.144
3.4827100000000004e-08,e,3.5,o,4.5,-1.08,4620000000.0,0.254
3.48286e-08,e,3.5,o,3.5,-0.6,13900000000.0,-0.351
3.48332e-08,e,2.5,o,2.5,-2.56,153000000.0,-0.107
3.48524e-08,e,1.5,o,0.5,-3.91,6710000.0,-0.001
3.48622e-08,e,1.5,o,2.5,-2.44,198000000.0,-0.073
3.48628e-08,e,5.5,o,6.5,-1.42,2090000000.0,0.876
3.48676e-08,e,5.5,o,4.5,-2.33,258000000.0,0.007
3.48705e-08,e,3.5,o,4.5,-1.12,4150000000.0,0.194
3.4877400000000004e-08,e,4.5,o,3.5,-1.03,5080000000.0,-0.083
3.48804e-08,e,4.5,o,5.5,-1.06,4810000000.0,0.151
3.48853e-08,e,3.5,o,2.5,-1.56,1500000000.0,0.125
3.48892e-08,e,0.5,o,1.5,-0.81,8460000000.0,0.369
3.48969e-08,e,1.5,o,2.5,-0.32,26100000000.0,0.527
3.4910700000000004e-08,e,2.5,o,3.5,-1.14,4020000000.0,-0.277
3.49269e-08,e,2.5,o,1.5,-3.18,36600000.0,-0.016
3.4935399999999997e-08,e,4.5,o,4.5,-1.23,3250000000.0,-0.214
3.49514e-08,e,1.5,o,1.5,-2.98,57700000.0,-0.007
3.49554e-08,e,2.5,o,2.5,-2.75,97400000.0,-0.009
3.49561e-08,e,1.5,o,1.5,-2.44,197000000.0,-0.022
3.49744e-08,e,1.5,o,0.5,-1.91,666000000.0,-0.157
3.49818e-08,e,3.5,o,3.5,-3.72,10500000.0,0.003
3.49832e-08,e,2.5,o,1.5,-2.2,344000000.0,-0.113
3.4984600000000003e-08,e,1.5,o,2.5,-2.24,314000000.0,-0.022
3.49959e-08,e,5.5,o,5.5,-0.29,27800000000.0,-0.195
3.4998200000000004e-08,e,2.5,o,2.5,-1.15,3910000000.0,0.486
3.50016e-08,e,3.5,o,3.5,-1.79,887000000.0,-0.153
3.50046e-08,e,2.5,o,3.5,-0.36,23900000000.0,-0.372
3.5005200000000006e-08,e,3.5,o,4.5,-1.61,1330000000.0,-0.056
3.50102e-08,e,1.5,o,2.5,-3.37,23100000.0,-0.008
3.5012500000000003e-08,e,1.5,o,1.5,-1.16,3800000000.0,-0.176
3.50275e-08,e,4.5,o,5.5,-2.19,350000000.0,-0.074
3.50299e-08,e,3.5,o,2.5,-1.68,1130000000.0,-0.07
3.50367e-08,e,4.5,o,3.5,-1.04,4970000000.0,-0.157
3.5041300000000006e-08,e,4.5,o,4.5,-0.65,12000000000.0,-0.086
3.50522e-08,e,2.5,o,2.5,-1.35,2430000000.0,-0.141
3.5057100000000006e-08,e,4.5,o,4.5,-0.85,7680000000.0,-0.463
3.5062700000000005e-08,e,0.5,o,1.5,-2.52,165000000.0,-0.023
3.50638e-08,e,3.5,o,3.5,-4.1,4360000.0,0.0
3.5067000000000006e-08,e,2.5,o,2.5,-4.19,3540000.0,0.0
3.50811e-08,e,0.5,o,0.5,-1.2,3450000000.0,-0.207
3.50816e-08,e,1.5,o,2.5,-0.89,6960000000.0,-0.202
3.50856e-08,e,2.5,o,1.5,-3.06,47600000.0,-0.004
3.50919e-08,e,1.5,o,0.5,-0.74,9780000000.0,-0.289
3.51097e-08,e,1.5,o,2.5,-4.33,2540000.0,0.001
3.511e-08,e,4.5,o,3.5,-2.62,129000000.0,-0.008
3.5115e-08,e,1.5,o,1.5,-2.96,59500000.0,0.007
3.51194e-08,e,0.5,o,1.5,-1.2,3420000000.0,-0.201
3.51225e-08,e,3.5,o,4.5,-2.77,93100000.0,0.084
3.51259e-08,e,1.5,o,1.5,-2.66,118000000.0,0.02
3.5133800000000005e-08,e,2.5,o,3.5,-0.81,8490000000.0,-0.193
3.5152499999999997e-08,e,2.5,o,3.5,-0.28,28500000000.0,-0.557
3.51709e-08,e,4.5,o,5.5,-1.57,1450000000.0,0.122
3.5172000000000006e-08,e,4.5,o,5.5,-1.84,779000000.0,-0.157
3.52085e-08,e,2.5,o,1.5,-1.63,1270000000.0,0.217
3.52225e-08,e,0.5,o,1.5,-2.48,179000000.0,-0.019
3.52248e-08,e,3.5,o,3.5,-1.09,4420000000.0,-0.257
3.523260000000001e-08,e,2.5,o,3.5,-1.96,592000000.0,-0.108
3.52349e-08,e,3.5,o,2.5,-1.22,3240000000.0,-0.09
3.52438e-08,e,1.5,o,2.5,-1.86,735000000.0,-0.168
3.5245400000000004e-08,e,3.5,o,4.5,-2.78,88300000.0,-0.02
3.5259e-08,e,0.5,o,0.5,-1.05,4770000000.0,0.258
3.5278800000000004e-08,e,2.5,o,1.5,-3.09,43600000.0,0.004
3.5281500000000004e-08,e,1.5,o,1.5,-0.79,8720000000.0,-0.253
3.5289299999999996e-08,e,2.5,o,3.5,-2.72,101000000.0,-0.022
3.52933e-08,e,0.5,o,1.5,-3.22,32300000.0,-0.015
3.5301799999999997e-08,e,2.5,o,2.5,-0.42,20300000000.0,0.521
3.53473e-08,e,2.5,o,1.5,-2.27,290000000.0,-0.023
3.53476e-08,e,3.5,o,2.5,-2.93,62600000.0,0.411
3.5350900000000005e-08,e,4.5,o,3.5,-2.21,327000000.0,0.089
3.53541e-08,e,2.5,o,1.5,-3.38,22500000.0,0.12
3.53555e-08,e,1.5,o,2.5,-0.46,18700000000.0,-0.4
3.53599e-08,e,3.5,o,2.5,-2.47,181000000.0,0.063
3.53623e-08,e,2.5,o,1.5,-3.36,23300000.0,0.43
3.53748e-08,e,1.5,o,0.5,-0.87,7240000000.0,0.211
3.53772e-08,e,1.5,o,1.5,-2.43,199000000.0,0.015
3.5379e-08,e,1.5,o,2.5,-0.61,13200000000.0,0.358
3.53792e-08,e,2.5,o,2.5,-2.14,387000000.0,0.156
3.5384e-08,e,1.5,o,1.5,-2.36,234000000.0,0.221
3.53915e-08,e,1.5,o,2.5,-2.38,219000000.0,0.045
3.53931e-08,e,1.5,o,0.5,-4.36,2310000.0,0.308
3.5408900000000004e-08,e,2.5,o,2.5,-3.38,22200000.0,0.002
3.54091e-08,e,1.5,o,2.5,-1.52,1620000000.0,0.305
3.5413e-08,e,2.5,o,3.5,-1.14,3900000000.0,0.181
3.54229e-08,e,1.5,o,1.5,-2.33,252000000.0,-0.011
3.5438900000000005e-08,e,1.5,o,2.5,-2.35,237000000.0,-0.027
3.5450500000000004e-08,e,0.5,o,1.5,-3.08,43900000.0,-0.004
3.5451e-08,e,4.5,o,3.5,-4.68,1120000.0,0.0
3.54587e-08,e,1.5,o,1.5,-4.41,2080000.0,-0.112
3.5459e-08,e,3.5,o,2.5,-2.79,86900000.0,0.03
3.54679e-08,e,2.5,o,3.5,-1.72,1010000000.0,0.19
3.54742e-08,e,1.5,o,0.5,-2.43,196000000.0,0.033
3.5476e-08,e,4.5,o,4.5,-0.6,13400000000.0,-0.213
3.54832e-08,e,2.5,o,2.5,-2.63,124000000.0,0.018
3.54863e-08,e,0.5,o,1.5,-5.11,410000.0,0.0
3.5491e-08,e,2.5,o,2.5,-4.3,2680000.0,-0.044
3.54932e-08,e,0.5,o,1.5,-2.4,212000000.0,0.247
3.5494200000000004e-08,e,5.5,o,4.5,-2.17,354000000.0,0.061
3.54983e-08,e,5.5,o,5.5,-0.77,9000000000.0,-0.263
3.54993e-08,e,1.5,o,1.5,-1.01,5200000000.0,0.172
3.5508400000000004e-08,e,4.5,o,3.5,-2.73,97800000.0,0.013
3.55218e-08,e,4.5,o,4.5,-1.17,3610000000.0,-0.187
3.55256e-08,e,5.5,o,6.5,-1.75,930000000.0,-0.829
3.55274e-08,e,2.5,o,1.5,-0.66,11700000000.0,0.246
3.5541300000000003e-08,e,3.5,o,3.5,-0.26,29200000000.0,-0.441
3.55421e-08,e,4.5,o,5.5,-2.18,346000000.0,-0.44
3.55425e-08,e,3.5,o,3.5,-1.12,4010000000.0,0.253
3.55446e-08,e,0.5,o,0.5,-1.07,4450000000.0,-0.229
3.55524e-08,e,2.5,o,2.5,-0.86,7340000000.0,-0.221
3.55733e-08,e,1.5,o,2.5,-1.98,556000000.0,0.079
3.55736e-08,e,2.5,o,3.5,-3.38,22100000.0,0.078
3.5580000000000005e-08,e,2.5,o,3.5,-0.97,5650000000.0,0.087
3.5581799999999996e-08,e,1.5,o,0.5,-0.88,7010000000.0,0.336
3.5583900000000004e-08,e,0.5,o,0.5,-3.4,20900000.0,-0.009
3.55881e-08,e,1.5,o,2.5,-5.55,149000.0,0.027
3.55941e-08,e,1.5,o,2.5,-1.8,838000000.0,-0.023
3.55962e-08,e,4.5,o,3.5,-0.98,5530000000.0,0.554
3.56007e-08,e,1.5,o,2.5,-1.56,1460000000.0,0.221
3.56034e-08,e,2.5,o,2.5,-2.48,176000000.0,-0.053
3.56086e-08,e,5.5,o,4.5,-2.77,89100000.0,-0.008
3.56176e-08,e,2.5,o,3.5,-1.9,667000000.0,-0.169
3.56201e-08,e,2.5,o,1.5,-1.43,1950000000.0,-0.414
3.5624400000000004e-08,e,2.5,o,2.5,-4.22,3210000.0,-0.008
3.56261e-08,e,3.5,o,2.5,-1.31,2570000000.0,-0.084
3.5633600000000005e-08,e,4.5,o,3.5,-2.6,131000000.0,-0.02
3.5635800000000005e-08,e,2.5,o,3.5,-1.82,790000000.0,0.238
3.5643599999999996e-08,e,3.5,o,3.5,-0.89,6830000000.0,-0.204
3.5654e-08,e,5.5,o,4.5,-3.11,40400000.0,-0.001
3.56543e-08,e,2.5,o,1.5,-2.06,464000000.0,-0.019
3.56548e-08,e,1.5,o,2.5,-3.46,18200000.0,-0.057
3.56597e-08,e,2.5,o,3.5,-2.3,262000000.0,-0.212
3.5662700000000003e-08,e,4.5,o,4.5,-0.93,6140000000.0,-0.221
3.56689e-08,e,3.5,o,4.5,-1.67,1130000000.0,0.214
3.56727e-08,e,3.5,o,2.5,-1.04,4740000000.0,0.508
3.56742e-08,e,4.5,o,4.5,-1.12,4020000000.0,-0.188
3.56783e-08,e,4.5,o,5.5,-5.24,305000.0,0.0
3.56786e-08,e,2.5,o,2.5,-0.98,5530000000.0,-0.089
3.56819e-08,e,2.5,o,3.5,-1.88,694000000.0,0.334
3.5682e-08,e,2.5,o,2.5,-3.76,9130000.0,-0.001
3.56825e-08,e,4.5,o,3.5,-2.02,502000000.0,0.032
3.56986e-08,e,1.5,o,1.5,-2.8,83500000.0,0.004
3.57016e-08,e,3.5,o,3.5,-2.19,338000000.0,-0.115
3.57039e-08,e,5.5,o,5.5,-0.46,18200000000.0,0.304
3.5712400000000004e-08,e,1.5,o,2.5,-3.39,21300000.0,0.002
3.57153e-08,e,3.5,o,4.5,-2.65,118000000.0,0.07
3.5728300000000004e-08,e,1.5,o,2.5,-1.33,2470000000.0,0.221
3.57319e-08,e,2.5,o,1.5,-1.25,2930000000.0,0.49
3.57335e-08,e,2.5,o,2.5,-0.57,14300000000.0,0.318
3.57368e-08,e,1.5,o,1.5,-0.87,7100000000.0,0.165
3.57414e-08,e,2.5,o,2.5,-1.83,772000000.0,-0.206
3.5745100000000006e-08,e,4.5,o,3.5,-2.21,323000000.0,-0.108
3.57574e-08,e,1.5,o,1.5,-3.19,33500000.0,0.004
3.5780200000000004e-08,e,2.5,o,1.5,-0.54,15200000000.0,0.376
3.57883e-08,e,4.5,o,4.5,-0.29,26700000000.0,0.543
3.57898e-08,e,4.5,o,4.5,-0.65,11700000000.0,0.23
3.57914e-08,e,4.5,o,3.5,-1.72,983000000.0,-0.021
3.57936e-08,e,3.5,o,2.5,-2.74,94200000.0,-0.026
3.57948e-08,e,5.5,o,4.5,-1.47,1750000000.0,-0.042
3.58022e-08,e,3.5,o,3.5,-0.53,15300000000.0,0.407
3.58079e-08,e,3.5,o,2.5,-2.92,62200000.0,0.002
3.58188e-08,e,2.5,o,2.5,-0.69,10600000000.0,0.4
3.58241e-08,e,3.5,o,2.5,-3.6,13200000.0,-0.014
3.58282e-08,e,3.5,o,3.5,-2.41,201000000.0,-0.089
3.58295e-08,e,1.5,o,2.5,-3.26,28800000.0,-0.003
3.58303e-08,e,1.5,o,1.5,-0.78,8630000000.0,0.432
3.58357e-08,e,4.5,o,4.5,-0.71,10000000000.0,0.165
3.5840800000000006e-08,e,4.5,o,3.5,-3.66,11400000.0,-0.001
3.58431e-08,e,2.5,o,1.5,-2.05,467000000.0,-0.02
3.58576e-08,e,3.5,o,4.5,-2.81,80600000.0,0.03
3.58593e-08,e,5.5,o,5.5,-0.62,12600000000.0,0.185
3.58635e-08,e,2.5,o,3.5,-5.94,60500.0,0.0
3.58643e-08,e,1.5,o,1.5,-1.86,715000000.0,-0.081
3.5866699999999997e-08,e,4.5,o,4.5,-1.59,1330000000.0,0.202
3.5871600000000003e-08,e,0.5,o,1.5,-1.15,3700000000.0,0.354
3.5872100000000004e-08,e,1.5,o,2.5,-3.86,7230000.0,-0.008
3.5880300000000004e-08,e,2.5,o,3.5,-4.21,3170000.0,0.002
3.58822e-08,e,1.5,o,0.5,-0.92,6230000000.0,0.3
3.58834e-08,e,4.5,o,3.5,-4.31,2560000.0,-0.001
3.58856e-08,e,4.5,o,3.5,-0.04,47500000000.0,0.532
3.58861e-08,e,4.5,o,5.5,-3.23,30700000.0,-0.005
3.58909e-08,e,0.5,o,0.5,-2.68,107000000.0,0.06
3.58933e-08,e,2.5,o,2.5,-4.37,2210000.0,-0.001
3.59008e-08,e,1.5,o,2.5,-1.86,725000000.0,0.103
3.5917500000000004e-08,e,5.5,o,4.5,-1.62,1250000000.0,-0.125
3.59177e-08,e,1.5,o,2.5,-1.37,2210000000.0,-0.435
3.59177e-08,e,1.5,o,1.5,-2.29,263000000.0,-0.039
3.59288e-08,e,2.5,o,3.5,-0.95,5820000000.0,0.211
3.5931e-08,e,0.5,o,1.5,-2.44,186000000.0,-0.05
3.59374e-08,e,4.5,o,4.5,-2.88,68600000.0,-0.019
3.59493e-08,e,2.5,o,3.5,-1.25,2920000000.0,-0.444
3.59741e-08,e,4.5,o,3.5,-2.24,299000000.0,-0.058
3.5976600000000003e-08,e,1.5,o,1.5,-2.72,98200000.0,0.022
3.59779e-08,e,4.5,o,4.5,-0.99,5290000000.0,-0.085
3.59792e-08,e,2.5,o,2.5,-2.43,193000000.0,0.077
3.59866e-08,e,3.5,o,2.5,-0.23,30600000000.0,0.501
3.59938e-08,e,4.5,o,5.5,-2.96,56500000.0,0.016
3.59964e-08,e,3.5,o,4.5,-1.32,2450000000.0,-0.522
3.6e-08,e,2.5,o,2.5,-1.36,2230000000.0,-0.049
3.6008800000000004e-08,e,1.5,o,2.5,-1.81,796000000.0,0.537
3.60149e-08,e,5.5,o,5.5,-2.22,309000000.0,-0.057
3.6037700000000005e-08,e,3.5,o,3.5,-1.1,4060000000.0,-0.155
3.6038900000000004e-08,e,0.5,o,1.5,-1.51,1570000000.0,-0.26
3.6039800000000006e-08,e,4.5,o,3.5,-3.33,23800000.0,-0.001
3.6041000000000005e-08,e,1.5,o,2.5,-2.21,316000000.0,-0.035
3.60431e-08,e,4.5,o,5.5,-3.33,24000000.0,-0.004
3.60447e-08,e,3.5,o,2.5,-3.51,16100000.0,-0.015
3.60461e-08,e,5.5,o,4.5,-1.75,916000000.0,-0.059
3.6061200000000005e-08,e,2.5,o,1.5,-0.4,20600000000.0,0.502
3.60639e-08,e,3.5,o,4.5,-3.58,13700000.0,-0.013
3.60702e-08,e,2.5,o,3.5,-1.86,706000000.0,0.424
3.6074900000000005e-08,e,1.5,o,1.5,-1.43,1900000000.0,0.468
3.60755e-08,e,3.5,o,2.5,-1.42,1950000000.0,-0.159
3.6080500000000003e-08,e,1.5,o,1.5,-1.93,612000000.0,-0.024
3.60808e-08,e,3.5,o,3.5,-1.69,1040000000.0,-0.119
3.6084300000000004e-08,e,2.5,o,1.5,-2.27,272000000.0,-0.083
3.60949e-08,e,3.5,o,3.5,-0.84,7440000000.0,-0.517
3.60979e-08,e,2.5,o,3.5,-1.13,3810000000.0,0.335
3.61018e-08,e,4.5,o,4.5,-2.68,107000000.0,0.053
3.6102800000000005e-08,e,2.5,o,3.5,-2.45,183000000.0,0.056
3.61036e-08,e,3.5,o,2.5,-4.01,5020000.0,0.009
3.61084e-08,e,2.5,o,2.5,-2.05,458000000.0,0.129
3.6116699999999995e-08,e,2.5,o,2.5,-1.07,4350000000.0,-0.504
3.6121300000000006e-08,e,1.5,o,0.5,-0.53,15200000000.0,0.526
3.61232e-08,e,2.5,o,1.5,-1.19,3340000000.0,-0.5
3.61335e-08,e,1.5,o,0.5,-2.12,391000000.0,-0.245
3.61353e-08,e,2.5,o,2.5,-0.82,7790000000.0,-0.502
3.61354e-08,e,3.5,o,4.5,-3.88,6800000.0,0.006
3.61378e-08,e,1.5,o,1.5,-3.4,20400000.0,-0.002
3.6143e-08,e,3.5,o,2.5,-0.91,6240000000.0,-0.493
3.6145e-08,e,1.5,o,1.5,-3.18,33800000.0,0.032
3.6147100000000005e-08,e,1.5,o,2.5,-3.25,28900000.0,0.043
3.61614e-08,e,1.5,o,1.5,-0.95,5750000000.0,-0.504
3.61676e-08,e,5.5,o,5.5,-2.52,153000000.0,0.025
3.61712e-08,e,1.5,o,2.5,-2.24,294000000.0,0.061
3.61751e-08,e,2.5,o,1.5,-1.55,1450000000.0,0.27
3.61781e-08,e,1.5,o,0.5,-1.3,2540000000.0,0.072
3.6178800000000005e-08,e,3.5,o,3.5,-0.89,6530000000.0,-0.146
3.61832e-08,e,2.5,o,1.5,-3.67,10800000.0,0.005
3.61836e-08,e,4.5,o,3.5,-0.78,8460000000.0,-0.501
3.61955e-08,e,1.5,o,2.5,-1.8,815000000.0,0.067
3.6200200000000004e-08,e,4.5,o,5.5,-1.41,1990000000.0,0.435
3.6202300000000005e-08,e,1.5,o,2.5,-1.09,4110000000.0,-0.318
3.62092e-08,e,2.5,o,1.5,-1.61,1260000000.0,0.088
3.62099e-08,e,4.5,o,3.5,-1.72,980000000.0,-0.059
3.62238e-08,e,1.5,o,1.5,-1.75,914000000.0,0.499
3.6228100000000004e-08,e,2.5,o,2.5,-2.23,301000000.0,0.05
3.62317e-08,e,4.5,o,4.5,-2.79,83100000.0,-0.009
3.62348e-08,e,2.5,o,3.5,-4.19,3260000.0,0.024
3.6236e-08,e,1.5,o,2.5,-2.02,489000000.0,0.461
3.62391e-08,e,1.5,o,0.5,-4.46,1770000.0,0.001
3.62398e-08,e,2.5,o,2.5,-3.74,9310000.0,0.001
3.62445e-08,e,2.5,o,3.5,-2.01,491000000.0,0.463
3.62558e-08,e,2.5,o,2.5,-2.82,77900000.0,0.026
3.6269700000000003e-08,e,2.5,o,1.5,-2.64,118000000.0,-0.04
3.6287e-08,e,1.5,o,2.5,-1.2,3220000000.0,-0.361
3.6293e-08,e,2.5,o,2.5,-1.52,1540000000.0,0.495
3.63001e-08,e,5.5,o,6.5,-0.64,11600000000.0,-0.671
3.6304700000000003e-08,e,3.5,o,2.5,-0.83,7530000000.0,-0.283
3.6308300000000006e-08,e,2.5,o,1.5,-0.95,5670000000.0,-0.332
3.6315100000000003e-08,e,0.5,o,1.5,-1.73,943000000.0,0.204
3.63223e-08,e,0.5,o,1.5,-2.72,97000000.0,0.133
3.63417e-08,e,1.5,o,1.5,-3.59,13100000.0,0.022
3.6343900000000006e-08,e,2.5,o,2.5,-2.65,113000000.0,-0.037
3.63545e-08,e,4.5,o,5.5,-0.77,8490000000.0,-0.484
3.63797e-08,e,2.5,o,1.5,-3.08,42500000.0,0.011
3.6385600000000004e-08,e,1.5,o,0.5,-3.57,13700000.0,-0.111
3.63945e-08,e,1.5,o,2.5,-2.73,94000000.0,-0.458
3.63964e-08,e,3.5,o,3.5,-1.59,1310000000.0,0.516
3.63966e-08,e,2.5,o,2.5,0.02,53000000000.0,0.643
3.64143e-08,e,1.5,o,2.5,-1.29,2570000000.0,0.14
3.6417300000000004e-08,e,0.5,o,0.5,-3.22,30500000.0,-0.045
3.64176e-08,e,1.5,o,1.5,-0.21,31200000000.0,0.606
3.6427600000000005e-08,e,1.5,o,2.5,-3.37,21500000.0,-0.033
3.6431599999999996e-08,e,2.5,o,3.5,-4.17,3400000.0,-0.005
3.6451600000000006e-08,e,2.5,o,1.5,-3.12,38100000.0,0.103
3.64866e-08,e,4.5,o,3.5,-1.36,2210000000.0,0.383
3.64877e-08,e,1.5,o,2.5,-1.63,1170000000.0,0.169
3.64878e-08,e,4.5,o,4.5,-1.57,1340000000.0,0.441
3.64891e-08,e,5.5,o,4.5,-1.38,2100000000.0,-0.039
3.649580000000001e-08,e,4.5,o,5.5,-4.12,3760000.0,0.1
3.6516800000000004e-08,e,1.5,o,1.5,-2.68,106000000.0,-0.005
3.6528e-08,e,2.5,o,1.5,-1.07,4250000000.0,0.409
3.6532e-08,e,2.5,o,2.5,-0.91,6150000000.0,0.087
3.65368e-08,e,1.5,o,0.5,-3.0,50600000.0,-0.028
3.65376e-08,e,5.5,o,4.5,-2.52,152000000.0,-0.009
3.65378e-08,e,2.5,o,3.5,-1.64,1150000000.0,-0.132
3.65416e-08,e,5.5,o,6.5,-1.54,1440000000.0,-0.827
3.65457e-08,e,4.5,o,3.5,-1.87,668000000.0,0.047
3.65479e-08,e,1.5,o,2.5,-2.08,419000000.0,-0.062
3.6548500000000005e-08,e,2.5,o,3.5,-2.78,82200000.0,-0.449
3.6557100000000006e-08,e,3.5,o,4.5,-1.74,920000000.0,0.274
3.65591e-08,e,5.5,o,5.5,-2.19,321000000.0,-0.23
3.65784e-08,e,1.5,o,1.5,-3.91,6240000.0,-0.001
3.65959e-08,e,2.5,o,3.5,-1.58,1300000000.0,-0.128
3.65988e-08,e,2.5,o,3.5,-2.27,269000000.0,-0.08
3.66099e-08,e,3.5,o,2.5,-2.22,303000000.0,0.032
3.66327e-08,e,2.5,o,1.5,-3.19,32000000.0,0.062
3.66335e-08,e,2.5,o,3.5,-3.69,10000000.0,-0.002
3.66526e-08,e,4.5,o,3.5,-1.83,741000000.0,-0.025
3.66538e-08,e,1.5,o,2.5,-2.67,106000000.0,-0.023
3.66564e-08,e,3.5,o,4.5,-1.67,1070000000.0,-0.46
3.6661200000000004e-08,e,2.5,o,1.5,-2.25,281000000.0,0.049
3.66685e-08,e,2.5,o,1.5,-3.57,13600000.0,0.05
3.66701e-08,e,2.5,o,2.5,-3.84,7220000.0,-0.005
3.6674e-08,e,3.5,o,3.5,-1.25,2810000000.0,-0.082
3.66794e-08,e,4.5,o,4.5,-1.75,882000000.0,0.069
3.6686700000000006e-08,e,5.5,o,4.5,-1.65,1100000000.0,-0.053
3.66902e-08,e,1.5,o,1.5,-2.74,91200000.0,0.008
3.66932e-08,e,3.5,o,2.5,-1.54,1420000000.0,0.324
3.66955e-08,e,2.5,o,2.5,-2.96,55000000.0,0.015
3.67023e-08,e,1.5,o,1.5,-3.82,7510000.0,0.027
3.6703e-08,e,3.5,o,3.5,-2.64,114000000.0,0.033
3.67042e-08,e,3.5,o,4.5,-2.71,97300000.0,-0.238
3.67118e-08,e,3.5,o,3.5,-3.0,49700000.0,-0.004
3.6714e-08,e,4.5,o,3.5,-2.9,62800000.0,-0.028
3.67234e-08,e,2.5,o,3.5,-0.75,8730000000.0,0.237
3.67237e-08,e,3.5,o,4.5,-0.9,6180000000.0,-0.224
3.6727499999999996e-08,e,2.5,o,2.5,-2.46,172000000.0,0.008
3.67284e-08,e,4.5,o,4.5,-3.83,7370000.0,0.002
3.67318e-08,e,2.5,o,3.5,-2.5,156000000.0,0.044
3.67485e-08,e,3.5,o,2.5,-2.68,104000000.0,-0.092
3.67501e-08,e,4.5,o,5.5,-2.2,312000000.0,-0.305
3.6771e-08,e,2.5,o,1.5,-2.12,376000000.0,-0.192
3.67724e-08,e,2.5,o,3.5,-1.49,1590000000.0,-0.062
3.6781599999999996e-08,e,2.5,o,2.5,-1.67,1060000000.0,-0.247
3.68021e-08,e,3.5,o,3.5,-1.03,4560000000.0,0.118
3.68144e-08,e,2.5,o,1.5,-2.14,354000000.0,-0.245
3.6820999999999996e-08,e,2.5,o,1.5,-2.97,52200000.0,-0.038
3.6842e-08,e,2.5,o,1.5,-1.8,773000000.0,0.293
3.68479e-08,e,4.5,o,3.5,-3.42,18500000.0,-0.012
3.68513e-08,e,3.5,o,3.5,-1.93,574000000.0,0.03
3.68577e-08,e,2.5,o,3.5,-3.08,40400000.0,-0.081
3.68605e-08,e,3.5,o,2.5,-2.28,259000000.0,-0.109
3.6879e-08,e,4.5,o,4.5,-5.41,189000.0,0.0
3.69026e-08,e,5.5,o,4.5,-2.25,278000000.0,0.059
3.6909300000000006e-08,e,5.5,o,6.5,-1.74,882000000.0,-0.302
3.69161e-08,e,5.5,o,5.5,-3.48,16400000.0,0.02
3.69438e-08,e,1.5,o,0.5,-2.14,350000000.0,0.272
3.69467e-08,e,1.5,o,1.5,-3.38,20200000.0,-0.016
3.6952100000000004e-08,e,2.5,o,3.5,-2.3,246000000.0,-0.037
3.69524e-08,e,1.5,o,2.5,-3.82,7410000.0,-0.026
3.69594e-08,e,2.5,o,2.5,-3.45,17600000.0,-0.051
3.69765e-08,e,1.5,o,1.5,-3.0,48400000.0,-0.005
3.69774e-08,e,5.5,o,4.5,-3.59,12700000.0,-0.006
3.6984e-08,e,1.5,o,1.5,-3.17,33100000.0,0.028
3.69849e-08,e,1.5,o,2.5,-2.9,61700000.0,0.078
3.69974e-08,e,2.5,o,3.5,-2.47,165000000.0,-0.088
3.70114e-08,e,1.5,o,2.5,-4.38,2060000.0,0.0
3.7019900000000004e-08,e,2.5,o,3.5,-3.16,33700000.0,0.085
3.70213e-08,e,2.5,o,2.5,-3.47,16500000.0,-0.002
3.70371e-08,e,5.5,o,5.5,-2.36,214000000.0,0.057
3.7044000000000004e-08,e,1.5,o,2.5,-2.61,120000000.0,0.017
3.70488e-08,e,2.5,o,1.5,-2.38,200000000.0,0.183
3.70625e-08,e,2.5,o,3.5,-0.48,16100000000.0,0.38
3.70695e-08,e,4.5,o,3.5,-1.79,792000000.0,-0.037
3.70825e-08,e,1.5,o,0.5,-2.78,80200000.0,0.057
3.70896e-08,e,3.5,o,4.5,-0.23,28800000000.0,0.628
3.70972e-08,e,4.5,o,4.5,-4.1,3860000.0,-0.002
3.7098700000000004e-08,e,2.5,o,2.5,-3.14,35400000.0,0.157
3.71108e-08,e,4.5,o,5.5,-2.28,255000000.0,-0.213
3.7115e-08,e,2.5,o,2.5,-3.61,11800000.0,0.019
3.7115100000000004e-08,e,4.5,o,3.5,-2.53,141000000.0,-0.021
3.71268e-08,e,3.5,o,4.5,-1.27,2610000000.0,0.275
3.71426e-08,e,3.5,o,3.5,-4.52,1450000.0,0.0
3.71728e-08,e,4.5,o,4.5,-2.94,55100000.0,0.029
3.71953e-08,e,3.5,o,2.5,-2.65,108000000.0,0.074
3.72332e-08,e,4.5,o,5.5,-3.5,15100000.0,-0.037
3.72799e-08,e,1.5,o,2.5,-3.62,11500000.0,-0.008
3.7343e-08,e,1.5,o,2.5,-3.14,35000000.0,-0.01
3.74318e-08,e,2.5,o,3.5,-1.37,2050000000.0,-0.177
3.74351e-08,e,3.5,o,4.5,-1.49,1540000000.0,0.128
3.75032e-08,e,2.5,o,2.5,-1.05,4270000000.0,0.079
3.75135e-08,e,3.5,o,3.5,-0.69,9770000000.0,0.12
3.7515e-08,e,4.5,o,3.5,-2.54,138000000.0,0.108
3.75287e-08,e,1.5,o,2.5,-4.83,706000.0,0.0
3.7562e-08,e,4.5,o,4.5,-3.13,35300000.0,-0.052
3.75852e-08,e,3.5,o,2.5,-1.61,1170000000.0,0.109
3.76408e-08,e,2.5,o,3.5,-2.45,168000000.0,0.012
3.76459e-08,e,2.5,o,2.5,-2.8,74500000.0,-0.022
3.7665100000000006e-08,e,2.5,o,1.5,-1.13,3500000000.0,0.14
3.76715e-08,e,3.5,o,2.5,-2.93,55900000.0,0.096
3.77355e-08,e,1.5,o,0.5,-0.63,11000000000.0,0.614
3.77438e-08,e,3.5,o,3.5,-2.92,57000000.0,-0.099
3.7771800000000005e-08,e,2.5,o,2.5,-1.28,2430000000.0,-0.135
3.7774400000000006e-08,e,2.5,o,1.5,-3.45,16500000.0,0.103
3.77758e-08,e,2.5,o,1.5,-0.59,11900000000.0,0.556
3.77914e-08,e,3.5,o,4.5,-4.15,3270000.0,0.044
3.7810000000000006e-08,e,1.5,o,1.5,-1.11,3640000000.0,0.525
3.78344e-08,e,2.5,o,2.5,-3.22,28200000.0,-0.109
3.7845700000000004e-08,e,1.5,o,0.5,-4.22,2820000.0,0.137
3.7855000000000004e-08,e,3.5,o,2.5,-1.1,3710000000.0,0.113
3.78596e-08,e,0.5,o,0.5,-1.34,2120000000.0,-0.541
3.78844e-08,e,1.5,o,1.5,-3.79,7520000.0,-0.115
3.7895400000000005e-08,e,1.5,o,2.5,-3.98,4860000.0,-0.005
3.7907400000000005e-08,e,2.5,o,3.5,-3.92,5620000.0,0.077
3.79227e-08,e,2.5,o,2.5,-0.22,27800000000.0,0.576
3.79299e-08,e,1.5,o,1.5,-1.88,617000000.0,-0.063
3.79346e-08,e,0.5,o,1.5,-0.65,10400000000.0,-0.532
3.79448e-08,e,1.5,o,2.5,-4.27,2490000.0,0.09
3.7957100000000006e-08,e,1.5,o,2.5,-0.66,10200000000.0,-0.485
3.8000900000000005e-08,e,2.5,o,3.5,-2.53,137000000.0,-0.092
3.80149e-08,e,2.5,o,2.5,-2.78,76600000.0,-0.03
3.8021800000000004e-08,e,1.5,o,0.5,-3.2,29000000.0,0.137
3.80496e-08,e,2.5,o,1.5,-3.95,5230000.0,-0.002
3.80832e-08,e,2.5,o,3.5,-1.31,2250000000.0,0.502
3.80895e-08,e,1.5,o,1.5,-2.68,95900000.0,0.014
3.81173e-08,e,2.5,o,2.5,-5.74,84000.0,0.0
3.8136500000000005e-08,e,2.5,o,1.5,-2.33,216000000.0,-0.048
3.8154500000000006e-08,e,2.5,o,3.5,-2.92,54900000.0,-0.033
3.8158300000000006e-08,e,3.5,o,4.5,-1.86,627000000.0,0.338
3.8167800000000004e-08,e,3.5,o,3.5,-3.61,11200000.0,0.013
3.8202100000000006e-08,e,3.5,o,2.5,-2.61,111000000.0,-0.047
3.82073e-08,e,2.5,o,3.5,-1.47,1540000000.0,0.22
3.82103e-08,e,2.5,o,1.5,-3.2,28800000.0,0.015
3.82328e-08,e,1.5,o,1.5,-4.26,2490000.0,0.107
3.8239400000000004e-08,e,3.5,o,3.5,-2.92,54500000.0,-0.017
3.8275500000000004e-08,e,2.5,o,2.5,-4.37,1940000.0,0.0
3.82906e-08,e,3.5,o,4.5,-2.45,160000000.0,0.107
3.82924e-08,e,3.5,o,3.5,-3.73,8450000.0,0.002
3.82972e-08,e,2.5,o,2.5,-4.58,1200000.0,0.017
3.832e-08,e,2.5,o,1.5,-2.47,155000000.0,-0.053
3.83323e-08,e,1.5,o,2.5,-3.29,23400000.0,0.228
3.83431e-08,e,3.5,o,4.5,-1.65,1010000000.0,0.243
3.8360300000000004e-08,e,0.5,o,1.5,-4.09,3730000.0,0.209
3.8360899999999996e-08,e,3.5,o,2.5,-2.49,147000000.0,-0.055
3.84102e-08,e,2.5,o,2.5,-2.65,101000000.0,-0.003
3.84155e-08,e,2.5,o,3.5,-3.26,24700000.0,0.018
3.84465e-08,e,2.5,o,3.5,-2.82,68900000.0,0.279
3.84497e-08,e,2.5,o,2.5,-4.17,3050000.0,0.0
3.8490499999999996e-08,e,2.5,o,3.5,-1.63,1060000000.0,-0.105
3.85016e-08,e,3.5,o,3.5,-3.19,28800000.0,-0.031
3.8506e-08,e,3.5,o,4.5,-1.79,729000000.0,0.13
3.8535899999999996e-08,e,3.5,o,2.5,-3.47,15300000.0,-0.007
3.85643e-08,e,1.5,o,0.5,-2.15,315000000.0,0.256
3.85745e-08,e,2.5,o,1.5,-2.61,109000000.0,0.086
3.85769e-08,e,3.5,o,3.5,-2.53,132000000.0,-0.004
3.86022e-08,e,1.5,o,0.5,-2.04,405000000.0,-0.181
3.86101e-08,e,1.5,o,1.5,-1.42,1720000000.0,0.267
3.86454e-08,e,2.5,o,1.5,-2.76,78400000.0,-0.104
3.8648e-08,e,3.5,o,4.5,-2.45,158000000.0,-0.035
3.8659300000000005e-08,e,2.5,o,2.5,-1.6,1130000000.0,0.177
3.8680200000000004e-08,e,1.5,o,1.5,-2.4,176000000.0,-0.153
3.8681200000000005e-08,e,1.5,o,1.5,-2.12,340000000.0,-0.196
3.8684600000000003e-08,e,2.5,o,3.5,-2.09,361000000.0,-0.041
3.8694e-08,e,0.5,o,0.5,-1.42,1700000000.0,0.324
3.86951e-08,e,1.5,o,2.5,-1.03,4180000000.0,0.377
3.86968e-08,e,2.5,o,2.5,-2.67,94300000.0,-0.005
3.87067e-08,e,4.5,o,3.5,-3.94,5100000.0,-0.019
3.8719600000000003e-08,e,2.5,o,3.5,-3.41,17300000.0,0.032
3.87401e-08,e,0.5,o,1.5,-1.42,1690000000.0,0.31
3.87719e-08,e,3.5,o,3.5,-2.66,97400000.0,-0.007
3.87834e-08,e,3.5,o,2.5,-4.41,1740000.0,-0.014
3.8784100000000004e-08,e,3.5,o,2.5,-4.17,2990000.0,0.001
3.87843e-08,e,2.5,o,3.5,-0.77,7610000000.0,0.434
3.87969e-08,e,3.5,o,4.5,-2.48,148000000.0,0.072
3.88045e-08,e,0.5,o,0.5,-3.41,17400000.0,0.047
3.88117e-08,e,0.5,o,1.5,-2.54,128000000.0,-0.079
3.8812500000000004e-08,e,2.5,o,1.5,-5.17,299000.0,0.0
3.88342e-08,e,1.5,o,2.5,-2.04,402000000.0,0.153
3.8839800000000005e-08,e,2.5,o,2.5,-1.95,500000000.0,-0.208
3.88477e-08,e,2.5,o,2.5,-4.15,3160000.0,-0.001
3.8875900000000005e-08,e,1.5,o,2.5,-2.0,442000000.0,-0.132
3.8882000000000004e-08,e,2.5,o,1.5,-3.6,11200000.0,-0.007
3.88833e-08,e,0.5,o,1.5,-2.44,162000000.0,0.165
3.8933900000000004e-08,e,4.5,o,4.5,-3.79,7180000.0,-0.01
3.89364e-08,e,3.5,o,3.5,-4.94,508000.0,-0.003
3.8967300000000004e-08,e,2.5,o,2.5,-3.28,23100000.0,0.011
3.90085e-08,e,2.5,o,1.5,-4.2,2810000.0,0.0
3.9046e-08,e,1.5,o,1.5,-1.86,603000000.0,0.086
3.90491e-08,e,4.5,o,3.5,-3.46,15000000.0,-0.013
3.90558e-08,e,3.5,o,2.5,-3.62,10500000.0,-0.006
3.90681e-08,e,2.5,o,3.5,-1.94,501000000.0,0.059
3.91228e-08,e,1.5,o,1.5,-4.51,1350000.0,0.011
3.91326e-08,e,2.5,o,3.5,-1.66,947000000.0,-0.207
3.9154700000000006e-08,e,3.5,o,2.5,-4.32,2080000.0,-0.009
3.91571e-08,e,3.5,o,3.5,-3.31,21400000.0,0.024
3.9166300000000004e-08,e,3.5,o,4.5,-5.17,296000.0,0.013
3.91729e-08,e,2.5,o,1.5,-1.61,1080000000.0,-0.062
3.9190300000000005e-08,e,2.5,o,3.5,-1.74,797000000.0,-0.044
3.9227e-08,e,1.5,o,2.5,-4.61,1060000.0,0.009
3.92605e-08,e,2.5,o,3.5,-3.18,28900000.0,-0.018
3.92799e-08,e,3.5,o,3.5,-4.18,2830000.0,0.0
3.92803e-08,e,2.5,o,1.5,-3.4,17300000.0,0.033
3.9283e-08,e,3.5,o,3.5,-5.09,348000.0,0.005
3.92904e-08,e,1.5,o,0.5,-1.64,982000000.0,-0.12
3.93106e-08,e,3.5,o,4.5,-1.37,1860000000.0,-0.061
3.93306e-08,e,0.5,o,1.5,-4.16,2960000.0,0.117
3.93323e-08,e,2.5,o,1.5,-3.67,9210000.0,-0.001
3.93399e-08,e,3.5,o,2.5,-4.97,457000.0,0.01
3.93407e-08,e,2.5,o,1.5,-3.54,12400000.0,0.039
3.93504e-08,e,3.5,o,3.5,-4.97,464000.0,0.0
3.93669e-08,e,3.5,o,4.5,-1.97,457000000.0,-0.063
3.9371800000000006e-08,e,2.5,o,2.5,-4.77,735000.0,0.0
3.93814e-08,e,1.5,o,2.5,-3.07,37100000.0,-0.005
3.94022e-08,e,4.5,o,3.5,-4.14,3120000.0,0.013
3.94062e-08,e,2.5,o,3.5,-4.41,1670000.0,0.0
3.94136e-08,e,2.5,o,3.5,-3.31,20900000.0,-0.017
3.9439200000000004e-08,e,2.5,o,2.5,-2.98,45600000.0,0.058
3.9462200000000004e-08,e,3.5,o,2.5,-4.16,2990000.0,0.001
3.94693e-08,e,2.5,o,1.5,-3.58,11200000.0,0.273
3.94699e-08,e,1.5,o,0.5,-3.57,11500000.0,-0.021
3.9475900000000003e-08,e,2.5,o,2.5,-2.72,81700000.0,0.298
3.9487200000000006e-08,e,2.5,o,3.5,-2.25,240000000.0,0.288
3.9499200000000006e-08,e,3.5,o,2.5,-2.85,61000000.0,0.002
3.95032e-08,e,1.5,o,0.5,-3.48,14100000.0,0.332
3.95042e-08,e,3.5,o,3.5,-3.89,5500000.0,-0.002
3.9506500000000004e-08,e,1.5,o,1.5,-2.74,77600000.0,0.329
3.9506500000000004e-08,e,1.5,o,1.5,-2.27,231000000.0,0.019
3.95105e-08,e,2.5,o,2.5,-2.28,224000000.0,0.019
3.95132e-08,e,1.5,o,2.5,-2.55,120000000.0,0.25
3.95179e-08,e,1.5,o,1.5,-2.73,79700000.0,-0.066
3.954e-08,e,3.5,o,4.5,-1.87,576000000.0,-0.043
3.95607e-08,e,1.5,o,0.5,-3.26,23500000.0,0.06
3.9592399999999997e-08,e,1.5,o,1.5,-3.39,17400000.0,0.065
3.96037e-08,e,1.5,o,2.5,-3.63,9920000.0,-0.001
3.9607e-08,e,1.5,o,2.5,-2.41,163000000.0,-0.113
3.9636500000000006e-08,e,2.5,o,1.5,-1.92,513000000.0,0.056
3.96393e-08,e,0.5,o,0.5,-2.9,53200000.0,0.312
3.96404e-08,e,3.5,o,3.5,-5.8,67700.0,-0.005
3.96426e-08,e,1.5,o,1.5,-3.58,11400000.0,0.035
3.9642700000000003e-08,e,0.5,o,1.5,-2.96,46300000.0,0.229
3.9667300000000003e-08,e,2.5,o,3.5,-1.95,473000000.0,-0.031
3.96757e-08,e,2.5,o,2.5,-2.95,47600000.0,0.053
3.9681500000000004e-08,e,0.5,o,0.5,-3.21,25800000.0,-0.074
3.97195e-08,e,2.5,o,3.5,-3.32,20400000.0,-0.005
3.9730000000000006e-08,e,0.5,o,1.5,-3.21,26000000.0,-0.077
3.97343e-08,e,2.5,o,2.5,-2.8,67800000.0,0.006
3.97369e-08,e,2.5,o,1.5,-5.04,384000.0,0.007
3.9747100000000004e-08,e,2.5,o,2.5,-5.43,156000.0,0.0
3.9759100000000004e-08,e,3.5,o,3.5,-3.36,18500000.0,-0.002
3.97618e-08,e,4.5,o,3.5,-4.53,1240000.0,-0.019
3.9763099999999996e-08,e,4.5,o,4.5,-4.98,438000.0,-0.01
3.97909e-08,e,3.5,o,4.5,-2.47,142000000.0,0.045
3.97964e-08,e,1.5,o,2.5,-3.39,17300000.0,0.045
3.98044e-08,e,1.5,o,2.5,-3.24,24200000.0,-0.056
3.98053e-08,e,0.5,o,1.5,-4.39,1700000.0,0.021
3.9811500000000005e-08,e,3.5,o,3.5,-3.41,16500000.0,0.008
3.98393e-08,e,3.5,o,2.5,-3.09,34100000.0,-0.003
3.9844400000000004e-08,e,2.5,o,2.5,-4.67,898000.0,0.003
3.98779e-08,e,3.5,o,4.5,-3.13,31100000.0,0.061
3.99135e-08,e,1.5,o,0.5,-5.62,98700.0,0.0
3.9931400000000004e-08,e,1.5,o,2.5,-1.92,501000000.0,-0.037
3.99926e-08,e,3.5,o,2.5,-5.33,197000.0,-0.014
4.0006e-08,e,2.5,o,3.5,-4.61,1020000.0,0.014
4.0064100000000006e-08,e,2.5,o,2.5,-3.14,30400000.0,-0.004
4.01076e-08,e,1.5,o,1.5,-5.07,355000.0,0.001
4.01437e-08,e,4.5,o,3.5,-4.61,1010000.0,0.013
4.0144600000000005e-08,e,2.5,o,1.5,-5.05,371000.0,0.001
4.01469e-08,e,1.5,o,1.5,-2.65,92500000.0,0.01
4.01575e-08,e,5.5,o,4.5,-4.08,3410000.0,0.015
4.0191500000000006e-08,e,2.5,o,3.5,-2.12,311000000.0,-0.022
4.02123e-08,e,1.5,o,2.5,-2.42,158000000.0,0.082
4.02215e-08,e,2.5,o,1.5,-5.16,288000.0,-0.003
4.0236500000000004e-08,e,2.5,o,2.5,-5.5,132000.0,0.0
4.02811e-08,e,2.5,o,1.5,-2.28,214000000.0,-0.009
4.03111e-08,e,1.5,o,1.5,-2.0,412000000.0,-0.041
4.03469e-08,e,2.5,o,2.5,-1.67,869000000.0,-0.059
4.03719e-08,e,2.5,o,3.5,-3.6,10300000.0,0.024
4.0432e-08,e,2.5,o,2.5,-5.08,341000.0,-0.003
4.04464e-08,e,2.5,o,1.5,-2.69,82400000.0,-0.01
4.04541e-08,e,1.5,o,0.5,-4.92,489000.0,-0.027
4.04576e-08,e,1.5,o,1.5,-4.06,3550000.0,-0.065
4.04645e-08,e,1.5,o,2.5,-4.03,3810000.0,-0.053
4.04726e-08,e,1.5,o,0.5,-4.48,1350000.0,0.002
4.0523000000000005e-08,e,1.5,o,1.5,-4.27,2200000.0,0.004
4.0536200000000004e-08,e,1.5,o,0.5,-3.24,23300000.0,0.147
4.05413e-08,e,2.5,o,1.5,-3.29,20700000.0,0.118
4.05807e-08,e,1.5,o,1.5,-3.41,15900000.0,0.117
4.0587000000000005e-08,e,1.5,o,2.5,-1.24,2350000000.0,-0.109
4.06014e-08,e,1.5,o,1.5,-4.86,560000.0,-0.006
4.0610500000000005e-08,e,2.5,o,2.5,-2.96,44400000.0,0.141
4.0616699999999996e-08,e,1.5,o,2.5,-3.58,10700000.0,0.028
4.0649900000000005e-08,e,1.5,o,2.5,-4.62,974000.0,0.003
4.06764e-08,e,0.5,o,0.5,-4.63,937000.0,-0.093
4.0679500000000004e-08,e,0.5,o,0.5,-4.46,1410000.0,-0.024
4.06799e-08,e,0.5,o,1.5,-4.95,451000.0,-0.031
4.06945e-08,e,2.5,o,3.5,-3.05,36000000.0,0.111
4.06949e-08,e,1.5,o,0.5,-2.04,367000000.0,0.083
4.07113e-08,e,1.5,o,1.5,-3.07,34500000.0,-0.03
4.0724200000000005e-08,e,2.5,o,2.5,-2.67,85500000.0,-0.016
4.0724300000000004e-08,e,0.5,o,1.5,-3.91,4980000.0,-0.022
4.0749500000000004e-08,e,2.5,o,3.5,-4.51,1250000.0,-0.012
4.07575e-08,e,1.5,o,2.5,-3.98,4200000.0,-0.009
4.0803600000000004e-08,e,2.5,o,3.5,-1.52,1220000000.0,0.101
4.0816000000000006e-08,e,1.5,o,2.5,-4.56,1110000.0,-0.012
4.08493e-08,e,2.5,o,1.5,-2.14,289000000.0,0.049
4.08503e-08,e,2.5,o,3.5,-2.52,121000000.0,-0.024
4.08823e-08,e,1.5,o,1.5,-3.37,17100000.0,0.009
4.08953e-08,e,1.5,o,2.5,-2.17,272000000.0,0.275
4.0944e-08,e,1.5,o,1.5,-3.25,22300000.0,-0.031
4.0962200000000004e-08,e,2.5,o,3.5,-1.42,1500000000.0,-0.154
4.09673e-08,e,1.5,o,0.5,-2.38,167000000.0,-0.117
4.0986200000000005e-08,e,4.5,o,3.5,-5.69,80500.0,-0.005
4.10214e-08,e,2.5,o,1.5,-2.13,290000000.0,-0.048
4.10231e-08,e,2.5,o,3.5,-2.39,160000000.0,-0.037
4.10346e-08,e,2.5,o,2.5,-3.93,4600000.0,0.005
4.1040300000000005e-08,e,5.5,o,4.5,-5.38,166000.0,0.013
4.10422e-08,e,4.5,o,4.5,-5.82,59800.0,0.007
4.1083600000000004e-08,e,2.5,o,1.5,-3.23,23100000.0,0.022
4.10883e-08,e,1.5,o,0.5,-2.5,125000000.0,0.106
4.1114600000000006e-08,e,2.5,o,1.5,-5.49,128000.0,0.005
4.1121800000000005e-08,e,2.5,o,2.5,-5.57,106000.0,0.003
4.11341e-08,e,2.5,o,3.5,-4.91,487000.0,0.023
4.12259e-08,e,1.5,o,1.5,-3.71,7590000.0,-0.006
4.1279700000000007e-08,e,4.5,o,3.5,-5.88,51700.0,0.009
4.13078e-08,e,1.5,o,2.5,-3.68,8190000.0,-0.036
4.13674e-08,e,2.5,o,1.5,-3.03,36600000.0,0.012
4.13845e-08,e,2.5,o,3.5,-1.99,394000000.0,0.054
4.1449900000000005e-08,e,2.5,o,2.5,-3.4,15300000.0,0.014
4.1508e-08,e,1.5,o,0.5,-5.48,129000.0,0.006
4.1511700000000005e-08,e,1.5,o,1.5,-5.43,146000.0,0.004
4.1519e-08,e,1.5,o,2.5,-5.15,274000.0,0.012
4.1538099999999997e-08,e,1.5,o,0.5,-4.55,1100000.0,-0.06
4.15847e-08,e,1.5,o,1.5,-4.67,823000.0,-0.041
4.17893e-08,e,1.5,o,2.5,-1.33,1790000000.0,-0.155
4.1819600000000005e-08,e,0.5,o,1.5,-5.64,87500.0,0.009
4.18455e-08,e,2.5,o,3.5,-1.08,3160000000.0,-0.146
4.19347e-08,e,2.5,o,2.5,-1.83,560000000.0,-0.091
4.19904e-08,e,1.5,o,1.5,-1.82,575000000.0,-0.063
4.21231e-08,e,1.5,o,2.5,-2.0,377000000.0,0.061
4.2137200000000006e-08,e,2.5,o,1.5,-2.74,68400000.0,-0.026
4.2270800000000004e-08,e,2.5,o,2.5,-1.75,661000000.0,-0.038
4.22792e-08,e,2.5,o,1.5,-5.92,45600.0,0.006
4.23628e-08,e,2.5,o,1.5,-5.3,187000.0,-0.014
4.24459e-08,e,2.5,o,3.5,-5.85,52100.0,0.006
4.25272e-08,e,1.5,o,0.5,-2.9,46100000.0,-0.013
4.25476e-08,e,2.5,o,2.5,-5.14,269000.0,0.023
4.25533e-08,e,1.5,o,2.5,-3.29,19000000.0,-0.009
4.2577100000000003e-08,e,1.5,o,1.5,-3.7,7330000.0,0.005
4.265e-08,e,1.5,o,0.5,-5.66,80000.0,0.018
4.26532e-08,e,3.5,o,2.5,-4.23,2170000.0,-0.039
4.2661200000000005e-08,e,2.5,o,3.5,-3.94,4230000.0,0.05
4.27041e-08,e,2.5,o,2.5,-3.64,8290000.0,0.007
4.2728e-08,e,2.5,o,1.5,-2.87,49000000.0,0.023
4.27505e-08,e,1.5,o,2.5,-3.8,5800000.0,0.002
4.27507e-08,e,2.5,o,3.5,-3.96,4010000.0,-0.004
4.2806e-08,e,1.5,o,1.5,-2.55,103000000.0,0.019
4.2817000000000005e-08,e,2.5,o,3.5,-3.8,5730000.0,0.007
4.2894200000000004e-08,e,2.5,o,1.5,-4.15,2590000.0,-0.013
4.29027e-08,e,2.5,o,2.5,-3.14,26200000.0,0.017
4.2943400000000005e-08,e,1.5,o,0.5,-2.59,92300000.0,-0.01
4.2958600000000006e-08,e,2.5,o,1.5,-2.03,336000000.0,-0.018
4.29679e-08,e,1.5,o,2.5,-4.6,895000.0,0.0
4.30196e-08,e,2.5,o,2.5,-5.12,271000.0,0.004
4.30787e-08,e,2.5,o,3.5,-3.75,6410000.0,0.021
4.31217e-08,e,2.5,o,2.5,-3.96,3880000.0,0.003
4.31275e-08,e,3.5,o,2.5,-4.37,1550000.0,-0.009
4.3173000000000005e-08,e,2.5,o,3.5,-3.52,10900000.0,-0.001
4.3208e-08,e,2.5,o,3.5,-4.78,593000.0,-0.041
4.32767e-08,e,1.5,o,2.5,-3.38,15000000.0,-0.002
4.34173e-08,e,2.5,o,3.5,-3.28,18400000.0,-0.004
4.3421499999999996e-08,e,1.5,o,1.5,-3.74,6470000.0,-0.001
4.34327e-08,e,2.5,o,2.5,-3.91,4390000.0,-0.003
4.34498e-08,e,1.5,o,0.5,-4.4,1410000.0,0.004
4.34655e-08,e,1.5,o,2.5,-3.73,6560000.0,0.005
4.3477e-08,e,2.5,o,2.5,-5.57,94300.0,-0.001
4.35085e-08,e,1.5,o,1.5,-4.2,2210000.0,0.002
4.35785e-08,e,2.5,o,1.5,-2.94,40100000.0,-0.006
4.35872e-08,e,3.5,o,2.5,-5.9,44200.0,0.0
4.36016e-08,e,3.5,o,4.5,-4.21,2180000.0,-0.073
4.361530000000001e-08,e,1.5,o,2.5,-3.99,3630000.0,-0.005
4.36228e-08,e,2.5,o,2.5,-3.81,5450000.0,-0.001
4.36351e-08,e,2.5,o,3.5,-5.65,78500.0,0.005
4.36662e-08,e,2.5,o,1.5,-3.9,4420000.0,0.005
4.36669e-08,e,1.5,o,1.5,-3.67,7480000.0,0.002
4.37462e-08,e,3.5,o,3.5,-4.9,436000.0,-0.003
4.37737e-08,e,2.5,o,2.5,-4.41,1350000.0,0.001
4.38257e-08,e,2.5,o,1.5,-4.46,1210000.0,-0.001
4.3901000000000004e-08,e,2.5,o,3.5,-3.99,3550000.0,-0.019
4.40554e-08,e,2.5,o,3.5,-4.06,2970000.0,-0.001
4.40731e-08,e,1.5,o,1.5,-5.98,36000.0,0.0
4.40837e-08,e,1.5,o,1.5,-3.73,6370000.0,-0.03
4.41227e-08,e,1.5,o,2.5,-5.38,143000.0,0.0
4.41441e-08,e,2.5,o,3.5,-4.68,719000.0,0.001
4.4168900000000005e-08,e,1.5,o,2.5,-4.1,2690000.0,-0.003
4.41899e-08,e,3.5,o,3.5,-5.72,64400.0,0.002
4.42237e-08,e,1.5,o,0.5,-3.91,4210000.0,-0.012
4.42348e-08,e,2.5,o,1.5,-3.45,12000000.0,-0.005
4.42455e-08,e,2.5,o,1.5,-4.64,790000.0,-0.011
4.4284800000000005e-08,e,2.5,o,2.5,-3.86,4720000.0,-0.004
4.43378e-08,e,2.5,o,3.5,-4.89,435000.0,0.0
4.4504700000000004e-08,e,1.5,o,2.5,-3.75,6000000.0,-0.02
4.45946e-08,e,1.5,o,2.5,-4.66,729000.0,0.001
4.46281e-08,e,3.5,o,2.5,-5.62,79600.0,-0.004
4.46443e-08,e,3.5,o,4.5,-5.54,95700.0,-0.052
4.47252e-08,e,2.5,o,3.5,-4.44,1220000.0,-0.002
4.47603e-08,e,2.5,o,2.5,-4.81,516000.0,0.0
4.77942e-08,e,1.5,o,0.5,-5.36,129000.0,0.009
4.8105e-08,e,2.5,o,1.5,-4.52,869000.0,0.008
4.8150400000000006e-08,e,1.5,o,2.5,-5.61,71400.0,-0.005
4.83435e-08,e,2.5,o,2.5,-4.45,1010000.0,0.007
4.91316e-08,e,1.5,o,0.5,-4.91,339000.0,0.004
4.93441e-08,e,1.5,o,2.5,-5.62,65700.0,0.002
4.94077e-08,e,2.5,o,1.5,-5.03,253000.0,0.003
4.9524200000000005e-08,e,2.5,o,1.5,-5.76,47400.0,-0.004
4.97525e-08,e,2.5,o,3.5,-4.89,345000.0,0.004
5.0327100000000003e-08,e,2.5,o,3.5,-5.95,29400.0,-0.001
5.71281e-08,e,2.5,o,1.5,-5.62,48700.0,0.0
5.76525e-08,e,4.5,o,3.5,-4.5,626000.0,0.006
5.8143e-08,e,4.5,o,3.5,-4.26,1070000.0,-0.008
5.829650000000001e-08,e,0.5,o,0.5,-5.45,69700.0,0.001
5.8330800000000004e-08,e,1.5,o,0.5,-5.29,99600.0,0.001
5.83497e-08,e,3.5,o,2.5,-4.38,811000.0,0.006
5.84678e-08,e,2.5,o,1.5,-5.45,68900.0,0.001
5.8523e-08,e,0.5,o,1.5,-5.25,108000.0,0.001
5.8904300000000006e-08,e,3.5,o,2.5,-5.07,162000.0,-0.006
5.949e-08,e,4.5,o,4.5,-5.25,107000.0,0.0
5.99346e-08,e,4.5,o,3.5,-4.8,290000.0,0.01
6.010670000000001e-08,e,3.5,o,3.5,-5.11,142000.0,0.004
6.011660000000001e-08,e,4.5,o,3.5,-3.9,2330000.0,-0.016
6.0189e-08,e,2.5,o,1.5,-5.37,79100.0,0.001
6.021470000000001e-08,e,3.5,o,3.5,-5.64,42100.0,0.0
6.05454e-08,e,3.5,o,4.5,-5.43,68400.0,0.002
6.055510000000001e-08,e,0.5,o,0.5,-5.29,92900.0,0.0
6.0591e-08,e,1.5,o,2.5,-4.82,273000.0,-0.002
6.06783e-08,e,3.5,o,3.5,-4.29,925000.0,-0.006
6.07415e-08,e,3.5,o,2.5,-4.63,423000.0,0.009
6.07728e-08,e,2.5,o,2.5,-5.05,160000.0,0.003
6.079960000000001e-08,e,0.5,o,1.5,-4.39,737000.0,-0.002
6.101330000000001e-08,e,2.5,o,2.5,-5.65,40100.0,0.0
6.108110000000001e-08,e,2.5,o,1.5,-4.74,321000.0,-0.002
6.1205e-08,e,1.5,o,2.5,-5.62,42500.0,0.0
6.13252e-08,e,3.5,o,2.5,-3.65,4010000.0,-0.014
6.14288e-08,e,2.5,o,1.5,-5.94,20100.0,0.0
6.14445e-08,e,2.5,o,2.5,-5.97,19100.0,-0.002
6.14898e-08,e,0.5,o,1.5,-5.7,35100.0,-0.002
6.1528e-08,e,1.5,o,1.5,-5.81,27500.0,0.0
6.168239999999999e-08,e,2.5,o,2.5,-4.03,1630000.0,-0.008
6.17345e-08,e,1.5,o,2.5,-5.93,20700.0,-0.006
6.187960000000001e-08,e,0.5,o,1.5,-5.58,46300.0,0.0
6.18921e-08,e,1.5,o,0.5,-5.89,22600.0,0.0
6.192160000000001e-08,e,2.5,o,3.5,-5.22,106000.0,0.009
6.23618e-08,e,4.5,o,3.5,-4.0,1710000.0,-0.017
6.257190000000001e-08,e,1.5,o,2.5,-3.57,4560000.0,-0.007
6.26121e-08,e,2.5,o,1.5,-5.44,62300.0,0.001
6.27811e-08,e,3.5,o,3.5,-4.79,277000.0,0.001
6.2814e-08,e,1.5,o,1.5,-5.38,70900.0,-0.001
6.284750000000001e-08,e,1.5,o,1.5,-4.9,213000.0,-0.001
6.29326e-08,e,0.5,o,1.5,-5.59,43300.0,0.001
6.29435e-08,e,1.5,o,0.5,-5.18,113000.0,0.001
6.2955e-08,e,2.5,o,2.5,-5.51,51900.0,0.001
6.3018e-08,e,3.5,o,2.5,-4.23,995000.0,0.01
6.30518e-08,e,2.5,o,2.5,-5.85,23700.0,0.0
6.30887e-08,e,3.5,o,2.5,-3.93,1970000.0,-0.016
6.30943e-08,e,2.5,o,1.5,-5.13,124000.0,0.003
6.31584e-08,e,2.5,o,3.5,-5.0,168000.0,0.0
6.320760000000001e-08,e,1.5,o,1.5,-5.43,61900.0,-0.001
6.32153e-08,e,2.5,o,1.5,-4.5,525000.0,0.001
6.32352e-08,e,0.5,o,1.5,-5.69,34000.0,0.003
6.33317e-08,e,2.5,o,1.5,-4.29,859000.0,0.007
6.34001e-08,e,1.5,o,1.5,-5.65,37000.0,0.0
6.345180000000001e-08,e,3.5,o,2.5,-3.76,2860000.0,-0.025
6.35728e-08,e,2.5,o,2.5,-4.35,735000.0,0.013
6.36466e-08,e,3.5,o,2.5,-3.56,4550000.0,-0.01
6.37224e-08,e,3.5,o,3.5,-4.75,295000.0,0.002
6.385180000000001e-08,e,1.5,o,2.5,-5.33,76200.0,0.0
6.38833e-08,e,1.5,o,2.5,-5.98,17300.0,0.0
6.39248e-08,e,3.5,o,4.5,-3.29,8290000.0,0.039
6.40079e-08,e,0.5,o,1.5,-3.79,2610000.0,-0.009
6.40314e-08,e,2.5,o,2.5,-4.94,185000.0,0.0
6.4035e-08,e,3.5,o,2.5,-5.2,103000.0,-0.001
6.421620000000001e-08,e,2.5,o,3.5,-3.88,2120000.0,0.009
6.43201e-08,e,2.5,o,1.5,-3.52,4860000.0,-0.01
6.43236e-08,e,3.5,o,3.5,-4.11,1270000.0,0.007
6.44126e-08,e,1.5,o,1.5,-4.65,358000.0,-0.002
6.447170000000001e-08,e,3.5,o,2.5,-3.18,10600000.0,0.041
6.45337e-08,e,2.5,o,2.5,-4.19,1030000.0,0.004
6.457859999999999e-08,e,4.5,o,3.5,-2.05,144000000.0,-0.031
6.45944e-08,e,0.5,o,1.5,-5.16,112000.0,-0.001
6.46093e-08,e,3.5,o,3.5,-3.38,6710000.0,0.027
6.48269e-08,e,2.5,o,3.5,-3.68,3320000.0,0.013
6.484890000000001e-08,e,3.5,o,3.5,-4.89,203000.0,-0.004
6.48537e-08,e,1.5,o,2.5,-3.89,2050000.0,0.014
6.48725e-08,e,2.5,o,1.5,-5.36,70000.0,0.002
6.49163e-08,e,3.5,o,2.5,-3.15,11200000.0,-0.059
6.49773e-08,e,2.5,o,2.5,-5.06,137000.0,0.0
6.51928e-08,e,2.5,o,1.5,-4.1,1260000.0,-0.009
6.519589999999999e-08,e,1.5,o,1.5,-4.31,769000.0,0.005
6.529930000000001e-08,e,3.5,o,4.5,-4.26,847000.0,-0.002
6.53018e-08,e,1.5,o,2.5,-3.84,2260000.0,0.017
6.53432e-08,e,3.5,o,2.5,-2.15,113000000.0,-0.029
6.53605e-08,e,2.5,o,3.5,-4.35,701000.0,-0.004
6.53689e-08,e,3.5,o,2.5,-4.23,911000.0,0.005
6.53821e-08,e,0.5,o,1.5,-3.84,2260000.0,0.018
6.5429e-08,e,2.5,o,2.5,-3.52,4740000.0,0.013
6.570750000000001e-08,e,0.5,o,1.5,-4.41,600000.0,-0.006
6.571290000000001e-08,e,1.5,o,0.5,-5.3,76500.0,-0.002
6.57579e-08,e,1.5,o,2.5,-5.17,105000.0,0.001
6.57952e-08,e,3.5,o,3.5,-5.64,35100.0,0.001
6.59402e-08,e,3.5,o,2.5,-5.16,107000.0,-0.003
6.60693e-08,e,2.5,o,1.5,-3.07,13100000.0,-0.053
6.61154e-08,e,2.5,o,3.5,-3.65,3430000.0,0.003
6.61656e-08,e,2.5,o,2.5,-5.95,17200.0,0.0
6.61778e-08,e,2.5,o,1.5,-2.69,31300000.0,-0.034
6.62224e-08,e,1.5,o,2.5,-4.79,245000.0,0.001
6.632060000000001e-08,e,2.5,o,1.5,-5.02,144000.0,0.003
6.63807e-08,e,2.5,o,2.5,-4.77,256000.0,0.0
6.64047e-08,e,1.5,o,1.5,-3.36,6690000.0,0.053
6.655170000000001e-08,e,1.5,o,0.5,-3.45,5330000.0,-0.044
6.65979e-08,e,0.5,o,1.5,-4.39,609000.0,-0.012
6.66825e-08,e,1.5,o,1.5,-4.91,187000.0,0.001
6.67132e-08,e,0.5,o,1.5,-5.5,47700.0,0.002
6.67458e-08,e,0.5,o,0.5,-3.49,4850000.0,0.065
6.68534e-08,e,0.5,o,1.5,-4.86,204000.0,0.002
6.68842e-08,e,2.5,o,2.5,-4.67,320000.0,0.002
6.716710000000001e-08,e,3.5,o,4.5,-5.42,55600.0,0.0
6.72711e-08,e,2.5,o,1.5,-5.31,71900.0,-0.001
6.743630000000001e-08,e,1.5,o,0.5,-2.52,43100000.0,0.004
6.760660000000001e-08,e,2.5,o,3.5,-2.91,17500000.0,0.0
6.76718e-08,e,2.5,o,1.5,-2.49,46700000.0,0.002
6.77396e-08,e,1.5,o,1.5,-3.56,3960000.0,-0.001
6.79854e-08,e,3.5,o,2.5,-3.28,7710000.0,0.027
6.84107e-08,e,2.5,o,2.5,-3.53,4120000.0,0.001
6.84799e-08,e,1.5,o,2.5,-3.37,5990000.0,0.0
6.85553e-08,e,2.5,o,3.5,-5.5,45500.0,-0.002
6.93804e-08,e,4.5,o,3.5,-5.53,40800.0,0.0
6.945230000000001e-08,e,5.5,o,4.5,-5.19,89500.0,-0.006
6.94947e-08,e,3.5,o,3.5,-5.67,29500.0,-0.002
6.95414e-08,e,3.5,o,3.5,-5.15,97300.0,0.0
6.96047e-08,e,4.5,o,4.5,-5.94,15700.0,0.0
6.96551e-08,e,2.5,o,2.5,-3.84,1990000.0,0.002
6.99597e-08,e,2.5,o,3.5,-5.29,71000.0,0.002
6.99967e-08,e,2.5,o,1.5,-3.67,2940000.0,0.018
7.00825e-08,e,2.5,o,3.5,-4.76,234000.0,-0.016
7.00919e-08,e,4.5,o,3.5,-4.81,212000.0,0.0
7.01002e-08,e,2.5,o,2.5,-5.26,74000.0,-0.009
7.032089999999999e-08,e,4.5,o,4.5,-5.4,54100.0,0.0
7.03307e-08,e,3.5,o,3.5,-5.36,58800.0,0.0
7.03606e-08,e,3.5,o,2.5,-4.67,293000.0,0.0
7.0478e-08,e,1.5,o,2.5,-5.4,54100.0,-0.005
7.04936e-08,e,2.5,o,3.5,-5.75,24100.0,-0.001
7.05553e-08,e,1.5,o,2.5,-5.72,25700.0,-0.002
7.05612e-08,e,3.5,o,4.5,-5.91,16500.0,0.0
7.07323e-08,e,3.5,o,3.5,-4.7,269000.0,0.006
7.07807e-08,e,3.5,o,2.5,-4.42,510000.0,0.016
7.08182e-08,e,4.5,o,5.5,-5.3,67500.0,0.0
7.08192e-08,e,4.5,o,3.5,-5.11,103000.0,0.0
7.11688e-08,e,3.5,o,2.5,-5.26,73000.0,0.0
7.12817e-08,e,2.5,o,2.5,-5.63,30600.0,-0.001
7.13122e-08,e,2.5,o,2.5,-2.34,58300000.0,0.002
7.133550000000001e-08,e,2.5,o,2.5,-4.62,318000.0,0.001
7.13413e-08,e,2.5,o,3.5,-4.42,497000.0,-0.007
7.138740000000001e-08,e,1.5,o,2.5,-3.4,5090000.0,-0.001
7.14603e-08,e,2.5,o,1.5,-4.69,269000.0,-0.001
7.14693e-08,e,1.5,o,2.5,-5.21,80800.0,-0.001
7.15131e-08,e,2.5,o,1.5,-5.0,130000.0,0.006
7.15597e-08,e,4.5,o,5.5,-5.05,117000.0,0.0
7.15607e-08,e,4.5,o,3.5,-4.37,562000.0,0.0
7.16704e-08,e,2.5,o,1.5,-4.9,161000.0,0.0
7.16736e-08,e,2.5,o,3.5,-5.13,96200.0,0.0
7.17178e-08,e,5.5,o,4.5,-5.66,28400.0,0.001
7.174640000000001e-08,e,1.5,o,1.5,-2.54,36300000.0,0.002
7.17824e-08,e,1.5,o,2.5,-5.03,121000.0,-0.003
7.18096e-08,e,3.5,o,3.5,-4.26,712000.0,-0.001
7.197940000000001e-08,e,2.5,o,3.5,-4.89,168000.0,0.001
7.20532e-08,e,3.5,o,4.5,-5.04,118000.0,0.0
7.20747e-08,e,2.5,o,2.5,-3.63,3030000.0,-0.001
7.208270000000001e-08,e,2.5,o,1.5,-5.45,45800.0,0.001
7.21329e-08,e,0.5,o,1.5,-5.79,21200.0,0.001
7.214070000000001e-08,e,3.5,o,4.5,-5.46,44400.0,-0.006
7.216330000000001e-08,e,3.5,o,2.5,-4.69,263000.0,0.008
7.22373e-08,e,1.5,o,0.5,-5.45,45800.0,0.003
7.23088e-08,e,5.5,o,4.5,-3.1,10200000.0,-0.123
7.23484e-08,e,3.5,o,2.5,-3.85,1800000.0,0.007
7.24016e-08,e,3.5,o,3.5,-4.2,803000.0,0.013
7.24018e-08,e,2.5,o,3.5,-4.79,207000.0,-0.023
7.24766e-08,e,2.5,o,1.5,-4.0,1250000.0,0.13
7.24822e-08,e,1.5,o,1.5,-5.91,15600.0,0.0
7.257590000000001e-08,e,4.5,o,3.5,-4.02,1200000.0,0.003
7.26444e-08,e,4.5,o,4.5,-5.08,106000.0,0.001
7.27122e-08,e,4.5,o,3.5,-4.18,840000.0,-0.004
7.27124e-08,e,0.5,o,1.5,-4.76,220000.0,-0.009
7.27492e-08,e,2.5,o,1.5,-4.23,740000.0,0.002
7.275220000000001e-08,e,3.5,o,3.5,-4.68,265000.0,0.001
7.279740000000001e-08,e,2.5,o,2.5,-5.58,33700.0,-0.001
7.29009e-08,e,3.5,o,4.5,-5.69,25800.0,0.0
7.290290000000001e-08,e,2.5,o,3.5,-3.47,4210000.0,0.0
7.29586e-08,e,4.5,o,4.5,-4.3,635000.0,-0.002
7.29656e-08,e,3.5,o,3.5,-5.35,56300.0,0.0
7.29801e-08,e,4.5,o,3.5,-5.35,56100.0,0.0
7.301090000000001e-08,e,2.5,o,3.5,-5.38,52100.0,0.0
7.30962e-08,e,5.5,o,4.5,-3.08,10400000.0,0.076
7.31655e-08,e,3.5,o,2.5,-4.82,191000.0,-0.002
7.32048e-08,e,1.5,o,2.5,-4.49,410000.0,0.01
7.321380000000001e-08,e,3.5,o,4.5,-4.66,272000.0,0.001
7.322840000000001e-08,e,4.5,o,4.5,-4.17,846000.0,0.001
7.331240000000001e-08,e,2.5,o,2.5,-3.61,3060000.0,-0.001
7.33245e-08,e,3.5,o,2.5,-4.12,931000.0,0.067
7.33549e-08,e,4.5,o,3.5,-5.02,119000.0,0.0
7.33761e-08,e,1.5,o,2.5,-3.35,5570000.0,0.001
7.33796e-08,e,2.5,o,2.5,-4.54,358000.0,-0.001
7.341230000000001e-08,e,1.5,o,0.5,-4.82,189000.0,0.0
7.36165e-08,e,3.5,o,3.5,-4.15,877000.0,-0.002
7.36193e-08,e,5.5,o,5.5,-2.92,14900000.0,-0.126
7.36563e-08,e,0.5,o,1.5,-4.25,692000.0,-0.001
7.3691e-08,e,2.5,o,3.5,-3.93,1430000.0,0.0
7.37111e-08,e,1.5,o,1.5,-5.42,47100.0,0.0
7.379500000000001e-08,e,2.5,o,3.5,-5.38,51800.0,0.0
7.38097e-08,e,3.5,o,3.5,-5.13,90800.0,0.0
7.38367e-08,e,4.5,o,3.5,-3.75,2150000.0,-0.001
7.38681e-08,e,3.5,o,2.5,-4.91,153000.0,0.0
7.38855e-08,e,2.5,o,2.5,-2.68,25500000.0,0.001
7.39145e-08,e,2.5,o,2.5,-4.77,207000.0,-0.001
7.393600000000001e-08,e,5.5,o,4.5,-3.06,10500000.0,-0.232
7.40191e-08,e,3.5,o,3.5,-3.76,2140000.0,0.002
7.40212e-08,e,4.5,o,4.5,-4.76,212000.0,-0.005
7.40636e-08,e,3.5,o,4.5,-4.46,422000.0,0.0
7.407530000000001e-08,e,1.5,o,1.5,-5.21,75600.0,0.0
7.40933e-08,e,4.5,o,3.5,-5.02,116000.0,-0.001
7.41087e-08,e,4.5,o,4.5,-2.91,15100000.0,0.004
7.416420000000001e-08,e,2.5,o,1.5,-3.84,1740000.0,-0.001
7.42203e-08,e,2.5,o,2.5,-4.5,386000.0,-0.001
7.42475e-08,e,4.5,o,3.5,-5.65,26700.0,-0.002
7.42925e-08,e,3.5,o,4.5,-4.24,699000.0,-0.002
7.4293e-08,e,4.5,o,5.5,-4.73,224000.0,0.001
7.429410000000001e-08,e,4.5,o,3.5,-3.32,5840000.0,-0.022
7.432770000000001e-08,e,2.5,o,3.5,-4.89,156000.0,0.0
7.43464e-08,e,0.5,o,0.5,-5.2,77100.0,0.0
7.4365e-08,e,1.5,o,2.5,-5.21,74100.0,0.001
7.438120000000001e-08,e,2.5,o,3.5,-5.76,20900.0,0.0
7.44357e-08,e,5.5,o,5.5,-2.86,16500000.0,0.097
7.44413e-08,e,3.5,o,2.5,-3.88,1590000.0,-0.002
7.447e-08,e,2.5,o,2.5,-2.73,22700000.0,-0.001
7.45587e-08,e,3.5,o,3.5,-4.25,676000.0,0.0
7.457279999999999e-08,e,4.5,o,5.5,-5.04,109000.0,0.0
7.45738e-08,e,4.5,o,3.5,-2.98,12500000.0,0.013
7.46029e-08,e,3.5,o,4.5,-5.4,47500.0,0.0
7.4606e-08,e,2.5,o,3.5,-4.8,192000.0,0.001
7.461770000000001e-08,e,4.5,o,3.5,-5.42,45100.0,-0.001
7.464310000000001e-08,e,4.5,o,3.5,-3.69,2460000.0,0.0
7.46452e-08,e,4.5,o,3.5,-3.45,4250000.0,-0.003
7.46592e-08,e,1.5,o,2.5,-4.03,1110000.0,0.0
7.47332e-08,e,3.5,o,2.5,-3.52,3620000.0,0.001
7.47678e-08,e,5.5,o,4.5,-4.8,189000.0,-0.003
7.483160000000001e-08,e,3.5,o,3.5,-3.46,4130000.0,0.004
7.48327e-08,e,3.5,o,3.5,-5.47,40100.0,-0.001
7.4914e-08,e,3.5,o,3.5,-2.69,24400000.0,-0.002
7.49211e-08,e,4.5,o,4.5,-2.06,104000000.0,-0.003
7.49357e-08,e,2.5,o,1.5,-5.23,69900.0,0.0
7.49853e-08,e,3.5,o,2.5,-4.96,129000.0,-0.001
7.502640000000001e-08,e,0.5,o,1.5,-5.25,66200.0,0.0
7.50322e-08,e,3.5,o,2.5,-3.66,2580000.0,-0.005
7.50662e-08,e,2.5,o,2.5,-3.82,1800000.0,0.002
7.50833e-08,e,1.5,o,1.5,-3.49,3850000.0,0.002
7.50988e-08,e,2.5,o,3.5,-3.37,5040000.0,0.002
7.51131e-08,e,1.5,o,1.5,-4.14,853000.0,0.0
7.5194e-08,e,3.5,o,4.5,-3.02,11300000.0,0.003
7.52537e-08,e,1.5,o,2.5,-3.56,3240000.0,0.0
7.525410000000001e-08,e,2.5,o,1.5,-6.0,11800.0,-0.001
7.526430000000001e-08,e,2.5,o,2.5,-3.76,2070000.0,0.001
7.53006e-08,e,2.5,o,1.5,-2.66,25700000.0,-0.002
7.534640000000001e-08,e,3.5,o,2.5,-3.46,4100000.0,0.0
7.53535e-08,e,4.5,o,3.5,-3.23,6850000.0,0.033
7.5413e-08,e,1.5,o,2.5,-4.79,190000.0,0.008
7.54146e-08,e,3.5,o,3.5,-5.79,18700.0,0.001
7.54402e-08,e,3.5,o,3.5,-3.64,2720000.0,0.0
7.546280000000001e-08,e,4.5,o,4.5,-3.13,8680000.0,-0.07
7.546950000000001e-08,e,4.5,o,3.5,-3.91,1460000.0,0.0
7.55334e-08,e,2.5,o,2.5,-2.66,25900000.0,-0.002
7.55429e-08,e,1.5,o,1.5,-3.5,3700000.0,-0.001
7.554349999999999e-08,e,3.5,o,3.5,-3.67,2500000.0,-0.004
7.558690000000001e-08,e,2.5,o,1.5,-4.25,656000.0,0.023
7.561e-08,e,5.5,o,4.5,-4.5,373000.0,0.003
7.5613e-08,e,1.5,o,1.5,-3.2,7480000.0,0.0
7.563510000000001e-08,e,3.5,o,2.5,-4.14,841000.0,-0.002
7.568329999999999e-08,e,1.5,o,2.5,-3.35,5200000.0,0.002
7.57049e-08,e,1.5,o,2.5,-5.82,17700.0,0.0
7.57464e-08,e,3.5,o,3.5,-2.37,49500000.0,-0.003
7.575140000000001e-08,e,4.5,o,4.5,-2.82,17500000.0,0.036
7.57612e-08,e,3.5,o,3.5,-5.0,117000.0,-0.005
7.57808e-08,e,5.5,o,4.5,-2.66,25300000.0,0.218
7.58001e-08,e,1.5,o,0.5,-4.3,586000.0,0.0
7.584020000000001e-08,e,2.5,o,1.5,-5.43,43300.0,-0.001
7.58601e-08,e,1.5,o,2.5,-2.7,23200000.0,0.001
7.58852e-08,e,2.5,o,2.5,-5.76,20000.0,0.0
7.59353e-08,e,2.5,o,3.5,-3.08,9700000.0,0.003
7.59519e-08,e,3.5,o,2.5,-5.15,82900.0,0.0
7.59623e-08,e,4.5,o,4.5,-3.44,4210000.0,-0.005
7.59814e-08,e,2.5,o,3.5,-4.43,432000.0,0.0
7.599790000000001e-08,e,2.5,o,1.5,-3.52,3510000.0,-0.001
7.602630000000001e-08,e,1.5,o,1.5,-5.53,33600.0,-0.001
7.60621e-08,e,3.5,o,2.5,-4.37,494000.0,-0.001
7.60912e-08,e,0.5,o,1.5,-4.55,325000.0,0.0
7.61113e-08,e,2.5,o,2.5,-2.79,18800000.0,0.005
7.61419e-08,e,2.5,o,2.5,-2.66,25000000.0,-0.003
7.61477e-08,e,3.5,o,2.5,-4.82,177000.0,0.017
7.61497e-08,e,1.5,o,1.5,-2.59,29400000.0,-0.002
7.61554e-08,e,3.5,o,4.5,-5.53,33800.0,0.0
7.61936e-08,e,4.5,o,3.5,-4.83,170000.0,0.0
7.62299e-08,e,4.5,o,3.5,-4.96,126000.0,-0.001
7.62501e-08,e,3.5,o,2.5,-4.65,255000.0,0.001
7.62942e-08,e,1.5,o,2.5,-3.41,4490000.0,0.003
7.63012e-08,e,1.5,o,2.5,-2.83,17100000.0,0.001
7.6315e-08,e,2.5,o,1.5,-4.56,317000.0,0.002
7.63157e-08,e,4.5,o,3.5,-2.08,96200000.0,-0.155
7.63404e-08,e,1.5,o,0.5,-3.96,1250000.0,0.0
7.643210000000001e-08,e,1.5,o,0.5,-5.81,17600.0,-0.001
7.643790000000001e-08,e,2.5,o,1.5,-4.6,287000.0,0.0
7.647590000000001e-08,e,3.5,o,3.5,-3.16,7840000.0,0.002
7.64789e-08,e,1.5,o,2.5,-3.73,2140000.0,-0.001
7.65085e-08,e,3.5,o,3.5,-2.62,27200000.0,0.006
7.65244e-08,e,4.5,o,3.5,-3.42,4360000.0,-0.01
7.65582e-08,e,2.5,o,3.5,-4.08,955000.0,-0.004
7.65697e-08,e,3.5,o,2.5,-5.02,110000.0,0.0
7.65872e-08,e,4.5,o,4.5,-3.86,1560000.0,-0.005
7.65915e-08,e,1.5,o,1.5,-3.0,11400000.0,0.002
7.66456e-08,e,3.5,o,4.5,-4.33,541000.0,0.0
7.6668e-08,e,3.5,o,2.5,-2.58,29600000.0,0.185
7.66682e-08,e,2.5,o,2.5,-3.82,1710000.0,-0.057
7.66685e-08,e,2.5,o,3.5,-4.19,735000.0,0.0
7.67222e-08,e,1.5,o,1.5,-3.43,4230000.0,-0.001
7.676280000000001e-08,e,2.5,o,2.5,-2.98,12000000.0,-0.002
7.67964e-08,e,0.5,o,0.5,-3.82,1690000.0,0.0
7.68161e-08,e,4.5,o,4.5,-3.31,5580000.0,0.001
7.6854e-08,e,2.5,o,2.5,-5.36,49300.0,-0.005
7.68544e-08,e,1.5,o,0.5,-5.82,17100.0,-0.001
7.6856e-08,e,1.5,o,0.5,-3.93,1320000.0,0.0
7.68657e-08,e,2.5,o,1.5,-2.03,104000000.0,-0.01
7.68696e-08,e,3.5,o,2.5,-4.44,406000.0,-0.005
7.69176e-08,e,1.5,o,2.5,-3.78,1880000.0,0.002
7.69185e-08,e,1.5,o,0.5,-2.67,24200000.0,-0.003
7.69581e-08,e,1.5,o,0.5,-4.76,196000.0,0.012
7.696570000000001e-08,e,3.5,o,2.5,-3.43,4260000.0,-0.004
7.69797e-08,e,3.5,o,2.5,-5.0,114000.0,0.0
7.69833e-08,e,3.5,o,2.5,-4.7,228000.0,0.042
7.70161e-08,e,2.5,o,2.5,-5.76,19700.0,0.0
7.70314e-08,e,2.5,o,1.5,-4.91,138000.0,-0.003
7.70576e-08,e,1.5,o,1.5,-4.51,347000.0,0.0
7.706140000000001e-08,e,1.5,o,1.5,-4.65,250000.0,0.0
7.70824e-08,e,2.5,o,1.5,-2.85,15800000.0,0.11
7.71818e-08,e,5.5,o,4.5,-2.12,85200000.0,-0.109
7.71878e-08,e,3.5,o,4.5,-4.5,353000.0,-0.001
7.72001e-08,e,3.5,o,2.5,-4.21,692000.0,-0.001
7.72991e-08,e,0.5,o,1.5,-4.35,498000.0,0.0
7.73179e-08,e,2.5,o,2.5,-5.09,91000.0,0.002
7.733200000000001e-08,e,2.5,o,1.5,-5.99,11500.0,-0.001
7.73372e-08,e,1.5,o,1.5,-5.45,39700.0,0.002
7.738690000000001e-08,e,1.5,o,0.5,-4.96,123000.0,-0.007
7.739640000000001e-08,e,2.5,o,2.5,-4.03,1050000.0,-0.001
7.743700000000001e-08,e,3.5,o,3.5,-1.94,130000000.0,-0.006
7.7512e-08,e,2.5,o,3.5,-5.78,18500.0,0.0
7.75433e-08,e,2.5,o,2.5,-2.04,102000000.0,-0.005
7.75435e-08,e,6.5,o,5.5,-1.3,552000000.0,-0.348
7.755380000000001e-08,e,1.5,o,2.5,-4.72,214000.0,0.001
7.7622e-08,e,4.5,o,3.5,-2.44,40400000.0,-0.023
7.7676e-08,e,3.5,o,3.5,-4.7,226000.0,0.003
7.768970000000001e-08,e,1.5,o,2.5,-4.9,139000.0,0.0
7.77053e-08,e,2.5,o,2.5,-5.99,11400.0,0.001
7.77372e-08,e,4.5,o,3.5,-4.09,884000.0,0.029
7.7743e-08,e,0.5,o,1.5,-2.51,34200000.0,0.003
7.77548e-08,e,2.5,o,1.5,-5.1,89100.0,0.0
7.77867e-08,e,2.5,o,1.5,-2.78,18300000.0,0.017
7.77939e-08,e,5.5,o,5.5,-3.19,7100000.0,0.027
7.78041e-08,e,1.5,o,1.5,-4.38,460000.0,-0.001
7.7818e-08,e,2.5,o,3.5,-5.27,59400.0,-0.002
7.79044e-08,e,2.5,o,1.5,-5.73,20600.0,-0.001
7.79054e-08,e,3.5,o,2.5,-3.33,5180000.0,0.001
7.79154e-08,e,3.5,o,2.5,-1.94,128000000.0,-0.167
7.792260000000001e-08,e,4.5,o,4.5,-5.05,97700.0,0.0
7.79274e-08,e,4.5,o,3.5,-2.63,25700000.0,-0.089
7.794450000000001e-08,e,0.5,o,0.5,-3.17,7440000.0,0.004
7.79573e-08,e,3.5,o,4.5,-4.14,795000.0,0.02
7.796250000000001e-08,e,2.5,o,3.5,-5.38,46300.0,0.0
7.79852e-08,e,4.5,o,5.5,-3.84,1570000.0,0.0
7.7993e-08,e,2.5,o,1.5,-4.47,376000.0,-0.001
7.80073e-08,e,2.5,o,3.5,-3.31,5340000.0,0.005
7.80572e-08,e,0.5,o,1.5,-5.49,35300.0,0.005
7.805900000000001e-08,e,4.5,o,5.5,-4.26,610000.0,0.002
7.805950000000001e-08,e,0.5,o,0.5,-3.55,3110000.0,0.0
7.80601e-08,e,4.5,o,3.5,-1.94,126000000.0,0.137
7.807960000000001e-08,e,5.5,o,4.5,-1.92,130000000.0,-0.273
7.809130000000001e-08,e,0.5,o,1.5,-4.58,289000.0,-0.001
7.81529e-08,e,1.5,o,1.5,-3.87,1480000.0,-0.002
7.818130000000001e-08,e,1.5,o,1.5,-4.22,658000.0,0.0
7.82138e-08,e,3.5,o,4.5,-4.95,122000.0,0.0
7.82304e-08,e,4.5,o,4.5,-3.89,1410000.0,0.007
7.82309e-08,e,3.5,o,2.5,-4.6,277000.0,-0.015
7.8308e-08,e,5.5,o,4.5,-1.4,430000000.0,-0.308
7.833360000000001e-08,e,1.5,o,2.5,-2.9,13800000.0,0.01
7.83476e-08,e,1.5,o,1.5,-2.19,70400000.0,0.011
7.83787e-08,e,3.5,o,2.5,-2.2,69200000.0,-0.033
7.84309e-08,e,2.5,o,2.5,-4.09,888000.0,0.001
7.85018e-08,e,4.5,o,4.5,-3.26,5990000.0,0.004
7.8516e-08,e,4.5,o,3.5,-2.31,52800000.0,-0.034
7.85194e-08,e,1.5,o,2.5,-5.0,110000.0,-0.004
7.85312e-08,e,2.5,o,2.5,-5.95,12400.0,0.0
7.8647e-08,e,1.5,o,1.5,-4.12,821000.0,0.0
7.86842e-08,e,3.5,o,3.5,-3.71,2130000.0,-0.002
7.870810000000001e-08,e,3.5,o,4.5,-4.3,544000.0,0.0
7.8718e-08,e,3.5,o,3.5,-4.1,855000.0,-0.016
7.87643e-08,e,1.5,o,2.5,-5.4,42800.0,-0.001
7.88095e-08,e,0.5,o,1.5,-2.73,19900000.0,-0.002
7.88116e-08,e,3.5,o,3.5,-4.22,642000.0,0.0
7.88285e-08,e,4.5,o,3.5,-2.16,74100000.0,-0.182
7.883020000000001e-08,e,4.5,o,3.5,-1.49,343000000.0,-0.238
7.88644e-08,e,2.5,o,3.5,-5.56,29700.0,0.0
7.88739e-08,e,3.5,o,3.5,-3.3,5350000.0,0.01
7.88852e-08,e,2.5,o,2.5,-5.12,80800.0,-0.004
7.88853e-08,e,4.5,o,5.5,-2.73,20000000.0,-0.001
7.892590000000001e-08,e,1.5,o,0.5,-4.16,733000.0,0.001
7.893200000000001e-08,e,2.5,o,1.5,-2.1,84800000.0,-0.073
7.89406e-08,e,3.5,o,2.5,-4.33,503000.0,0.044
7.89766e-08,e,2.5,o,2.5,-5.99,11000.0,0.0
7.89909e-08,e,1.5,o,2.5,-3.43,4010000.0,-0.001
7.903410000000001e-08,e,3.5,o,2.5,-2.19,70000000.0,-0.042
7.90381e-08,e,3.5,o,3.5,-3.02,10100000.0,0.011
7.90872e-08,e,2.5,o,2.5,-4.04,980000.0,0.002
7.91757e-08,e,5.5,o,4.5,-2.6,26600000.0,0.254
7.918440000000001e-08,e,3.5,o,4.5,-5.0,106000.0,0.0
7.91944e-08,e,5.5,o,4.5,-2.01,104000000.0,0.247
7.928320000000001e-08,e,2.5,o,1.5,-3.39,4320000.0,-0.001
7.93001e-08,e,4.5,o,3.5,-2.1,84900000.0,0.163
7.93123e-08,e,2.5,o,3.5,-4.17,726000.0,0.012
7.93165e-08,e,3.5,o,2.5,-3.16,7270000.0,-0.161
7.93514e-08,e,4.5,o,4.5,-3.55,2980000.0,-0.027
7.93534e-08,e,3.5,o,2.5,-2.79,17300000.0,-0.025
7.93984e-08,e,3.5,o,2.5,-1.54,305000000.0,-0.26
7.94067e-08,e,2.5,o,1.5,-2.65,23900000.0,0.034
7.941230000000001e-08,e,0.5,o,1.5,-2.41,41000000.0,-0.012
7.9414e-08,e,4.5,o,4.5,-2.68,22200000.0,0.004
7.94564e-08,e,1.5,o,2.5,-5.51,32700.0,0.001
7.94657e-08,e,2.5,o,3.5,-5.27,57100.0,0.0
7.9473e-08,e,2.5,o,3.5,-5.22,62900.0,0.001
7.948390000000001e-08,e,3.5,o,3.5,-4.52,324000.0,-0.003
7.96016e-08,e,3.5,o,3.5,-4.3,523000.0,0.001
7.96188e-08,e,4.5,o,3.5,-2.42,39400000.0,-0.079
7.96555e-08,e,2.5,o,3.5,-4.97,113000.0,0.0
7.9662e-08,e,1.5,o,2.5,-2.71,20700000.0,-0.002
7.96621e-08,e,4.5,o,3.5,-3.49,3500000.0,0.0
7.96622e-08,e,0.5,o,0.5,-4.32,497000.0,-0.01
7.97032e-08,e,3.5,o,2.5,-2.72,20100000.0,-0.024
7.97088e-08,e,3.5,o,3.5,-2.62,26100000.0,0.001
7.97207e-08,e,3.5,o,4.5,-2.71,20300000.0,-0.001
7.975000000000001e-08,e,4.5,o,3.5,-2.4,41200000.0,-0.063
7.975730000000001e-08,e,2.5,o,2.5,-4.53,309000.0,0.001
7.979720000000001e-08,e,3.5,o,3.5,-3.95,1180000.0,0.001
7.98243e-08,e,2.5,o,1.5,-4.07,891000.0,0.024
7.9926e-08,e,1.5,o,1.5,-3.61,2560000.0,0.004
7.99525e-08,e,2.5,o,2.5,-3.48,3490000.0,0.014
7.995800000000001e-08,e,4.5,o,4.5,-2.38,43900000.0,0.001
7.99746e-08,e,4.5,o,4.5,-3.03,9750000.0,0.015
7.99852e-08,e,0.5,o,1.5,-4.64,236000.0,0.0
7.99964e-08,e,3.5,o,4.5,-4.34,477000.0,0.001
8.00253e-08,e,3.5,o,2.5,-3.68,2190000.0,0.001
8.00593e-08,e,3.5,o,3.5,-2.93,12400000.0,0.003
8.008310000000001e-08,e,2.5,o,2.5,-3.62,2480000.0,0.022
8.013909999999999e-08,e,1.5,o,0.5,-3.22,6230000.0,0.003
8.013990000000001e-08,e,5.5,o,4.5,-2.19,65800000.0,-0.12
8.019990000000001e-08,e,4.5,o,3.5,-2.25,58600000.0,-0.136
8.02704e-08,e,2.5,o,3.5,-2.87,14100000.0,-0.001
8.02813e-08,e,3.5,o,4.5,-4.42,389000.0,0.0
8.02942e-08,e,1.5,o,1.5,-3.68,2150000.0,-0.001
8.029880000000001e-08,e,4.5,o,4.5,-3.9,1300000.0,0.004
8.031440000000001e-08,e,1.5,o,1.5,-3.86,1420000.0,-0.023
8.036040000000001e-08,e,3.5,o,2.5,-1.88,137000000.0,-0.149
8.03866e-08,e,3.5,o,2.5,-3.27,5510000.0,0.003
8.0403e-08,e,2.5,o,3.5,-5.92,12500.0,0.0
8.0429e-08,e,3.5,o,2.5,-2.72,19600000.0,-0.045
8.043360000000001e-08,e,4.5,o,5.5,-5.29,52700.0,0.002
8.04727e-08,e,0.5,o,1.5,-3.29,5280000.0,-0.004
8.04732e-08,e,2.5,o,1.5,-2.87,13800000.0,-0.03
8.05582e-08,e,2.5,o,3.5,-3.72,1980000.0,-0.003
8.058170000000001e-08,e,2.5,o,2.5,-5.48,34200.0,0.0
8.05973e-08,e,0.5,o,1.5,-5.28,54000.0,0.003
8.06072e-08,e,3.5,o,3.5,-4.19,658000.0,0.0
8.06346e-08,e,2.5,o,2.5,-5.54,29800.0,0.0
8.0642e-08,e,2.5,o,2.5,-3.73,1900000.0,0.001
8.0703e-08,e,6.5,o,5.5,-1.1,814000000.0,0.382
8.07108e-08,e,2.5,o,1.5,-4.18,688000.0,-0.01
8.071140000000001e-08,e,3.5,o,2.5,-3.11,7960000.0,-0.022
8.07497e-08,e,5.5,o,5.5,-2.57,27700000.0,-0.435
8.07647e-08,e,0.5,o,0.5,-3.78,1690000.0,0.002
8.07735e-08,e,4.5,o,3.5,-5.73,19000.0,-0.003
8.078700000000001e-08,e,3.5,o,2.5,-3.51,3260000.0,0.0
8.078780000000001e-08,e,3.5,o,2.5,-4.66,224000.0,0.01
8.0813e-08,e,1.5,o,2.5,-3.21,6350000.0,-0.001
8.08589e-08,e,3.5,o,3.5,-3.52,3070000.0,-0.002
8.096670000000001e-08,e,2.5,o,1.5,-3.91,1260000.0,-0.003
8.097430000000001e-08,e,1.5,o,1.5,-4.87,136000.0,0.002
8.100220000000001e-08,e,4.5,o,4.5,-5.45,36500.0,-0.002
8.100309999999999e-08,e,1.5,o,2.5,-5.5,32200.0,-0.004
8.101459999999999e-08,e,3.5,o,4.5,-3.59,2590000.0,-0.014
8.10156e-08,e,2.5,o,2.5,-5.28,53800.0,0.001
8.10862e-08,e,2.5,o,1.5,-3.68,2110000.0,0.002
8.10995e-08,e,3.5,o,4.5,-5.43,37300.0,0.002
8.1101e-08,e,3.5,o,3.5,-3.86,1400000.0,-0.013
8.11947e-08,e,3.5,o,2.5,-5.72,19300.0,-0.001
8.122540000000001e-08,e,2.5,o,3.5,-3.91,1250000.0,0.0
8.12338e-08,e,1.5,o,1.5,-4.95,116000.0,0.001
8.12377e-08,e,4.5,o,4.5,-5.57,27300.0,0.002
8.124650000000001e-08,e,2.5,o,1.5,-4.43,382000.0,0.006
8.12618e-08,e,0.5,o,1.5,-4.26,553000.0,0.02
8.12857e-08,e,3.5,o,3.5,-3.68,2090000.0,-0.034
8.13043e-08,e,3.5,o,4.5,-3.52,3070000.0,0.0
8.13312e-08,e,2.5,o,2.5,-4.41,392000.0,0.003
8.134410000000001e-08,e,3.5,o,4.5,-4.23,581000.0,0.019
8.13697e-08,e,3.5,o,2.5,-3.97,1100000.0,0.003
8.13956e-08,e,5.5,o,5.5,-1.6,252000000.0,-0.38
8.14122e-08,e,3.5,o,2.5,-1.82,155000000.0,-0.022
8.14659e-08,e,3.5,o,2.5,-2.72,19300000.0,-0.207
8.14971e-08,e,4.5,o,5.5,-5.09,81800.0,0.004
8.15635e-08,e,4.5,o,5.5,-2.55,28700000.0,0.001
8.15648e-08,e,4.5,o,3.5,-3.14,7440000.0,0.001
8.161380000000001e-08,e,3.5,o,3.5,-3.02,9830000.0,0.001
8.16915e-08,e,1.5,o,1.5,-3.24,5660000.0,-0.004
8.16992e-08,e,3.5,o,4.5,-4.96,110000.0,0.006
8.16999e-08,e,4.5,o,3.5,-3.75,1790000.0,-0.008
8.170359999999999e-08,e,3.5,o,3.5,-3.91,1250000.0,0.026
8.17297e-08,e,3.5,o,3.5,-5.68,20900.0,0.0
8.174230000000001e-08,e,4.5,o,3.5,-3.66,2170000.0,0.017
8.18124e-08,e,0.5,o,1.5,-3.68,2100000.0,-0.005
8.19026e-08,e,2.5,o,3.5,-4.88,130000.0,-0.006
8.192340000000001e-08,e,3.5,o,3.5,-5.37,43000.0,0.0
8.19389e-08,e,3.5,o,4.5,-4.9,125000.0,-0.004
8.19476e-08,e,3.5,o,2.5,-2.84,14400000.0,-0.072
8.19525e-08,e,4.5,o,3.5,-5.15,70100.0,-0.005
8.195850000000001e-08,e,5.5,o,4.5,-2.91,12300000.0,0.04
8.19702e-08,e,2.5,o,3.5,-4.8,159000.0,0.008
8.19722e-08,e,4.5,o,4.5,-5.74,17900.0,-0.001
8.19728e-08,e,3.5,o,3.5,-4.55,277000.0,0.006
8.201380000000001e-08,e,2.5,o,3.5,-2.81,15700000.0,0.07
8.20186e-08,e,3.5,o,2.5,-4.68,204000.0,0.008
8.20203e-08,e,3.5,o,2.5,-5.72,18800.0,-0.004
8.202870000000001e-08,e,1.5,o,2.5,-3.61,2470000.0,-0.011
8.20356e-08,e,0.5,o,0.5,-4.57,267000.0,0.0
8.20416e-08,e,2.5,o,2.5,-2.96,11000000.0,0.056
8.20429e-08,e,2.5,o,2.5,-3.48,3270000.0,0.004
8.2074e-08,e,1.5,o,0.5,-5.0,101000.0,0.001
8.20758e-08,e,4.5,o,4.5,-5.99,10000.0,0.0
8.20871e-08,e,2.5,o,1.5,-3.79,1590000.0,-0.024
8.20911e-08,e,2.5,o,3.5,-3.59,2540000.0,-0.027
8.20953e-08,e,1.5,o,2.5,-5.51,30200.0,0.001
8.212050000000001e-08,e,0.5,o,0.5,-3.77,1720000.0,0.008
8.213350000000001e-08,e,5.5,o,4.5,-1.12,755000000.0,0.412
8.214400000000001e-08,e,1.5,o,2.5,-5.17,67500.0,0.006
8.21982e-08,e,0.5,o,1.5,-2.8,15500000.0,-0.003
8.221180000000001e-08,e,1.5,o,2.5,-4.0,994000.0,-0.003
8.22126e-08,e,3.5,o,3.5,-3.47,3310000.0,0.031
8.22143e-08,e,2.5,o,3.5,-5.52,29700.0,-0.002
8.22199e-08,e,4.5,o,5.5,-3.08,8160000.0,0.003
8.222530000000001e-08,e,3.5,o,2.5,-2.74,18400000.0,-0.109
8.2226e-08,e,2.5,o,3.5,-2.34,45200000.0,-0.004
8.224349999999999e-08,e,2.5,o,3.5,-5.7,19400.0,0.0
8.22748e-08,e,2.5,o,2.5,-5.73,18400.0,0.0
8.22914e-08,e,2.5,o,2.5,-3.09,8060000.0,-0.002
8.23115e-08,e,4.5,o,5.5,-5.45,35000.0,-0.012
8.2323e-08,e,2.5,o,1.5,-4.16,684000.0,-0.013
8.234e-08,e,2.5,o,1.5,-3.35,4330000.0,0.342
8.23947e-08,e,5.5,o,5.5,-1.91,121000000.0,-0.394
8.242690000000001e-08,e,3.5,o,3.5,-5.3,48900.0,0.0
8.24362e-08,e,0.5,o,1.5,-5.69,20200.0,0.003
8.245430000000001e-08,e,2.5,o,1.5,-4.61,240000.0,-0.001
8.25381e-08,e,1.5,o,0.5,-3.84,1410000.0,-0.03
8.25439e-08,e,2.5,o,3.5,-3.96,1070000.0,0.029
8.256269999999999e-08,e,4.5,o,5.5,-3.28,5150000.0,0.023
8.260560000000001e-08,e,1.5,o,1.5,-4.78,162000.0,-0.003
8.26184e-08,e,4.5,o,4.5,-4.21,608000.0,-0.018
8.263540000000001e-08,e,1.5,o,2.5,-5.07,82700.0,0.009
8.26661e-08,e,3.5,o,3.5,-5.33,45500.0,-0.001
8.26884e-08,e,4.5,o,3.5,-4.08,810000.0,-0.001
8.27136e-08,e,2.5,o,1.5,-1.8,153000000.0,-0.032
8.27343e-08,e,4.5,o,3.5,-4.01,957000.0,-0.005
8.2738e-08,e,2.5,o,1.5,-5.83,14600.0,-0.001
8.2766e-08,e,3.5,o,4.5,-5.77,16700.0,0.0
8.27684e-08,e,2.5,o,2.5,-4.26,539000.0,-0.016
8.278500000000001e-08,e,2.5,o,1.5,-2.42,36400000.0,-0.316
8.27919e-08,e,2.5,o,3.5,-3.49,3100000.0,0.059
8.27944e-08,e,4.5,o,4.5,-1.65,216000000.0,-0.139
8.27956e-08,e,1.5,o,2.5,-4.22,582000.0,-0.007
8.28295e-08,e,3.5,o,2.5,-3.7,1950000.0,0.084
8.28368e-08,e,0.5,o,0.5,-5.87,12900.0,0.0
8.28386e-08,e,2.5,o,2.5,-3.34,4430000.0,-0.066
8.288200000000001e-08,e,1.5,o,2.5,-5.38,40200.0,0.004
8.29035e-08,e,1.5,o,1.5,-3.46,3390000.0,-0.017
8.29048e-08,e,0.5,o,1.5,-5.08,81000.0,0.002
8.291670000000001e-08,e,2.5,o,1.5,-5.56,26900.0,0.0
8.29507e-08,e,3.5,o,2.5,-4.81,151000.0,0.002
8.2951e-08,e,0.5,o,1.5,-3.97,1050000.0,0.004
8.29716e-08,e,5.5,o,4.5,-4.1,759000.0,0.004
8.29756e-08,e,4.5,o,4.5,-3.34,4550000.0,-0.001
8.302100000000001e-08,e,3.5,o,3.5,-3.19,6210000.0,0.009
8.302630000000001e-08,e,3.5,o,4.5,-2.63,23400000.0,0.001
8.30387e-08,e,2.5,o,1.5,-3.43,3550000.0,0.103
8.30459e-08,e,3.5,o,2.5,-4.28,516000.0,-0.002
8.309090000000001e-08,e,1.5,o,1.5,-5.67,21000.0,0.001
8.31164e-08,e,2.5,o,3.5,-4.5,310000.0,0.0
8.311670000000001e-08,e,1.5,o,1.5,-4.3,485000.0,-0.015
8.31232e-08,e,3.5,o,4.5,-2.81,14800000.0,0.004
8.313550000000001e-08,e,4.5,o,5.5,-4.88,127000.0,0.0
8.3142e-08,e,4.5,o,4.5,-2.09,77700000.0,-0.222
8.31557e-08,e,2.5,o,2.5,-2.83,14600000.0,0.121
8.31597e-08,e,4.5,o,3.5,-3.88,1270000.0,0.004
8.31617e-08,e,3.5,o,4.5,-4.1,761000.0,0.085
8.31847e-08,e,2.5,o,3.5,-4.9,120000.0,0.004
8.318690000000001e-08,e,4.5,o,3.5,-5.49,31300.0,0.002
8.32124e-08,e,2.5,o,1.5,-3.91,1190000.0,-0.003
8.3248e-08,e,2.5,o,3.5,-3.77,1650000.0,-0.005
8.325130000000001e-08,e,2.5,o,1.5,-4.34,437000.0,0.019
8.327300000000001e-08,e,2.5,o,2.5,-3.55,2710000.0,0.005
8.3302e-08,e,4.5,o,4.5,-4.87,130000.0,0.001
8.33049e-08,e,3.5,o,3.5,-2.12,74400000.0,0.09
8.33123e-08,e,1.5,o,1.5,-3.08,7910000.0,0.063
8.33437e-08,e,3.5,o,4.5,-4.58,253000.0,0.006
8.336660000000001e-08,e,1.5,o,2.5,-3.13,7030000.0,-0.072
8.34046e-08,e,3.5,o,2.5,-2.55,27300000.0,0.334
8.34158e-08,e,4.5,o,3.5,-3.61,2360000.0,0.002
8.34186e-08,e,3.5,o,2.5,-2.73,18400000.0,-0.009
8.342870000000001e-08,e,3.5,o,3.5,-5.24,55600.0,0.002
8.34358e-08,e,3.5,o,3.5,-4.9,121000.0,-0.001
8.34364e-08,e,2.5,o,2.5,-3.4,3830000.0,0.059
8.34553e-08,e,1.5,o,2.5,-3.92,1160000.0,-0.002
8.34914e-08,e,3.5,o,3.5,-1.69,195000000.0,-0.109
8.35104e-08,e,4.5,o,3.5,-4.1,761000.0,0.005
8.35507e-08,e,2.5,o,3.5,-2.88,12600000.0,0.007
8.35693e-08,e,1.5,o,1.5,-2.91,11700000.0,-0.17
8.36054e-08,e,4.5,o,3.5,-3.92,1140000.0,0.013
8.361670000000001e-08,e,0.5,o,1.5,-3.3,4800000.0,-0.06
8.36357e-08,e,1.5,o,2.5,-4.43,355000.0,-0.001
8.36487e-08,e,3.5,o,3.5,-4.47,322000.0,-0.003
8.364900000000001e-08,e,2.5,o,2.5,-2.29,49400000.0,0.049
8.36513e-08,e,3.5,o,4.5,-2.42,36600000.0,0.163
8.36632e-08,e,0.5,o,1.5,-4.9,119000.0,0.001
8.36663e-08,e,1.5,o,0.5,-2.48,31200000.0,-0.236
8.36852e-08,e,3.5,o,2.5,-4.39,393000.0,0.003
8.36948e-08,e,3.5,o,2.5,-1.58,251000000.0,-0.339
8.37164e-08,e,3.5,o,2.5,-3.83,1400000.0,0.004
8.38755e-08,e,0.5,o,1.5,-3.4,3760000.0,-0.049
8.38935e-08,e,3.5,o,2.5,-4.09,761000.0,0.002
8.3904e-08,e,4.5,o,3.5,-2.49,31200000.0,-0.004
8.39222e-08,e,3.5,o,3.5,-5.74,17200.0,0.001
8.39534e-08,e,2.5,o,2.5,-1.82,142000000.0,-0.119
8.39558e-08,e,3.5,o,3.5,-2.73,18200000.0,0.008
8.39732e-08,e,0.5,o,0.5,-2.55,26800000.0,0.229
8.39794e-08,e,3.5,o,2.5,-5.74,17200.0,0.001
8.39922e-08,e,1.5,o,2.5,-2.56,25900000.0,-0.004
8.40319e-08,e,2.5,o,3.5,-2.71,18700000.0,-0.066
8.40394e-08,e,3.5,o,4.5,-5.4,37700.0,0.0
8.41423e-08,e,2.5,o,3.5,-2.34,43600000.0,0.113
8.41619e-08,e,1.5,o,1.5,-3.17,6470000.0,-0.003
8.41663e-08,e,2.5,o,2.5,-3.41,3720000.0,0.006
8.417250000000001e-08,e,1.5,o,0.5,-2.56,25900000.0,-0.169
8.419720000000001e-08,e,2.5,o,1.5,-5.62,22700.0,0.006
8.420560000000001e-08,e,1.5,o,1.5,-2.99,9720000.0,0.028
8.42063e-08,e,2.5,o,1.5,-1.93,110000000.0,-0.316
8.42192e-08,e,2.5,o,1.5,-3.54,2720000.0,0.019
8.42203e-08,e,3.5,o,4.5,-3.44,3420000.0,0.002
8.425460000000001e-08,e,0.5,o,1.5,-3.65,2120000.0,0.006
8.42772e-08,e,2.5,o,3.5,-5.36,41000.0,-0.003
8.43209e-08,e,2.5,o,3.5,-4.6,235000.0,0.0
8.43217e-08,e,3.5,o,3.5,-2.59,23800000.0,-0.047
8.433550000000001e-08,e,3.5,o,3.5,-2.46,32800000.0,-0.117
8.43555e-08,e,4.5,o,4.5,-2.3,46300000.0,-0.12
8.43823e-08,e,1.5,o,2.5,-2.36,41400000.0,0.104
8.439589999999999e-08,e,2.5,o,2.5,-2.08,79300000.0,-0.077
8.443579999999999e-08,e,3.5,o,2.5,-4.27,501000.0,-0.008
8.44465e-08,e,4.5,o,3.5,-2.55,26600000.0,-0.003
8.445670000000001e-08,e,2.5,o,3.5,-5.8,14800.0,0.0
8.44832e-08,e,0.5,o,0.5,-2.57,25100000.0,0.19
8.45067e-08,e,3.5,o,2.5,-4.44,349000.0,-0.001
8.454880000000001e-08,e,2.5,o,2.5,-2.27,49500000.0,0.238
8.459030000000001e-08,e,3.5,o,2.5,-1.89,120000000.0,0.135
8.459840000000001e-08,e,3.5,o,3.5,-2.25,52800000.0,-0.096
8.46157e-08,e,1.5,o,0.5,-3.58,2460000.0,-0.003
8.46933e-08,e,3.5,o,2.5,-4.37,400000.0,0.005
8.47461e-08,e,1.5,o,1.5,-2.38,39200000.0,0.074
8.4752e-08,e,1.5,o,1.5,-2.28,49100000.0,0.227
8.47598e-08,e,2.5,o,1.5,-4.78,154000.0,0.0
8.47933e-08,e,3.5,o,3.5,-3.17,6230000.0,0.004
8.47957e-08,e,0.5,o,1.5,-2.52,28000000.0,-0.101
8.48629e-08,e,3.5,o,2.5,-2.79,15000000.0,-0.003
8.491860000000001e-08,e,3.5,o,4.5,-4.24,532000.0,0.011
8.49519e-08,e,1.5,o,1.5,-3.17,6350000.0,-0.002
8.49806e-08,e,4.5,o,3.5,-4.97,98700.0,0.0
8.50112e-08,e,3.5,o,2.5,-3.04,8490000.0,-0.068
8.50302e-08,e,2.5,o,3.5,-4.31,450000.0,-0.003
8.50434e-08,e,2.5,o,3.5,-3.44,3390000.0,-0.04
8.50559e-08,e,5.5,o,4.5,-4.07,775000.0,-0.091
8.5067e-08,e,0.5,o,1.5,-3.05,8220000.0,-0.157
8.506880000000001e-08,e,2.5,o,1.5,-4.87,124000.0,0.003
8.507000000000001e-08,e,1.5,o,0.5,-3.1,7440000.0,0.043
8.509890000000001e-08,e,1.5,o,2.5,-3.2,5760000.0,-0.167
8.51002e-08,e,2.5,o,2.5,-3.3,4630000.0,0.003
8.512000000000001e-08,e,0.5,o,0.5,-2.78,15300000.0,0.096
8.51456e-08,e,1.5,o,2.5,-3.38,3880000.0,0.01
8.51524e-08,e,5.5,o,4.5,-2.51,28300000.0,0.434
8.515940000000001e-08,e,2.5,o,2.5,-2.89,12000000.0,0.015
8.5203e-08,e,3.5,o,2.5,-2.67,19700000.0,-0.029
8.52378e-08,e,2.5,o,2.5,-5.77,15600.0,0.0
8.52408e-08,e,3.5,o,3.5,-4.17,630000.0,0.018
8.526390000000001e-08,e,3.5,o,2.5,-5.49,29600.0,0.0
8.527440000000001e-08,e,2.5,o,1.5,-3.37,3950000.0,-0.003
8.527960000000001e-08,e,2.5,o,3.5,-3.35,4130000.0,0.007
8.52905e-08,e,1.5,o,2.5,-4.71,178000.0,-0.001
8.532329999999999e-08,e,3.5,o,3.5,-4.3,467000.0,0.005
8.53574e-08,e,3.5,o,2.5,-1.57,252000000.0,-0.367
8.538160000000001e-08,e,4.5,o,4.5,-5.31,45400.0,0.0
8.53918e-08,e,0.5,o,1.5,-3.25,5150000.0,-0.004
8.54035e-08,e,2.5,o,1.5,-4.86,127000.0,0.003
8.54656e-08,e,1.5,o,1.5,-5.58,24500.0,0.0
8.55283e-08,e,2.5,o,2.5,-4.09,730000.0,0.004
8.55514e-08,e,1.5,o,0.5,-4.85,129000.0,0.014
8.559360000000001e-08,e,4.5,o,3.5,-4.14,666000.0,0.001
8.561240000000001e-08,e,1.5,o,2.5,-5.67,19400.0,0.0
8.56257e-08,e,3.5,o,4.5,-4.88,119000.0,-0.001
8.56366e-08,e,1.5,o,2.5,-2.94,10400000.0,-0.01
8.56576e-08,e,3.5,o,2.5,-5.78,15400.0,0.0
8.56615e-08,e,0.5,o,1.5,-5.66,20100.0,0.0
8.56952e-08,e,3.5,o,2.5,-4.68,191000.0,0.003
8.56991e-08,e,2.5,o,2.5,-2.23,53700000.0,-0.112
8.57069e-08,e,4.5,o,4.5,-5.85,12800.0,0.001
8.57481e-08,e,3.5,o,3.5,-4.65,205000.0,0.002
8.577150000000001e-08,e,0.5,o,0.5,-4.42,349000.0,0.068
8.577960000000001e-08,e,1.5,o,1.5,-4.4,362000.0,0.01
8.581580000000001e-08,e,2.5,o,2.5,-4.27,491000.0,0.005
8.5859e-08,e,0.5,o,0.5,-2.92,10800000.0,-0.003
8.58962e-08,e,4.5,o,3.5,-4.21,561000.0,0.015
8.59016e-08,e,1.5,o,2.5,-3.84,1300000.0,-0.005
8.59259e-08,e,1.5,o,2.5,-3.3,4600000.0,0.038
8.59335e-08,e,1.5,o,0.5,-3.02,8570000.0,-0.004
8.594e-08,e,2.5,o,2.5,-4.07,777000.0,-0.005
8.59463e-08,e,1.5,o,2.5,-4.07,772000.0,-0.001
8.594650000000001e-08,e,2.5,o,2.5,-3.34,4130000.0,-0.022
8.59593e-08,e,4.5,o,4.5,-3.6,2310000.0,0.003
8.59751e-08,e,4.5,o,4.5,-4.64,208000.0,0.001
8.60009e-08,e,0.5,o,1.5,-4.66,197000.0,0.006
8.60137e-08,e,3.5,o,4.5,-4.63,215000.0,0.0
8.6016e-08,e,2.5,o,1.5,-4.55,254000.0,0.001
8.60207e-08,e,3.5,o,4.5,-3.97,972000.0,-0.007
8.608550000000001e-08,e,2.5,o,1.5,-3.09,7460000.0,-0.003
8.60939e-08,e,4.5,o,5.5,-5.19,58300.0,0.005
8.61258e-08,e,4.5,o,3.5,-1.01,864000000.0,-0.44
8.61415e-08,e,3.5,o,2.5,-3.37,3840000.0,0.023
8.619550000000001e-08,e,1.5,o,2.5,-4.72,169000.0,0.002
8.61987e-08,e,3.5,o,3.5,-2.29,45200000.0,0.443
8.620520000000001e-08,e,0.5,o,1.5,-3.29,4660000.0,-0.002
8.62063e-08,e,2.5,o,1.5,-1.68,192000000.0,-0.177
8.62111e-08,e,2.5,o,3.5,-5.72,17100.0,0.0
8.62132e-08,e,3.5,o,2.5,-4.12,689000.0,0.002
8.623310000000001e-08,e,1.5,o,1.5,-1.97,97500000.0,0.195
8.62473e-08,e,2.5,o,1.5,-1.61,226000000.0,-0.247
8.62803e-08,e,1.5,o,1.5,-3.07,7640000.0,0.007
8.628450000000001e-08,e,0.5,o,1.5,-2.95,10100000.0,-0.061
8.630630000000001e-08,e,2.5,o,3.5,-5.15,64100.0,0.001
8.633920000000001e-08,e,3.5,o,3.5,-4.9,112000.0,0.002
8.63598e-08,e,4.5,o,3.5,-4.84,130000.0,0.001
8.63975e-08,e,1.5,o,1.5,-4.18,593000.0,-0.004
8.646180000000001e-08,e,4.5,o,4.5,-5.6,22500.0,0.0
8.64812e-08,e,1.5,o,0.5,-2.03,83600000.0,-0.204
8.64877e-08,e,3.5,o,4.5,-5.82,13600.0,-0.002
8.65169e-08,e,2.5,o,3.5,-3.05,8010000.0,-0.059
8.65328e-08,e,0.5,o,0.5,-2.03,83600000.0,0.286
8.659070000000001e-08,e,2.5,o,2.5,-4.91,111000.0,0.004
8.6622e-08,e,0.5,o,1.5,-4.7,178000.0,0.001
8.66327e-08,e,4.5,o,3.5,-4.53,264000.0,0.002
8.66804e-08,e,3.5,o,3.5,-5.01,87000.0,-0.001
8.66819e-08,e,4.5,o,3.5,-3.69,1860000.0,0.003
8.67137e-08,e,0.5,o,1.5,-3.15,6340000.0,0.05
8.671760000000001e-08,e,3.5,o,3.5,-3.16,6130000.0,-0.018
8.673730000000001e-08,e,3.5,o,3.5,-4.65,202000.0,0.001
8.6738e-08,e,4.5,o,3.5,-3.18,5900000.0,0.032
8.67447e-08,e,3.5,o,2.5,-5.52,26700.0,0.0
8.67607e-08,e,3.5,o,4.5,-5.31,43100.0,0.001
8.678150000000002e-08,e,2.5,o,3.5,-5.72,17000.0,0.0
8.68087e-08,e,2.5,o,2.5,-2.68,18700000.0,-0.083
8.68255e-08,e,3.5,o,4.5,-4.13,667000.0,0.001
8.68574e-08,e,4.5,o,5.5,-4.81,135000.0,0.001
8.68583e-08,e,3.5,o,2.5,-4.11,701000.0,0.001
8.69051e-08,e,2.5,o,3.5,-5.27,47500.0,0.002
8.69587e-08,e,4.5,o,3.5,-2.68,18300000.0,0.29
8.70068e-08,e,3.5,o,2.5,-4.11,693000.0,-0.002
8.710200000000001e-08,e,2.5,o,2.5,-1.76,155000000.0,-0.218
8.71068e-08,e,2.5,o,2.5,-3.35,4030000.0,-0.006
8.71106e-08,e,3.5,o,2.5,-5.6,22300.0,0.0
8.71678e-08,e,1.5,o,2.5,-5.93,10300.0,0.0
8.721190000000001e-08,e,3.5,o,3.5,-4.67,188000.0,0.001
8.73063e-08,e,1.5,o,2.5,-4.15,627000.0,0.006
8.74057e-08,e,3.5,o,2.5,-4.66,192000.0,0.003
8.74305e-08,e,3.5,o,3.5,-4.88,115000.0,-0.001
8.745860000000001e-08,e,2.5,o,1.5,-3.67,1890000.0,0.022
8.749880000000001e-08,e,4.5,o,4.5,-3.72,1640000.0,0.024
8.750660000000001e-08,e,5.5,o,4.5,-3.54,2520000.0,-0.065
8.75101e-08,e,3.5,o,2.5,-1.05,764000000.0,-0.471
8.760620000000001e-08,e,2.5,o,1.5,-4.6,220000.0,0.002
8.76386e-08,e,4.5,o,3.5,-3.64,2010000.0,0.015
8.769510000000001e-08,e,3.5,o,3.5,-4.12,673000.0,0.001
8.775789999999999e-08,e,3.5,o,2.5,-1.9,110000000.0,0.302
8.77931e-08,e,2.5,o,2.5,-3.14,6300000.0,-0.075
8.78185e-08,e,3.5,o,2.5,-4.93,104000.0,0.001
8.78472e-08,e,1.5,o,2.5,-4.48,287000.0,0.0
8.78678e-08,e,4.5,o,3.5,-5.91,10700.0,0.0
8.79069e-08,e,4.5,o,3.5,-3.52,2620000.0,0.121
8.79123e-08,e,3.5,o,3.5,-3.06,7550000.0,0.015
8.791760000000001e-08,e,2.5,o,1.5,-3.54,2470000.0,0.009
8.79402e-08,e,3.5,o,2.5,-2.75,15500000.0,0.082
8.79857e-08,e,2.5,o,2.5,-4.47,289000.0,-0.003
8.8002e-08,e,1.5,o,1.5,-4.3,437000.0,-0.002
8.80108e-08,e,2.5,o,3.5,-5.97,9180.0,0.0
8.80329e-08,e,1.5,o,1.5,-2.94,9900000.0,-0.017
8.80362e-08,e,2.5,o,2.5,-2.99,8760000.0,0.066
8.80474e-08,e,1.5,o,1.5,-3.37,3700000.0,0.032
8.80794e-08,e,4.5,o,3.5,-3.2,5440000.0,0.071
8.8089e-08,e,2.5,o,1.5,-1.81,136000000.0,0.343
8.81003e-08,e,4.5,o,5.5,-5.77,14600.0,-0.004
8.812440000000001e-08,e,4.5,o,3.5,-5.87,11700.0,0.0
8.82349e-08,e,0.5,o,1.5,-4.22,514000.0,0.002
8.827930000000001e-08,e,4.5,o,3.5,-3.7,1720000.0,-0.002
8.828370000000001e-08,e,3.5,o,4.5,-5.27,45900.0,0.0
8.83068e-08,e,2.5,o,1.5,-5.16,59900.0,0.0
8.83145e-08,e,2.5,o,3.5,-3.77,1460000.0,0.013
8.83366e-08,e,2.5,o,1.5,-1.94,98800000.0,0.355
8.838500000000001e-08,e,1.5,o,2.5,-5.65,19000.0,0.0
8.83874e-08,e,0.5,o,1.5,-4.2,544000.0,0.003
8.84568e-08,e,3.5,o,3.5,-5.6,21500.0,0.0
8.84632e-08,e,4.5,o,4.5,-4.39,348000.0,0.0
8.848350000000001e-08,e,2.5,o,2.5,-3.23,4960000.0,-0.012
8.85208e-08,e,3.5,o,4.5,-5.86,12100.0,0.0
8.85295e-08,e,1.5,o,0.5,-4.69,172000.0,0.001
8.85994e-08,e,1.5,o,2.5,-4.72,159000.0,0.001
8.86328e-08,e,1.5,o,2.5,-5.07,71800.0,0.0
8.86482e-08,e,2.5,o,3.5,-4.73,157000.0,0.001
8.86488e-08,e,3.5,o,2.5,-2.73,16200000.0,0.043
8.86531e-08,e,3.5,o,3.5,-4.19,545000.0,0.003
8.86745e-08,e,4.5,o,3.5,-5.16,58900.0,-0.001
8.86765e-08,e,2.5,o,2.5,-2.68,17600000.0,0.092
8.86992e-08,e,3.5,o,3.5,-4.38,351000.0,0.005
8.87146e-08,e,2.5,o,3.5,-4.27,461000.0,0.001
8.872920000000001e-08,e,3.5,o,2.5,-3.58,2220000.0,-0.004
8.87337e-08,e,3.5,o,4.5,-3.83,1250000.0,0.047
8.875890000000002e-08,e,2.5,o,1.5,-2.81,12900000.0,-0.033
8.87849e-08,e,3.5,o,3.5,-4.15,597000.0,0.055
8.879280000000001e-08,e,4.5,o,5.5,-3.58,2230000.0,0.011
8.87961e-08,e,2.5,o,2.5,-3.95,957000.0,0.008
8.884710000000001e-08,e,3.5,o,4.5,-4.77,143000.0,0.012
8.887550000000001e-08,e,1.5,o,1.5,-2.67,17800000.0,-0.037
8.88976e-08,e,1.5,o,1.5,-2.7,16800000.0,0.026
8.891609999999999e-08,e,2.5,o,2.5,-3.29,4410000.0,0.035
8.895e-08,e,3.5,o,3.5,-5.28,44100.0,0.001
8.897070000000001e-08,e,3.5,o,2.5,-3.43,3120000.0,0.102
8.898590000000001e-08,e,2.5,o,1.5,-3.31,4210000.0,-0.012
8.90882e-08,e,2.5,o,3.5,-3.4,3300000.0,0.009
8.90886e-08,e,3.5,o,2.5,-5.65,18800.0,0.0
8.91532e-08,e,3.5,o,2.5,-4.1,664000.0,0.031
8.917340000000001e-08,e,3.5,o,3.5,-2.46,29000000.0,0.341
8.92822e-08,e,3.5,o,4.5,-4.11,645000.0,0.005
8.92859e-08,e,2.5,o,3.5,-5.57,22500.0,-0.001
8.92917e-08,e,3.5,o,4.5,-3.52,2510000.0,-0.007
8.945220000000001e-08,e,3.5,o,4.5,-2.68,17500000.0,0.087
8.94622e-08,e,3.5,o,3.5,-3.55,2340000.0,-0.058
8.94736e-08,e,2.5,o,3.5,-3.47,2830000.0,0.041
8.94867e-08,e,5.5,o,4.5,-2.14,60000000.0,-0.237
8.94981e-08,e,2.5,o,3.5,-3.88,1090000.0,-0.005
8.955080000000001e-08,e,2.5,o,3.5,-4.75,148000.0,0.002
8.956060000000001e-08,e,2.5,o,1.5,-2.55,23500000.0,0.252
8.963650000000001e-08,e,2.5,o,2.5,-4.81,129000.0,-0.001
8.96912e-08,e,2.5,o,2.5,-5.43,30700.0,0.0
8.97088e-08,e,2.5,o,2.5,-3.32,3910000.0,0.008
8.97168e-08,e,3.5,o,3.5,-5.7,16800.0,0.0
8.973950000000001e-08,e,3.5,o,4.5,-2.56,23000000.0,-0.244
8.97399e-08,e,1.5,o,2.5,-5.35,36600.0,0.003
8.97465e-08,e,2.5,o,3.5,-4.17,561000.0,0.016
8.97605e-08,e,2.5,o,2.5,-2.52,25100000.0,-0.206
8.98279e-08,e,1.5,o,2.5,-3.12,6260000.0,-0.025
8.98372e-08,e,3.5,o,2.5,-3.63,1960000.0,0.045
8.98616e-08,e,1.5,o,1.5,-2.84,11900000.0,-0.036
8.986950000000001e-08,e,2.5,o,1.5,-5.42,32100.0,0.0
8.988220000000001e-08,e,1.5,o,0.5,-2.94,9340000.0,0.041
8.99022e-08,e,3.5,o,3.5,-5.74,15200.0,0.0
8.99365e-08,e,2.5,o,2.5,-2.39,33300000.0,0.328
8.99449e-08,e,1.5,o,2.5,-4.58,219000.0,-0.003
8.99804e-08,e,3.5,o,2.5,-4.25,469000.0,-0.002
8.99871e-08,e,1.5,o,2.5,-1.9,105000000.0,-0.114
9.0043e-08,e,2.5,o,1.5,-3.46,2880000.0,0.066
9.010620000000001e-08,e,1.5,o,2.5,-4.82,124000.0,0.001
9.01435e-08,e,2.5,o,3.5,-2.29,41900000.0,0.254
9.01437e-08,e,6.5,o,5.5,-5.06,71100.0,-0.002
9.01722e-08,e,2.5,o,1.5,-3.32,3970000.0,0.086
9.01812e-08,e,3.5,o,2.5,-5.45,29100.0,0.008
9.02019e-08,e,5.5,o,5.5,-5.39,32800.0,0.036
9.02874e-08,e,2.5,o,1.5,-4.06,716000.0,-0.008
9.03268e-08,e,0.5,o,1.5,-2.38,33900000.0,-0.075
9.04387e-08,e,2.5,o,3.5,-2.97,8640000.0,-0.106
9.04411e-08,e,1.5,o,0.5,-5.51,25500.0,0.0
9.048410000000001e-08,e,4.5,o,4.5,-3.01,7940000.0,0.051
9.04932e-08,e,2.5,o,3.5,-5.29,42500.0,0.0
9.050030000000001e-08,e,4.5,o,3.5,-3.51,2560000.0,-0.011
9.055920000000001e-08,e,1.5,o,2.5,-2.32,39200000.0,0.243
9.06125e-08,e,3.5,o,3.5,-2.26,44500000.0,0.223
9.06246e-08,e,2.5,o,2.5,-2.8,13000000.0,0.095
9.06366e-08,e,3.5,o,4.5,-3.69,1660000.0,0.006
9.066720000000001e-08,e,1.5,o,1.5,-2.41,31400000.0,0.171
9.067190000000001e-08,e,2.5,o,3.5,-4.65,184000.0,-0.007
9.06957e-08,e,5.5,o,4.5,-1.71,160000000.0,0.363
9.07561e-08,e,2.5,o,1.5,-4.42,305000.0,0.001
9.07745e-08,e,3.5,o,3.5,-5.7,16500.0,0.0
9.07967e-08,e,2.5,o,2.5,-4.87,111000.0,-0.001
9.07999e-08,e,0.5,o,0.5,-3.44,2940000.0,0.028
9.08029e-08,e,3.5,o,2.5,-3.78,1330000.0,0.087
9.082190000000001e-08,e,2.5,o,2.5,-2.47,27200000.0,0.159
9.087690000000001e-08,e,3.5,o,4.5,-3.39,3280000.0,-0.012
9.0878e-08,e,1.5,o,1.5,-2.66,17300000.0,-0.04
9.08938e-08,e,5.5,o,4.5,-4.44,294000.0,-0.022
9.089930000000002e-08,e,4.5,o,4.5,-2.66,17600000.0,0.059
9.09496e-08,e,2.5,o,1.5,-4.98,85100.0,0.0
9.098310000000001e-08,e,2.5,o,2.5,-4.9,104000.0,-0.001
9.09955e-08,e,2.5,o,3.5,-4.68,164000.0,0.0
9.10278e-08,e,0.5,o,1.5,-2.07,68200000.0,0.24
9.10309e-08,e,3.5,o,3.5,-2.82,12300000.0,0.076
9.10729e-08,e,2.5,o,1.5,-3.42,3080000.0,0.036
9.1131e-08,e,2.5,o,1.5,-3.6,2010000.0,-0.011
9.11664e-08,e,1.5,o,0.5,-3.68,1680000.0,-0.019
9.12187e-08,e,4.5,o,5.5,-5.6,20300.0,0.0
9.123740000000001e-08,e,0.5,o,1.5,-2.39,32800000.0,0.115
9.12652e-08,e,0.5,o,1.5,-3.79,1280000.0,0.004
9.13299e-08,e,3.5,o,2.5,-3.54,2350000.0,-0.01
9.13494e-08,e,1.5,o,1.5,-3.9,999000.0,0.006
9.14273e-08,e,3.5,o,4.5,-1.62,192000000.0,0.32
9.145700000000001e-08,e,1.5,o,2.5,-2.13,59700000.0,0.227
9.14906e-08,e,4.5,o,3.5,-2.44,29000000.0,-0.227
9.150910000000001e-08,e,2.5,o,2.5,-1.85,115000000.0,0.152
9.16144e-08,e,2.5,o,3.5,-1.9,99900000.0,0.234
9.16343e-08,e,2.5,o,2.5,-3.83,1170000.0,-0.004
9.16582e-08,e,1.5,o,2.5,-5.31,38800.0,0.0
9.171150000000001e-08,e,1.5,o,1.5,-2.83,12000000.0,0.049
9.17148e-08,e,4.5,o,3.5,-3.15,5720000.0,-0.013
9.18091e-08,e,2.5,o,2.5,-2.86,10800000.0,0.257
9.18576e-08,e,2.5,o,1.5,-3.72,1520000.0,-0.031
9.18728e-08,e,2.5,o,1.5,-3.65,1790000.0,0.009
9.19129e-08,e,3.5,o,3.5,-1.22,481000000.0,0.335
9.191330000000001e-08,e,2.5,o,3.5,-2.2,49900000.0,0.073
9.19263e-08,e,4.5,o,4.5,-3.75,1420000.0,0.011
9.19885e-08,e,3.5,o,4.5,-4.92,95700.0,0.0
9.20421e-08,e,2.5,o,3.5,-4.83,116000.0,-0.001
9.20804e-08,e,0.5,o,1.5,-3.5,2500000.0,0.015
9.2124e-08,e,3.5,o,3.5,-4.89,102000.0,-0.001
9.2124e-08,e,3.5,o,3.5,-5.1,63900.0,-0.001
9.21899e-08,e,3.5,o,4.5,-3.13,5880000.0,0.024
9.21929e-08,e,3.5,o,2.5,-3.87,1050000.0,0.045
9.22265e-08,e,2.5,o,3.5,-3.08,6370000.0,-0.023
9.222680000000001e-08,e,3.5,o,2.5,-2.68,16900000.0,-0.018
9.22572e-08,e,4.5,o,3.5,-1.99,80100000.0,-0.292
9.226520000000001e-08,e,3.5,o,4.5,-2.2,49300000.0,-0.446
9.230700000000001e-08,e,3.5,o,4.5,-1.36,339000000.0,0.324
9.23148e-08,e,3.5,o,2.5,-2.12,59200000.0,0.532
9.23189e-08,e,2.5,o,1.5,-5.09,62500.0,0.001
9.23389e-08,e,1.5,o,1.5,-3.75,1400000.0,0.006
9.23443e-08,e,2.5,o,1.5,-4.72,150000.0,-0.001
9.234450000000001e-08,e,1.5,o,0.5,-3.27,4220000.0,0.058
9.234910000000001e-08,e,3.5,o,3.5,-2.58,20600000.0,0.119
9.23769e-08,e,4.5,o,3.5,-2.75,14100000.0,-0.118
9.23799e-08,e,3.5,o,2.5,-3.75,1390000.0,-0.019
9.240370000000001e-08,e,2.5,o,3.5,-5.23,46300.0,0.0
9.243970000000001e-08,e,3.5,o,3.5,-3.16,5550000.0,0.056
9.2445e-08,e,1.5,o,1.5,-3.03,7090000.0,-0.022
9.24581e-08,e,1.5,o,2.5,-3.05,6840000.0,0.231
9.25313e-08,e,2.5,o,2.5,-2.97,8180000.0,-0.02
9.25346e-08,e,3.5,o,2.5,-2.81,12100000.0,0.04
9.26114e-08,e,0.5,o,0.5,-3.9,980000.0,-0.013
9.26581e-08,e,1.5,o,2.5,-3.54,2230000.0,-0.026
9.26656e-08,e,3.5,o,3.5,-2.79,12700000.0,0.05
9.2689e-08,e,4.5,o,3.5,-1.54,227000000.0,0.358
9.26961e-08,e,3.5,o,2.5,-2.79,12900000.0,-0.062
9.26981e-08,e,1.5,o,0.5,-3.87,1050000.0,-0.007
9.27186e-08,e,0.5,o,0.5,-3.56,2120000.0,0.025
9.273869999999999e-08,e,2.5,o,3.5,-3.75,1380000.0,-0.004
9.28716e-08,e,1.5,o,2.5,-4.61,189000.0,-0.001
9.29329e-08,e,3.5,o,2.5,-2.41,30800000.0,-0.152
9.29689e-08,e,2.5,o,1.5,-3.51,2360000.0,0.013
9.297920000000001e-08,e,2.5,o,2.5,-3.49,2560000.0,0.011
9.3037e-08,e,2.5,o,2.5,-3.23,4670000.0,0.014
9.3054e-08,e,3.5,o,2.5,-3.15,5480000.0,-0.088
9.309690000000001e-08,e,1.5,o,1.5,-3.53,2240000.0,0.016
9.31597e-08,e,2.5,o,3.5,-2.46,26500000.0,-0.252
9.320650000000001e-08,e,1.5,o,2.5,-4.79,125000.0,-0.001
9.32155e-08,e,2.5,o,3.5,-3.94,892000.0,-0.012
9.321950000000001e-08,e,2.5,o,3.5,-3.69,1570000.0,0.007
9.32303e-08,e,2.5,o,2.5,-3.57,2050000.0,0.035
9.32303e-08,e,1.5,o,2.5,-5.79,12500.0,0.0
9.324690000000001e-08,e,2.5,o,2.5,-3.06,6820000.0,-0.109
9.33102e-08,e,2.5,o,3.5,-4.29,388000.0,0.001
9.33495e-08,e,3.5,o,2.5,-2.73,14400000.0,0.077
9.334990000000001e-08,e,2.5,o,2.5,-0.89,999000000.0,0.474
9.34499e-08,e,2.5,o,2.5,-4.29,388000.0,-0.001
9.345270000000001e-08,e,3.5,o,3.5,-2.73,14400000.0,-0.116
9.34842e-08,e,3.5,o,2.5,-4.06,667000.0,-0.021
9.34879e-08,e,1.5,o,0.5,-4.09,604000.0,-0.006
9.35792e-08,e,1.5,o,2.5,-4.15,529000.0,-0.006
9.36478e-08,e,4.5,o,3.5,-3.6,1900000.0,0.019
9.36798e-08,e,2.5,o,1.5,-3.4,3060000.0,-0.033
9.37031e-08,e,2.5,o,1.5,-3.68,1580000.0,0.012
9.37433e-08,e,3.5,o,2.5,-1.99,77200000.0,0.256
9.382160000000001e-08,e,0.5,o,1.5,-3.82,1150000.0,-0.006
9.38996e-08,e,1.5,o,2.5,-2.89,9760000.0,-0.289
9.390499999999999e-08,e,2.5,o,1.5,-4.12,574000.0,-0.008
9.39106e-08,e,1.5,o,1.5,-3.81,1180000.0,0.005
9.393740000000001e-08,e,3.5,o,2.5,-3.76,1330000.0,-0.007
9.40312e-08,e,3.5,o,3.5,-4.98,80200.0,0.0
9.406000000000001e-08,e,2.5,o,2.5,-3.53,2240000.0,-0.016
9.411090000000001e-08,e,2.5,o,2.5,-2.72,14500000.0,-0.106
9.41973e-08,e,2.5,o,1.5,-2.82,11300000.0,0.112
9.42281e-08,e,2.5,o,2.5,-3.42,2900000.0,0.013
9.42885e-08,e,1.5,o,1.5,-2.11,58000000.0,-0.095
9.4313e-08,e,2.5,o,1.5,-1.9,94500000.0,0.298
9.43289e-08,e,3.5,o,3.5,-1.77,127000000.0,0.399
9.43431e-08,e,3.5,o,2.5,-3.23,4390000.0,-0.02
9.439059999999999e-08,e,2.5,o,2.5,-1.2,464000000.0,0.396
9.44552e-08,e,3.5,o,3.5,-1.0,749000000.0,-0.265
9.445560000000001e-08,e,2.5,o,3.5,-1.34,342000000.0,0.431
9.446160000000001e-08,e,1.5,o,2.5,-4.11,591000.0,-0.003
9.45225e-08,e,1.5,o,2.5,-2.49,23700000.0,-0.089
9.454740000000001e-08,e,3.5,o,3.5,-3.97,802000.0,-0.034
9.45841e-08,e,1.5,o,1.5,-3.41,2940000.0,-0.018
9.45934e-08,e,1.5,o,0.5,-3.87,977000.0,-0.007
9.46025e-08,e,2.5,o,1.5,-4.64,172000.0,0.004
9.463400000000001e-08,e,3.5,o,2.5,-4.01,728000.0,0.01
9.47182e-08,e,1.5,o,0.5,-2.01,72900000.0,0.314
9.475170000000001e-08,e,4.5,o,3.5,-2.89,9560000.0,-0.065
9.47616e-08,e,2.5,o,1.5,-2.9,9150000.0,0.071
9.4793e-08,e,1.5,o,2.5,-3.29,3800000.0,0.021
9.481600000000001e-08,e,2.5,o,2.5,-1.57,202000000.0,0.357
9.48735e-08,e,2.5,o,3.5,-2.92,8860000.0,0.021
9.48945e-08,e,1.5,o,1.5,-3.2,4630000.0,-0.076
9.49766e-08,e,0.5,o,1.5,-4.0,737000.0,-0.004
9.499810000000001e-08,e,1.5,o,1.5,-1.82,113000000.0,0.337
9.50447e-08,e,3.5,o,3.5,-2.3,37300000.0,0.19
9.50523e-08,e,3.5,o,3.5,-3.64,1700000.0,0.047
9.50605e-08,e,2.5,o,1.5,-2.63,17300000.0,-0.095
9.511180000000001e-08,e,0.5,o,0.5,-1.99,76000000.0,0.388
9.51949e-08,e,1.5,o,0.5,-3.72,1380000.0,0.037
9.52247e-08,e,3.5,o,4.5,-3.18,4930000.0,-0.082
9.527960000000001e-08,e,2.5,o,1.5,-3.09,5870000.0,0.021
9.538250000000001e-08,e,2.5,o,1.5,-4.67,155000.0,0.003
9.539400000000001e-08,e,0.5,o,1.5,-1.93,86600000.0,-0.414
9.54139e-08,e,1.5,o,1.5,-1.64,166000000.0,0.232
9.541520000000001e-08,e,2.5,o,3.5,-2.24,42200000.0,-0.358
9.54557e-08,e,2.5,o,3.5,-2.34,34000000.0,0.102
9.54584e-08,e,3.5,o,3.5,-1.74,132000000.0,-0.568
9.550839999999999e-08,e,1.5,o,2.5,-1.73,136000000.0,-0.543
9.55265e-08,e,1.5,o,2.5,-2.15,52400000.0,0.152
9.55439e-08,e,2.5,o,2.5,-1.95,82900000.0,-0.137
9.555420000000001e-08,e,2.5,o,3.5,-3.86,1010000.0,-0.008
9.55558e-08,e,3.5,o,4.5,-2.64,16900000.0,-0.176
9.57045e-08,e,3.5,o,3.5,-1.75,131000000.0,-0.334
9.5726e-08,e,1.5,o,0.5,-2.32,35200000.0,-0.101
9.574610000000001e-08,e,1.5,o,1.5,-2.45,26200000.0,-0.117
9.575650000000001e-08,e,1.5,o,1.5,-3.12,5520000.0,-0.025
9.57636e-08,e,2.5,o,1.5,-2.61,18300000.0,-0.09
9.5771e-08,e,6.5,o,6.5,-3.69,1490000.0,-0.002
9.579310000000001e-08,e,3.5,o,2.5,-2.34,33800000.0,-0.1
9.580170000000001e-08,e,3.5,o,2.5,-5.2,45900.0,-0.001
9.58094e-08,e,0.5,o,1.5,-2.45,26400000.0,0.255
9.59147e-08,e,1.5,o,1.5,-2.66,15900000.0,-0.054
9.59264e-08,e,3.5,o,2.5,-3.54,2080000.0,0.121
9.608120000000001e-08,e,2.5,o,2.5,-4.97,77700.0,0.003
9.60838e-08,e,4.5,o,3.5,-2.47,24500000.0,0.08
9.61041e-08,e,2.5,o,2.5,-3.57,1960000.0,-0.028
9.611180000000001e-08,e,5.5,o,5.5,-3.82,1090000.0,-0.006
9.61189e-08,e,3.5,o,2.5,-2.95,8060000.0,-0.097
9.61327e-08,e,4.5,o,4.5,-1.37,308000000.0,0.505
9.613630000000001e-08,e,2.5,o,2.5,-4.88,94800.0,0.005
9.61476e-08,e,2.5,o,3.5,-2.59,18600000.0,-0.326
9.615e-08,e,0.5,o,0.5,-3.43,2650000.0,-0.01
9.615320000000001e-08,e,5.5,o,6.5,-4.34,328000.0,-0.01
9.61587e-08,e,0.5,o,1.5,-2.58,18800000.0,0.079
9.62434e-08,e,1.5,o,0.5,-3.61,1740000.0,0.151
9.62534e-08,e,4.5,o,3.5,-3.84,1060000.0,-0.009
9.62683e-08,e,1.5,o,2.5,-2.56,20200000.0,0.171
9.628869999999999e-08,e,1.5,o,2.5,-3.85,1010000.0,-0.008
9.63338e-08,e,1.5,o,0.5,-2.2,45400000.0,-0.215
9.63387e-08,e,3.5,o,2.5,-2.69,14700000.0,-0.082
9.63425e-08,e,4.5,o,3.5,-1.93,86100000.0,0.039
9.634700000000001e-08,e,1.5,o,2.5,-5.49,23100.0,0.0
9.635240000000001e-08,e,3.5,o,4.5,-2.8,11400000.0,-0.156
9.63688e-08,e,3.5,o,3.5,-1.41,280000000.0,-0.394
9.639790000000001e-08,e,0.5,o,0.5,-2.28,37800000.0,-0.201
9.64039e-08,e,4.5,o,5.5,-4.19,467000.0,-0.008
9.641090000000001e-08,e,3.5,o,3.5,-2.84,10700000.0,-0.034
9.644450000000001e-08,e,3.5,o,2.5,-1.96,80700000.0,0.057
9.65331e-08,e,3.5,o,3.5,-2.82,10700000.0,-0.096
9.657100000000001e-08,e,2.5,o,3.5,-2.16,49100000.0,0.273
9.658010000000001e-08,e,2.5,o,3.5,-2.81,11200000.0,0.034
9.65819e-08,e,3.5,o,4.5,-4.06,628000.0,-0.031
9.66981e-08,e,3.5,o,3.5,-2.22,44000000.0,-0.208
9.67235e-08,e,4.5,o,3.5,-3.67,1560000.0,-0.003
9.67698e-08,e,1.5,o,1.5,-2.52,21800000.0,-0.058
9.67776e-08,e,2.5,o,3.5,-3.36,3140000.0,0.021
9.67877e-08,e,2.5,o,1.5,-2.23,42300000.0,-0.139
9.68068e-08,e,6.5,o,5.5,-2.66,15300000.0,0.098
9.68345e-08,e,0.5,o,1.5,-2.7,14400000.0,0.081
9.68367e-08,e,2.5,o,1.5,-4.46,243000.0,-0.001
9.684020000000001e-08,e,2.5,o,3.5,-3.91,869000.0,0.007
9.68423e-08,e,2.5,o,3.5,-4.09,578000.0,0.003
9.685730000000001e-08,e,1.5,o,1.5,-2.9,8920000.0,-0.13
9.688099999999999e-08,e,3.5,o,2.5,-4.49,228000.0,-0.002
9.68814e-08,e,2.5,o,2.5,-3.87,952000.0,0.002
9.692490000000001e-08,e,0.5,o,1.5,-2.85,9980000.0,0.017
9.70065e-08,e,2.5,o,1.5,-3.18,4710000.0,0.032
9.701960000000001e-08,e,1.5,o,1.5,-2.73,13100000.0,0.037
9.70579e-08,e,2.5,o,1.5,-3.12,5330000.0,-0.116
9.7081e-08,e,3.5,o,4.5,-3.65,1580000.0,-0.005
9.7093e-08,e,5.5,o,4.5,-4.4,284000.0,0.002
9.7098e-08,e,2.5,o,2.5,-3.61,1750000.0,-0.004
9.7122e-08,e,3.5,o,2.5,-3.76,1250000.0,-0.007
9.71973e-08,e,5.5,o,5.5,-3.32,3320000.0,-0.022
9.72117e-08,e,2.5,o,1.5,-3.14,5180000.0,0.042
9.724700000000001e-08,e,2.5,o,2.5,-2.4,28000000.0,-0.145
9.72536e-08,e,2.5,o,1.5,-3.49,2220000.0,0.016
9.73285e-08,e,3.5,o,2.5,-3.28,3710000.0,-0.015
9.736230000000001e-08,e,2.5,o,1.5,-3.28,3670000.0,0.08
9.739120000000001e-08,e,4.5,o,4.5,-3.56,1950000.0,-0.028
9.739360000000001e-08,e,1.5,o,1.5,-4.09,557000.0,-0.022
9.74091e-08,e,2.5,o,2.5,-2.54,20800000.0,-0.178
9.74347e-08,e,3.5,o,2.5,-2.84,10100000.0,-0.17
9.74721e-08,e,2.5,o,2.5,-3.24,4040000.0,-0.016
9.747310000000001e-08,e,2.5,o,3.5,-2.95,7880000.0,0.042
9.749610000000001e-08,e,4.5,o,5.5,-5.13,51100.0,0.0
9.75029e-08,e,2.5,o,3.5,-2.12,53600000.0,0.24
9.75154e-08,e,0.5,o,1.5,-5.69,14200.0,0.0
9.76064e-08,e,3.5,o,3.5,-1.75,126000000.0,-0.272
9.76068e-08,e,2.5,o,3.5,-3.21,4350000.0,0.07
9.76078e-08,e,1.5,o,2.5,-3.33,3330000.0,0.012
9.76115e-08,e,1.5,o,1.5,-4.82,107000.0,0.004
9.76423e-08,e,2.5,o,1.5,-2.71,13600000.0,-0.107
9.77088e-08,e,3.5,o,4.5,-3.05,6180000.0,-0.017
9.77314e-08,e,1.5,o,1.5,-2.74,12800000.0,0.07
9.77476e-08,e,2.5,o,2.5,-4.0,696000.0,-0.008
9.77833e-08,e,4.5,o,5.5,-4.88,93500.0,0.001
9.778350000000001e-08,e,1.5,o,1.5,-2.87,9420000.0,-0.138
9.77966e-08,e,5.5,o,4.5,-2.16,47200000.0,-0.176
9.780940000000001e-08,e,2.5,o,1.5,-3.27,3750000.0,-0.012
9.781900000000001e-08,e,2.5,o,3.5,-3.61,1680000.0,0.016
9.78842e-08,e,2.5,o,2.5,-4.06,605000.0,0.004
9.78997e-08,e,3.5,o,3.5,-2.47,23500000.0,0.131
9.79508e-08,e,3.5,o,2.5,-4.72,133000.0,0.01
9.79755e-08,e,1.5,o,2.5,-3.12,5310000.0,0.045
9.799890000000001e-08,e,1.5,o,2.5,-4.16,479000.0,0.021
9.806230000000001e-08,e,1.5,o,2.5,-4.46,248000.0,0.002
9.80807e-08,e,2.5,o,2.5,-5.87,9580.0,0.0
9.808680000000001e-08,e,3.5,o,2.5,-3.02,6580000.0,0.008
9.80928e-08,e,3.5,o,4.5,-3.21,4320000.0,0.194
9.80991e-08,e,4.5,o,4.5,-2.7,13700000.0,-0.027
9.81366e-08,e,4.5,o,3.5,-3.98,738000.0,0.006
9.81505e-08,e,0.5,o,1.5,-2.63,16300000.0,-0.109
9.81637e-08,e,2.5,o,1.5,-3.68,1440000.0,0.016
9.817830000000001e-08,e,2.5,o,1.5,-3.67,1490000.0,0.014
9.8186e-08,e,3.5,o,3.5,-1.9,88700000.0,0.132
9.82031e-08,e,0.5,o,1.5,-3.95,778000.0,0.018
9.82039e-08,e,1.5,o,2.5,-2.9,8780000.0,0.027
9.821820000000001e-08,e,3.5,o,3.5,-2.71,13400000.0,0.098
9.822569999999999e-08,e,4.5,o,3.5,-1.85,98000000.0,-0.134
9.82771e-08,e,5.5,o,4.5,-2.67,14400000.0,0.126
9.83013e-08,e,3.5,o,4.5,-3.45,2460000.0,-0.008
9.83336e-08,e,2.5,o,1.5,-2.65,15600000.0,-0.138
9.83433e-08,e,3.5,o,2.5,-2.45,25100000.0,0.226
9.835180000000001e-08,e,3.5,o,2.5,-3.55,1950000.0,-0.017
9.83522e-08,e,2.5,o,2.5,-2.38,28900000.0,0.239
9.83872e-08,e,3.5,o,2.5,-3.39,2810000.0,0.014
9.842140000000001e-08,e,3.5,o,4.5,-3.5,2180000.0,0.022
9.844460000000001e-08,e,0.5,o,0.5,-1.72,133000000.0,-0.31
9.84656e-08,e,1.5,o,2.5,-3.92,819000.0,-0.032
9.84752e-08,e,1.5,o,0.5,-4.19,446000.0,0.017
9.84899e-08,e,0.5,o,1.5,-5.03,63400.0,-0.001
9.84969e-08,e,4.5,o,3.5,-1.95,76000000.0,-0.068
9.854890000000001e-08,e,3.5,o,3.5,-3.36,3000000.0,0.015
9.858260000000001e-08,e,4.5,o,4.5,-4.03,633000.0,0.001
9.85879e-08,e,1.5,o,1.5,-3.42,2640000.0,-0.03
9.86234e-08,e,3.5,o,4.5,-2.92,8280000.0,0.061
9.869790000000001e-08,e,3.5,o,2.5,-2.39,27900000.0,0.116
9.87005e-08,e,2.5,o,3.5,-3.47,2280000.0,0.014
9.87375e-08,e,4.5,o,3.5,-3.13,5210000.0,0.014
9.87807e-08,e,2.5,o,2.5,-2.39,27900000.0,0.139
9.87991e-08,e,4.5,o,4.5,-3.31,3400000.0,-0.033
9.88093e-08,e,3.5,o,3.5,-4.09,568000.0,-0.013
9.88218e-08,e,3.5,o,3.5,-4.17,454000.0,-0.001
9.88361e-08,e,3.5,o,2.5,-3.26,3800000.0,0.006
9.89007e-08,e,0.5,o,0.5,-3.77,1150000.0,0.072
9.89038e-08,e,3.5,o,2.5,-5.02,66300.0,-0.001
9.89071e-08,e,4.5,o,5.5,-3.85,948000.0,-0.001
9.890810000000001e-08,e,3.5,o,4.5,-4.18,445000.0,0.001
9.90702e-08,e,2.5,o,3.5,-2.66,15100000.0,-0.199
9.90882e-08,e,3.5,o,2.5,-1.9,84100000.0,-0.273
9.910320000000001e-08,e,1.5,o,0.5,-3.67,1450000.0,0.01
9.91048e-08,e,2.5,o,3.5,-3.05,6080000.0,-0.012
9.91226e-08,e,2.5,o,2.5,-3.34,3110000.0,0.065
9.912500000000001e-08,e,3.5,o,3.5,-1.21,421000000.0,0.417
9.91496e-08,e,4.5,o,3.5,-2.21,41800000.0,-0.103
9.92005e-08,e,1.5,o,1.5,-2.84,9610000.0,0.022
9.926300000000001e-08,e,2.5,o,2.5,-3.86,911000.0,0.028
9.92742e-08,e,3.5,o,4.5,-5.38,28100.0,0.0
9.939650000000001e-08,e,2.5,o,3.5,-4.49,218000.0,0.002
9.94088e-08,e,1.5,o,2.5,-3.14,4790000.0,0.022
9.947480000000001e-08,e,1.5,o,2.5,-2.2,41700000.0,0.084
9.94788e-08,e,3.5,o,3.5,-3.7,1340000.0,0.002
9.95075e-08,e,4.5,o,3.5,-2.94,7650000.0,0.012
9.951150000000001e-08,e,1.5,o,0.5,-2.08,54800000.0,-0.104
9.952770000000001e-08,e,4.5,o,4.5,-1.2,427000000.0,0.23
9.95696e-08,e,2.5,o,2.5,-2.2,42700000.0,0.103
9.96125e-08,e,2.5,o,1.5,-3.79,1090000.0,-0.005
9.96222e-08,e,1.5,o,2.5,-3.21,4170000.0,-0.014
9.965810000000001e-08,e,4.5,o,3.5,-0.99,692000000.0,0.238
9.966440000000001e-08,e,3.5,o,2.5,-3.17,4550000.0,-0.012
9.976710000000001e-08,e,2.5,o,2.5,-2.0,67400000.0,0.265
9.97997e-08,e,2.5,o,1.5,-2.31,32600000.0,-0.059
9.98036e-08,e,2.5,o,3.5,-1.83,102000000.0,0.446
9.98131e-08,e,0.5,o,1.5,-3.35,2980000.0,0.011
9.983920000000001e-08,e,3.5,o,3.5,-3.13,4940000.0,0.004
9.98396e-08,e,2.5,o,2.5,-2.96,7510000.0,-0.041
9.98795e-08,e,1.5,o,2.5,-4.35,299000.0,0.006
9.98993e-08,e,2.5,o,3.5,-4.11,521000.0,-0.038
9.99005e-08,e,3.5,o,3.5,-2.6,16800000.0,0.021
9.990090000000001e-08,e,2.5,o,3.5,-3.75,1190000.0,-0.007
9.99071e-08,e,3.5,o,2.5,-2.53,19500000.0,-0.034
9.99372e-08,e,4.5,o,3.5,-1.77,113000000.0,0.086
9.99918e-08,e,2.5,o,2.5,-3.68,1390000.0,0.011
1.0000990000000001e-07,e,3.5,o,4.5,-1.9,83100000.0,-0.163
1.000254e-07,e,4.5,o,4.5,-2.34,29900000.0,-0.029
1.001415e-07,e,3.5,o,3.5,-2.44,23900000.0,-0.036
1.0022150000000001e-07,e,1.5,o,1.5,-2.86,9010000.0,-0.021
1.0024650000000001e-07,e,5.5,o,4.5,-2.85,9510000.0,-0.55
1.002485e-07,e,3.5,o,2.5,-1.49,218000000.0,-0.324
1.002547e-07,e,1.5,o,2.5,-2.46,23100000.0,-0.453
1.0025700000000001e-07,e,6.5,o,5.5,-2.73,12200000.0,-0.024
1.002811e-07,e,2.5,o,2.5,-1.59,169000000.0,-0.217
1.003001e-07,e,1.5,o,2.5,-3.16,4520000.0,-0.016
1.003334e-07,e,1.5,o,2.5,-2.33,31000000.0,-0.108
1.003976e-07,e,3.5,o,3.5,-4.68,141000.0,0.006
1.003991e-07,e,3.5,o,4.5,-3.86,909000.0,-0.004
1.0042340000000001e-07,e,3.5,o,3.5,-1.59,170000000.0,0.115
1.00472e-07,e,2.5,o,3.5,-3.73,1220000.0,0.011
1.005124e-07,e,3.5,o,4.5,-3.99,671000.0,0.004
1.005742e-07,e,2.5,o,1.5,-2.03,62300000.0,-0.184
1.0059360000000001e-07,e,1.5,o,1.5,-3.44,2380000.0,0.012
1.0060920000000001e-07,e,4.5,o,3.5,-1.25,372000000.0,0.229
1.00671e-07,e,3.5,o,2.5,-3.85,926000.0,-0.002
1.0067140000000001e-07,e,2.5,o,2.5,-2.92,7940000.0,0.014
1.0067580000000001e-07,e,5.5,o,5.5,-5.16,45400.0,0.001
1.00686e-07,e,4.5,o,3.5,-3.41,2590000.0,0.019
1.006984e-07,e,3.5,o,2.5,-0.78,1090000000.0,0.552
1.007342e-07,e,1.5,o,0.5,-2.28,34500000.0,-0.083
1.0074980000000001e-07,e,2.5,o,1.5,-1.11,504000000.0,0.609
1.0075580000000001e-07,e,2.5,o,3.5,-1.84,94600000.0,-0.225
1.0075800000000001e-07,e,3.5,o,2.5,-4.83,98000.0,-0.001
1.0080670000000001e-07,e,6.5,o,7.5,-3.18,4290000.0,-0.004
1.008131e-07,e,0.5,o,0.5,-2.85,9270000.0,0.036
1.008216e-07,e,2.5,o,3.5,-3.57,1780000.0,0.046
1.008444e-07,e,2.5,o,2.5,-4.36,288000.0,0.002
1.009121e-07,e,3.5,o,3.5,-2.18,43700000.0,0.234
1.009138e-07,e,0.5,o,1.5,-3.13,4840000.0,0.014
1.009158e-07,e,1.5,o,0.5,-1.43,240000000.0,0.621
1.0094260000000001e-07,e,5.5,o,4.5,-2.5,20600000.0,-0.326
1.009748e-07,e,1.5,o,1.5,-1.31,320000000.0,-0.349
1.0097780000000001e-07,e,4.5,o,3.5,-1.91,80000000.0,0.075
1.0099640000000001e-07,e,4.5,o,5.5,-2.96,7180000.0,-0.009
1.0101670000000001e-07,e,1.5,o,1.5,-1.83,97000000.0,-0.407
1.010327e-07,e,2.5,o,2.5,-1.9,81300000.0,-0.103
1.01077e-07,e,4.5,o,3.5,-3.4,2600000.0,0.038
1.0110190000000001e-07,e,3.5,o,3.5,-1.81,101000000.0,-0.14
1.011591e-07,e,4.5,o,4.5,-3.75,1170000.0,-0.002
1.0120650000000001e-07,e,2.5,o,2.5,-2.43,24500000.0,-0.044
1.012187e-07,e,5.5,o,4.5,-3.14,4650000.0,0.054
1.0126490000000001e-07,e,4.5,o,4.5,-3.35,2940000.0,-0.016
1.013011e-07,e,1.5,o,2.5,-4.71,126000.0,-0.001
1.0138630000000001e-07,e,3.5,o,3.5,-1.94,74400000.0,0.132
1.013867e-07,e,2.5,o,3.5,-4.72,123000.0,0.0
1.013874e-07,e,3.5,o,4.5,-2.08,53900000.0,0.27
1.0138930000000001e-07,e,1.5,o,2.5,-1.73,119000000.0,-0.302
1.014388e-07,e,2.5,o,3.5,-2.94,7520000.0,0.057
1.0146900000000001e-07,e,1.5,o,0.5,-2.4,25800000.0,-0.075
1.014741e-07,e,3.5,o,3.5,-1.56,178000000.0,-0.254
1.014983e-07,e,2.5,o,1.5,-3.52,1960000.0,0.011
1.015039e-07,e,4.5,o,4.5,-1.98,70000000.0,0.075
1.0154270000000001e-07,e,4.5,o,4.5,-3.71,1250000.0,-0.005
1.015443e-07,e,3.5,o,2.5,-2.82,9790000.0,-0.004
1.0156740000000001e-07,e,3.5,o,3.5,-5.43,24000.0,0.0
1.015798e-07,e,3.5,o,4.5,-2.92,8020000.0,-0.099
1.015955e-07,e,4.5,o,3.5,-3.33,2980000.0,-0.011
1.016084e-07,e,3.5,o,4.5,-3.18,4250000.0,0.026
1.016247e-07,e,3.5,o,2.5,-4.53,201000.0,0.002
1.0165510000000001e-07,e,2.5,o,3.5,-4.47,218000.0,0.004
1.01661e-07,e,4.5,o,3.5,-4.06,566000.0,-0.002
1.016699e-07,e,5.5,o,5.5,-2.54,18500000.0,0.057
1.017163e-07,e,5.5,o,6.5,-2.32,31300000.0,-0.502
1.017548e-07,e,3.5,o,2.5,-2.34,29400000.0,0.159
1.0175520000000001e-07,e,2.5,o,2.5,-2.52,19700000.0,0.119
1.01803e-07,e,2.5,o,1.5,-1.28,334000000.0,0.476
1.018135e-07,e,2.5,o,3.5,-2.58,16800000.0,0.145
1.018841e-07,e,2.5,o,2.5,-1.18,424000000.0,0.276
1.018881e-07,e,3.5,o,4.5,-3.92,768000.0,-0.001
1.019705e-07,e,0.5,o,1.5,-2.07,54000000.0,0.134
1.020072e-07,e,3.5,o,3.5,-3.02,6130000.0,-0.013
1.0202000000000001e-07,e,1.5,o,1.5,-1.61,156000000.0,-0.53
1.020756e-07,e,1.5,o,1.5,-3.22,3860000.0,-0.014
1.021572e-07,e,1.5,o,2.5,-1.88,84100000.0,-0.284
1.02187e-07,e,2.5,o,1.5,-3.51,1990000.0,0.002
1.022306e-07,e,2.5,o,1.5,-3.56,1750000.0,-0.036
1.0228460000000001e-07,e,2.5,o,1.5,-2.13,46900000.0,-0.197
1.0231230000000001e-07,e,1.5,o,1.5,-2.43,23500000.0,-0.069
1.023486e-07,e,1.5,o,2.5,-3.05,5680000.0,-0.233
1.023557e-07,e,0.5,o,1.5,-2.89,8170000.0,-0.049
1.02376e-07,e,2.5,o,3.5,-3.22,3900000.0,-0.081
1.0240530000000001e-07,e,3.5,o,2.5,-3.04,5750000.0,0.242
1.0245260000000002e-07,e,0.5,o,0.5,-1.65,139000000.0,-0.156
1.024616e-07,e,1.5,o,1.5,-1.24,364000000.0,0.528
1.0247750000000001e-07,e,2.5,o,2.5,-2.63,15000000.0,-0.14
1.025012e-07,e,0.5,o,0.5,-2.73,11600000.0,0.046
1.0251130000000001e-07,e,4.5,o,5.5,-3.0,6360000.0,0.004
1.025527e-07,e,2.5,o,2.5,-1.85,89500000.0,0.435
1.0256600000000001e-07,e,3.5,o,2.5,-3.04,5840000.0,0.046
1.0260750000000001e-07,e,1.5,o,0.5,-1.61,154000000.0,0.543
1.026281e-07,e,2.5,o,3.5,-5.66,13900.0,0.0
1.026464e-07,e,3.5,o,2.5,-3.1,5040000.0,0.036
1.0265550000000002e-07,e,2.5,o,2.5,-3.32,3020000.0,-0.051
1.0267090000000001e-07,e,4.5,o,3.5,-0.68,1350000000.0,-0.647
1.026975e-07,e,3.5,o,3.5,-3.76,1090000.0,-0.005
1.026979e-07,e,2.5,o,3.5,-1.44,227000000.0,0.173
1.0273030000000001e-07,e,2.5,o,1.5,-2.42,24600000.0,-0.066
1.0276859999999999e-07,e,5.5,o,4.5,-2.47,21700000.0,0.045
1.0278789999999999e-07,e,4.5,o,4.5,-2.77,10700000.0,0.012
1.028182e-07,e,1.5,o,2.5,-1.94,72200000.0,0.22
1.028667e-07,e,3.5,o,2.5,-2.1,49900000.0,0.24
1.0286710000000001e-07,e,2.5,o,2.5,-4.65,140000.0,0.001
1.028854e-07,e,5.5,o,5.5,-1.6,157000000.0,0.285
1.0295940000000001e-07,e,4.5,o,5.5,-2.98,6650000.0,-0.123
1.0305809999999999e-07,e,6.5,o,6.5,-4.06,541000.0,0.014
1.0316659999999999e-07,e,2.5,o,2.5,-5.36,27700.0,-0.002
1.031923e-07,e,1.5,o,1.5,-2.72,12100000.0,0.059
1.031961e-07,e,4.5,o,3.5,-1.99,64600000.0,-0.173
1.0321030000000001e-07,e,3.5,o,3.5,-2.02,59500000.0,-0.358
1.032126e-07,e,2.5,o,1.5,-3.17,4240000.0,0.014
1.0323350000000001e-07,e,5.5,o,5.5,-2.28,32900000.0,-0.057
1.0324100000000002e-07,e,2.5,o,3.5,-1.27,327000000.0,-0.432
1.0326220000000001e-07,e,0.5,o,0.5,-3.65,1410000.0,0.008
1.032658e-07,e,0.5,o,1.5,-3.63,1470000.0,-0.018
1.0327950000000001e-07,e,2.5,o,2.5,-1.88,80500000.0,-0.356
1.032812e-07,e,5.5,o,6.5,-2.44,22400000.0,0.272
1.033021e-07,e,2.5,o,1.5,-2.63,14700000.0,0.095
1.033023e-07,e,3.5,o,4.5,-3.07,5390000.0,0.028
1.0337e-07,e,1.5,o,0.5,-1.39,254000000.0,-0.588
1.0337380000000001e-07,e,2.5,o,2.5,-1.93,73000000.0,-0.157
1.0343740000000001e-07,e,1.5,o,2.5,-1.51,189000000.0,-0.337
1.034974e-07,e,4.5,o,5.5,-2.84,9070000.0,0.04
1.0350080000000001e-07,e,5.5,o,6.5,-4.07,524000.0,-0.002
1.0354290000000001e-07,e,5.5,o,4.5,-2.68,13000000.0,0.221
1.0355719999999999e-07,e,5.5,o,4.5,-0.54,1760000000.0,-0.627
1.035914e-07,e,3.5,o,4.5,-4.01,603000.0,-0.001
1.037145e-07,e,3.5,o,3.5,-2.35,27900000.0,0.069
1.037406e-07,e,4.5,o,3.5,-2.38,26800000.0,-0.153
1.0374480000000001e-07,e,4.5,o,3.5,-2.8,9980000.0,-0.031
1.0375329999999999e-07,e,3.5,o,3.5,-1.92,75900000.0,0.376
1.038059e-07,e,1.5,o,2.5,-4.0,615000.0,-0.01
1.0381980000000001e-07,e,3.5,o,3.5,-1.96,70200000.0,0.101
1.038316e-07,e,3.5,o,4.5,-1.19,394000000.0,0.669
1.038821e-07,e,4.5,o,4.5,-3.14,4480000.0,0.008
1.038888e-07,e,2.5,o,3.5,-1.82,94700000.0,0.612
1.039097e-07,e,2.5,o,1.5,-4.68,131000.0,0.001
1.03961e-07,e,2.5,o,1.5,-1.61,150000000.0,-0.431
1.039849e-07,e,3.5,o,3.5,-1.74,114000000.0,-0.155
1.0400440000000002e-07,e,0.5,o,1.5,-1.32,290000000.0,0.557
1.040077e-07,e,3.5,o,2.5,-1.22,372000000.0,-0.28
1.0400820000000001e-07,e,2.5,o,2.5,-2.87,8390000.0,0.027
1.0406910000000001e-07,e,2.5,o,3.5,-3.26,3410000.0,0.026
1.0408620000000001e-07,e,4.5,o,4.5,-1.54,177000000.0,0.368
1.040961e-07,e,5.5,o,4.5,-1.96,66200000.0,-0.055
1.041261e-07,e,3.5,o,2.5,-1.79,100000000.0,-0.567
1.041356e-07,e,0.5,o,1.5,-2.19,39400000.0,0.131
1.0420100000000001e-07,e,1.5,o,0.5,-2.49,20200000.0,0.701
1.0420609999999999e-07,e,4.5,o,5.5,-4.77,102000.0,0.0
1.042106e-07,e,2.5,o,1.5,-1.97,66600000.0,0.659
1.042259e-07,e,2.5,o,3.5,-3.67,1300000.0,0.009
1.0423009999999999e-07,e,6.5,o,5.5,-1.75,109000000.0,0.682
1.0424159999999999e-07,e,3.5,o,2.5,-3.76,1080000.0,0.004
1.042435e-07,e,3.5,o,4.5,-1.92,73600000.0,-0.061
1.0424530000000001e-07,e,1.5,o,1.5,-2.05,54200000.0,0.48
1.043664e-07,e,5.5,o,4.5,-2.37,25900000.0,-0.029
1.044009e-07,e,2.5,o,1.5,-3.78,1010000.0,-0.056
1.044587e-07,e,2.5,o,1.5,-2.99,6220000.0,0.35
1.044795e-07,e,3.5,o,2.5,-1.24,355000000.0,-0.39
1.0448350000000001e-07,e,2.5,o,2.5,-2.49,19600000.0,0.357
1.044869e-07,e,5.5,o,5.5,-1.29,309000000.0,-0.31
1.044883e-07,e,4.5,o,3.5,-3.49,2000000.0,-0.007
1.045061e-07,e,3.5,o,2.5,-1.74,112000000.0,0.692
1.045148e-07,e,1.5,o,0.5,-2.33,28300000.0,0.08
1.045277e-07,e,0.5,o,0.5,-2.96,6660000.0,-0.758
1.0460630000000002e-07,e,3.5,o,4.5,-5.51,18800.0,0.0
1.046231e-07,e,1.5,o,1.5,-2.29,31200000.0,0.082
1.0463610000000002e-07,e,4.5,o,4.5,-1.15,431000000.0,-0.318
1.0468289999999999e-07,e,5.5,o,5.5,-2.57,16300000.0,0.019
1.0475719999999999e-07,e,4.5,o,5.5,-3.1,4750000.0,0.003
1.047706e-07,e,1.5,o,2.5,-3.81,948000.0,-0.162
1.047712e-07,e,1.5,o,1.5,-2.56,17000000.0,-0.41
1.048309e-07,e,2.5,o,1.5,-2.95,6720000.0,0.044
1.048481e-07,e,2.5,o,3.5,-2.67,13200000.0,-0.016
1.04854e-07,e,3.5,o,3.5,-3.68,1280000.0,0.005
1.048953e-07,e,4.5,o,4.5,-1.16,419000000.0,0.555
1.049166e-07,e,1.5,o,0.5,-2.82,9330000.0,0.097
1.049282e-07,e,1.5,o,2.5,-3.59,1540000.0,-0.012
1.049926e-07,e,0.5,o,0.5,-2.42,23400000.0,0.612
1.0502960000000001e-07,e,4.5,o,5.5,-1.92,72900000.0,-0.102
1.050397e-07,e,3.5,o,2.5,-2.71,11800000.0,0.023
1.0504000000000002e-07,e,4.5,o,3.5,-2.11,46800000.0,-0.038
1.0508850000000001e-07,e,2.5,o,1.5,-1.3,303000000.0,-0.447
1.0510150000000001e-07,e,0.5,o,1.5,-5.0,61300.0,-0.001
1.051136e-07,e,0.5,o,1.5,-2.53,17900000.0,-0.073
1.051336e-07,e,2.5,o,2.5,-1.34,276000000.0,0.576
1.051483e-07,e,3.5,o,3.5,-2.87,8300000.0,0.033
1.0517980000000001e-07,e,5.5,o,4.5,-1.31,290000000.0,-0.192
1.0522490000000001e-07,e,2.5,o,2.5,-2.39,24700000.0,-0.295
1.052778e-07,e,2.5,o,2.5,-4.49,194000.0,0.001
1.0533630000000001e-07,e,2.5,o,2.5,-2.44,21600000.0,-0.253
1.053502e-07,e,4.5,o,3.5,-0.74,1070000000.0,-0.49
1.0540139999999999e-07,e,2.5,o,2.5,-1.7,125000000.0,-0.118
1.054162e-07,e,3.5,o,2.5,-2.66,13100000.0,-0.029
1.0542349999999999e-07,e,3.5,o,4.5,-2.14,43500000.0,-0.276
1.054482e-07,e,4.5,o,4.5,-2.27,31400000.0,-0.031
1.054538e-07,e,4.5,o,4.5,-1.9,75200000.0,0.218
1.0548550000000001e-07,e,4.5,o,4.5,-2.86,8320000.0,-0.01
1.055684e-07,e,1.5,o,2.5,-4.24,351000.0,-0.002
1.0556980000000001e-07,e,3.5,o,3.5,-2.27,32100000.0,-0.042
1.0558969999999999e-07,e,2.5,o,2.5,-3.97,660000.0,0.002
1.056001e-07,e,4.5,o,3.5,-4.31,293000.0,0.0
1.056646e-07,e,2.5,o,3.5,-3.02,5700000.0,0.05
1.057357e-07,e,5.5,o,4.5,-0.72,1120000000.0,0.703
1.0575930000000002e-07,e,1.5,o,1.5,-1.9,74200000.0,-0.152
1.058469e-07,e,1.5,o,2.5,-4.53,176000.0,-0.002
1.058538e-07,e,1.5,o,2.5,-4.08,502000.0,0.014
1.0588309999999999e-07,e,3.5,o,3.5,-1.0,587000000.0,0.532
1.058942e-07,e,3.5,o,2.5,-3.5,1930000.0,0.022
1.059136e-07,e,4.5,o,3.5,-1.5,187000000.0,-0.167
1.059579e-07,e,2.5,o,1.5,-5.14,43400.0,0.0
1.0597180000000001e-07,e,2.5,o,1.5,-3.78,975000.0,0.012
1.0597850000000001e-07,e,2.5,o,3.5,-2.06,51900000.0,-0.498
1.059821e-07,e,3.5,o,4.5,-2.46,20500000.0,-0.081
1.059962e-07,e,2.5,o,3.5,-2.05,52000000.0,0.131
1.060126e-07,e,4.5,o,4.5,-3.57,1550000.0,0.001
1.060272e-07,e,3.5,o,4.5,-2.89,7700000.0,-0.018
1.0603800000000001e-07,e,4.5,o,4.5,-3.31,2950000.0,-0.114
1.06059e-07,e,3.5,o,2.5,-0.95,673000000.0,0.488
1.060972e-07,e,4.5,o,3.5,-0.91,718000000.0,0.455
1.06105e-07,e,2.5,o,2.5,-2.14,42300000.0,-0.158
1.0611060000000001e-07,e,4.5,o,3.5,-2.55,17000000.0,0.037
1.0617380000000001e-07,e,1.5,o,1.5,-3.35,2650000.0,0.023
1.061889e-07,e,3.5,o,2.5,-2.19,38300000.0,-0.042
1.0627159999999999e-07,e,1.5,o,2.5,-2.13,43400000.0,0.234
1.062848e-07,e,2.5,o,2.5,-2.34,27200000.0,0.143
1.0628889999999999e-07,e,3.5,o,4.5,-3.22,3600000.0,-0.037
1.0633040000000001e-07,e,1.5,o,0.5,-2.23,34100000.0,-0.112
1.0634980000000001e-07,e,3.5,o,4.5,-2.43,22300000.0,0.021
1.06376e-07,e,2.5,o,1.5,-2.12,44100000.0,-0.215
1.0647249999999999e-07,e,1.5,o,1.5,-3.89,777000.0,-0.004
1.064941e-07,e,2.5,o,1.5,-3.92,727000.0,-0.006
1.0650719999999999e-07,e,4.5,o,3.5,-1.59,149000000.0,0.093
1.065435e-07,e,1.5,o,1.5,-1.23,342000000.0,-0.386
1.0655070000000001e-07,e,0.5,o,1.5,-2.87,8040000.0,0.104
1.0660940000000001e-07,e,1.5,o,2.5,-2.04,53800000.0,-0.504
1.066377e-07,e,3.5,o,3.5,-3.35,2600000.0,0.002
1.066588e-07,e,3.5,o,3.5,-3.07,5000000.0,0.016
1.0666859999999999e-07,e,4.5,o,3.5,-1.35,260000000.0,-0.084
1.0666880000000002e-07,e,4.5,o,5.5,-2.48,19700000.0,-0.018
1.067344e-07,e,2.5,o,3.5,-3.33,2770000.0,-0.009
1.067912e-07,e,5.5,o,5.5,-1.58,155000000.0,0.329
1.0679780000000002e-07,e,3.5,o,2.5,-1.72,111000000.0,-0.066
1.0683090000000001e-07,e,2.5,o,2.5,-2.49,18900000.0,-0.13
1.0693250000000001e-07,e,3.5,o,2.5,-2.67,12600000.0,0.168
1.0700940000000001e-07,e,1.5,o,1.5,-5.22,35400.0,0.001
1.070338e-07,e,2.5,o,3.5,-2.23,34600000.0,-0.215
1.070518e-07,e,3.5,o,3.5,-2.21,35300000.0,-0.046
1.07083e-07,e,4.5,o,3.5,-0.83,859000000.0,0.505
1.070914e-07,e,5.5,o,4.5,-0.83,870000000.0,0.494
1.071299e-07,e,3.5,o,2.5,-0.55,1650000000.0,-0.5
1.071377e-07,e,2.5,o,1.5,-1.7,116000000.0,-0.213
1.0714929999999999e-07,e,2.5,o,3.5,-2.83,8520000.0,-0.052
1.071494e-07,e,1.5,o,0.5,-2.72,10900000.0,0.044
1.071537e-07,e,1.5,o,1.5,-3.78,966000.0,-0.006
1.0718140000000001e-07,e,1.5,o,2.5,-2.88,7870000.0,0.023
1.0719459999999999e-07,e,3.5,o,4.5,-3.04,5290000.0,0.031
1.072033e-07,e,2.5,o,2.5,-5.15,41400.0,0.0
1.0722760000000002e-07,e,2.5,o,2.5,-1.35,260000000.0,0.31
1.0723260000000001e-07,e,2.5,o,1.5,-1.93,68500000.0,0.522
1.072406e-07,e,3.5,o,2.5,-2.39,24000000.0,0.107
1.0727170000000002e-07,e,1.5,o,0.5,-3.61,1390000.0,0.031
1.0734580000000002e-07,e,3.5,o,3.5,-1.16,402000000.0,0.212
1.0735450000000001e-07,e,4.5,o,3.5,-3.44,2120000.0,-0.029
1.0740019999999999e-07,e,3.5,o,2.5,-2.73,10700000.0,-0.26
1.074022e-07,e,5.5,o,4.5,-1.49,186000000.0,0.468
1.074869e-07,e,2.5,o,1.5,-2.95,6480000.0,-0.431
1.0751720000000001e-07,e,3.5,o,2.5,-2.81,9160000.0,0.156
1.075588e-07,e,4.5,o,3.5,-1.73,107000000.0,0.472
1.0756310000000001e-07,e,2.5,o,1.5,-0.65,1280000000.0,-0.586
1.0756620000000001e-07,e,3.5,o,2.5,-2.99,5920000.0,-0.014
1.0761969999999999e-07,e,2.5,o,2.5,-2.6,14500000.0,0.062
1.0764110000000001e-07,e,2.5,o,1.5,-2.11,44100000.0,0.173
1.076697e-07,e,3.5,o,3.5,-2.61,13900000.0,-0.017
1.076777e-07,e,2.5,o,3.5,-4.18,376000.0,-0.08
1.077136e-07,e,2.5,o,3.5,-2.52,17600000.0,-0.173
1.0776400000000001e-07,e,0.5,o,0.5,-1.96,62700000.0,0.099
1.077647e-07,e,2.5,o,3.5,-3.02,5580000.0,-0.017
1.077721e-07,e,3.5,o,4.5,-1.13,418000000.0,0.622
1.078126e-07,e,1.5,o,1.5,-1.24,327000000.0,0.359
1.0781690000000001e-07,e,3.5,o,3.5,-1.64,132000000.0,-0.71
1.078791e-07,e,0.5,o,1.5,-4.54,164000.0,0.001
1.078857e-07,e,2.5,o,2.5,-0.7,1140000000.0,-0.546
1.079243e-07,e,1.5,o,2.5,-2.24,33100000.0,-0.201
1.079513e-07,e,2.5,o,2.5,-3.86,795000.0,-0.029
1.07986e-07,e,3.5,o,2.5,-2.08,47300000.0,-0.151
1.0802190000000001e-07,e,1.5,o,2.5,-3.51,1750000.0,0.004
1.0808330000000002e-07,e,1.5,o,1.5,-2.29,29100000.0,-0.479
1.0809020000000001e-07,e,1.5,o,1.5,-2.71,11100000.0,0.052
1.0810470000000001e-07,e,2.5,o,1.5,-3.47,1950000.0,-0.05
1.0817750000000002e-07,e,4.5,o,3.5,-0.82,851000000.0,-0.63
1.082147e-07,e,4.5,o,5.5,-2.15,40000000.0,0.066
1.0824970000000002e-07,e,2.5,o,3.5,-2.84,8290000.0,-0.119
1.082773e-07,e,2.5,o,2.5,-1.71,112000000.0,-0.525
1.0832360000000002e-07,e,3.5,o,3.5,-0.89,734000000.0,-0.202
1.083772e-07,e,2.5,o,3.5,-1.6,143000000.0,-0.14
1.083931e-07,e,1.5,o,2.5,-2.45,20200000.0,0.602
1.084349e-07,e,0.5,o,1.5,-2.69,11500000.0,-0.327
1.084416e-07,e,3.5,o,2.5,-1.19,368000000.0,-0.42
1.0844490000000001e-07,e,2.5,o,3.5,-5.67,12000.0,0.0
1.084501e-07,e,3.5,o,3.5,-1.21,347000000.0,-0.097
1.084722e-07,e,1.5,o,0.5,-1.85,81500000.0,0.685
1.085175e-07,e,5.5,o,5.5,-1.43,210000000.0,-0.249
1.0852300000000001e-07,e,4.5,o,4.5,-1.6,143000000.0,-0.075
1.0858230000000002e-07,e,3.5,o,3.5,-1.34,258000000.0,-0.605
1.0862210000000001e-07,e,2.5,o,2.5,-2.0,57300000.0,-0.394
1.0863520000000002e-07,e,3.5,o,4.5,-2.6,13900000.0,0.007
1.086551e-07,e,1.5,o,2.5,-3.48,1870000.0,-0.036
1.0867570000000001e-07,e,2.5,o,3.5,-3.32,2690000.0,0.117
1.087272e-07,e,3.5,o,2.5,-2.4,22900000.0,-0.383
1.0876859999999999e-07,e,2.5,o,1.5,-3.6,1420000.0,0.056
1.0877560000000001e-07,e,2.5,o,3.5,-3.17,3790000.0,0.062
1.0880920000000002e-07,e,4.5,o,5.5,-2.57,15100000.0,-0.009
1.088167e-07,e,6.5,o,5.5,-1.55,157000000.0,-0.598
1.0882090000000001e-07,e,4.5,o,3.5,-0.6,1480000000.0,0.607
1.0882750000000001e-07,e,5.5,o,4.5,-0.67,1200000000.0,-0.365
1.0884210000000001e-07,e,4.5,o,4.5,-2.25,31000000.0,0.054
1.088714e-07,e,3.5,o,4.5,-0.92,690000000.0,-0.707
1.0887850000000002e-07,e,3.5,o,3.5,-1.2,355000000.0,-0.251
1.0888250000000001e-07,e,1.5,o,2.5,-1.94,64900000.0,-0.298
1.0890809999999999e-07,e,3.5,o,3.5,-1.33,273000000.0,-0.711
1.089593e-07,e,3.5,o,2.5,-1.45,201000000.0,-0.183
1.089636e-07,e,2.5,o,1.5,-1.68,117000000.0,0.359
1.08978e-07,e,4.5,o,3.5,-1.26,309000000.0,0.355
1.0907390000000001e-07,e,6.5,o,6.5,-0.27,3030000000.0,-0.799
1.090875e-07,e,0.5,o,1.5,-3.16,3830000.0,0.007
1.090885e-07,e,3.5,o,4.5,-2.51,17500000.0,-0.035
1.090984e-07,e,2.5,o,2.5,-4.41,219000.0,0.003
1.0912059999999999e-07,e,4.5,o,4.5,-1.21,343000000.0,-0.852
1.0912090000000001e-07,e,4.5,o,4.5,-1.22,336000000.0,0.059
1.0914849999999999e-07,e,5.5,o,4.5,-1.0,549000000.0,-0.739
1.0915540000000001e-07,e,0.5,o,1.5,-3.12,4230000.0,-0.037
1.092295e-07,e,2.5,o,2.5,-4.27,300000.0,-0.018
1.0924269999999999e-07,e,2.5,o,2.5,-0.41,2170000000.0,-0.555
1.0926500000000002e-07,e,3.5,o,3.5,-2.82,8360000.0,0.02
1.092655e-07,e,2.5,o,3.5,-3.33,2570000.0,-0.002
1.092715e-07,e,5.5,o,4.5,-1.04,508000000.0,-0.502
1.092759e-07,e,1.5,o,1.5,-1.76,98100000.0,0.307
1.0931030000000001e-07,e,5.5,o,5.5,-0.57,1510000000.0,-0.471
1.093798e-07,e,3.5,o,3.5,-2.68,11700000.0,0.143
1.09411e-07,e,3.5,o,4.5,-3.11,4250000.0,-0.005
1.094194e-07,e,1.5,o,2.5,-1.09,457000000.0,0.589
1.094436e-07,e,4.5,o,4.5,-1.3,274000000.0,-0.161
1.094664e-07,e,3.5,o,2.5,-1.76,97300000.0,0.265
1.094789e-07,e,2.5,o,3.5,-1.45,198000000.0,-0.293
1.094812e-07,e,1.5,o,0.5,-2.15,39100000.0,-0.292
1.0952850000000001e-07,e,0.5,o,1.5,-5.53,16300.0,0.0
1.0953050000000002e-07,e,2.5,o,1.5,-2.7,11100000.0,-0.334
1.095483e-07,e,3.5,o,3.5,-1.74,102000000.0,-0.099
1.095639e-07,e,0.5,o,0.5,-4.21,339000.0,-0.002
1.0956980000000001e-07,e,5.5,o,6.5,-1.12,425000000.0,0.127
1.095721e-07,e,2.5,o,3.5,-1.74,99700000.0,-0.141
1.09581e-07,e,4.5,o,3.5,-0.58,1450000000.0,-0.616
1.095926e-07,e,2.5,o,1.5,-2.21,34900000.0,0.069
1.096152e-07,e,1.5,o,2.5,-2.55,15900000.0,-0.136
1.0963820000000002e-07,e,2.5,o,2.5,-1.89,72400000.0,-0.624
1.096492e-07,e,4.5,o,4.5,-0.72,1060000000.0,-0.267
1.096504e-07,e,2.5,o,3.5,-1.79,90300000.0,-0.189
1.0968830000000001e-07,e,4.5,o,5.5,-1.38,230000000.0,0.058
1.096952e-07,e,0.5,o,0.5,-1.92,65800000.0,-0.168
1.097085e-07,e,3.5,o,2.5,-0.79,936000000.0,0.716
1.0972729999999999e-07,e,4.5,o,3.5,-1.18,370000000.0,-0.426
1.0986150000000001e-07,e,2.5,o,2.5,-2.16,38600000.0,0.192
1.0992590000000001e-07,e,1.5,o,1.5,-0.98,587000000.0,0.741
1.0995480000000001e-07,e,3.5,o,2.5,-4.89,71100.0,-0.002
1.0995519999999999e-07,e,2.5,o,2.5,-1.92,65500000.0,0.154
1.099752e-07,e,5.5,o,6.5,-4.82,83600.0,0.0
1.099972e-07,e,2.5,o,1.5,-1.87,74300000.0,-0.503
1.100076e-07,e,3.5,o,2.5,-4.42,208000.0,-0.003
1.1000940000000001e-07,e,2.5,o,3.5,-1.21,335000000.0,0.746
1.1002270000000002e-07,e,5.5,o,4.5,-1.67,117000000.0,0.244
1.1003070000000001e-07,e,4.5,o,3.5,-0.52,1660000000.0,0.678
1.10052e-07,e,3.5,o,4.5,-1.54,160000000.0,0.064
1.1009190000000001e-07,e,2.5,o,2.5,-1.3,275000000.0,0.634
1.101106e-07,e,2.5,o,2.5,-4.2,344000.0,0.053
1.101307e-07,e,3.5,o,3.5,-0.63,1280000000.0,-0.364
1.1016140000000001e-07,e,2.5,o,1.5,-2.5,17400000.0,0.038
1.10179e-07,e,1.5,o,2.5,-2.66,12200000.0,-0.321
1.102972e-07,e,3.5,o,2.5,-0.9,685000000.0,0.425
1.103213e-07,e,4.5,o,3.5,-1.23,325000000.0,-0.079
1.1032449999999999e-07,e,3.5,o,2.5,-1.72,107000000.0,-0.163
1.1033640000000001e-07,e,4.5,o,5.5,-1.33,257000000.0,-0.654
1.103513e-07,e,4.5,o,3.5,-0.74,995000000.0,0.146
1.1036300000000002e-07,e,5.5,o,4.5,-0.89,706000000.0,-0.207
1.103778e-07,e,2.5,o,3.5,-2.4,22000000.0,-0.27
1.1038009999999999e-07,e,2.5,o,2.5,-1.12,417000000.0,-0.443
1.103894e-07,e,3.5,o,4.5,-1.1,434000000.0,-0.328
1.1041679999999999e-07,e,3.5,o,2.5,-1.19,351000000.0,-0.156
1.104456e-07,e,2.5,o,1.5,-1.33,257000000.0,-0.618
1.105142e-07,e,2.5,o,3.5,-0.84,784000000.0,0.617
1.1052310000000001e-07,e,2.5,o,1.5,-1.63,129000000.0,0.191
1.105388e-07,e,3.5,o,2.5,-4.13,401000.0,0.017
1.105671e-07,e,0.5,o,0.5,-2.08,44600000.0,0.15
1.105972e-07,e,2.5,o,3.5,-2.53,16300000.0,-0.031
1.1062300000000001e-07,e,3.5,o,3.5,-0.05,4900000000.0,-0.728
1.106605e-07,e,2.5,o,2.5,-4.77,92600.0,0.004
1.1072000000000001e-07,e,1.5,o,0.5,-1.95,60600000.0,0.138
1.107291e-07,e,3.5,o,3.5,-1.29,277000000.0,0.079
1.107483e-07,e,4.5,o,4.5,-1.74,99000000.0,0.029
1.107638e-07,e,4.5,o,3.5,-1.11,419000000.0,0.309
1.107723e-07,e,6.5,o,5.5,-0.45,1940000000.0,-0.526
1.107751e-07,e,1.5,o,0.5,-2.49,17700000.0,-0.246
1.1080070000000001e-07,e,5.5,o,4.5,-1.38,224000000.0,0.085
1.1089710000000001e-07,e,1.5,o,2.5,-2.8,8560000.0,-0.107
1.1093130000000002e-07,e,3.5,o,3.5,-1.05,487000000.0,-0.731
1.1096e-07,e,4.5,o,4.5,0.34,11700000000.0,-0.776
1.1098589999999999e-07,e,3.5,o,4.5,-1.67,116000000.0,-0.123
1.109992e-07,e,2.5,o,3.5,-2.57,14700000.0,0.342
1.11059e-07,e,1.5,o,1.5,-2.81,8420000.0,0.044
1.111079e-07,e,2.5,o,1.5,-0.67,1150000000.0,0.438
1.1114449999999999e-07,e,0.5,o,0.5,-1.7,108000000.0,-0.742
1.111538e-07,e,1.5,o,1.5,-0.81,843000000.0,-0.755
1.1115930000000001e-07,e,3.5,o,4.5,-3.38,2270000.0,0.004
1.1117490000000001e-07,e,3.5,o,3.5,-1.72,102000000.0,0.076
1.1118920000000001e-07,e,4.5,o,4.5,-1.15,380000000.0,-0.101
1.112168e-07,e,1.5,o,2.5,-0.75,967000000.0,0.795
1.1122249999999999e-07,e,2.5,o,2.5,-0.68,1130000000.0,-0.688
1.112347e-07,e,3.5,o,4.5,-0.58,1420000000.0,0.804
1.11255e-07,e,1.5,o,1.5,-2.19,34800000.0,0.111
1.112786e-07,e,2.5,o,1.5,-1.85,76700000.0,-0.164
1.112838e-07,e,5.5,o,5.5,-1.86,74600000.0,0.033
1.1131070000000001e-07,e,5.5,o,5.5,-0.71,1060000000.0,0.151
1.1131980000000001e-07,e,3.5,o,4.5,-1.48,176000000.0,-0.068
1.1132090000000002e-07,e,3.5,o,3.5,-0.85,764000000.0,-0.58
1.113405e-07,e,0.5,o,1.5,-4.69,110000.0,0.001
1.1135129999999999e-07,e,2.5,o,1.5,-1.12,410000000.0,0.281
1.1143710000000001e-07,e,4.5,o,4.5,-1.56,147000000.0,-0.089
1.1145150000000001e-07,e,3.5,o,2.5,-0.7,1120000000.0,-0.664
1.114579e-07,e,2.5,o,2.5,-0.02,5190000000.0,-0.749
1.11462e-07,e,3.5,o,3.5,-0.85,762000000.0,0.357
1.1147750000000001e-07,e,4.5,o,5.5,-3.43,2000000.0,0.001
1.1151780000000001e-07,e,4.5,o,3.5,-1.79,86600000.0,-0.275
1.1152570000000001e-07,e,0.5,o,1.5,-1.92,64500000.0,0.083
1.1153430000000001e-07,e,4.5,o,4.5,-0.89,693000000.0,0.224
1.115685e-07,e,3.5,o,2.5,-1.35,239000000.0,0.04
1.1156920000000001e-07,e,0.5,o,1.5,-2.84,7640000.0,0.05
1.1160340000000002e-07,e,3.5,o,4.5,-1.25,300000000.0,0.238
1.1163160000000001e-07,e,4.5,o,4.5,-2.26,29500000.0,-0.075
1.1167570000000001e-07,e,4.5,o,5.5,-3.48,1780000.0,0.003
1.117453e-07,e,1.5,o,1.5,-0.5,1670000000.0,-0.514
1.1175440000000002e-07,e,3.5,o,2.5,-2.48,17700000.0,0.02
1.1175840000000001e-07,e,1.5,o,2.5,-1.99,55400000.0,-0.209
1.117694e-07,e,4.5,o,5.5,-0.89,671000000.0,-0.478
1.1177940000000002e-07,e,3.5,o,2.5,-0.28,2780000000.0,0.436
1.1178230000000002e-07,e,2.5,o,2.5,-2.03,50500000.0,-0.117
1.1178340000000001e-07,e,2.5,o,3.5,-2.39,21300000.0,0.25
1.118069e-07,e,5.5,o,6.5,-4.47,179000.0,0.0
1.118561e-07,e,5.5,o,4.5,-1.48,177000000.0,-0.245
1.1186120000000001e-07,e,1.5,o,2.5,-2.42,20100000.0,0.025
1.1187220000000001e-07,e,3.5,o,3.5,-0.45,1920000000.0,0.55
1.1192940000000002e-07,e,2.5,o,3.5,-1.36,236000000.0,-0.488
1.119375e-07,e,3.5,o,2.5,-2.65,12000000.0,-0.083
1.1204190000000001e-07,e,3.5,o,4.5,-3.69,1080000.0,0.0
1.120508e-07,e,1.5,o,2.5,-2.01,52700000.0,0.597
1.121212e-07,e,0.5,o,1.5,-0.39,2160000000.0,0.811
1.1212349999999999e-07,e,3.5,o,3.5,-1.73,100000000.0,-0.094
1.1212360000000001e-07,e,3.5,o,2.5,-1.33,253000000.0,0.545
1.1213140000000001e-07,e,4.5,o,3.5,-2.72,10200000.0,-0.006
1.121318e-07,e,3.5,o,4.5,-1.53,155000000.0,-0.086
1.1216600000000001e-07,e,4.5,o,4.5,-0.06,4580000000.0,-0.617
1.1216700000000001e-07,e,4.5,o,3.5,-0.22,3190000000.0,-0.742
1.1217149999999999e-07,e,5.5,o,4.5,-0.86,725000000.0,0.566
1.1222690000000001e-07,e,1.5,o,1.5,-0.07,4530000000.0,-0.805
1.122334e-07,e,4.5,o,3.5,-1.95,59700000.0,-0.192
1.1224639999999999e-07,e,1.5,o,2.5,-2.7,10600000.0,-0.167
1.122634e-07,e,2.5,o,3.5,-4.44,190000.0,0.0
1.122822e-07,e,6.5,o,5.5,-1.76,92600000.0,0.079
1.1233530000000001e-07,e,2.5,o,3.5,-0.8,844000000.0,0.52
1.124201e-07,e,3.5,o,2.5,-2.72,10200000.0,-0.007
1.1244770000000001e-07,e,3.5,o,3.5,-0.22,3190000000.0,-0.4
1.124724e-07,e,2.5,o,1.5,-2.28,27800000.0,-0.009
1.1252090000000001e-07,e,2.5,o,1.5,-3.65,1160000.0,0.031
1.125252e-07,e,1.5,o,1.5,-2.43,19900000.0,-0.153
1.125325e-07,e,4.5,o,3.5,-1.15,372000000.0,0.243
1.1253800000000001e-07,e,2.5,o,3.5,-2.21,32500000.0,-0.029
1.1254100000000001e-07,e,1.5,o,2.5,-1.14,383000000.0,0.51
1.1254939999999999e-07,e,2.5,o,1.5,-3.36,2300000.0,0.026
1.125627e-07,e,4.5,o,4.5,-2.15,37000000.0,0.18
1.125696e-07,e,4.5,o,4.5,-2.32,24900000.0,0.019
1.1257260000000002e-07,e,4.5,o,4.5,-1.41,203000000.0,0.085
1.125885e-07,e,4.5,o,3.5,-1.88,68500000.0,0.152
1.126126e-07,e,0.5,o,1.5,-1.67,114000000.0,-0.642
1.126287e-07,e,2.5,o,3.5,-2.19,34200000.0,0.511
1.1263e-07,e,1.5,o,1.5,-1.52,159000000.0,-0.114
1.1264749999999999e-07,e,2.5,o,3.5,-1.59,134000000.0,-0.284
1.1272940000000001e-07,e,4.5,o,3.5,-1.11,403000000.0,-0.327
1.1272980000000001e-07,e,2.5,o,2.5,-0.36,2260000000.0,-0.457
1.1273180000000001e-07,e,2.5,o,2.5,-5.1,41700.0,-0.001
1.1274380000000001e-07,e,3.5,o,3.5,-0.95,589000000.0,0.323
1.127879e-07,e,2.5,o,2.5,-0.74,959000000.0,-0.248
1.128079e-07,e,5.5,o,5.5,-0.7,1040000000.0,-0.219
1.128368e-07,e,2.5,o,2.5,-1.21,323000000.0,0.248
1.128384e-07,e,3.5,o,3.5,-1.22,316000000.0,0.394
1.1285820000000001e-07,e,4.5,o,5.5,-1.03,493000000.0,-0.209
1.128585e-07,e,0.5,o,0.5,-1.88,69400000.0,-0.431
1.128731e-07,e,4.5,o,3.5,-1.28,278000000.0,0.243
1.1288130000000002e-07,e,4.5,o,3.5,0.01,5350000000.0,0.5
1.129012e-07,e,3.5,o,2.5,-0.45,1880000000.0,-0.756
1.1291230000000002e-07,e,3.5,o,4.5,-0.6,1310000000.0,-0.567
1.1294670000000001e-07,e,2.5,o,3.5,-2.11,40600000.0,-0.163
1.129568e-07,e,3.5,o,3.5,-1.81,80800000.0,-0.059
1.1298730000000001e-07,e,1.5,o,0.5,-3.03,4950000.0,0.317
1.1299420000000001e-07,e,3.5,o,4.5,-3.41,2010000.0,0.002
1.1300440000000002e-07,e,2.5,o,1.5,-4.68,110000.0,0.0
1.130281e-07,e,4.5,o,4.5,-0.82,785000000.0,-0.417
1.130867e-07,e,4.5,o,3.5,-3.3,2580000.0,-0.024
1.1313320000000001e-07,e,2.5,o,2.5,-3.53,1550000.0,0.129
1.131629e-07,e,2.5,o,3.5,-2.54,15200000.0,-0.024
1.1317170000000001e-07,e,1.5,o,2.5,-1.96,57100000.0,-0.169
1.1317850000000001e-07,e,4.5,o,3.5,-0.92,627000000.0,0.205
1.131876e-07,e,5.5,o,5.5,0.21,8450000000.0,-0.783
1.1318900000000001e-07,e,1.5,o,1.5,-2.12,39700000.0,0.014
1.131898e-07,e,3.5,o,4.5,-3.49,1690000.0,-0.002
1.1319960000000001e-07,e,4.5,o,4.5,-2.41,19700000.0,-0.052
1.132059e-07,e,3.5,o,3.5,-1.33,244000000.0,-0.225
1.132105e-07,e,4.5,o,5.5,-1.18,348000000.0,0.341
1.132108e-07,e,0.5,o,1.5,-2.73,9710000.0,0.112
1.132528e-07,e,3.5,o,2.5,-0.25,2900000000.0,0.586
1.1325719999999999e-07,e,2.5,o,3.5,-1.88,71200000.0,0.049
1.133404e-07,e,1.5,o,1.5,-1.19,335000000.0,0.579
1.1338510000000001e-07,e,5.5,o,4.5,-1.6,129000000.0,0.121
1.13386e-07,e,1.5,o,2.5,-0.42,1980000000.0,0.805
1.134174e-07,e,3.5,o,2.5,-0.62,1230000000.0,0.524
1.134387e-07,e,2.5,o,1.5,-0.27,2750000000.0,0.736
1.134897e-07,e,3.5,o,2.5,-2.92,6280000.0,-0.006
1.135049e-07,e,4.5,o,5.5,-2.51,15900000.0,0.004
1.1350840000000001e-07,e,1.5,o,1.5,-1.47,176000000.0,0.424
1.135308e-07,e,4.5,o,5.5,-1.94,59200000.0,0.061
1.1358630000000001e-07,e,1.5,o,0.5,-2.02,49200000.0,-0.072
1.135993e-07,e,2.5,o,2.5,-1.23,310000000.0,0.676
1.136077e-07,e,3.5,o,3.5,-1.14,377000000.0,-0.203
1.1362850000000002e-07,e,2.5,o,3.5,-1.01,500000000.0,-0.241
1.1365029999999999e-07,e,3.5,o,4.5,-1.34,238000000.0,-0.13
1.1371980000000002e-07,e,2.5,o,1.5,-2.2,32500000.0,0.063
1.137581e-07,e,1.5,o,2.5,-3.45,1830000.0,0.041
1.137676e-07,e,1.5,o,0.5,-0.51,1570000000.0,0.801
1.137741e-07,e,4.5,o,3.5,-1.42,196000000.0,0.614
1.1379190000000001e-07,e,4.5,o,4.5,-1.9,64900000.0,-0.036
1.138069e-07,e,3.5,o,2.5,-2.4,20400000.0,-0.021
1.1382120000000001e-07,e,6.5,o,5.5,-0.47,1730000000.0,-0.559
1.1386500000000001e-07,e,3.5,o,4.5,-2.89,6600000.0,-0.224
1.1390270000000001e-07,e,1.5,o,2.5,-1.64,118000000.0,0.268
1.139473e-07,e,2.5,o,3.5,-0.89,654000000.0,-0.579
1.139479e-07,e,4.5,o,3.5,-0.94,589000000.0,0.284
1.1402200000000001e-07,e,2.5,o,2.5,-1.61,128000000.0,0.026
1.1403560000000001e-07,e,3.5,o,3.5,-0.81,785000000.0,0.747
1.1406289999999999e-07,e,3.5,o,3.5,-0.95,568000000.0,0.338
1.140856e-07,e,3.5,o,2.5,-0.68,1090000000.0,0.738
1.141231e-07,e,2.5,o,2.5,-1.46,182000000.0,0.404
1.141375e-07,e,3.5,o,4.5,-2.54,14700000.0,-0.005
1.1415560000000001e-07,e,2.5,o,2.5,-1.33,240000000.0,-0.088
1.1422580000000001e-07,e,3.5,o,4.5,-3.53,1500000.0,-0.005
1.14234e-07,e,2.5,o,2.5,-1.13,383000000.0,0.195
1.142396e-07,e,3.5,o,3.5,-0.41,1990000000.0,-0.356
1.1427170000000002e-07,e,3.5,o,2.5,-0.4,2050000000.0,-0.728
1.1431880000000001e-07,e,2.5,o,1.5,-2.3,25900000.0,-0.139
1.1436140000000001e-07,e,5.5,o,5.5,-0.67,1080000000.0,0.728
1.144013e-07,e,3.5,o,3.5,-1.59,128000000.0,-0.61
1.144165e-07,e,4.5,o,3.5,-2.5,16200000.0,0.012
1.1442090000000001e-07,e,4.5,o,3.5,-1.91,62100000.0,0.072
1.144548e-07,e,4.5,o,4.5,-1.49,164000000.0,-0.13
1.144831e-07,e,1.5,o,2.5,-0.64,1170000000.0,0.673
1.145168e-07,e,3.5,o,4.5,-2.95,5660000.0,-0.023
1.145435e-07,e,3.5,o,4.5,-2.33,24200000.0,0.018
1.145664e-07,e,3.5,o,4.5,-2.74,9310000.0,-0.396
1.145773e-07,e,1.5,o,2.5,-1.54,147000000.0,0.151
1.1463130000000002e-07,e,2.5,o,1.5,-4.43,193000.0,0.001
1.1467670000000001e-07,e,5.5,o,4.5,-0.42,1910000000.0,-0.438
1.147018e-07,e,1.5,o,2.5,-5.4,20300.0,0.0
1.147269e-07,e,2.5,o,2.5,-1.45,179000000.0,0.647
1.1475840000000001e-07,e,3.5,o,2.5,-2.83,7370000.0,-0.222
1.147752e-07,e,4.5,o,5.5,-0.78,844000000.0,-0.289
1.1484369999999999e-07,e,0.5,o,1.5,-1.32,245000000.0,-0.363
1.148571e-07,e,3.5,o,3.5,0.22,8290000000.0,-0.735
1.148576e-07,e,2.5,o,3.5,-0.76,874000000.0,0.722
1.1486980000000001e-07,e,3.5,o,3.5,-0.91,626000000.0,-0.265
1.148731e-07,e,4.5,o,3.5,-0.46,1730000000.0,-0.451
1.149048e-07,e,3.5,o,2.5,-3.71,989000.0,0.001
1.1490530000000001e-07,e,2.5,o,2.5,0.14,7010000000.0,-0.813
1.14977e-07,e,1.5,o,1.5,-2.75,9020000.0,0.131
1.1502690000000001e-07,e,4.5,o,3.5,-0.85,725000000.0,0.621
1.150541e-07,e,3.5,o,3.5,-1.3,252000000.0,0.081
1.150586e-07,e,2.5,o,2.5,-1.8,80400000.0,-0.131
1.1508430000000002e-07,e,4.5,o,3.5,-0.7,996000000.0,0.384
1.150865e-07,e,3.5,o,2.5,-2.58,13400000.0,0.115
1.1509280000000001e-07,e,4.5,o,4.5,-0.44,1800000000.0,0.47
1.1509290000000002e-07,e,3.5,o,4.5,-0.49,1620000000.0,-0.457
1.1509770000000001e-07,e,2.5,o,1.5,-1.79,81500000.0,-0.061
1.151175e-07,e,4.5,o,5.5,-2.34,23200000.0,0.025
1.151243e-07,e,3.5,o,3.5,-2.11,39900000.0,-0.396
1.151677e-07,e,4.5,o,4.5,-0.9,627000000.0,0.293
1.1518030000000002e-07,e,2.5,o,1.5,-2.3,26100000.0,-0.039
1.1522159999999999e-07,e,4.5,o,3.5,-0.56,1390000000.0,0.284
1.1523250000000001e-07,e,2.5,o,3.5,-0.43,1880000000.0,0.828
1.152827e-07,e,3.5,o,3.5,-0.52,1520000000.0,-0.603
1.152913e-07,e,3.5,o,2.5,-1.01,495000000.0,-0.513
1.1530340000000002e-07,e,1.5,o,2.5,-2.57,13400000.0,0.231
1.1531520000000001e-07,e,3.5,o,3.5,-0.69,1010000000.0,0.456
1.153521e-07,e,3.5,o,3.5,0.22,8220000000.0,-0.844
1.153521e-07,e,2.5,o,2.5,0.14,6930000000.0,-0.768
1.1535950000000001e-07,e,2.5,o,3.5,-0.3,2510000000.0,0.822
1.15361e-07,e,6.5,o,5.5,-1.01,479000000.0,-0.589
1.1536130000000001e-07,e,3.5,o,2.5,-1.02,473000000.0,0.238
1.1541880000000001e-07,e,2.5,o,1.5,-3.56,1380000.0,0.0
1.154233e-07,e,3.5,o,2.5,-0.56,1360000000.0,-0.562
1.154637e-07,e,3.5,o,4.5,-0.65,1120000000.0,-0.59
1.154906e-07,e,2.5,o,3.5,-2.97,5410000.0,-0.006
1.155367e-07,e,3.5,o,4.5,-0.8,790000000.0,-0.488
1.1554480000000001e-07,e,3.5,o,2.5,-2.29,25700000.0,0.009
1.155474e-07,e,3.5,o,4.5,0.32,10400000000.0,0.85
1.155626e-07,e,2.5,o,2.5,-1.92,60400000.0,-0.167
1.1556790000000001e-07,e,1.5,o,0.5,-1.11,394000000.0,-0.507
1.156473e-07,e,2.5,o,1.5,-0.49,1550000000.0,0.386
1.1566020000000002e-07,e,0.5,o,0.5,-0.89,649000000.0,-0.799
1.1568160000000001e-07,e,3.5,o,2.5,-1.41,195000000.0,-0.536
1.156943e-07,e,6.5,o,5.5,-0.85,698000000.0,0.216
1.157003e-07,e,1.5,o,1.5,-0.77,845000000.0,-0.476
1.157186e-07,e,4.5,o,4.5,-1.18,328000000.0,0.145
1.157231e-07,e,3.5,o,3.5,-0.18,3310000000.0,-0.487
1.1572590000000001e-07,e,2.5,o,1.5,-0.89,648000000.0,-0.455
1.1572950000000002e-07,e,3.5,o,3.5,-1.3,248000000.0,-0.104
1.157338e-07,e,2.5,o,3.5,0.03,5280000000.0,0.812
1.157543e-07,e,6.5,o,6.5,0.55,17700000000.0,-0.816
1.1576690000000001e-07,e,3.5,o,3.5,-1.04,445000000.0,-0.525
1.157902e-07,e,5.5,o,5.5,0.48,15100000000.0,-0.871
1.157927e-07,e,0.5,o,1.5,-0.66,1090000000.0,0.814
1.158001e-07,e,2.5,o,2.5,-1.92,59900000.0,-0.025
1.158206e-07,e,2.5,o,1.5,-1.23,301000000.0,0.716
1.1583810000000001e-07,e,0.5,o,0.5,-1.63,115000000.0,-0.362
1.158416e-07,e,4.5,o,4.5,0.35,11100000000.0,-0.746
1.158453e-07,e,1.5,o,1.5,-0.41,1890000000.0,-0.738
1.158503e-07,e,5.5,o,6.5,-0.58,1310000000.0,0.887
1.1585740000000001e-07,e,1.5,o,1.5,-4.45,177000.0,0.001
1.1585820000000002e-07,e,3.5,o,2.5,-1.22,298000000.0,-0.55
1.1588320000000002e-07,e,4.5,o,3.5,-2.25,27600000.0,-0.023
1.1589490000000001e-07,e,4.5,o,4.5,-0.74,907000000.0,0.189
1.1591600000000002e-07,e,5.5,o,5.5,-1.84,70800000.0,0.112
1.159422e-07,e,2.5,o,3.5,-1.12,382000000.0,0.663
1.159482e-07,e,1.5,o,2.5,-2.16,34000000.0,0.504
1.1597349999999999e-07,e,3.5,o,4.5,-0.51,1530000000.0,0.693
1.159738e-07,e,1.5,o,0.5,-2.31,24600000.0,0.379
1.159763e-07,e,4.5,o,5.5,0.52,16300000000.0,0.9
1.1598560000000001e-07,e,3.5,o,2.5,-1.17,338000000.0,-0.148
1.1601040000000001e-07,e,2.5,o,2.5,-2.69,10300000.0,0.037
1.160735e-07,e,1.5,o,2.5,-0.03,4660000000.0,0.845
1.160993e-07,e,2.5,o,2.5,-0.39,2040000000.0,-0.268
1.1609970000000001e-07,e,3.5,o,3.5,-0.85,692000000.0,0.464
1.161001e-07,e,2.5,o,2.5,-3.14,3640000.0,-0.011
1.161191e-07,e,2.5,o,1.5,-1.28,261000000.0,-0.697
1.161293e-07,e,2.5,o,3.5,-1.25,282000000.0,0.372
1.161529e-07,e,1.5,o,2.5,-0.33,2310000000.0,-0.771
1.1617110000000001e-07,e,2.5,o,3.5,-0.47,1690000000.0,-0.692
1.162187e-07,e,3.5,o,4.5,-1.06,431000000.0,-0.813
1.1630560000000001e-07,e,1.5,o,0.5,-2.88,6500000.0,-0.398
1.163201e-07,e,3.5,o,3.5,0.19,7640000000.0,-0.801
1.1634120000000001e-07,e,4.5,o,5.5,-0.43,1810000000.0,-0.821
1.1637090000000001e-07,e,3.5,o,4.5,-1.57,134000000.0,0.137
1.163819e-07,e,2.5,o,3.5,-1.36,219000000.0,0.495
1.16394e-07,e,4.5,o,5.5,-0.56,1350000000.0,-0.585
1.16409e-07,e,3.5,o,2.5,-3.06,4410000.0,0.15
1.164674e-07,e,3.5,o,2.5,-1.62,120000000.0,-0.038
1.1651320000000002e-07,e,5.5,o,4.5,-1.19,320000000.0,0.329
1.1655730000000002e-07,e,5.5,o,5.5,-0.73,908000000.0,0.152
1.166326e-07,e,1.5,o,1.5,-1.76,86000000.0,-0.255
1.166359e-07,e,2.5,o,3.5,-1.24,285000000.0,0.338
1.167203e-07,e,6.5,o,6.5,-3.17,3320000.0,-0.007
1.167357e-07,e,4.5,o,5.5,0.25,8780000000.0,0.726
1.1675070000000001e-07,e,4.5,o,4.5,0.32,10200000000.0,-0.83
1.167762e-07,e,3.5,o,2.5,-2.15,34500000.0,-0.303
1.168193e-07,e,2.5,o,2.5,-0.95,557000000.0,-0.489
1.168369e-07,e,4.5,o,3.5,-4.15,347000.0,0.0
1.1685250000000001e-07,e,5.5,o,6.5,0.21,7860000000.0,0.498
1.1689780000000001e-07,e,2.5,o,1.5,-1.26,265000000.0,-0.739
1.1699369999999999e-07,e,1.5,o,1.5,-1.28,255000000.0,0.108
1.1700750000000001e-07,e,3.5,o,3.5,-0.28,2570000000.0,-0.782
1.170253e-07,e,2.5,o,3.5,-1.68,102000000.0,-0.515
1.170642e-07,e,4.5,o,4.5,-3.37,2080000.0,0.001
1.170915e-07,e,1.5,o,1.5,-0.9,608000000.0,-0.199
1.171177e-07,e,2.5,o,1.5,-1.7,98300000.0,0.036
1.171202e-07,e,4.5,o,4.5,-1.78,80300000.0,-0.065
1.171315e-07,e,2.5,o,3.5,-1.09,392000000.0,-0.175
1.1718620000000001e-07,e,0.5,o,1.5,-0.43,1820000000.0,0.795
1.171988e-07,e,1.5,o,2.5,-0.54,1420000000.0,0.242
1.1719890000000001e-07,e,1.5,o,0.5,-2.44,17900000.0,-0.15
1.1721469999999999e-07,e,3.5,o,2.5,-1.71,93400000.0,0.086
1.172174e-07,e,5.5,o,4.5,0.3,9720000000.0,0.88
1.17225e-07,e,2.5,o,2.5,-0.16,3350000000.0,0.831
1.1727080000000001e-07,e,6.5,o,5.5,0.02,4910000000.0,0.816
1.172776e-07,e,4.5,o,3.5,-1.04,436000000.0,-0.266
1.172884e-07,e,5.5,o,6.5,-0.21,2970000000.0,-0.691
1.173135e-07,e,1.5,o,2.5,-0.11,3780000000.0,0.534
1.1731510000000001e-07,e,3.5,o,3.5,-0.22,2930000000.0,0.505
1.173271e-07,e,3.5,o,4.5,0.39,11700000000.0,0.903
1.173511e-07,e,0.5,o,1.5,-0.66,1070000000.0,0.792
1.173694e-07,e,5.5,o,5.5,-0.7,947000000.0,0.384
1.1738030000000001e-07,e,3.5,o,2.5,-0.35,2210000000.0,-0.74
1.174433e-07,e,2.5,o,2.5,-1.41,189000000.0,0.696
1.1747100000000001e-07,e,4.5,o,5.5,-1.33,236000000.0,0.63
1.1750190000000001e-07,e,3.5,o,3.5,-2.32,23400000.0,0.008
1.1750630000000001e-07,e,3.5,o,3.5,-0.5,1510000000.0,-0.745
1.175182e-07,e,1.5,o,0.5,-1.0,484000000.0,0.185
1.1753699999999999e-07,e,3.5,o,2.5,0.09,6020000000.0,0.808
1.1759970000000002e-07,e,1.5,o,1.5,-0.33,2250000000.0,0.833
1.1760039999999999e-07,e,3.5,o,2.5,-1.26,268000000.0,0.36
1.1761410000000002e-07,e,3.5,o,2.5,-1.87,65100000.0,0.048
1.1762380000000001e-07,e,3.5,o,2.5,0.11,6290000000.0,0.825
1.176262e-07,e,2.5,o,1.5,-1.88,64400000.0,0.059
1.1762770000000001e-07,e,1.5,o,1.5,-1.37,204000000.0,-0.341
1.176531e-07,e,2.5,o,3.5,0.2,7630000000.0,0.9
1.1769520000000001e-07,e,0.5,o,1.5,-0.71,939000000.0,0.258
1.1770450000000001e-07,e,2.5,o,3.5,0.21,7640000000.0,0.866
1.1771769999999999e-07,e,1.5,o,2.5,-2.46,16600000.0,-0.172
1.177318e-07,e,3.5,o,4.5,0.08,5820000000.0,0.782
1.17755e-07,e,5.5,o,4.5,-1.82,73700000.0,0.024
1.1778810000000001e-07,e,2.5,o,1.5,-0.19,3140000000.0,0.807
1.1779190000000001e-07,e,1.5,o,0.5,-1.66,105000000.0,0.053
1.1786379999999999e-07,e,3.5,o,2.5,-3.1,3830000.0,-0.005
1.178877e-07,e,0.5,o,0.5,-0.48,1620000000.0,-0.823
1.179002e-07,e,1.5,o,1.5,-1.91,59200000.0,0.078
1.179572e-07,e,2.5,o,3.5,-0.15,3410000000.0,0.818
1.180229e-07,e,1.5,o,0.5,-0.4,1880000000.0,0.748
1.180703e-07,e,2.5,o,2.5,-5.24,27800.0,0.0
1.181253e-07,e,1.5,o,0.5,-0.58,1260000000.0,0.82
1.181329e-07,e,3.5,o,2.5,0.07,5690000000.0,0.846
1.181523e-07,e,3.5,o,4.5,-1.92,57500000.0,-0.036
1.182011e-07,e,2.5,o,1.5,-1.16,330000000.0,0.327
1.1820970000000001e-07,e,4.5,o,4.5,-1.0,478000000.0,0.089
1.182444e-07,e,5.5,o,4.5,-3.08,3920000.0,0.206
1.1825350000000001e-07,e,5.5,o,4.5,-1.11,371000000.0,-0.14
1.182552e-07,e,4.5,o,5.5,0.14,6540000000.0,0.551
1.1826020000000001e-07,e,2.5,o,2.5,-0.18,3160000000.0,0.665
1.1827739999999999e-07,e,3.5,o,3.5,-1.23,280000000.0,0.645
1.18278e-07,e,2.5,o,3.5,-2.11,37100000.0,-0.68
1.183002e-07,e,2.5,o,1.5,-4.83,70600.0,0.0
1.1830050000000002e-07,e,4.5,o,3.5,-1.24,274000000.0,0.283
1.1832190000000001e-07,e,4.5,o,3.5,-1.05,424000000.0,-0.384
1.183559e-07,e,4.5,o,5.5,-0.59,1220000000.0,0.368
1.183624e-07,e,2.5,o,3.5,0.15,6710000000.0,0.796
1.1837670000000001e-07,e,2.5,o,1.5,-3.74,869000.0,0.04
1.1840440000000001e-07,e,2.5,o,1.5,-0.14,3410000000.0,0.849
1.1841120000000001e-07,e,1.5,o,2.5,-0.99,487000000.0,-0.519
1.1841279999999999e-07,e,3.5,o,2.5,-1.24,275000000.0,0.199
1.1841340000000001e-07,e,2.5,o,2.5,-1.54,136000000.0,0.232
1.1843710000000001e-07,e,1.5,o,2.5,-0.63,1110000000.0,0.708
1.185307e-07,e,3.5,o,4.5,-0.43,1740000000.0,0.559
1.1857120000000001e-07,e,5.5,o,4.5,-1.62,114000000.0,-0.122
1.1861690000000002e-07,e,5.5,o,5.5,-0.66,1030000000.0,-0.182
1.1864000000000001e-07,e,2.5,o,2.5,-0.53,1370000000.0,-0.293
1.1865820000000001e-07,e,2.5,o,2.5,-2.34,21600000.0,0.457
1.1869200000000001e-07,e,3.5,o,3.5,0.04,5110000000.0,-0.631
1.187381e-07,e,0.5,o,0.5,-0.57,1270000000.0,-0.851
1.18751e-07,e,2.5,o,1.5,-0.29,2420000000.0,0.664
1.1879110000000001e-07,e,3.5,o,3.5,-1.9,59400000.0,-0.041
1.187926e-07,e,1.5,o,1.5,-1.97,50700000.0,-0.015
1.1879790000000001e-07,e,1.5,o,0.5,-0.45,1700000000.0,0.839
1.188039e-07,e,5.5,o,5.5,0.27,8880000000.0,-0.743
1.188484e-07,e,1.5,o,2.5,-0.14,3360000000.0,0.858
1.1885860000000001e-07,e,1.5,o,1.5,-0.46,1650000000.0,-0.841
1.1886710000000001e-07,e,2.5,o,2.5,-2.01,47300000.0,0.034
1.18881e-07,e,3.5,o,4.5,0.2,7440000000.0,0.741
1.1889280000000002e-07,e,1.5,o,0.5,-1.03,439000000.0,0.611
1.188953e-07,e,0.5,o,0.5,-1.99,48500000.0,-0.025
1.189195e-07,e,4.5,o,4.5,-0.95,525000000.0,-0.123
1.1892260000000002e-07,e,5.5,o,6.5,0.21,7520000000.0,0.862
1.1892280000000001e-07,e,1.5,o,1.5,-0.23,2750000000.0,0.843
1.1894010000000001e-07,e,4.5,o,4.5,-1.02,461000000.0,0.758
1.189475e-07,e,5.5,o,4.5,-3.51,1410000.0,-0.021
1.1896550000000001e-07,e,4.5,o,5.5,-0.03,4410000000.0,0.743
1.189728e-07,e,3.5,o,3.5,-2.74,8600000.0,0.003
1.189826e-07,e,1.5,o,2.5,-0.07,3970000000.0,0.807
1.1899120000000001e-07,e,4.5,o,3.5,-1.02,449000000.0,0.08
1.1899340000000001e-07,e,2.5,o,2.5,-0.53,1400000000.0,-0.445
1.1901130000000001e-07,e,4.5,o,3.5,-1.33,220000000.0,-0.212
1.1901910000000001e-07,e,3.5,o,2.5,-0.96,526000000.0,0.714
1.190393e-07,e,2.5,o,3.5,-0.35,2110000000.0,0.887
1.190444e-07,e,3.5,o,4.5,-0.59,1240000000.0,0.622
1.1909330000000001e-07,e,2.5,o,3.5,-0.01,4660000000.0,0.525
1.1909670000000001e-07,e,4.5,o,5.5,0.25,8480000000.0,0.871
1.1915460000000002e-07,e,2.5,o,1.5,-0.95,528000000.0,0.77
1.192283e-07,e,2.5,o,2.5,-0.51,1470000000.0,-0.833
1.1923130000000002e-07,e,3.5,o,2.5,-3.48,1550000.0,0.043
1.192393e-07,e,1.5,o,2.5,-2.17,31900000.0,-0.266
1.1924220000000001e-07,e,4.5,o,5.5,0.5,14700000000.0,0.897
1.1924480000000002e-07,e,2.5,o,1.5,-0.48,1550000000.0,0.774
1.1924490000000001e-07,e,4.5,o,3.5,0.03,5010000000.0,-0.822
1.192542e-07,e,6.5,o,6.5,0.14,6470000000.0,-0.486
1.192843e-07,e,5.5,o,4.5,-0.98,491000000.0,0.482
1.193068e-07,e,3.5,o,2.5,-0.59,1210000000.0,0.232
1.193184e-07,e,0.5,o,0.5,-0.38,1960000000.0,0.895
1.193485e-07,e,0.5,o,1.5,-0.43,1730000000.0,0.831
1.19384e-07,e,0.5,o,1.5,-0.63,1110000000.0,0.623
1.193847e-07,e,3.5,o,3.5,-0.37,2020000000.0,-0.309
1.194279e-07,e,2.5,o,2.5,-0.23,2730000000.0,-0.469
1.194402e-07,e,6.5,o,5.5,-1.03,434000000.0,-0.586
1.194502e-07,e,4.5,o,3.5,-0.57,1270000000.0,0.469
1.194655e-07,e,2.5,o,2.5,-1.68,98400000.0,-0.141
1.19479e-07,e,0.5,o,1.5,-1.24,271000000.0,0.844
1.1948630000000002e-07,e,2.5,o,2.5,-1.62,112000000.0,-0.439
1.194882e-07,e,4.5,o,4.5,0.24,8040000000.0,-0.859
1.195062e-07,e,4.5,o,3.5,-1.0,467000000.0,-0.704
1.195282e-07,e,1.5,o,1.5,-1.71,92700000.0,-0.453
1.195929e-07,e,3.5,o,3.5,-1.76,81400000.0,0.686
1.195978e-07,e,0.5,o,0.5,-2.04,42600000.0,-0.265
1.196043e-07,e,1.5,o,1.5,-4.98,48400.0,-0.016
1.196059e-07,e,3.5,o,2.5,-0.05,4230000000.0,0.884
1.196158e-07,e,2.5,o,1.5,-0.21,2890000000.0,0.879
1.196583e-07,e,2.5,o,3.5,-1.47,160000000.0,0.637
1.196715e-07,e,3.5,o,3.5,0.0,4680000000.0,-0.591
1.196722e-07,e,1.5,o,1.5,-0.26,2590000000.0,-0.596
1.197104e-07,e,4.5,o,3.5,-0.95,527000000.0,0.183
1.197347e-07,e,4.5,o,4.5,-0.65,1050000000.0,0.22
1.197424e-07,e,1.5,o,0.5,-0.38,1970000000.0,0.891
1.19783e-07,e,2.5,o,1.5,-0.54,1310000000.0,-0.775
1.197933e-07,e,2.5,o,3.5,-4.62,112000.0,0.0
1.1980440000000003e-07,e,5.5,o,4.5,-0.7,926000000.0,0.426
1.1981230000000002e-07,e,2.5,o,1.5,-0.37,2010000000.0,0.529
1.198162e-07,e,5.5,o,4.5,-2.77,7930000.0,-0.013
1.198473e-07,e,5.5,o,6.5,0.22,7630000000.0,0.69
1.198575e-07,e,5.5,o,4.5,-1.12,352000000.0,0.192
1.19862e-07,e,1.5,o,2.5,-2.82,7040000.0,0.185
1.198822e-07,e,4.5,o,5.5,0.5,14500000000.0,0.9
1.1988320000000003e-07,e,2.5,o,1.5,-2.8,7360000.0,0.607
1.199284e-07,e,3.5,o,3.5,-0.91,571000000.0,0.195
1.199554e-07,e,1.5,o,1.5,-1.03,437000000.0,-0.174
1.199648e-07,e,3.5,o,4.5,-1.84,67500000.0,0.674
1.199829e-07,e,2.5,o,1.5,-0.12,3530000000.0,0.864
1.199952e-07,e,2.5,o,3.5,0.19,7220000000.0,0.871
1.199954e-07,e,1.5,o,1.5,-0.29,2340000000.0,-0.568
1.199977e-07,e,4.5,o,4.5,-1.13,352000000.0,-0.617
1.200015e-07,e,4.5,o,4.5,-1.01,455000000.0,0.081
1.2003520000000001e-07,e,5.5,o,5.5,-0.1,3660000000.0,-0.33
1.2004430000000002e-07,e,0.5,o,1.5,-1.78,77500000.0,-0.175
1.2005480000000001e-07,e,0.5,o,1.5,-3.06,4050000.0,0.006
1.2010380000000002e-07,e,3.5,o,4.5,-1.46,163000000.0,0.818
1.2010440000000002e-07,e,4.5,o,3.5,-2.61,11300000.0,-0.033
1.2012210000000001e-07,e,6.5,o,7.5,0.64,19900000000.0,0.935
1.201269e-07,e,2.5,o,3.5,-2.96,5100000.0,0.032
1.201491e-07,e,3.5,o,2.5,-0.3,2340000000.0,0.386
1.201741e-07,e,3.5,o,4.5,-1.51,144000000.0,0.082
1.2018730000000002e-07,e,4.5,o,3.5,-0.27,2530000000.0,-0.86
1.2019000000000002e-07,e,1.5,o,1.5,-0.51,1450000000.0,-0.863
1.201923e-07,e,3.5,o,3.5,-1.57,123000000.0,-0.103
1.2021340000000001e-07,e,4.5,o,4.5,-4.32,219000.0,0.0
1.2021510000000001e-07,e,3.5,o,4.5,-0.64,1070000000.0,-0.329
1.2023160000000002e-07,e,4.5,o,3.5,-1.39,188000000.0,-0.43
1.202433e-07,e,4.5,o,4.5,-2.5,14700000.0,-0.004
1.2025870000000002e-07,e,4.5,o,4.5,-1.89,59300000.0,-0.014
1.202937e-07,e,3.5,o,3.5,-2.6,11800000.0,-0.024
1.2030809999999999e-07,e,3.5,o,4.5,-0.58,1220000000.0,0.836
1.203152e-07,e,2.5,o,3.5,-0.26,2510000000.0,-0.797
1.203252e-07,e,1.5,o,2.5,-1.4,184000000.0,0.839
1.203298e-07,e,2.5,o,1.5,-0.51,1450000000.0,-0.813
1.203549e-07,e,3.5,o,4.5,-5.14,33300.0,0.003
1.2037400000000002e-07,e,5.5,o,4.5,-1.41,180000000.0,-0.098
1.2040650000000001e-07,e,4.5,o,3.5,-0.28,2460000000.0,0.377
1.204912e-07,e,4.5,o,5.5,0.13,6150000000.0,0.546
1.2052110000000002e-07,e,3.5,o,3.5,-1.56,129000000.0,0.489
1.205425e-07,e,5.5,o,5.5,-0.42,1760000000.0,0.214
1.205684e-07,e,4.5,o,5.5,-0.46,1600000000.0,0.748
1.205878e-07,e,3.5,o,3.5,-1.11,358000000.0,0.265
1.205935e-07,e,4.5,o,3.5,-0.56,1280000000.0,0.534
1.206252e-07,e,2.5,o,2.5,-0.24,2650000000.0,-0.813
1.2065160000000002e-07,e,1.5,o,2.5,-3.39,1860000.0,0.004
1.206794e-07,e,2.5,o,2.5,-0.92,559000000.0,-0.219
1.20681e-07,e,2.5,o,2.5,-0.13,3350000000.0,-0.856
1.206934e-07,e,3.5,o,4.5,-1.78,76000000.0,-0.015
1.206987e-07,e,3.5,o,2.5,-1.92,55500000.0,0.412
1.2070060000000002e-07,e,3.5,o,3.5,-0.7,930000000.0,-0.71
1.2072190000000002e-07,e,4.5,o,4.5,0.24,8030000000.0,-0.688
1.20733e-07,e,4.5,o,4.5,-0.04,4140000000.0,0.822
1.2074330000000001e-07,e,3.5,o,4.5,-1.63,106000000.0,0.113
1.207524e-07,e,1.5,o,0.5,-0.4,1820000000.0,-0.824
1.207654e-07,e,2.5,o,2.5,-3.52,1400000.0,-0.026
1.2079770000000002e-07,e,2.5,o,1.5,-1.62,112000000.0,-0.118
1.208293e-07,e,3.5,o,4.5,-0.21,2810000000.0,0.8
1.2087e-07,e,3.5,o,2.5,-0.1,3610000000.0,0.744
1.208966e-07,e,1.5,o,2.5,-0.69,916000000.0,-0.219
1.209444e-07,e,5.5,o,5.5,-2.5,14300000.0,-0.001
1.2094659999999998e-07,e,1.5,o,2.5,-2.26,24700000.0,-0.504
1.209943e-07,e,2.5,o,2.5,-1.04,414000000.0,0.072
1.2100809999999999e-07,e,1.5,o,2.5,-1.14,329000000.0,0.757
1.210211e-07,e,2.5,o,1.5,-2.67,9840000.0,-0.232
1.2105630000000003e-07,e,4.5,o,3.5,-0.02,4350000000.0,0.795
1.210772e-07,e,3.5,o,2.5,0.12,6010000000.0,0.889
1.210982e-07,e,3.5,o,2.5,-1.93,55000000.0,0.37
1.2110750000000001e-07,e,4.5,o,4.5,-0.44,1650000000.0,0.861
1.211129e-07,e,3.5,o,3.5,-0.29,2370000000.0,-0.665
1.21138e-07,e,3.5,o,4.5,-0.38,1890000000.0,0.849
1.2120180000000002e-07,e,5.5,o,4.5,-0.04,4110000000.0,0.468
1.212105e-07,e,3.5,o,2.5,-2.14,32700000.0,0.246
1.2123330000000001e-07,e,3.5,o,3.5,-1.9,57100000.0,0.071
1.212578e-07,e,0.5,o,1.5,-0.13,3340000000.0,0.9
1.213068e-07,e,4.5,o,5.5,-1.6,114000000.0,0.052
1.213838e-07,e,2.5,o,3.5,-2.02,43300000.0,-0.766
1.213915e-07,e,2.5,o,2.5,0.16,6550000000.0,-0.884
1.214065e-07,e,1.5,o,1.5,-2.67,9840000.0,0.408
1.214217e-07,e,5.5,o,4.5,-0.86,627000000.0,-0.534
1.214348e-07,e,3.5,o,4.5,0.33,9520000000.0,0.789
1.214401e-07,e,2.5,o,1.5,-1.03,430000000.0,0.786
1.214624e-07,e,2.5,o,2.5,-1.59,116000000.0,-0.78
1.215492e-07,e,4.5,o,3.5,-1.16,310000000.0,0.176
1.215677e-07,e,4.5,o,3.5,-0.04,4150000000.0,0.721
1.215733e-07,e,4.5,o,3.5,-0.46,1610000000.0,0.697
1.215751e-07,e,4.5,o,3.5,-1.1,364000000.0,0.118
1.215801e-07,e,3.5,o,2.5,-5.34,20500.0,0.0
1.2159670000000002e-07,e,2.5,o,3.5,-0.88,599000000.0,0.835
1.21611e-07,e,4.5,o,4.5,-2.04,40900000.0,-0.018
1.2164210000000002e-07,e,0.5,o,0.5,-0.41,1760000000.0,-0.859
1.2164380000000002e-07,e,3.5,o,2.5,-0.63,1050000000.0,0.77
1.216822e-07,e,3.5,o,3.5,-0.35,2060000000.0,0.565
1.217284e-07,e,3.5,o,3.5,-3.39,1820000.0,-0.006
1.217306e-07,e,3.5,o,4.5,0.01,4600000000.0,0.771
1.2178340000000002e-07,e,4.5,o,5.5,0.08,5390000000.0,0.733
1.217962e-07,e,2.5,o,3.5,-0.63,1070000000.0,0.895
1.218472e-07,e,1.5,o,1.5,-0.04,4050000000.0,-0.891
1.218698e-07,e,4.5,o,4.5,-1.08,376000000.0,0.189
1.218739e-07,e,2.5,o,3.5,-2.61,11000000.0,-0.496
1.2188830000000002e-07,e,4.5,o,4.5,-0.64,1020000000.0,-0.179
1.2189069999999999e-07,e,4.5,o,3.5,-1.97,47400000.0,0.644
1.2192829999999998e-07,e,1.5,o,1.5,-2.15,31800000.0,0.445
1.2195730000000001e-07,e,2.5,o,1.5,-1.98,47500000.0,0.473
1.219588e-07,e,3.5,o,3.5,-0.4,1810000000.0,-0.652
1.219909e-07,e,2.5,o,1.5,-1.81,68800000.0,0.497
1.219936e-07,e,5.5,o,4.5,-2.8,7020000.0,-0.012
1.219961e-07,e,3.5,o,2.5,-2.37,19000000.0,0.613
1.220444e-07,e,3.5,o,3.5,-0.46,1550000000.0,-0.414
1.220514e-07,e,0.5,o,1.5,-0.96,488000000.0,-0.524
1.220895e-07,e,2.5,o,3.5,0.21,7200000000.0,0.789
1.2211189999999998e-07,e,4.5,o,3.5,-1.7,91500000.0,0.051
1.221343e-07,e,2.5,o,2.5,0.08,5330000000.0,-0.891
1.2222170000000002e-07,e,3.5,o,3.5,0.08,5500000000.0,-0.834
1.222223e-07,e,3.5,o,3.5,-0.43,1660000000.0,0.862
1.22227e-07,e,1.5,o,2.5,-4.18,297000.0,0.003
1.2225280000000002e-07,e,4.5,o,3.5,-1.03,413000000.0,0.597
1.2225999999999998e-07,e,3.5,o,2.5,-0.89,585000000.0,-0.782
1.222691e-07,e,3.5,o,4.5,0.4,11300000000.0,0.917
1.222778e-07,e,3.5,o,3.5,-0.65,1000000000.0,0.152
1.222847e-07,e,4.5,o,4.5,-0.55,1270000000.0,0.852
1.222953e-07,e,3.5,o,3.5,-0.38,1860000000.0,-0.41
1.222966e-07,e,2.5,o,1.5,-0.61,1100000000.0,-0.816
1.2231800000000002e-07,e,5.5,o,5.5,-0.62,1070000000.0,0.476
1.223185e-07,e,4.5,o,3.5,-0.39,1800000000.0,0.787
1.223216e-07,e,3.5,o,4.5,-0.37,1900000000.0,-0.536
1.223219e-07,e,4.5,o,3.5,-1.85,62300000.0,-0.068
1.223236e-07,e,3.5,o,2.5,-3.54,1300000.0,-0.028
1.2232829999999999e-07,e,2.5,o,2.5,-2.62,10700000.0,0.129
1.2233420000000003e-07,e,3.5,o,2.5,-0.04,4160000000.0,0.851
1.223348e-07,e,2.5,o,2.5,-3.87,616000.0,-0.001
1.2235930000000002e-07,e,4.5,o,5.5,-0.97,481000000.0,0.142
1.223623e-07,e,4.5,o,4.5,-0.36,1960000000.0,-0.733
1.223722e-07,e,6.5,o,5.5,0.16,6440000000.0,0.871
1.223863e-07,e,3.5,o,4.5,0.12,5790000000.0,0.783
1.22405e-07,e,2.5,o,3.5,-1.0,442000000.0,-0.418
1.224127e-07,e,4.5,o,4.5,0.2,7040000000.0,-0.722
1.2243170000000002e-07,e,3.5,o,4.5,0.35,10000000000.0,0.794
1.224795e-07,e,5.5,o,5.5,-1.52,134000000.0,0.128
1.224809e-07,e,3.5,o,4.5,-0.7,889000000.0,0.427
1.224998e-07,e,3.5,o,3.5,-1.88,58800000.0,0.045
1.225639e-07,e,3.5,o,3.5,-1.43,166000000.0,-0.208
1.225827e-07,e,1.5,o,2.5,-0.2,2810000000.0,0.897
1.225935e-07,e,3.5,o,4.5,-0.81,692000000.0,-0.743
1.2262480000000002e-07,e,3.5,o,2.5,-1.15,311000000.0,0.177
1.226371e-07,e,2.5,o,3.5,-0.16,3060000000.0,0.897
1.226536e-07,e,4.5,o,5.5,-0.27,2390000000.0,0.824
1.2265799999999999e-07,e,1.5,o,2.5,0.09,5450000000.0,0.856
1.226788e-07,e,5.5,o,4.5,-1.2,278000000.0,-0.14
1.227184e-07,e,3.5,o,3.5,-0.73,815000000.0,0.388
1.227467e-07,e,5.5,o,5.5,0.06,5080000000.0,0.793
1.227527e-07,e,2.5,o,2.5,-0.89,571000000.0,0.268
1.227886e-07,e,2.5,o,3.5,-1.17,301000000.0,0.27
1.2287460000000002e-07,e,5.5,o,4.5,-5.21,27000.0,0.0
1.229513e-07,e,2.5,o,2.5,-0.6,1110000000.0,0.876
1.229811e-07,e,3.5,o,3.5,-0.85,628000000.0,0.375
1.2299200000000002e-07,e,2.5,o,2.5,-0.43,1650000000.0,-0.72
1.2300560000000001e-07,e,1.5,o,0.5,-0.31,2140000000.0,-0.902
1.2301e-07,e,2.5,o,2.5,-0.49,1420000000.0,0.656
1.230203e-07,e,3.5,o,4.5,-0.28,2300000000.0,0.371
1.2303879999999998e-07,e,4.5,o,4.5,-0.65,983000000.0,0.203
1.230409e-07,e,3.5,o,3.5,-0.75,775000000.0,0.392
1.230821e-07,e,4.5,o,3.5,-1.67,92600000.0,0.066
1.23086e-07,e,3.5,o,2.5,-1.96,47800000.0,0.683
1.230943e-07,e,2.5,o,1.5,-1.4,175000000.0,0.864
1.2312e-07,e,4.5,o,5.5,-2.17,29800000.0,0.008
1.2313950000000002e-07,e,1.5,o,1.5,-0.56,1200000000.0,0.787
1.2314290000000001e-07,e,3.5,o,4.5,-0.48,1460000000.0,0.752
1.2316969999999998e-07,e,2.5,o,3.5,-1.39,177000000.0,0.123
1.2319120000000002e-07,e,2.5,o,1.5,-1.4,174000000.0,0.242
1.2319220000000002e-07,e,6.5,o,7.5,0.63,18800000000.0,0.945
1.232038e-07,e,3.5,o,2.5,-1.01,432000000.0,0.215
1.232615e-07,e,6.5,o,6.5,0.27,8160000000.0,0.925
1.232839e-07,e,5.5,o,4.5,-0.73,809000000.0,-0.578
1.232865e-07,e,3.5,o,2.5,-0.96,486000000.0,-0.771
1.233327e-07,e,3.5,o,2.5,-0.14,3210000000.0,0.781
1.233371e-07,e,6.5,o,5.5,-0.84,634000000.0,0.875
1.2337960000000002e-07,e,2.5,o,3.5,-1.56,120000000.0,0.202
1.234252e-07,e,1.5,o,2.5,-5.08,36200.0,0.001
1.234304e-07,e,5.5,o,4.5,0.02,4520000000.0,0.899
1.2348e-07,e,2.5,o,3.5,-1.09,356000000.0,-0.734
1.2362349999999998e-07,e,3.5,o,3.5,-1.21,270000000.0,0.537
1.2365540000000003e-07,e,3.5,o,4.5,-3.01,4290000.0,0.204
1.236933e-07,e,2.5,o,3.5,0.23,7370000000.0,0.891
1.237501e-07,e,4.5,o,3.5,-0.2,2760000000.0,-0.672
1.237662e-07,e,3.5,o,4.5,-1.37,186000000.0,-0.172
1.237754e-07,e,2.5,o,2.5,-1.12,321000000.0,-0.488
1.2380560000000002e-07,e,0.5,o,1.5,-0.13,3250000000.0,0.904
1.238079e-07,e,4.5,o,4.5,-1.37,185000000.0,0.097
1.238194e-07,e,5.5,o,4.5,-0.07,3720000000.0,0.883
1.2383070000000002e-07,e,1.5,o,0.5,-1.06,366000000.0,0.768
1.2386880000000002e-07,e,3.5,o,2.5,-2.09,35700000.0,0.395
1.2389530000000001e-07,e,5.5,o,6.5,0.16,6260000000.0,0.505
1.239332e-07,e,2.5,o,3.5,0.02,4550000000.0,0.618
1.239389e-07,e,2.5,o,2.5,-2.4,17500000.0,-0.523
1.239514e-07,e,0.5,o,1.5,-0.63,1030000000.0,0.8
1.2397170000000002e-07,e,5.5,o,5.5,0.22,7120000000.0,0.846
1.239947e-07,e,4.5,o,3.5,-0.09,3560000000.0,-0.859
1.2400219999999999e-07,e,1.5,o,2.5,-0.37,1810000000.0,-0.69
1.2407960000000001e-07,e,3.5,o,2.5,-0.32,2070000000.0,-0.565
1.240946e-07,e,2.5,o,3.5,-1.5,140000000.0,0.397
1.240981e-07,e,5.5,o,5.5,-4.9,54400.0,0.0
1.241017e-07,e,4.5,o,4.5,-0.78,716000000.0,0.186
1.241779e-07,e,1.5,o,2.5,0.08,5190000000.0,0.902
1.241892e-07,e,4.5,o,5.5,-0.76,755000000.0,0.185
1.2419290000000001e-07,e,2.5,o,1.5,-1.95,48800000.0,-0.43
1.242772e-07,e,2.5,o,1.5,-0.47,1470000000.0,-0.87
1.243037e-07,e,4.5,o,3.5,-1.29,219000000.0,-0.083
1.243047e-07,e,4.5,o,4.5,-0.19,2760000000.0,0.392
1.243116e-07,e,4.5,o,3.5,-0.32,2070000000.0,-0.797
1.243617e-07,e,4.5,o,5.5,0.14,6110000000.0,-0.894
1.244422e-07,e,0.5,o,1.5,-2.1,33900000.0,0.009
1.244462e-07,e,3.5,o,2.5,-1.73,81100000.0,-0.713
1.244581e-07,e,4.5,o,5.5,0.05,4870000000.0,0.442
1.244636e-07,e,3.5,o,3.5,-4.35,191000.0,0.0
1.244964e-07,e,3.5,o,3.5,-0.63,1020000000.0,-0.202
1.245062e-07,e,4.5,o,3.5,-0.93,504000000.0,0.138
1.245101e-07,e,3.5,o,3.5,-0.51,1340000000.0,-0.27
1.245153e-07,e,3.5,o,3.5,-1.71,84400000.0,0.598
1.245268e-07,e,0.5,o,1.5,-2.55,12200000.0,0.263
1.2456110000000002e-07,e,4.5,o,4.5,-1.0,423000000.0,0.161
1.245633e-07,e,2.5,o,3.5,0.26,7800000000.0,0.905
1.2458750000000002e-07,e,2.5,o,2.5,-0.41,1660000000.0,-0.299
1.2458820000000001e-07,e,5.5,o,5.5,-3.07,3660000.0,-0.002
1.245927e-07,e,3.5,o,2.5,-0.35,1900000000.0,0.636
1.245988e-07,e,1.5,o,1.5,-3.66,949000.0,0.013
1.246106e-07,e,1.5,o,1.5,-0.54,1240000000.0,-0.705
1.246539e-07,e,2.5,o,2.5,-0.45,1520000000.0,0.546
1.246661e-07,e,5.5,o,4.5,-0.26,2350000000.0,0.514
1.246668e-07,e,3.5,o,3.5,-0.88,574000000.0,0.318
1.246836e-07,e,1.5,o,1.5,-0.24,2490000000.0,-0.649
1.2469849999999998e-07,e,6.5,o,5.5,0.32,8960000000.0,0.921
1.247124e-07,e,3.5,o,4.5,-0.04,3950000000.0,0.627
1.24769e-07,e,4.5,o,4.5,-1.36,190000000.0,-0.537
1.248226e-07,e,3.5,o,4.5,-0.26,2370000000.0,0.318
1.248435e-07,e,1.5,o,0.5,-2.11,33300000.0,0.633
1.248522e-07,e,3.5,o,4.5,-1.31,208000000.0,0.138
1.24853e-07,e,1.5,o,2.5,-1.51,136000000.0,0.563
1.24872e-07,e,2.5,o,2.5,-2.73,8100000.0,-0.031
1.248828e-07,e,2.5,o,2.5,-1.82,66000000.0,0.596
1.248837e-07,e,3.5,o,4.5,-1.69,89000000.0,-0.274
1.249133e-07,e,3.5,o,2.5,-0.49,1390000000.0,-0.9
1.24957e-07,e,2.5,o,2.5,-1.92,51700000.0,-0.301
1.249625e-07,e,5.5,o,4.5,-2.34,19400000.0,-0.016
1.249728e-07,e,4.5,o,5.5,-0.47,1450000000.0,-0.515
1.2497339999999999e-07,e,1.5,o,2.5,-0.29,2220000000.0,-0.899
1.249959e-07,e,1.5,o,2.5,-0.62,1020000000.0,0.663
1.249991e-07,e,2.5,o,3.5,-0.81,646000000.0,-0.272
1.250077e-07,e,2.5,o,3.5,-0.86,596000000.0,0.529
1.250258e-07,e,3.5,o,3.5,-0.15,2990000000.0,-0.852
1.250275e-07,e,3.5,o,2.5,-3.48,1410000.0,0.002
1.250316e-07,e,3.5,o,4.5,0.39,10500000000.0,0.906
1.250463e-07,e,3.5,o,3.5,-0.5,1350000000.0,0.383
1.250888e-07,e,4.5,o,3.5,-1.14,310000000.0,0.123
1.251106e-07,e,0.5,o,0.5,-1.29,218000000.0,-0.103
1.251272e-07,e,2.5,o,1.5,-1.95,48800000.0,-0.099
1.25158e-07,e,4.5,o,4.5,-0.03,3990000000.0,-0.916
1.251734e-07,e,3.5,o,2.5,-1.46,148000000.0,0.112
1.251793e-07,e,2.5,o,3.5,-3.37,1830000.0,-0.002
1.2519110000000002e-07,e,4.5,o,4.5,-0.47,1450000000.0,0.831
1.2520460000000002e-07,e,1.5,o,2.5,-3.94,486000.0,0.004
1.252706e-07,e,3.5,o,4.5,0.32,8950000000.0,0.886
1.252998e-07,e,3.5,o,2.5,-1.98,44300000.0,-0.496
1.253065e-07,e,3.5,o,4.5,0.18,6570000000.0,0.771
1.253067e-07,e,3.5,o,4.5,-1.2,265000000.0,-0.083
1.253067e-07,e,2.5,o,2.5,-0.26,2350000000.0,0.793
1.253089e-07,e,3.5,o,2.5,-3.14,3150000.0,0.109
1.253301e-07,e,1.5,o,1.5,-1.28,223000000.0,0.833
1.253472e-07,e,5.5,o,5.5,-1.02,410000000.0,-0.302
1.253494e-07,e,4.5,o,4.5,-3.54,1230000.0,-0.001
1.2536800000000001e-07,e,1.5,o,2.5,-4.21,262000.0,-0.003
1.253709e-07,e,4.5,o,3.5,-0.56,1190000000.0,-0.573
1.254601e-07,e,3.5,o,3.5,-0.22,2570000000.0,-0.637
1.254867e-07,e,3.5,o,3.5,-1.39,177000000.0,-0.188
1.255271e-07,e,3.5,o,2.5,-0.11,3330000000.0,0.841
1.255293e-07,e,3.5,o,3.5,-0.76,745000000.0,0.849
1.255299e-07,e,2.5,o,3.5,0.24,7420000000.0,0.843
1.255991e-07,e,2.5,o,2.5,-1.16,293000000.0,-0.721
1.256218e-07,e,2.5,o,3.5,-3.6,1080000.0,0.016
1.2565070000000001e-07,e,0.5,o,0.5,-1.94,48800000.0,0.051
1.256725e-07,e,5.5,o,6.5,0.13,5720000000.0,-0.662
1.256782e-07,e,3.5,o,2.5,-3.89,549000.0,-0.004
1.256831e-07,e,3.5,o,4.5,-0.53,1240000000.0,-0.362
1.258104e-07,e,1.5,o,0.5,-2.74,7640000.0,-0.317
1.258446e-07,e,4.5,o,5.5,-1.01,408000000.0,-0.427
1.258702e-07,e,2.5,o,1.5,-0.51,1260000000.0,0.717
1.259168e-07,e,2.5,o,1.5,-0.46,1470000000.0,-0.906
1.259186e-07,e,1.5,o,2.5,-1.23,246000000.0,-0.042
1.2602460000000002e-07,e,4.5,o,5.5,-0.17,2850000000.0,-0.453
1.2605640000000002e-07,e,2.5,o,1.5,-0.52,1260000000.0,-0.809
1.260657e-07,e,2.5,o,3.5,-1.71,81700000.0,-0.273
1.260897e-07,e,3.5,o,2.5,-4.09,350000.0,-0.014
1.261048e-07,e,1.5,o,1.5,-1.88,53200000.0,-0.068
1.2615180000000002e-07,e,2.5,o,3.5,-1.43,156000000.0,0.184
1.262143e-07,e,3.5,o,4.5,-1.49,135000000.0,0.172
1.262199e-07,e,1.5,o,2.5,-1.39,170000000.0,0.651
1.262279e-07,e,3.5,o,3.5,0.19,6410000000.0,-0.879
1.2625670000000001e-07,e,2.5,o,1.5,-2.67,9110000.0,0.465
1.262859e-07,e,3.5,o,2.5,-2.55,11800000.0,-0.008
1.262859e-07,e,4.5,o,3.5,-2.28,21900000.0,0.01
1.264355e-07,e,5.5,o,5.5,-1.05,365000000.0,0.476
1.264995e-07,e,2.5,o,2.5,-2.31,20500000.0,-0.279
1.2651500000000002e-07,e,2.5,o,2.5,-3.46,1420000.0,-0.003
1.2652110000000002e-07,e,2.5,o,2.5,-0.94,478000000.0,-0.278
1.265286e-07,e,2.5,o,1.5,-1.58,110000000.0,-0.279
1.265714e-07,e,6.5,o,6.5,-0.62,992000000.0,0.898
1.266074e-07,e,4.5,o,4.5,-0.81,644000000.0,0.41
1.2664559999999999e-07,e,1.5,o,0.5,-0.6,1050000000.0,-0.911
1.266535e-07,e,1.5,o,1.5,-1.54,121000000.0,0.114
1.266653e-07,e,1.5,o,1.5,-2.17,28500000.0,0.343
1.2667639999999998e-07,e,2.5,o,1.5,-1.51,128000000.0,0.362
1.266862e-07,e,5.5,o,6.5,0.53,14200000000.0,0.884
1.26696e-07,e,2.5,o,1.5,-3.05,3790000.0,0.175
1.267493e-07,e,5.5,o,4.5,-0.79,669000000.0,0.753
1.26752e-07,e,1.5,o,2.5,-2.49,13000000.0,0.049
1.26766e-07,e,3.5,o,2.5,-2.2,26200000.0,-0.081
1.2676669999999998e-07,e,4.5,o,5.5,-1.43,153000000.0,0.065
1.267761e-07,e,0.5,o,1.5,-2.3,21000000.0,0.107
1.268165e-07,e,4.5,o,3.5,-0.47,1410000000.0,0.712
1.268178e-07,e,3.5,o,2.5,-1.64,94500000.0,0.214
1.268253e-07,e,2.5,o,2.5,-0.15,2940000000.0,-0.758
1.268316e-07,e,4.5,o,5.5,0.22,6880000000.0,0.637
1.269027e-07,e,2.5,o,2.5,-1.83,61400000.0,-0.366
1.269348e-07,e,4.5,o,3.5,-0.1,3330000000.0,-0.918
1.2696410000000002e-07,e,2.5,o,3.5,-1.58,109000000.0,-0.059
1.2706320000000002e-07,e,3.5,o,3.5,-1.23,247000000.0,-0.12
1.271369e-07,e,2.5,o,3.5,-1.55,116000000.0,-0.456
1.2714090000000002e-07,e,1.5,o,1.5,-0.48,1370000000.0,-0.748
1.271493e-07,e,3.5,o,2.5,-0.79,667000000.0,0.858
1.271779e-07,e,2.5,o,1.5,-0.26,2250000000.0,0.813
1.272705e-07,e,2.5,o,1.5,-1.54,121000000.0,0.403
1.273502e-07,e,0.5,o,0.5,-0.62,994000000.0,-0.882
1.273887e-07,e,3.5,o,4.5,-0.8,661000000.0,0.299
1.274741e-07,e,4.5,o,4.5,0.39,10100000000.0,-0.945
1.274928e-07,e,4.5,o,4.5,-0.5,1300000000.0,0.29
1.2749849999999998e-07,e,2.5,o,1.5,-1.26,220000000.0,0.272
1.275458e-07,e,3.5,o,3.5,-1.2,259000000.0,-0.084
1.2759580000000002e-07,e,2.5,o,3.5,-0.73,769000000.0,-0.524
1.276003e-07,e,3.5,o,3.5,-0.39,1680000000.0,0.345
1.2767800000000001e-07,e,3.5,o,2.5,-2.99,4150000.0,-0.005
1.276826e-07,e,2.5,o,2.5,-0.43,1520000000.0,0.862
1.277095e-07,e,2.5,o,1.5,-0.62,991000000.0,0.596
1.2772600000000001e-07,e,2.5,o,3.5,-1.12,308000000.0,-0.546
1.2773920000000001e-07,e,1.5,o,1.5,-2.91,4910000.0,-0.007
1.278168e-07,e,3.5,o,4.5,-0.49,1310000000.0,0.441
1.278182e-07,e,3.5,o,2.5,-0.04,3760000000.0,-0.925
1.2783720000000002e-07,e,2.5,o,2.5,-2.07,34700000.0,-0.214
1.278511e-07,e,0.5,o,1.5,-0.77,689000000.0,0.596
1.278803e-07,e,1.5,o,2.5,-2.6,10400000.0,0.078
1.278857e-07,e,3.5,o,2.5,-2.35,18200000.0,-0.241
1.279116e-07,e,2.5,o,2.5,-3.08,3440000.0,0.032
1.279154e-07,e,1.5,o,1.5,-1.11,316000000.0,0.881
1.279667e-07,e,5.5,o,4.5,-0.22,2500000000.0,-0.825
1.280384e-07,e,4.5,o,4.5,-2.87,5450000.0,-0.011
1.280487e-07,e,3.5,o,2.5,-1.66,89300000.0,0.11
1.280569e-07,e,4.5,o,3.5,-1.58,106000000.0,0.54
1.2806720000000002e-07,e,1.5,o,2.5,-0.71,784000000.0,0.447
1.280702e-07,e,5.5,o,6.5,0.24,6960000000.0,0.541
1.280917e-07,e,4.5,o,5.5,-0.94,469000000.0,-0.811
1.281117e-07,e,1.5,o,2.5,-0.29,2090000000.0,0.553
1.281374e-07,e,2.5,o,3.5,-0.44,1460000000.0,0.309
1.281448e-07,e,4.5,o,3.5,-3.79,663000.0,-0.005
1.281806e-07,e,2.5,o,3.5,-0.94,466000000.0,0.263
1.2818820000000002e-07,e,2.5,o,2.5,-1.36,178000000.0,-0.628
1.282053e-07,e,4.5,o,5.5,-0.21,2500000000.0,0.693
1.282181e-07,e,3.5,o,3.5,-3.51,1240000.0,-0.027
1.282851e-07,e,3.5,o,4.5,-0.41,1570000000.0,0.253
1.2831440000000002e-07,e,2.5,o,1.5,-1.28,214000000.0,-0.707
1.283437e-07,e,6.5,o,5.5,-1.44,148000000.0,0.41
1.283521e-07,e,4.5,o,3.5,-0.67,873000000.0,0.53
1.2835870000000002e-07,e,3.5,o,2.5,-2.25,22900000.0,0.181
1.283667e-07,e,2.5,o,1.5,-0.12,3060000000.0,-0.933
1.284253e-07,e,2.5,o,2.5,-3.49,1330000.0,-0.027
1.284617e-07,e,5.5,o,5.5,-2.69,8220000.0,-0.016
1.285654e-07,e,5.5,o,4.5,-1.28,211000000.0,-0.194
1.286149e-07,e,5.5,o,6.5,-0.11,3130000000.0,-0.917
1.2863420000000002e-07,e,0.5,o,1.5,-1.45,142000000.0,-0.699
1.286354e-07,e,2.5,o,1.5,-1.58,107000000.0,0.703
1.286549e-07,e,3.5,o,3.5,-0.01,3940000000.0,-0.66
1.2876610000000002e-07,e,4.5,o,4.5,-0.77,701000000.0,-0.314
1.2876859999999998e-07,e,1.5,o,0.5,-0.36,1770000000.0,-0.942
1.28789e-07,e,2.5,o,2.5,-0.71,777000000.0,0.881
1.2883130000000003e-07,e,5.5,o,5.5,-1.45,145000000.0,-0.078
1.2885e-07,e,1.5,o,2.5,-1.77,69300000.0,0.311
1.288593e-07,e,1.5,o,2.5,-2.02,38100000.0,-0.541
1.288773e-07,e,4.5,o,4.5,-2.27,21200000.0,-0.156
1.2888820000000002e-07,e,3.5,o,4.5,-0.73,761000000.0,-0.43
1.288912e-07,e,4.5,o,3.5,-1.53,119000000.0,0.486
1.289557e-07,e,4.5,o,3.5,-1.32,191000000.0,-0.51
1.290406e-07,e,3.5,o,4.5,-4.63,93700.0,-0.001
1.2906240000000002e-07,e,2.5,o,2.5,-0.53,1170000000.0,-0.529
1.2910060000000002e-07,e,2.5,o,3.5,-1.05,356000000.0,0.488
1.291136e-07,e,2.5,o,3.5,-2.07,34500000.0,0.166
1.2914390000000002e-07,e,3.5,o,3.5,-1.81,62700000.0,-0.084
1.291738e-07,e,2.5,o,2.5,-3.26,2200000.0,-0.004
1.291893e-07,e,4.5,o,3.5,-0.8,642000000.0,-0.509
1.29209e-07,e,3.5,o,4.5,-0.64,910000000.0,0.258
1.2921830000000002e-07,e,1.5,o,1.5,-1.75,71800000.0,-0.299
1.29236e-07,e,2.5,o,2.5,-0.6,1000000000.0,-0.296
1.292571e-07,e,0.5,o,1.5,-0.76,694000000.0,-0.388
1.292621e-07,e,3.5,o,3.5,-2.15,28200000.0,-0.033
1.2926790000000002e-07,e,0.5,o,0.5,-1.01,388000000.0,0.645
1.292858e-07,e,2.5,o,3.5,-1.24,232000000.0,-0.39
1.293224e-07,e,3.5,o,2.5,-1.93,47500000.0,0.235
1.293355e-07,e,3.5,o,2.5,-1.12,303000000.0,0.587
1.2949010000000002e-07,e,3.5,o,2.5,-2.05,35400000.0,0.511
1.295077e-07,e,0.5,o,0.5,-2.05,35300000.0,0.603
1.295396e-07,e,4.5,o,4.5,-3.67,847000.0,0.002
1.295607e-07,e,4.5,o,3.5,-1.59,101000000.0,-0.478
1.296808e-07,e,4.5,o,3.5,-1.0,398000000.0,-0.207
1.2969880000000002e-07,e,4.5,o,3.5,-0.77,699000000.0,-0.747
1.297212e-07,e,0.5,o,1.5,-0.53,1180000000.0,0.515
1.297261e-07,e,3.5,o,4.5,-1.56,110000000.0,-0.405
1.298228e-07,e,3.5,o,3.5,-2.34,18800000.0,-0.027
1.2983540000000002e-07,e,3.5,o,3.5,-2.97,4230000.0,-0.025
1.299155e-07,e,2.5,o,3.5,-0.44,1420000000.0,0.327
1.299233e-07,e,1.5,o,2.5,-0.41,1550000000.0,0.411
1.299939e-07,e,3.5,o,3.5,-0.51,1210000000.0,0.876
1.300162e-07,e,4.5,o,4.5,-1.46,138000000.0,0.123
1.300314e-07,e,0.5,o,1.5,-1.99,40500000.0,0.164
1.3006980000000002e-07,e,1.5,o,2.5,-1.27,213000000.0,-0.583
1.301316e-07,e,1.5,o,1.5,-2.57,10500000.0,-0.008
1.3014310000000002e-07,e,4.5,o,4.5,-2.44,14300000.0,-0.029
1.302241e-07,e,1.5,o,1.5,-3.13,2910000.0,-0.198
1.302333e-07,e,3.5,o,2.5,-1.44,142000000.0,-0.563
1.3030010000000001e-07,e,2.5,o,2.5,-3.82,579000.0,-0.003
1.304233e-07,e,2.5,o,1.5,-1.67,82400000.0,-0.689
1.304298e-07,e,5.5,o,4.5,-0.53,1170000000.0,-0.601
1.3045229999999999e-07,e,4.5,o,3.5,-2.5,12300000.0,-0.052
1.3045360000000002e-07,e,5.5,o,4.5,-0.32,1880000000.0,0.424
1.304892e-07,e,3.5,o,3.5,-0.97,424000000.0,-0.254
1.3050840000000001e-07,e,4.5,o,3.5,-2.25,22100000.0,0.135
1.305338e-07,e,4.5,o,5.5,-2.43,15100000.0,-0.076
1.305355e-07,e,4.5,o,3.5,-0.44,1420000000.0,0.548
1.305362e-07,e,2.5,o,1.5,-0.99,401000000.0,0.589
1.305515e-07,e,1.5,o,2.5,-1.91,47100000.0,-0.115
1.305648e-07,e,1.5,o,2.5,-1.62,92700000.0,-0.512
1.306341e-07,e,2.5,o,3.5,-0.72,746000000.0,0.799
1.306343e-07,e,4.5,o,4.5,-1.19,253000000.0,-0.192
1.3066790000000002e-07,e,3.5,o,3.5,-2.37,16700000.0,-0.102
1.3067100000000002e-07,e,3.5,o,2.5,-2.22,23800000.0,-0.079
1.306759e-07,e,3.5,o,3.5,-2.48,12800000.0,-0.251
1.3068560000000001e-07,e,3.5,o,2.5,-1.05,358000000.0,-0.617
1.307195e-07,e,2.5,o,1.5,-4.3,193000.0,-0.184
1.308101e-07,e,4.5,o,5.5,-0.39,1570000000.0,0.702
1.308287e-07,e,3.5,o,4.5,-0.51,1230000000.0,0.636
1.308753e-07,e,4.5,o,4.5,-2.23,23300000.0,-0.018
1.309087e-07,e,4.5,o,5.5,-0.43,1460000000.0,-0.496
1.3093440000000002e-07,e,2.5,o,2.5,-2.67,8400000.0,0.034
1.309708e-07,e,1.5,o,2.5,-0.34,1780000000.0,0.438
1.310759e-07,e,5.5,o,4.5,-0.82,586000000.0,0.43
1.3111679999999998e-07,e,2.5,o,3.5,-1.55,105000000.0,0.225
1.31124e-07,e,2.5,o,1.5,-1.11,304000000.0,-0.42
1.311272e-07,e,5.5,o,6.5,-2.43,14600000.0,-0.005
1.312674e-07,e,3.5,o,4.5,-0.6,967000000.0,0.78
1.312703e-07,e,3.5,o,3.5,-2.71,7650000.0,-0.012
1.312887e-07,e,3.5,o,2.5,-3.96,424000.0,0.005
1.3128910000000002e-07,e,3.5,o,3.5,-2.08,32400000.0,-0.077
1.31296e-07,e,2.5,o,3.5,-1.53,114000000.0,0.51
1.313172e-07,e,4.5,o,3.5,-1.69,79300000.0,0.359
1.31326e-07,e,2.5,o,1.5,-1.73,73200000.0,-0.39
1.313522e-07,e,5.5,o,5.5,-1.4,154000000.0,-0.117
1.3141690000000003e-07,e,2.5,o,3.5,-1.39,157000000.0,0.386
1.314537e-07,e,1.5,o,0.5,-1.94,44600000.0,0.154
1.314546e-07,e,3.5,o,4.5,-2.2,24300000.0,0.033
1.3145650000000002e-07,e,0.5,o,1.5,-0.76,664000000.0,0.503
1.3150160000000001e-07,e,4.5,o,4.5,-1.4,155000000.0,-0.332
1.315544e-07,e,2.5,o,3.5,-2.11,30200000.0,0.448
1.315902e-07,e,2.5,o,1.5,-3.22,2220000.0,0.009
1.3160039999999998e-07,e,2.5,o,3.5,-1.38,156000000.0,-0.636
1.316748e-07,e,1.5,o,0.5,-1.77,63300000.0,0.404
1.316791e-07,e,1.5,o,0.5,-2.76,6800000.0,0.103
1.317797e-07,e,4.5,o,5.5,-2.06,33400000.0,-0.017
1.3179880000000002e-07,e,0.5,o,0.5,-3.95,435000.0,0.004
1.318117e-07,e,3.5,o,3.5,-1.95,43600000.0,-0.212
1.3184659999999998e-07,e,1.5,o,1.5,-2.36,16300000.0,-0.134
1.3188710000000001e-07,e,3.5,o,4.5,-0.33,1790000000.0,0.797
1.319143e-07,e,3.5,o,4.5,-2.08,32300000.0,0.48
1.3192960000000002e-07,e,1.5,o,2.5,-0.98,406000000.0,0.521
1.319562e-07,e,2.5,o,2.5,-1.31,189000000.0,0.619
1.3196289999999998e-07,e,2.5,o,2.5,-1.12,293000000.0,0.744
1.3198720000000001e-07,e,4.5,o,3.5,-1.64,87000000.0,-0.8
1.320273e-07,e,3.5,o,3.5,-2.47,13100000.0,0.47
1.320383e-07,e,4.5,o,4.5,-1.38,158000000.0,-0.149
1.3206590000000002e-07,e,2.5,o,3.5,-1.53,113000000.0,-0.359
1.320732e-07,e,2.5,o,2.5,-4.62,89200.0,0.0
1.3209810000000001e-07,e,3.5,o,2.5,-1.74,70000000.0,0.239
1.321585e-07,e,4.5,o,3.5,-2.42,14600000.0,-0.013
1.321589e-07,e,1.5,o,1.5,-1.15,273000000.0,0.654
1.321922e-07,e,2.5,o,1.5,-2.07,33200000.0,0.423
1.322248e-07,e,2.5,o,1.5,-1.89,49600000.0,-0.791
1.322795e-07,e,0.5,o,1.5,-0.89,501000000.0,0.615
1.323033e-07,e,2.5,o,2.5,-1.74,69800000.0,0.353
1.323203e-07,e,2.5,o,1.5,-3.1,3060000.0,0.006
1.3233009999999999e-07,e,3.5,o,4.5,-1.02,364000000.0,0.588
1.323315e-07,e,1.5,o,2.5,-5.49,11800.0,0.0
1.324091e-07,e,2.5,o,3.5,-0.88,506000000.0,0.576
1.324388e-07,e,3.5,o,2.5,-2.13,28500000.0,0.569
1.325226e-07,e,3.5,o,2.5,-3.47,1290000.0,-0.001
1.325595e-07,e,4.5,o,4.5,-2.17,25700000.0,0.014
1.326721e-07,e,2.5,o,2.5,-3.61,934000.0,-0.001
1.3268920000000002e-07,e,4.5,o,3.5,-2.97,4030000.0,-0.17
1.327681e-07,e,2.5,o,3.5,-1.97,39100000.0,0.153
1.327797e-07,e,2.5,o,1.5,-1.25,215000000.0,-0.56
1.3286230000000002e-07,e,3.5,o,3.5,-1.38,157000000.0,-0.341
1.328768e-07,e,4.5,o,3.5,-0.53,1100000000.0,-0.81
1.328882e-07,e,3.5,o,3.5,-1.17,258000000.0,0.76
1.329209e-07,e,4.5,o,5.5,-0.01,3700000000.0,0.785
1.329409e-07,e,3.5,o,2.5,-1.54,109000000.0,0.477
1.329982e-07,e,3.5,o,3.5,-2.22,23000000.0,-0.018
1.330143e-07,e,5.5,o,4.5,-0.79,602000000.0,0.258
1.330451e-07,e,3.5,o,3.5,-1.7,75800000.0,-0.392
1.330458e-07,e,2.5,o,3.5,-3.43,1420000.0,0.042
1.330463e-07,e,4.5,o,3.5,-1.65,84400000.0,0.182
1.3304700000000001e-07,e,2.5,o,3.5,-1.9,47400000.0,-0.441
1.3309130000000001e-07,e,2.5,o,2.5,-2.82,5650000.0,-0.095
1.3314570000000002e-07,e,3.5,o,2.5,-3.08,3100000.0,0.117
1.3314870000000002e-07,e,2.5,o,3.5,-1.25,212000000.0,-0.302
1.3320050000000002e-07,e,5.5,o,4.5,-1.6,95500000.0,0.128
1.332134e-07,e,3.5,o,3.5,-0.77,641000000.0,0.473
1.332142e-07,e,4.5,o,3.5,0.09,4680000000.0,0.937
1.3326579999999999e-07,e,3.5,o,3.5,-2.53,11000000.0,-0.204
1.332777e-07,e,1.5,o,2.5,-2.47,12800000.0,0.236
1.3328840000000002e-07,e,5.5,o,6.5,-2.08,31100000.0,-0.008
1.33347e-07,e,2.5,o,3.5,-1.48,124000000.0,0.823
1.3337670000000001e-07,e,5.5,o,5.5,-2.3,18700000.0,0.02
1.333927e-07,e,2.5,o,1.5,-2.32,17400000.0,0.09
1.334043e-07,e,3.5,o,4.5,-1.24,218000000.0,-0.241
1.334107e-07,e,2.5,o,3.5,-2.01,34900000.0,-0.151
1.3345170000000002e-07,e,2.5,o,3.5,-2.28,19600000.0,0.238
1.3345270000000002e-07,e,4.5,o,4.5,-1.13,278000000.0,-0.21
1.334729e-07,e,2.5,o,3.5,-2.61,9310000.0,-0.065
1.335083e-07,e,3.5,o,4.5,-1.02,360000000.0,0.667
1.335308e-07,e,3.5,o,3.5,-2.54,11000000.0,-0.407
1.33532e-07,e,2.5,o,2.5,-4.38,151000.0,-0.001
1.335673e-07,e,3.5,o,4.5,-2.64,8640000.0,-0.01
1.336104e-07,e,3.5,o,3.5,-1.08,312000000.0,-0.383
1.336241e-07,e,2.5,o,2.5,-0.99,388000000.0,-0.521
1.336562e-07,e,1.5,o,1.5,-2.46,12400000.0,0.088
1.337056e-07,e,1.5,o,1.5,-1.45,134000000.0,-0.644
1.337231e-07,e,4.5,o,4.5,-1.86,51100000.0,-0.285
1.3378140000000002e-07,e,3.5,o,3.5,-3.68,770000.0,0.014
1.337832e-07,e,3.5,o,2.5,-0.15,2640000000.0,0.93
1.337961e-07,e,1.5,o,2.5,-2.1,28700000.0,-0.271
1.338339e-07,e,3.5,o,4.5,-0.72,713000000.0,-0.176
1.338437e-07,e,1.5,o,2.5,-1.13,280000000.0,0.677
1.3386e-07,e,3.5,o,2.5,-2.23,21800000.0,-0.271
1.338779e-07,e,2.5,o,2.5,-1.46,130000000.0,0.706
1.339682e-07,e,1.5,o,2.5,-4.1,296000.0,-0.018
1.3399100000000003e-07,e,3.5,o,3.5,-1.61,91200000.0,-0.166
1.340062e-07,e,3.5,o,2.5,-2.87,5210000.0,0.006
1.340066e-07,e,3.5,o,4.5,-1.01,359000000.0,0.507
1.3402760000000002e-07,e,3.5,o,3.5,-1.14,272000000.0,0.588
1.340527e-07,e,2.5,o,1.5,-4.68,74700.0,-0.001
1.340542e-07,e,2.5,o,1.5,-0.77,635000000.0,0.747
1.341495e-07,e,3.5,o,4.5,-1.41,147000000.0,-0.647
1.341808e-07,e,5.5,o,4.5,-1.32,178000000.0,-0.493
1.341968e-07,e,3.5,o,2.5,-0.97,390000000.0,-0.855
1.342197e-07,e,3.5,o,4.5,-1.27,201000000.0,-0.43
1.342415e-07,e,3.5,o,2.5,-0.5,1180000000.0,-0.868
1.342422e-07,e,2.5,o,2.5,-4.03,350000.0,-0.001
1.342933e-07,e,3.5,o,2.5,-4.43,137000.0,0.009
1.343189e-07,e,1.5,o,1.5,-3.36,1570000.0,0.01
1.3436780000000002e-07,e,3.5,o,2.5,-2.82,5640000.0,0.246
1.343757e-07,e,2.5,o,2.5,-2.24,21100000.0,-0.288
1.3438950000000001e-07,e,1.5,o,1.5,-2.28,19800000.0,0.118
1.34424e-07,e,2.5,o,1.5,-2.6,9610000.0,0.119
1.3451420000000002e-07,e,0.5,o,1.5,-2.12,29000000.0,0.161
1.345696e-07,e,1.5,o,0.5,-2.77,6080000.0,-0.059
1.345886e-07,e,4.5,o,4.5,-1.02,345000000.0,-0.524
1.346954e-07,e,3.5,o,3.5,-1.38,151000000.0,-0.204
1.347667e-07,e,3.5,o,4.5,-2.49,11700000.0,0.018
1.34786e-07,e,1.5,o,2.5,-0.64,829000000.0,-0.346
1.348545e-07,e,1.5,o,0.5,-0.65,821000000.0,0.922
1.349103e-07,e,2.5,o,3.5,-2.54,10700000.0,-0.024
1.349703e-07,e,5.5,o,5.5,-0.61,902000000.0,-0.625
1.3505460000000002e-07,e,4.5,o,3.5,-1.13,270000000.0,-0.157
1.350636e-07,e,3.5,o,2.5,-2.31,17800000.0,0.177
1.3508309999999998e-07,e,4.5,o,5.5,-5.96,4040.0,0.0
1.352073e-07,e,0.5,o,1.5,-1.15,259000000.0,-0.297
1.352186e-07,e,4.5,o,3.5,-0.83,544000000.0,-0.603
1.353072e-07,e,0.5,o,1.5,-3.14,2660000.0,0.172
1.353334e-07,e,3.5,o,2.5,-1.48,121000000.0,0.218
1.3536949999999999e-07,e,6.5,o,5.5,-1.06,317000000.0,-0.759
1.354225e-07,e,4.5,o,4.5,-2.45,12800000.0,-0.022
1.354412e-07,e,5.5,o,4.5,-1.49,119000000.0,-0.439
1.355008e-07,e,5.5,o,5.5,-4.48,121000.0,0.001
1.355232e-07,e,4.5,o,4.5,-1.75,65100000.0,-0.241
1.355651e-07,e,3.5,o,4.5,-1.91,45300000.0,0.509
1.356046e-07,e,4.5,o,5.5,-2.04,33500000.0,0.011
1.356072e-07,e,2.5,o,3.5,-1.09,296000000.0,0.561
1.356616e-07,e,4.5,o,3.5,-1.04,330000000.0,-0.318
1.357075e-07,e,2.5,o,1.5,-0.9,457000000.0,-0.736
1.357104e-07,e,1.5,o,1.5,-1.28,194000000.0,-0.414
1.357454e-07,e,2.5,o,3.5,-3.71,698000.0,0.006
1.357532e-07,e,1.5,o,0.5,-2.99,3800000.0,0.128
1.357677e-07,e,6.5,o,6.5,-4.45,128000.0,-0.002
1.357696e-07,e,3.5,o,2.5,-1.09,292000000.0,-0.569
1.358293e-07,e,3.5,o,3.5,-1.3,184000000.0,-0.452
1.358805e-07,e,0.5,o,0.5,-2.68,7640000.0,0.157
1.358842e-07,e,1.5,o,0.5,-2.17,23700000.0,0.167
1.358971e-07,e,5.5,o,4.5,-1.06,315000000.0,-0.378
1.359316e-07,e,3.5,o,3.5,-2.0,35900000.0,-0.033
1.359799e-07,e,2.5,o,1.5,-2.02,34700000.0,-0.449
1.3598190000000001e-07,e,4.5,o,3.5,-0.5,1130000000.0,0.506
1.359886e-07,e,5.5,o,6.5,-0.43,1340000000.0,0.375
1.3599870000000002e-07,e,1.5,o,2.5,-5.36,16000.0,0.0
1.360302e-07,e,3.5,o,2.5,-1.65,80100000.0,-0.216
1.360341e-07,e,2.5,o,2.5,-2.32,17500000.0,0.305
1.360503e-07,e,2.5,o,3.5,-0.42,1400000000.0,0.648
1.360581e-07,e,2.5,o,2.5,-1.91,44100000.0,-0.138
1.360696e-07,e,2.5,o,1.5,-0.61,904000000.0,0.572
1.360805e-07,e,5.5,o,5.5,-2.52,10900000.0,0.018
1.360889e-07,e,2.5,o,3.5,-1.11,281000000.0,-0.574
1.361098e-07,e,3.5,o,3.5,-1.5,114000000.0,0.569
1.3616410000000002e-07,e,3.5,o,4.5,-2.57,9690000.0,0.069
1.361876e-07,e,2.5,o,2.5,-1.59,93600000.0,-0.124
1.361934e-07,e,2.5,o,3.5,-1.03,333000000.0,0.598
1.36253e-07,e,3.5,o,4.5,-2.15,25600000.0,-0.145
1.3630419999999999e-07,e,3.5,o,4.5,-0.99,367000000.0,0.225
1.363548e-07,e,4.5,o,4.5,-3.72,690000.0,0.002
1.364359e-07,e,4.5,o,4.5,-1.22,218000000.0,-0.091
1.3653950000000002e-07,e,4.5,o,5.5,-0.76,620000000.0,0.28
1.365398e-07,e,3.5,o,2.5,-2.85,5120000.0,0.252
1.365464e-07,e,2.5,o,3.5,-2.01,35400000.0,-0.447
1.365465e-07,e,3.5,o,3.5,-1.25,199000000.0,-0.074
1.365973e-07,e,4.5,o,3.5,-2.47,12000000.0,0.016
1.3660750000000001e-07,e,2.5,o,1.5,-1.59,91500000.0,0.605
1.3663520000000002e-07,e,0.5,o,0.5,-2.26,19400000.0,-0.24
1.367052e-07,e,2.5,o,3.5,-2.46,12400000.0,-0.008
1.367095e-07,e,2.5,o,1.5,-1.6,90500000.0,0.504
1.368605e-07,e,3.5,o,2.5,-0.79,586000000.0,-0.744
1.368613e-07,e,2.5,o,2.5,-2.03,33100000.0,0.296
1.368734e-07,e,3.5,o,2.5,-2.08,29900000.0,-0.31
1.369177e-07,e,5.5,o,4.5,-1.68,73900000.0,-0.304
1.369983e-07,e,2.5,o,2.5,-2.52,10900000.0,0.036
1.370329e-07,e,2.5,o,2.5,-2.5,11200000.0,0.422
1.37056e-07,e,3.5,o,3.5,-1.92,43400000.0,0.3
1.370851e-07,e,2.5,o,2.5,-1.33,168000000.0,-0.411
1.371024e-07,e,3.5,o,3.5,-1.2,222000000.0,-0.366
1.371221e-07,e,5.5,o,4.5,-1.1,283000000.0,0.698
1.371223e-07,e,2.5,o,1.5,-2.48,11300000.0,0.031
1.372522e-07,e,4.5,o,5.5,-1.33,169000000.0,0.215
1.372552e-07,e,3.5,o,2.5,-0.78,586000000.0,-0.651
1.3725740000000002e-07,e,4.5,o,5.5,-3.2,2230000.0,0.001
1.373104e-07,e,2.5,o,3.5,-2.09,27500000.0,0.333
1.373309e-07,e,3.5,o,4.5,-3.99,360000.0,0.0
1.373685e-07,e,1.5,o,0.5,-2.04,32600000.0,-0.817
1.373823e-07,e,4.5,o,4.5,-2.07,29900000.0,-0.034
1.3740080000000002e-07,e,1.5,o,1.5,-2.94,3880000.0,-0.026
1.374085e-07,e,1.5,o,1.5,-2.1,28000000.0,-0.217
1.374155e-07,e,3.5,o,4.5,-3.62,854000.0,-0.001
1.3748840000000002e-07,e,1.5,o,2.5,-1.25,200000000.0,0.671
1.3753270000000001e-07,e,2.5,o,2.5,-2.33,16400000.0,0.324
1.37594e-07,e,2.5,o,3.5,-2.5,11200000.0,-0.079
1.377397e-07,e,5.5,o,5.5,-1.93,41300000.0,-0.044
1.377465e-07,e,4.5,o,4.5,-2.94,4130000.0,-0.025
1.377986e-07,e,5.5,o,4.5,-1.0,354000000.0,0.68
1.3780820000000002e-07,e,4.5,o,5.5,-4.01,353000.0,0.002
1.3786980000000002e-07,e,4.5,o,3.5,-3.19,2320000.0,0.05
1.379565e-07,e,3.5,o,4.5,-0.76,624000000.0,0.744
1.380098e-07,e,3.5,o,3.5,-3.02,3460000.0,0.021
1.380327e-07,e,2.5,o,2.5,-2.28,17700000.0,0.251
1.381979e-07,e,0.5,o,0.5,-1.99,35300000.0,-0.918
1.382099e-07,e,4.5,o,5.5,-2.21,21400000.0,0.106
1.3823840000000002e-07,e,0.5,o,1.5,-1.59,88700000.0,0.779
1.3826610000000002e-07,e,1.5,o,2.5,-3.39,1450000.0,-0.044
1.382994e-07,e,4.5,o,4.5,-2.23,20900000.0,-0.501
1.3831489999999999e-07,e,1.5,o,2.5,-4.75,60600.0,0.004
1.384093e-07,e,6.5,o,5.5,-0.81,535000000.0,0.857
1.384595e-07,e,3.5,o,2.5,-2.07,30500000.0,-0.218
1.3854659999999998e-07,e,5.5,o,5.5,-3.0,3440000.0,-0.018
1.3863900000000003e-07,e,2.5,o,2.5,-2.23,20800000.0,0.064
1.387265e-07,e,3.5,o,4.5,-3.07,2940000.0,0.004
1.388089e-07,e,4.5,o,3.5,-2.26,19700000.0,-0.334
1.3881020000000002e-07,e,3.5,o,2.5,-1.52,108000000.0,-0.129
1.3889040000000002e-07,e,3.5,o,3.5,-0.93,405000000.0,0.477
1.389508e-07,e,3.5,o,3.5,-1.96,39600000.0,0.374
1.389933e-07,e,3.5,o,2.5,-2.09,27900000.0,-0.371
1.390206e-07,e,2.5,o,3.5,-1.89,44800000.0,-0.337
1.3914069999999999e-07,e,1.5,o,2.5,-1.89,44600000.0,-0.533
1.3917249999999998e-07,e,3.5,o,2.5,-2.04,31900000.0,0.477
1.391777e-07,e,2.5,o,2.5,-2.81,5390000.0,0.057
1.391835e-07,e,2.5,o,1.5,-2.9,4460000.0,0.088
1.392795e-07,e,3.5,o,4.5,-1.62,82900000.0,0.334
1.3948560000000001e-07,e,4.5,o,4.5,-1.81,54300000.0,0.117
1.3951010000000003e-07,e,4.5,o,3.5,-2.78,5840000.0,0.125
1.3953250000000002e-07,e,3.5,o,3.5,-3.2,2180000.0,0.003
1.3954880000000002e-07,e,3.5,o,3.5,-2.98,3650000.0,0.037
1.396289e-07,e,3.5,o,4.5,-5.18,23600.0,0.0
1.396535e-07,e,3.5,o,3.5,-1.32,168000000.0,0.355
1.397071e-07,e,3.5,o,2.5,-2.7,6900000.0,0.235
1.398732e-07,e,3.5,o,4.5,-2.09,28000000.0,-0.207
1.3987380000000001e-07,e,3.5,o,2.5,-1.62,82500000.0,0.476
1.399251e-07,e,5.5,o,4.5,-0.93,400000000.0,-0.829
1.4002290000000002e-07,e,4.5,o,3.5,-1.98,35800000.0,0.168
1.4018560000000001e-07,e,4.5,o,4.5,-1.92,42100000.0,0.079
1.403304e-07,e,3.5,o,4.5,-2.52,10500000.0,-0.023
1.403517e-07,e,3.5,o,4.5,-1.67,72900000.0,0.098
1.405693e-07,e,3.5,o,2.5,-1.92,41700000.0,0.29
1.40649e-07,e,1.5,o,1.5,-1.96,38200000.0,0.2
1.4065190000000002e-07,e,2.5,o,2.5,-2.69,6920000.0,-0.103
1.406867e-07,e,2.5,o,1.5,-2.06,29800000.0,0.235
1.4072e-07,e,3.5,o,2.5,-2.44,12400000.0,0.079
1.40736e-07,e,2.5,o,3.5,-1.61,82300000.0,-0.613
1.407747e-07,e,6.5,o,5.5,-0.62,812000000.0,0.808
1.407856e-07,e,0.5,o,1.5,-1.97,36700000.0,-0.19
1.408417e-07,e,2.5,o,2.5,-1.72,64800000.0,-0.411
1.40854e-07,e,3.5,o,2.5,-2.74,6070000.0,-0.09
1.4085480000000002e-07,e,2.5,o,2.5,-1.59,86200000.0,0.38
1.409167e-07,e,5.5,o,5.5,-2.68,7110000.0,-0.052
1.4094570000000002e-07,e,1.5,o,0.5,-1.37,147000000.0,0.743
1.409598e-07,e,4.5,o,5.5,-3.54,998000.0,0.01
1.410829e-07,e,0.5,o,0.5,-1.45,123000000.0,0.74
1.4111140000000002e-07,e,1.5,o,2.5,-2.22,20800000.0,-0.083
1.4114939999999998e-07,e,2.5,o,2.5,-1.5,109000000.0,0.347
1.413953e-07,e,2.5,o,3.5,-2.35,15000000.0,0.038
1.4156630000000001e-07,e,1.5,o,1.5,-1.18,223000000.0,0.626
1.4160450000000002e-07,e,2.5,o,1.5,-1.23,200000000.0,0.697
1.416058e-07,e,4.5,o,3.5,-3.25,1870000.0,0.002
1.41679e-07,e,3.5,o,3.5,-2.03,31200000.0,-0.123
1.41694e-07,e,3.5,o,2.5,-2.95,3800000.0,0.029
1.417047e-07,e,0.5,o,1.5,-1.89,43500000.0,-0.158
1.417459e-07,e,2.5,o,2.5,-3.16,2300000.0,-0.097
1.4175150000000002e-07,e,3.5,o,2.5,-2.53,9810000.0,-0.251
1.4177080000000002e-07,e,2.5,o,3.5,-5.35,14800.0,0.0
1.4181859999999999e-07,e,5.5,o,4.5,-4.86,45700.0,-0.002
1.418434e-07,e,2.5,o,2.5,-1.97,35600000.0,-0.361
1.420057e-07,e,4.5,o,4.5,-0.52,1010000000.0,-0.634
1.4204380000000001e-07,e,3.5,o,3.5,-1.06,291000000.0,0.745
1.423277e-07,e,4.5,o,3.5,-2.89,4390000.0,0.075
1.423871e-07,e,4.5,o,4.5,-1.38,140000000.0,0.605
1.424408e-07,e,3.5,o,3.5,-1.5,102000000.0,0.57
1.424416e-07,e,2.5,o,3.5,-4.16,222000.0,0.001
1.424769e-07,e,3.5,o,3.5,-2.16,23400000.0,0.117
1.42519e-07,e,2.5,o,3.5,-0.65,722000000.0,0.748
1.425261e-07,e,4.5,o,3.5,-2.42,12600000.0,0.084
1.4253640000000002e-07,e,3.5,o,4.5,-3.31,1640000.0,-0.003
1.427026e-07,e,1.5,o,2.5,-2.5,10600000.0,-0.023
1.427415e-07,e,2.5,o,2.5,-0.91,415000000.0,0.59
1.427434e-07,e,4.5,o,4.5,-1.46,114000000.0,-0.157
1.427568e-07,e,2.5,o,3.5,-2.97,3500000.0,0.008
1.4277170000000003e-07,e,4.5,o,4.5,-3.35,1440000.0,0.055
1.429384e-07,e,3.5,o,3.5,-3.42,1240000.0,-0.014
1.429482e-07,e,3.5,o,2.5,-1.79,54600000.0,-0.117
1.429721e-07,e,3.5,o,4.5,-3.79,528000.0,0.005
1.4307110000000002e-07,e,4.5,o,5.5,-2.01,31800000.0,-0.326
1.432023e-07,e,6.5,o,5.5,-1.98,34300000.0,-0.245
1.43257e-07,e,1.5,o,1.5,-2.28,17500000.0,0.144
1.432962e-07,e,2.5,o,1.5,-2.34,15200000.0,-0.141
1.432985e-07,e,3.5,o,2.5,-1.28,173000000.0,0.663
1.433492e-07,e,5.5,o,5.5,-4.12,245000.0,-0.005
1.433626e-07,e,4.5,o,3.5,-1.17,225000000.0,-0.493
1.4339880000000001e-07,e,0.5,o,1.5,-2.99,3370000.0,-0.026
1.4341400000000002e-07,e,4.5,o,5.5,-3.33,1560000.0,-0.012
1.4351400000000002e-07,e,3.5,o,3.5,-1.75,59600000.0,0.156
1.435596e-07,e,2.5,o,2.5,-1.98,33100000.0,0.187
1.43574e-07,e,2.5,o,1.5,-1.92,38500000.0,0.607
1.4367300000000002e-07,e,3.5,o,3.5,-0.98,342000000.0,-0.3
1.438449e-07,e,5.5,o,4.5,-2.04,29400000.0,-0.348
1.438615e-07,e,4.5,o,3.5,-2.68,6700000.0,-0.35
1.438648e-07,e,1.5,o,2.5,-1.06,273000000.0,0.249
1.44065e-07,e,3.5,o,3.5,-2.81,4970000.0,0.298
1.440847e-07,e,3.5,o,4.5,-1.49,105000000.0,0.358
1.441038e-07,e,2.5,o,3.5,-3.88,431000.0,-0.001
1.443483e-07,e,4.5,o,4.5,-1.53,97100000.0,0.323
1.444127e-07,e,3.5,o,2.5,-1.26,174000000.0,-0.685
1.444135e-07,e,2.5,o,2.5,-2.73,5850000.0,0.035
1.445018e-07,e,3.5,o,4.5,-4.44,120000.0,-0.001
1.445653e-07,e,4.5,o,3.5,-2.11,24600000.0,-0.153
1.446205e-07,e,3.5,o,3.5,-2.17,21500000.0,-0.149
1.446715e-07,e,3.5,o,3.5,-0.73,601000000.0,0.702
1.448442e-07,e,3.5,o,4.5,-4.34,145000.0,0.001
1.4504530000000002e-07,e,4.5,o,4.5,-1.05,283000000.0,-0.364
1.4506900000000001e-07,e,2.5,o,3.5,-4.11,251000.0,-0.019
1.452665e-07,e,3.5,o,2.5,-2.23,18500000.0,-0.568
1.4556590000000003e-07,e,2.5,o,2.5,-3.89,407000.0,-0.026
1.456482e-07,e,6.5,o,5.5,-2.17,21100000.0,0.59
1.456963e-07,e,2.5,o,1.5,-1.28,163000000.0,-0.549
1.457809e-07,e,2.5,o,3.5,-1.48,107000000.0,0.305
1.458002e-07,e,5.5,o,5.5,-3.2,1990000.0,0.029
1.458451e-07,e,2.5,o,1.5,-4.28,169000.0,-0.022
1.4593430000000002e-07,e,4.5,o,5.5,-2.23,18900000.0,0.03
1.459609e-07,e,2.5,o,1.5,-2.59,7760000.0,-0.063
1.460925e-07,e,4.5,o,3.5,-1.8,50800000.0,-0.438
1.461091e-07,e,2.5,o,3.5,-4.09,256000.0,-0.021
1.46142e-07,e,3.5,o,2.5,-2.57,8480000.0,-0.073
1.462497e-07,e,3.5,o,3.5,-1.43,119000000.0,0.515
1.4627650000000002e-07,e,1.5,o,1.5,-2.66,6670000.0,-0.069
1.463619e-07,e,3.5,o,3.5,-1.44,116000000.0,0.397
1.4642360000000002e-07,e,3.5,o,2.5,-1.59,83200000.0,-0.415
1.4644800000000002e-07,e,4.5,o,4.5,-1.92,38400000.0,0.285
1.466061e-07,e,3.5,o,4.5,-4.67,68100.0,0.0
1.466508e-07,e,3.5,o,2.5,-2.94,3590000.0,-0.066
1.467205e-07,e,3.5,o,3.5,-3.04,2820000.0,-0.023
1.467565e-07,e,2.5,o,3.5,-1.73,58500000.0,-0.625
1.4678920000000002e-07,e,3.5,o,4.5,-1.79,51900000.0,-0.642
1.4688620000000002e-07,e,2.5,o,3.5,-2.5,9950000.0,-0.107
1.469197e-07,e,3.5,o,3.5,-2.38,13100000.0,0.372
1.470184e-07,e,2.5,o,3.5,-4.39,128000.0,-0.028
1.4712870000000002e-07,e,3.5,o,2.5,-2.96,3390000.0,0.092
1.472149e-07,e,3.5,o,4.5,-2.78,5080000.0,0.044
1.472277e-07,e,2.5,o,2.5,-3.65,702000.0,0.038
1.473453e-07,e,3.5,o,3.5,-3.27,1660000.0,0.037
1.475766e-07,e,2.5,o,2.5,-1.94,33700000.0,-0.328
1.475775e-07,e,3.5,o,4.5,-0.91,385000000.0,0.837
1.477229e-07,e,1.5,o,1.5,-5.18,20500.0,0.0
1.4775e-07,e,2.5,o,1.5,-1.61,75600000.0,0.757
1.477646e-07,e,2.5,o,1.5,-2.09,25100000.0,-0.261
1.478216e-07,e,6.5,o,6.5,-2.5,9670000.0,0.218
1.4784220000000002e-07,e,1.5,o,1.5,-1.66,68200000.0,0.393
1.4786880000000003e-07,e,3.5,o,2.5,-2.99,3150000.0,0.079
1.4787370000000001e-07,e,0.5,o,1.5,-2.95,3450000.0,0.031
1.478839e-07,e,2.5,o,1.5,-3.28,1640000.0,0.054
1.478992e-07,e,1.5,o,2.5,-1.98,31200000.0,-0.219
1.4789970000000002e-07,e,2.5,o,2.5,-4.44,112000.0,0.005
1.479782e-07,e,5.5,o,6.5,-3.26,1670000.0,-0.005
1.479931e-07,e,0.5,o,1.5,-1.09,251000000.0,0.863
1.480378e-07,e,4.5,o,3.5,-3.87,408000.0,-0.001
1.4828150000000002e-07,e,1.5,o,2.5,-0.91,382000000.0,0.819
1.4832349999999998e-07,e,2.5,o,2.5,-2.04,27800000.0,0.099
1.484752e-07,e,4.5,o,5.5,-2.93,3660000.0,-0.004
1.484799e-07,e,4.5,o,4.5,-1.83,44500000.0,0.232
1.484907e-07,e,3.5,o,4.5,-2.85,4320000.0,0.174
1.485663e-07,e,2.5,o,1.5,-2.95,3480000.0,-0.057
1.486076e-07,e,3.5,o,2.5,-3.67,681000.0,0.007
1.4868830000000002e-07,e,1.5,o,1.5,-4.83,44400.0,-0.001
1.486989e-07,e,4.5,o,5.5,-3.1,2380000.0,0.008
1.487675e-07,e,4.5,o,3.5,-3.28,1590000.0,0.008
1.4880530000000002e-07,e,1.5,o,2.5,-3.3,1530000.0,0.009
1.4884760000000002e-07,e,2.5,o,2.5,-2.11,23600000.0,0.148
1.489194e-07,e,2.5,o,3.5,-1.09,248000000.0,0.487
1.4892500000000002e-07,e,3.5,o,2.5,-3.65,676000.0,-0.013
1.489898e-07,e,3.5,o,3.5,-2.05,26900000.0,-0.292
1.491195e-07,e,2.5,o,1.5,-4.51,91100.0,-0.002
1.493654e-07,e,3.5,o,2.5,-2.39,11900000.0,0.369
1.4936630000000002e-07,e,2.5,o,2.5,-2.35,13100000.0,0.146
1.49429e-07,e,1.5,o,0.5,-2.29,15800000.0,-0.139
1.494534e-07,e,3.5,o,2.5,-2.04,27800000.0,-0.298
1.495258e-07,e,3.5,o,3.5,-2.44,10900000.0,-0.031
1.4958330000000003e-07,e,0.5,o,0.5,-2.77,5160000.0,0.062
1.496099e-07,e,2.5,o,1.5,-2.86,4110000.0,0.146
1.49699e-07,e,4.5,o,4.5,-3.51,913000.0,-0.014
1.497333e-07,e,3.5,o,4.5,-1.74,54300000.0,-0.723
1.50013e-07,e,2.5,o,3.5,-3.4,1190000.0,0.143
1.5003930000000001e-07,e,3.5,o,4.5,-1.43,113000000.0,-0.784
1.501427e-07,e,3.5,o,4.5,-3.43,1090000.0,0.012
1.50202e-07,e,2.5,o,1.5,-1.81,47000000.0,-0.569
1.5029860000000002e-07,e,3.5,o,3.5,-1.35,134000000.0,-0.201
1.503735e-07,e,3.5,o,2.5,-2.89,3940000.0,0.05
1.504191e-07,e,3.5,o,2.5,-5.32,14300.0,0.0
1.504395e-07,e,3.5,o,3.5,-2.15,20600000.0,-0.114
1.504404e-07,e,2.5,o,3.5,-2.31,14200000.0,-0.245
1.505355e-07,e,2.5,o,2.5,-5.18,19500.0,0.001
1.505557e-07,e,2.5,o,2.5,-2.22,18000000.0,-0.425
1.506823e-07,e,4.5,o,5.5,-4.52,89900.0,0.001
1.507245e-07,e,1.5,o,0.5,-3.0,2940000.0,0.308
1.507318e-07,e,2.5,o,1.5,-3.28,1540000.0,-0.033
1.507543e-07,e,3.5,o,4.5,-4.33,139000.0,0.001
1.510508e-07,e,3.5,o,3.5,-2.08,24200000.0,-0.118
1.510766e-07,e,3.5,o,3.5,-2.47,9690000.0,0.099
1.510775e-07,e,2.5,o,3.5,-2.5,9060000.0,0.12
1.511631e-07,e,2.5,o,3.5,-2.21,18200000.0,-0.311
1.511695e-07,e,5.5,o,4.5,-4.3,146000.0,0.001
1.512781e-07,e,3.5,o,4.5,-2.37,12100000.0,0.31
1.5134110000000002e-07,e,1.5,o,1.5,-2.47,9910000.0,-0.672
1.514509e-07,e,3.5,o,2.5,-3.43,1070000.0,0.043
1.516999e-07,e,3.5,o,2.5,-2.84,4110000.0,-0.074
1.517009e-07,e,2.5,o,2.5,-4.94,32500.0,0.001
1.517165e-07,e,4.5,o,3.5,-3.68,628000.0,-0.003
1.5171790000000002e-07,e,2.5,o,3.5,-2.78,4880000.0,-0.086
1.517237e-07,e,0.5,o,0.5,-2.75,5230000.0,-0.816
1.518861e-07,e,3.5,o,3.5,-1.65,66700000.0,-0.338
1.519094e-07,e,6.5,o,6.5,-3.06,2510000.0,0.021
1.5200570000000001e-07,e,5.5,o,4.5,-4.18,192000.0,-0.004
1.520113e-07,e,3.5,o,4.5,-4.1,229000.0,0.003
1.520748e-07,e,5.5,o,6.5,-4.8,45700.0,0.0
1.522114e-07,e,6.5,o,5.5,-3.09,2350000.0,-0.119
1.522473e-07,e,4.5,o,3.5,-2.43,10800000.0,-0.299
1.522949e-07,e,1.5,o,0.5,-4.45,104000.0,-0.004
1.523485e-07,e,0.5,o,1.5,-3.58,751000.0,0.095
1.523775e-07,e,5.5,o,5.5,-3.63,667000.0,0.018
1.5244690000000002e-07,e,2.5,o,3.5,-3.9,346000.0,-0.018
1.5255760000000001e-07,e,2.5,o,3.5,-3.88,386000.0,0.007
1.52607e-07,e,2.5,o,3.5,-1.83,42900000.0,-0.633
1.526175e-07,e,3.5,o,3.5,-3.97,307000.0,0.005
1.526184e-07,e,2.5,o,3.5,-2.04,25800000.0,0.396
1.526867e-07,e,1.5,o,2.5,-2.65,6540000.0,-0.145
1.527312e-07,e,2.5,o,2.5,-3.38,1220000.0,-0.038
1.52765e-07,e,3.5,o,3.5,-5.1,23400.0,0.001
1.5299570000000003e-07,e,2.5,o,2.5,-5.55,7780.0,0.0
1.530042e-07,e,1.5,o,0.5,-2.02,26500000.0,-0.423
1.530983e-07,e,2.5,o,2.5,-2.26,15800000.0,-0.317
1.531295e-07,e,3.5,o,4.5,-1.75,51500000.0,-0.512
1.532316e-07,e,3.5,o,2.5,-1.26,162000000.0,0.436
1.532438e-07,e,3.5,o,3.5,-3.43,1070000.0,0.016
1.533042e-07,e,2.5,o,1.5,-2.31,13400000.0,0.287
1.533206e-07,e,6.5,o,7.5,-3.28,1490000.0,0.005
1.5333900000000002e-07,e,2.5,o,2.5,-2.58,7640000.0,-0.097
1.533425e-07,e,1.5,o,2.5,-3.5,873000.0,0.02
1.5336910000000002e-07,e,3.5,o,2.5,-3.29,1470000.0,-0.192
1.533825e-07,e,2.5,o,3.5,-1.82,43700000.0,-0.386
1.534444e-07,e,2.5,o,1.5,-2.57,7500000.0,-0.263
1.5346720000000002e-07,e,3.5,o,3.5,-2.33,13100000.0,0.321
1.534681e-07,e,2.5,o,3.5,-2.18,18300000.0,0.275
1.535766e-07,e,4.5,o,3.5,-2.22,17600000.0,0.05
1.535959e-07,e,2.5,o,3.5,-3.57,743000.0,-0.03
1.5362780000000002e-07,e,3.5,o,2.5,-4.63,66000.0,-0.003
1.536287e-07,e,2.5,o,2.5,-4.23,163000.0,-0.005
1.536523e-07,e,1.5,o,1.5,-3.64,624000.0,-0.009
1.536721e-07,e,1.5,o,2.5,-3.54,840000.0,0.019
1.5371510000000002e-07,e,4.5,o,3.5,-0.79,451000000.0,0.828
1.537175e-07,e,3.5,o,4.5,-2.67,6110000.0,0.53
1.5374990000000002e-07,e,1.5,o,2.5,-4.92,34700.0,0.0
1.537504e-07,e,3.5,o,3.5,-1.66,63700000.0,0.161
1.53795e-07,e,2.5,o,2.5,-4.48,93700.0,0.001
1.539475e-07,e,3.5,o,3.5,-3.75,497000.0,-0.006
1.5402580000000002e-07,e,3.5,o,3.5,-3.56,779000.0,-0.014
1.540331e-07,e,3.5,o,2.5,-1.01,274000000.0,0.8
1.540471e-07,e,4.5,o,4.5,-1.19,189000000.0,0.47
1.541328e-07,e,2.5,o,2.5,-3.95,324000.0,-0.004
1.542013e-07,e,2.5,o,3.5,-2.23,16800000.0,-0.25
1.5422200000000002e-07,e,3.5,o,4.5,-3.34,1350000.0,-0.012
1.5431840000000001e-07,e,2.5,o,1.5,-3.74,497000.0,-0.015
1.543446e-07,e,3.5,o,2.5,-3.43,1070000.0,-0.008
1.543946e-07,e,2.5,o,2.5,-3.72,542000.0,-0.018
1.544418e-07,e,3.5,o,2.5,-1.8,44900000.0,-0.596
1.544549e-07,e,2.5,o,3.5,-4.32,128000.0,-0.001
1.546188e-07,e,5.5,o,4.5,-3.18,1850000.0,-0.049
1.546597e-07,e,4.5,o,3.5,-2.59,7430000.0,0.084
1.548359e-07,e,3.5,o,3.5,-3.41,1120000.0,0.011
1.549155e-07,e,4.5,o,4.5,-1.98,30300000.0,0.176
1.550246e-07,e,3.5,o,4.5,-2.2,17800000.0,-0.226
1.550924e-07,e,3.5,o,4.5,-4.22,174000.0,-0.002
1.552684e-07,e,1.5,o,0.5,-3.15,1960000.0,-0.121
1.5530170000000002e-07,e,4.5,o,5.5,-3.93,340000.0,-0.003
1.5559530000000001e-07,e,1.5,o,1.5,-3.75,503000.0,-0.014
1.559345e-07,e,1.5,o,2.5,-2.57,7130000.0,-0.277
1.560676e-07,e,2.5,o,1.5,-5.16,19200.0,0.0
1.562539e-07,e,2.5,o,1.5,-3.39,1130000.0,-0.022
1.563137e-07,e,2.5,o,1.5,-1.3,134000000.0,-0.723
1.565379e-07,e,1.5,o,1.5,-3.01,2650000.0,-0.172
1.5658130000000002e-07,e,3.5,o,2.5,-2.67,5980000.0,-0.045
1.5667570000000002e-07,e,1.5,o,1.5,-2.34,12200000.0,0.149
1.568249e-07,e,2.5,o,2.5,-2.44,10100000.0,0.184
1.570638e-07,e,4.5,o,3.5,-2.89,3640000.0,-0.018
1.571139e-07,e,1.5,o,2.5,-3.92,327000.0,-0.007
1.571655e-07,e,3.5,o,2.5,-3.36,1220000.0,0.029
1.572456e-07,e,3.5,o,3.5,-2.6,7070000.0,0.049
1.5738689999999999e-07,e,2.5,o,1.5,-3.33,1280000.0,-0.056
1.575955e-07,e,2.5,o,2.5,-3.92,325000.0,-0.006
1.576305e-07,e,4.5,o,4.5,-1.59,71300000.0,0.15
1.576837e-07,e,2.5,o,1.5,-5.4,10600.0,-0.022
1.576877e-07,e,3.5,o,4.5,-1.34,122000000.0,0.542
1.578136e-07,e,3.5,o,4.5,-3.4,1100000.0,-0.004
1.578168e-07,e,3.5,o,2.5,-5.37,11500.0,0.0
1.5791600000000002e-07,e,2.5,o,3.5,-3.07,2190000.0,-0.064
1.582777e-07,e,3.5,o,3.5,-2.75,4810000.0,-0.083
1.5836240000000002e-07,e,3.5,o,4.5,-2.98,2720000.0,0.19
1.583923e-07,e,2.5,o,3.5,-2.2,17000000.0,-0.063
1.584003e-07,e,2.5,o,1.5,-2.95,2940000.0,0.126
1.5852780000000002e-07,e,5.5,o,4.5,-2.83,3900000.0,0.118
1.585324e-07,e,1.5,o,0.5,-1.81,40300000.0,-0.267
1.585972e-07,e,6.5,o,5.5,-2.8,4210000.0,0.163
1.586503e-07,e,3.5,o,3.5,-4.55,74200.0,0.001
1.5865129999999999e-07,e,2.5,o,3.5,-1.25,146000000.0,0.614
1.5865229999999999e-07,e,5.5,o,6.5,-5.04,24000.0,0.0
1.587775e-07,e,5.5,o,5.5,-4.15,187000.0,-0.005
1.5886730000000002e-07,e,1.5,o,2.5,-2.61,6170000.0,0.21
1.590918e-07,e,1.5,o,2.5,-2.88,3470000.0,0.208
1.591911e-07,e,2.5,o,3.5,-2.79,4080000.0,0.064
1.5939050000000001e-07,e,2.5,o,2.5,-4.08,216000.0,-0.029
1.594795e-07,e,2.5,o,1.5,-3.34,1220000.0,-0.083
1.595069e-07,e,0.5,o,0.5,-4.06,231000.0,0.066
1.596154e-07,e,3.5,o,2.5,-2.81,4020000.0,0.06
1.596164e-07,e,2.5,o,2.5,-3.66,565000.0,-0.045
1.599035e-07,e,4.5,o,3.5,-3.59,670000.0,-0.009
1.599184e-07,e,5.5,o,4.5,-4.29,134000.0,-0.01
1.60155e-07,e,3.5,o,3.5,-4.78,42700.0,-0.005
1.604034e-07,e,3.5,o,2.5,-3.2,1630000.0,-0.062
1.6048040000000001e-07,e,2.5,o,3.5,-3.36,1170000.0,0.185
1.60847e-07,e,0.5,o,1.5,-2.94,2990000.0,0.187
1.608555e-07,e,6.5,o,5.5,-3.11,2020000.0,0.013
1.6104100000000002e-07,e,5.5,o,5.5,-4.65,57200.0,-0.004
1.611713e-07,e,4.5,o,3.5,-2.62,6470000.0,0.014
1.613627e-07,e,3.5,o,3.5,-1.84,38600000.0,0.066
1.6150160000000002e-07,e,3.5,o,2.5,-4.55,74700.0,0.001
1.616953e-07,e,4.5,o,4.5,-2.2,16800000.0,-0.121
1.6188800000000003e-07,e,3.5,o,4.5,-4.77,44900.0,0.0
1.619551e-07,e,4.5,o,5.5,-3.53,785000.0,-0.006
1.620081e-07,e,2.5,o,3.5,-3.19,1650000.0,-0.064
1.620365e-07,e,4.5,o,3.5,-2.91,3260000.0,0.029
1.6210560000000001e-07,e,1.5,o,0.5,-4.66,54100.0,0.022
1.622299e-07,e,3.5,o,3.5,-2.64,6000000.0,0.02
1.623996e-07,e,1.5,o,2.5,-3.89,326000.0,0.019
1.6256300000000002e-07,e,2.5,o,3.5,-2.36,11200000.0,0.316
1.6256410000000002e-07,e,2.5,o,3.5,-3.6,611000.0,0.012
1.626916e-07,e,3.5,o,2.5,-3.65,591000.0,-0.034
1.62779e-07,e,2.5,o,2.5,-3.91,296000.0,-0.005
1.629142e-07,e,2.5,o,2.5,-3.64,570000.0,0.031
1.631423e-07,e,4.5,o,4.5,-3.97,277000.0,0.001
1.6315080000000002e-07,e,3.5,o,2.5,-3.7,504000.0,0.038
1.6317149999999999e-07,e,1.5,o,2.5,-2.53,7170000.0,0.101
1.633384e-07,e,3.5,o,4.5,-3.43,961000.0,-0.004
1.637771e-07,e,2.5,o,3.5,-4.5,80700.0,0.006
1.6404900000000002e-07,e,1.5,o,1.5,-4.42,92600.0,-0.039
1.641265e-07,e,3.5,o,4.5,-2.26,13300000.0,0.441
1.6430530000000002e-07,e,2.5,o,1.5,-3.17,1690000.0,-0.064
1.643107e-07,e,4.5,o,5.5,-2.93,3050000.0,-0.028
1.6467760000000002e-07,e,4.5,o,3.5,-3.34,1120000.0,0.059
1.648248e-07,e,3.5,o,2.5,-2.93,2900000.0,-0.469
1.6484700000000002e-07,e,2.5,o,1.5,-2.19,15500000.0,-0.216
1.6503370000000002e-07,e,2.5,o,1.5,-4.72,47800.0,-0.003
1.650407e-07,e,2.5,o,3.5,-4.51,74700.0,0.003
1.6518250000000002e-07,e,2.5,o,1.5,-5.9,3170.0,0.001
1.6524970000000002e-07,e,1.5,o,1.5,-4.71,46000.0,-0.001
1.652835e-07,e,3.5,o,3.5,-3.41,950000.0,0.043
1.654826e-07,e,2.5,o,2.5,-3.29,1200000.0,-0.022
1.65601e-07,e,2.5,o,1.5,-5.51,7460.0,0.0
1.656449e-07,e,3.5,o,3.5,-2.02,23000000.0,-0.299
1.65646e-07,e,2.5,o,3.5,-4.28,128000.0,-0.004
1.656595e-07,e,1.5,o,0.5,-3.32,1130000.0,0.022
1.657311e-07,e,2.5,o,2.5,-3.58,649000.0,0.036
1.658556e-07,e,2.5,o,2.5,-2.36,10600000.0,-0.181
1.658884e-07,e,1.5,o,2.5,-3.69,488000.0,-0.015
1.658972e-07,e,1.5,o,2.5,-3.7,486000.0,-0.052
1.66025e-07,e,1.5,o,1.5,-5.87,3270.0,0.001
1.661085e-07,e,2.5,o,1.5,-3.41,907000.0,0.012
1.662635e-07,e,2.5,o,1.5,-3.56,663000.0,0.041
1.663858e-07,e,2.5,o,2.5,-2.1,19400000.0,-0.261
1.6647550000000003e-07,e,2.5,o,3.5,-4.6,62100.0,0.004
1.665174e-07,e,1.5,o,1.5,-3.72,444000.0,-0.014
1.665628e-07,e,2.5,o,1.5,-3.84,349000.0,0.034
1.666928e-07,e,4.5,o,3.5,-2.64,5530000.0,-0.538
1.670523e-07,e,3.5,o,2.5,-2.77,4060000.0,-0.087
1.6705340000000003e-07,e,2.5,o,2.5,-2.46,8290000.0,-0.127
1.6714860000000001e-07,e,1.5,o,2.5,-5.11,18400.0,0.004
1.67287e-07,e,4.5,o,4.5,-1.22,145000000.0,0.707
1.675623e-07,e,3.5,o,4.5,-3.05,2120000.0,-0.104
1.676255e-07,e,3.5,o,3.5,-3.31,1160000.0,0.283
1.676752e-07,e,2.5,o,2.5,-3.91,285000.0,-0.006
1.6768450000000002e-07,e,3.5,o,2.5,-4.31,120000.0,-0.006
1.676938e-07,e,2.5,o,2.5,-4.6,59000.0,-0.002
1.679444e-07,e,3.5,o,2.5,-3.62,565000.0,-0.023
1.6809179999999998e-07,e,1.5,o,2.5,-3.81,356000.0,-0.021
1.681811e-07,e,2.5,o,3.5,-1.57,62700000.0,-0.637
1.683295e-07,e,2.5,o,1.5,-3.47,792000.0,0.08
1.684412e-07,e,2.5,o,1.5,-2.82,3450000.0,-0.099
1.687878e-07,e,0.5,o,1.5,-4.58,61800.0,-0.036
1.688616e-07,e,1.5,o,1.5,-3.69,464000.0,0.024
1.688696e-07,e,1.5,o,1.5,-4.03,217000.0,-0.01
1.689763e-07,e,1.5,o,0.5,-3.92,280000.0,0.013
1.69076e-07,e,1.5,o,1.5,-3.21,1450000.0,-0.132
1.692299e-07,e,2.5,o,2.5,-2.72,4390000.0,0.083
1.693288e-07,e,3.5,o,2.5,-3.25,1300000.0,0.083
1.694261e-07,e,2.5,o,1.5,-3.37,981000.0,-0.028
1.6955820000000003e-07,e,2.5,o,3.5,-4.25,127000.0,-0.007
1.6973350000000002e-07,e,4.5,o,5.5,-5.02,22000.0,0.009
1.700729e-07,e,5.5,o,4.5,-2.79,3670000.0,-0.81
1.7027590000000002e-07,e,2.5,o,2.5,-2.78,3830000.0,-0.165
1.703139e-07,e,2.5,o,1.5,-3.04,2090000.0,-0.081
1.703311e-07,e,1.5,o,0.5,-3.08,1910000.0,-0.189
1.704161e-07,e,3.5,o,3.5,-3.68,490000.0,0.005
1.704809e-07,e,1.5,o,1.5,-4.5,73500.0,0.004
1.705489e-07,e,2.5,o,3.5,-5.98,2500.0,0.0
1.7086010000000003e-07,e,4.5,o,3.5,-3.14,1650000.0,0.122
1.709899e-07,e,4.5,o,4.5,-3.14,1650000.0,0.463
1.7103989999999998e-07,e,1.5,o,2.5,-3.76,400000.0,0.037
1.710972e-07,e,2.5,o,3.5,-5.63,5450.0,0.001
1.712282e-07,e,1.5,o,1.5,-2.29,11500000.0,-0.213
1.7125340000000003e-07,e,2.5,o,2.5,-5.28,12000.0,0.004
1.7174780000000003e-07,e,3.5,o,2.5,-3.12,1710000.0,-0.342
1.718848e-07,e,2.5,o,3.5,-3.31,1060000.0,-0.04
1.719714e-07,e,3.5,o,4.5,-4.56,62400.0,-0.019
1.720726e-07,e,2.5,o,3.5,-3.86,314000.0,0.046
1.722861e-07,e,3.5,o,3.5,-2.62,5380000.0,-0.199
1.7238409999999998e-07,e,3.5,o,2.5,-3.58,611000.0,-0.011
1.725167e-07,e,3.5,o,2.5,-4.08,184000.0,0.006
1.7251790000000002e-07,e,2.5,o,2.5,-2.67,4810000.0,0.204
1.7252e-07,e,2.5,o,2.5,-3.94,263000.0,0.012
1.7259200000000001e-07,e,2.5,o,2.5,-2.81,3550000.0,0.079
1.726358e-07,e,1.5,o,1.5,-2.75,3920000.0,0.1
1.7281780000000002e-07,e,4.5,o,4.5,-5.89,2900.0,-0.001
1.729126e-07,e,1.5,o,2.5,-1.87,29800000.0,-0.492
1.731485e-07,e,4.5,o,5.5,-4.37,92300.0,0.001
1.732352e-07,e,4.5,o,3.5,-2.69,4540000.0,-0.545
1.732427e-07,e,2.5,o,3.5,-4.17,146000.0,-0.004
1.732667e-07,e,2.5,o,3.5,-3.46,766000.0,0.037
1.734503e-07,e,4.5,o,3.5,-3.34,1000000.0,0.05
1.734852e-07,e,3.5,o,4.5,-4.39,90600.0,0.014
1.737462e-07,e,3.5,o,3.5,-1.4,87700000.0,0.621
1.738196e-07,e,1.5,o,2.5,-3.4,880000.0,0.089
1.7409140000000002e-07,e,2.5,o,1.5,-5.91,2730.0,0.003
1.742427e-07,e,3.5,o,3.5,-4.09,179000.0,0.043
1.744093e-07,e,2.5,o,2.5,-3.28,1140000.0,0.056
1.746493e-07,e,2.5,o,1.5,-2.78,3500000.0,-0.069
1.7468040000000002e-07,e,3.5,o,2.5,-5.05,19400.0,0.001
1.7481600000000002e-07,e,2.5,o,1.5,-5.38,8800.0,-0.001
1.7493340000000002e-07,e,2.5,o,3.5,-2.35,9650000.0,0.673
1.749475e-07,e,2.5,o,1.5,-3.64,504000.0,-0.008
1.750596e-07,e,4.5,o,4.5,-2.17,14500000.0,0.081
1.751013e-07,e,1.5,o,1.5,-4.15,148000.0,0.005
1.7526890000000001e-07,e,1.5,o,1.5,-5.19,13500.0,0.0
1.7536880000000003e-07,e,3.5,o,2.5,-3.77,367000.0,0.152
1.7537770000000002e-07,e,4.5,o,4.5,-2.62,5190000.0,-0.341
1.754306e-07,e,2.5,o,2.5,-4.86,28600.0,0.001
1.754454e-07,e,0.5,o,0.5,-2.3,10900000.0,-0.464
1.757445e-07,e,3.5,o,4.5,-4.39,86000.0,0.001
1.757568e-07,e,1.5,o,0.5,-2.05,19200000.0,0.546
1.758164e-07,e,1.5,o,0.5,-3.56,587000.0,-0.008
1.7587550000000002e-07,e,2.5,o,3.5,-3.33,1000000.0,-0.042
1.758866e-07,e,1.5,o,2.5,-4.97,22500.0,0.001
1.758969e-07,e,2.5,o,1.5,-1.94,24800000.0,0.46
1.7612300000000002e-07,e,1.5,o,1.5,-3.64,489000.0,0.012
1.761512e-07,e,3.5,o,3.5,-3.59,555000.0,0.005
1.7616430000000002e-07,e,2.5,o,2.5,-3.94,237000.0,-0.005
1.762649e-07,e,2.5,o,3.5,-4.5,66200.0,0.001
1.763305e-07,e,4.5,o,3.5,-3.99,218000.0,0.003
1.763973e-07,e,0.5,o,1.5,-2.26,11700000.0,-0.322
1.7658330000000002e-07,e,1.5,o,2.5,-2.73,3990000.0,0.116
1.766051e-07,e,4.5,o,4.5,-2.98,2190000.0,-0.036
1.766241e-07,e,1.5,o,2.5,-5.01,20000.0,0.0
1.7664380000000002e-07,e,3.5,o,2.5,-1.81,32900000.0,0.479
1.767122e-07,e,1.5,o,1.5,-2.57,5790000.0,-0.272
1.767268e-07,e,3.5,o,2.5,-2.55,6150000.0,0.1
1.7672840000000001e-07,e,2.5,o,1.5,-3.77,357000.0,-0.003
1.767468e-07,e,2.5,o,3.5,-3.71,410000.0,0.005
1.768697e-07,e,2.5,o,2.5,-3.5,682000.0,-0.01
1.768803e-07,e,3.5,o,4.5,-3.55,598000.0,0.028
1.769893e-07,e,1.5,o,2.5,-5.03,19500.0,-0.001
1.769893e-07,e,3.5,o,2.5,-5.85,3060.0,0.0
1.770253e-07,e,3.5,o,3.5,-2.18,13800000.0,0.094
1.773021e-07,e,3.5,o,4.5,-3.4,826000.0,0.049
1.773826e-07,e,2.5,o,1.5,-2.72,4030000.0,-0.279
1.775036e-07,e,1.5,o,0.5,-3.34,934000.0,-0.071
1.776007e-07,e,2.5,o,2.5,-2.87,2820000.0,0.024
1.776354e-07,e,0.5,o,0.5,-4.11,163000.0,-0.01
1.7767480000000002e-07,e,2.5,o,2.5,-2.5,6630000.0,-0.185
1.7774050000000002e-07,e,4.5,o,3.5,-1.66,46600000.0,0.707
1.778818e-07,e,3.5,o,2.5,-5.91,2550.0,0.0
1.778916e-07,e,0.5,o,1.5,-3.52,636000.0,0.019
1.782118e-07,e,1.5,o,1.5,-3.35,938000.0,0.188
1.7843309999999999e-07,e,4.5,o,3.5,-3.31,1010000.0,-0.007
1.785067e-07,e,1.5,o,2.5,-3.66,454000.0,0.092
1.7885950000000001e-07,e,2.5,o,3.5,-4.32,99900.0,0.006
1.790014e-07,e,3.5,o,4.5,-2.81,3200000.0,0.069
1.791447e-07,e,3.5,o,3.5,-5.23,12100.0,0.0
1.7920950000000001e-07,e,3.5,o,3.5,-3.8,324000.0,0.053
1.792108e-07,e,2.5,o,3.5,-2.85,2910000.0,0.053
1.792841e-07,e,3.5,o,3.5,-2.68,4340000.0,-0.111
1.792989e-07,e,0.5,o,1.5,-4.77,35300.0,0.009
1.7936700000000002e-07,e,1.5,o,1.5,-3.25,1160000.0,0.035
1.795958e-07,e,4.5,o,3.5,-3.54,592000.0,-0.009
1.7961900000000002e-07,e,1.5,o,2.5,-4.34,94000.0,-0.002
1.799684e-07,e,3.5,o,2.5,-4.68,42500.0,0.002
1.7996969999999999e-07,e,2.5,o,2.5,-3.83,304000.0,-0.007
1.7999500000000002e-07,e,2.5,o,1.5,-3.79,333000.0,0.005
1.800277e-07,e,2.5,o,3.5,-3.37,872000.0,0.036
1.802487e-07,e,2.5,o,2.5,-2.36,8890000.0,0.064
1.803166e-07,e,3.5,o,3.5,-3.09,1650000.0,-0.027
1.803462e-07,e,2.5,o,3.5,-3.92,244000.0,0.037
1.80408e-07,e,4.5,o,3.5,-3.38,854000.0,0.106
1.804764e-07,e,3.5,o,2.5,-2.47,6870000.0,-0.188
1.805383e-07,e,3.5,o,2.5,-3.14,1480000.0,0.01
1.805625e-07,e,1.5,o,1.5,-2.46,7080000.0,0.116
1.807995e-07,e,3.5,o,3.5,-3.92,246000.0,0.012
1.8080080000000002e-07,e,2.5,o,3.5,-3.74,373000.0,0.034
1.810158e-07,e,1.5,o,0.5,-4.33,94200.0,0.003
1.8119880000000002e-07,e,2.5,o,1.5,-3.37,859000.0,0.011
1.814546e-07,e,2.5,o,3.5,-3.2,1240000.0,-0.053
1.81501e-07,e,3.5,o,3.5,-4.74,36800.0,-0.022
1.815528e-07,e,2.5,o,2.5,-3.15,1430000.0,0.104
1.8163030000000002e-07,e,2.5,o,2.5,-4.57,52800.0,0.005
1.8164120000000002e-07,e,1.5,o,2.5,-4.64,45700.0,-0.001
1.817696e-07,e,2.5,o,1.5,-5.08,17000.0,-0.004
1.818675e-07,e,2.5,o,1.5,-4.63,47700.0,-0.011
1.819492e-07,e,3.5,o,4.5,-3.45,716000.0,0.039
1.819909e-07,e,3.5,o,3.5,-3.58,520000.0,-0.039
1.8199220000000002e-07,e,2.5,o,3.5,-2.9,2490000.0,-0.032
1.820075e-07,e,2.5,o,2.5,-3.58,523000.0,-0.023
1.820386e-07,e,3.5,o,2.5,-5.3,10400.0,0.0
1.821192e-07,e,1.5,o,2.5,-3.33,906000.0,0.022
1.822496e-07,e,2.5,o,3.5,-2.98,2090000.0,-0.053
1.824215e-07,e,1.5,o,2.5,-4.31,97700.0,-0.062
1.82552e-07,e,2.5,o,3.5,-4.1,154000.0,0.01
1.831368e-07,e,2.5,o,2.5,-4.95,21500.0,0.0
1.831421e-07,e,3.5,o,4.5,-2.92,2360000.0,-0.041
1.8340239999999999e-07,e,1.5,o,0.5,-5.76,3420.0,0.0
1.834317e-07,e,2.5,o,1.5,-1.93,23300000.0,-0.771
1.8344280000000003e-07,e,3.5,o,2.5,-2.75,3570000.0,0.05
1.835492e-07,e,3.5,o,2.5,-3.79,316000.0,0.022
1.835506e-07,e,2.5,o,2.5,-2.66,4260000.0,0.074
1.8359670000000002e-07,e,2.5,o,2.5,-2.68,4150000.0,0.049
1.836338e-07,e,1.5,o,2.5,-5.73,3550.0,0.0
1.8457850000000001e-07,e,2.5,o,1.5,-3.58,522000.0,0.07
1.8529949999999998e-07,e,4.5,o,3.5,-2.34,8850000.0,-0.127
1.8540290000000002e-07,e,4.5,o,4.5,-3.43,720000.0,-0.022
1.854527e-07,e,3.5,o,2.5,-1.88,25400000.0,-0.644
1.857455e-07,e,2.5,o,2.5,-2.88,2570000.0,0.271
1.8588710000000002e-07,e,6.5,o,5.5,-4.09,155000.0,-0.609
1.861435e-07,e,3.5,o,3.5,-2.77,3290000.0,0.111
1.8617120000000002e-07,e,3.5,o,4.5,-3.01,1880000.0,0.068
1.861761e-07,e,1.5,o,1.5,-5.68,3980.0,0.0
1.86302e-07,e,2.5,o,3.5,-4.0,193000.0,-0.006
1.8673510000000003e-07,e,4.5,o,3.5,-4.71,37100.0,0.003
1.868153e-07,e,3.5,o,3.5,-3.68,393000.0,0.012
1.868167e-07,e,2.5,o,3.5,-2.54,5420000.0,-0.244
1.868527e-07,e,2.5,o,1.5,-5.37,8060.0,0.0
1.869176e-07,e,3.5,o,4.5,-3.51,579000.0,-0.011
1.869701e-07,e,1.5,o,0.5,-4.32,92000.0,0.009
1.8697770000000002e-07,e,3.5,o,3.5,-3.34,880000.0,0.045
1.871124e-07,e,3.5,o,4.5,-5.44,6740.0,0.0
1.871198e-07,e,5.5,o,4.5,-3.69,384000.0,-0.681
1.872021e-07,e,2.5,o,3.5,-3.22,1140000.0,0.053
1.873147e-07,e,4.5,o,3.5,-1.89,24300000.0,-0.644
1.8733219999999998e-07,e,5.5,o,5.5,-4.91,22900.0,0.622
1.875145e-07,e,3.5,o,3.5,-3.99,195000.0,-0.006
1.8762639999999998e-07,e,3.5,o,2.5,-4.12,142000.0,-0.01
1.876278e-07,e,2.5,o,2.5,-2.58,4920000.0,-0.113
1.8785830000000002e-07,e,1.5,o,2.5,-5.82,2830.0,-0.002
1.8805160000000003e-07,e,1.5,o,1.5,-3.83,277000.0,0.01
1.881333e-07,e,2.5,o,3.5,-4.5,59600.0,-0.021
1.881354e-07,e,4.5,o,3.5,-3.54,551000.0,0.001
1.881995e-07,e,4.5,o,3.5,-3.42,715000.0,-0.304
1.8823030000000001e-07,e,4.5,o,4.5,-4.12,142000.0,0.066
1.8824380000000002e-07,e,2.5,o,1.5,-2.71,3650000.0,-0.113
1.8828740000000002e-07,e,5.5,o,4.5,-1.76,32800000.0,-0.802
1.884453e-07,e,4.5,o,5.5,-5.22,11100.0,0.002
1.8848360000000001e-07,e,3.5,o,3.5,-4.47,64400.0,-0.001
1.885473e-07,e,2.5,o,2.5,-3.97,201000.0,-0.013
1.886024e-07,e,3.5,o,3.5,-2.53,5500000.0,-0.091
1.886038e-07,e,2.5,o,3.5,-3.8,297000.0,-0.007
1.888642e-07,e,3.5,o,2.5,-3.9,232000.0,0.005
1.890059e-07,e,3.5,o,3.5,-2.93,2170000.0,0.15
1.8910310000000001e-07,e,4.5,o,3.5,-2.37,7840000.0,-0.601
1.8912780000000001e-07,e,3.5,o,2.5,-3.93,216000.0,-0.305
1.892223e-07,e,0.5,o,1.5,-4.46,64100.0,-0.002
1.8931e-07,e,2.5,o,3.5,-4.68,38600.0,-0.01
1.893893e-07,e,3.5,o,3.5,-4.31,91600.0,0.074
1.895253e-07,e,3.5,o,2.5,-1.84,26800000.0,0.482
1.896896e-07,e,2.5,o,2.5,-3.13,1390000.0,-0.039
1.897508e-07,e,1.5,o,1.5,-4.22,110000.0,-0.013
1.900852e-07,e,1.5,o,2.5,-3.93,215000.0,0.008
1.903109e-07,e,1.5,o,0.5,-4.48,60900.0,-0.015
1.90312e-07,e,3.5,o,4.5,-2.44,6680000.0,-0.313
1.903877e-07,e,1.5,o,1.5,-3.6,457000.0,-0.022
1.9054120000000002e-07,e,1.5,o,2.5,-3.33,858000.0,-0.026
1.9089400000000002e-07,e,3.5,o,2.5,-3.11,1450000.0,0.007
1.910041e-07,e,3.5,o,2.5,-2.89,2390000.0,-0.204
1.919091e-07,e,2.5,o,1.5,-2.08,15000000.0,0.378
1.919762e-07,e,2.5,o,1.5,-3.21,1120000.0,-0.173
1.924543e-07,e,2.5,o,1.5,-3.27,964000.0,0.368
1.927581e-07,e,4.5,o,4.5,-3.22,1080000.0,0.18
1.9335550000000001e-07,e,3.5,o,3.5,-2.78,2960000.0,-0.08
1.93357e-07,e,2.5,o,3.5,-3.42,678000.0,-0.014
1.935288e-07,e,4.5,o,3.5,-3.08,1490000.0,0.147
1.9356140000000002e-07,e,4.5,o,4.5,-3.9,222000.0,-0.017
1.936596e-07,e,3.5,o,2.5,-3.89,226000.0,-0.017
1.9366110000000002e-07,e,2.5,o,2.5,-2.39,7110000.0,-0.169
1.937211e-07,e,5.5,o,4.5,-2.26,9570000.0,-0.529
1.937887e-07,e,4.5,o,5.5,-4.11,139000.0,-0.002
1.939789e-07,e,3.5,o,4.5,-5.37,7480.0,0.0
1.9423430000000002e-07,e,2.5,o,1.5,-4.08,148000.0,-0.239
1.9426340000000002e-07,e,3.5,o,2.5,-2.92,2120000.0,0.259
1.943684e-07,e,4.5,o,4.5,-3.63,413000.0,-0.019
1.94512e-07,e,2.5,o,2.5,-3.99,178000.0,0.033
1.9453060000000001e-07,e,1.5,o,2.5,-4.79,28500.0,-0.004
1.945495e-07,e,3.5,o,4.5,-5.48,5760.0,-0.001
1.9458470000000002e-07,e,2.5,o,2.5,-3.79,288000.0,-0.092
1.9465250000000003e-07,e,4.5,o,4.5,-3.6,436000.0,0.276
1.947753e-07,e,3.5,o,3.5,-3.62,421000.0,0.036
1.95082e-07,e,3.5,o,2.5,-3.23,1030000.0,0.185
1.9521300000000002e-07,e,3.5,o,4.5,-4.85,24300.0,0.002
1.953602e-07,e,3.5,o,3.5,-3.55,498000.0,-0.037
1.953934e-07,e,3.5,o,4.5,-5.52,5300.0,0.0
1.956162e-07,e,4.5,o,3.5,-2.75,3070000.0,0.561
1.961773e-07,e,2.5,o,1.5,-3.42,658000.0,0.265
1.962339e-07,e,3.5,o,2.5,-3.2,1100000.0,0.004
1.963402e-07,e,2.5,o,2.5,-3.67,366000.0,-0.067
1.965015e-07,e,4.5,o,3.5,-3.66,383000.0,-0.023
1.965954e-07,e,2.5,o,1.5,-2.43,6410000.0,-0.235
1.9661160000000002e-07,e,3.5,o,4.5,-4.53,52100.0,0.001
1.96622e-07,e,2.5,o,3.5,-5.29,8870.0,0.001
1.96718e-07,e,0.5,o,0.5,-3.77,291000.0,-0.018
1.9680000000000002e-07,e,0.5,o,1.5,-3.77,292000.0,-0.019
1.970187e-07,e,2.5,o,3.5,-3.67,367000.0,-0.015
1.971096e-07,e,1.5,o,0.5,-3.7,343000.0,0.474
1.97192e-07,e,1.5,o,1.5,-4.02,164000.0,-0.128
1.9735660000000002e-07,e,1.5,o,2.5,-5.11,13300.0,0.006
1.973648e-07,e,3.5,o,3.5,-4.42,66000.0,-0.002
1.9746140000000002e-07,e,3.5,o,3.5,-3.52,516000.0,-0.047
1.974985e-07,e,3.5,o,2.5,-2.54,4910000.0,-0.212
1.9750000000000001e-07,e,2.5,o,2.5,-3.15,1220000.0,0.133
1.975675e-07,e,4.5,o,3.5,-3.62,404000.0,0.616
1.976296e-07,e,0.5,o,0.5,-4.2,107000.0,0.009
1.977934e-07,e,2.5,o,3.5,-5.15,12000.0,0.017
1.981481e-07,e,3.5,o,2.5,-2.95,1880000.0,-0.018
1.982455e-07,e,1.5,o,2.5,-3.52,519000.0,-0.019
1.9832770000000002e-07,e,2.5,o,2.5,-2.88,2230000.0,-0.01
1.983922e-07,e,2.5,o,1.5,-4.17,115000.0,0.005
1.984245e-07,e,2.5,o,3.5,-5.11,13000.0,-0.001
1.984245e-07,e,4.5,o,5.5,-3.36,741000.0,-0.027
1.9883840000000002e-07,e,0.5,o,1.5,-4.78,28000.0,-0.002
1.9890880000000001e-07,e,3.5,o,2.5,-3.63,393000.0,-0.137
1.990129e-07,e,2.5,o,2.5,-4.77,28700.0,-0.001
1.992457e-07,e,2.5,o,2.5,-4.49,54600.0,0.063
1.99366e-07,e,3.5,o,2.5,-3.79,277000.0,-0.018
1.995184e-07,e,3.5,o,4.5,-4.48,55100.0,0.006
1.998845e-07,e,1.5,o,0.5,-2.44,6190000.0,0.738
1.99978e-07,e,3.5,o,3.5,-3.06,1450000.0,0.009
2.0016060000000002e-07,e,0.5,o,0.5,-2.44,6180000.0,-0.772
2.0022590000000002e-07,e,2.5,o,3.5,-3.02,1580000.0,0.075
2.0036350000000002e-07,e,3.5,o,2.5,-4.13,124000.0,0.016
2.0062960000000002e-07,e,3.5,o,2.5,-5.03,15400.0,0.0
2.006312e-07,e,2.5,o,2.5,-4.51,50700.0,0.002
2.0066780000000002e-07,e,3.5,o,4.5,-4.69,33900.0,-0.001
2.0073920000000002e-07,e,0.5,o,1.5,-5.39,6700.0,0.003
2.011708e-07,e,3.5,o,3.5,-3.4,642000.0,-0.018
2.013321e-07,e,2.5,o,1.5,-5.3,8080.0,0.002
2.01356e-07,e,2.5,o,3.5,-4.19,104000.0,-0.011
2.0152840000000002e-07,e,3.5,o,4.5,-3.9,200000.0,0.004
2.017288e-07,e,2.5,o,1.5,-2.75,2920000.0,0.265
2.018816e-07,e,2.5,o,1.5,-4.96,18000.0,0.009
2.019933e-07,e,1.5,o,1.5,-2.35,7620000.0,-0.648
2.020713e-07,e,2.5,o,1.5,-2.05,15000000.0,0.719
2.021493e-07,e,3.5,o,2.5,-5.48,5490.0,-0.004
2.0227520000000001e-07,e,0.5,o,1.5,-3.16,1170000.0,0.53
2.022776e-07,e,3.5,o,2.5,-4.74,29300.0,-0.004
2.024649e-07,e,2.5,o,2.5,-5.58,4230.0,0.001
2.028542e-07,e,1.5,o,1.5,-3.28,853000.0,-0.02
2.033314e-07,e,3.5,o,3.5,-4.99,16400.0,0.001
2.03333e-07,e,2.5,o,3.5,-2.98,1680000.0,0.151
2.036577e-07,e,2.5,o,1.5,-3.27,858000.0,-0.028
2.037673e-07,e,3.5,o,3.5,-5.04,14800.0,0.001
2.0384120000000002e-07,e,2.5,o,1.5,-5.77,2710.0,-0.008
2.039123e-07,e,3.5,o,3.5,-3.01,1570000.0,-0.006
2.0410250000000002e-07,e,2.5,o,3.5,-2.45,5610000.0,-0.104
2.042271e-07,e,2.5,o,2.5,-5.47,5430.0,-0.001
2.045492e-07,e,3.5,o,2.5,-1.9,20100000.0,-0.076
2.0481149999999998e-07,e,4.5,o,3.5,-3.48,529000.0,-0.141
2.053089e-07,e,3.5,o,2.5,-4.81,24700.0,-0.016
2.054321e-07,e,3.5,o,3.5,-2.93,1830000.0,-0.025
2.0558240000000002e-07,e,2.5,o,1.5,-5.11,12200.0,-0.002
2.0562510000000004e-07,e,2.5,o,3.5,-4.94,17800.0,0.0
2.0571990000000003e-07,e,3.5,o,2.5,-5.24,9130.0,-0.001
2.0591350000000004e-07,e,2.5,o,2.5,-3.5,500000.0,0.02
2.0598850000000002e-07,e,1.5,o,2.5,-3.42,600000.0,0.103
2.06266e-07,e,1.5,o,2.5,-3.42,620000.0,0.381
2.063473e-07,e,2.5,o,2.5,-2.47,5480000.0,-0.524
2.0668629999999998e-07,e,3.5,o,3.5,-4.35,69600.0,-0.001
2.0668800000000003e-07,e,2.5,o,3.5,-2.63,3680000.0,-0.204
2.068172e-07,e,2.5,o,2.5,-3.91,191000.0,-0.007
2.0683510000000003e-07,e,3.5,o,3.5,-4.22,93800.0,0.033
2.069515e-07,e,4.5,o,3.5,-4.39,62600.0,-0.321
2.071024e-07,e,2.5,o,1.5,-4.89,20300.0,-0.002
2.0715430000000003e-07,e,2.5,o,1.5,-4.33,72800.0,-0.019
2.0719850000000001e-07,e,3.5,o,2.5,-3.82,238000.0,-0.009
2.071993e-07,e,2.5,o,3.5,-5.78,2590.0,-0.014
2.074891e-07,e,4.5,o,3.5,-1.75,26700000.0,-0.118
2.075133e-07,e,3.5,o,2.5,-1.81,24700000.0,0.616
2.075395e-07,e,3.5,o,4.5,-2.7,3140000.0,-0.174
2.0791280000000003e-07,e,3.5,o,3.5,-3.04,1380000.0,0.083
2.086528e-07,e,3.5,o,3.5,-3.45,540000.0,0.038
2.086546e-07,e,2.5,o,3.5,-3.88,201000.0,-0.056
2.089192e-07,e,2.5,o,2.5,-4.45,54900.0,-0.007
2.091189e-07,e,3.5,o,4.5,-3.36,668000.0,-0.045
2.0940790000000003e-07,e,5.5,o,4.5,-3.07,1290000.0,-0.646
2.096739e-07,e,5.5,o,5.5,-4.66,32900.0,0.463
2.106984e-07,e,2.5,o,1.5,-3.19,966000.0,-0.154
2.109412e-07,e,2.5,o,1.5,-3.56,411000.0,-0.047
2.1116379999999999e-07,e,2.5,o,3.5,-4.68,31300.0,-0.004
2.1132310000000004e-07,e,1.5,o,0.5,-5.88,1970.0,0.003
2.1141790000000003e-07,e,1.5,o,1.5,-5.19,9460.0,0.003
2.116071e-07,e,1.5,o,2.5,-5.31,7240.0,0.001
2.118348e-07,e,3.5,o,2.5,-3.21,911000.0,-0.04
2.118366e-07,e,2.5,o,2.5,-3.09,1210000.0,-0.036
2.121408e-07,e,3.5,o,2.5,-2.85,2080000.0,0.587
2.129055e-07,e,3.5,o,2.5,-2.44,5300000.0,0.319
2.129073e-07,e,2.5,o,2.5,-3.69,295000.0,-0.067
2.130525e-07,e,3.5,o,3.5,-3.24,846000.0,-0.026
2.1305430000000003e-07,e,2.5,o,3.5,-4.25,81400.0,-0.009
2.1306570000000003e-07,e,3.5,o,4.5,-1.73,27500000.0,-0.484
2.132546e-07,e,4.5,o,3.5,-4.96,16200.0,0.028
2.137643e-07,e,3.5,o,3.5,-5.81,2240.0,0.0
2.140966e-07,e,3.5,o,4.5,-3.38,606000.0,-0.047
2.142993e-07,e,3.5,o,4.5,-2.76,2490000.0,-0.019
2.1457710000000002e-07,e,2.5,o,1.5,-4.82,22100.0,-0.003
2.1467660000000002e-07,e,1.5,o,1.5,-5.01,14200.0,-0.007
2.1482689999999998e-07,e,3.5,o,3.5,-4.49,47000.0,0.001
2.1491239999999998e-07,e,4.5,o,3.5,-3.63,340000.0,-0.126
2.1495259999999998e-07,e,4.5,o,4.5,-4.16,98900.0,0.065
2.1499510000000002e-07,e,0.5,o,1.5,-4.02,141000.0,-0.032
2.150381e-07,e,2.5,o,3.5,-1.99,14600000.0,-0.302
2.1523290000000001e-07,e,4.5,o,5.5,-5.14,10400.0,-0.003
2.1558000000000003e-07,e,4.5,o,5.5,-1.97,15200000.0,-0.211
2.1558420000000002e-07,e,4.5,o,4.5,-3.37,619000.0,-0.03
2.1573530000000002e-07,e,4.5,o,5.5,-2.92,1720000.0,-0.021
2.1588620000000002e-07,e,4.5,o,3.5,-5.84,2050.0,-0.001
2.1615079999999998e-07,e,5.5,o,4.5,-3.57,374000.0,-0.426
2.164343e-07,e,5.5,o,5.5,-5.26,7770.0,0.237
2.165107e-07,e,2.5,o,3.5,-2.8,2250000.0,-0.057
2.1660030000000002e-07,e,3.5,o,2.5,-2.98,1500000.0,-0.155
2.1662370000000002e-07,e,3.5,o,4.5,-2.69,2920000.0,-0.027
2.1670210000000002e-07,e,1.5,o,2.5,-2.02,13500000.0,-0.241
2.167979e-07,e,3.5,o,2.5,-3.92,169000.0,-0.102
2.1681480000000002e-07,e,2.5,o,2.5,-4.95,16000.0,0.01
2.169287e-07,e,3.5,o,3.5,-3.39,583000.0,-0.035
2.1694380000000003e-07,e,1.5,o,0.5,-4.81,21900.0,-0.003
2.169989e-07,e,2.5,o,1.5,-4.44,51900.0,-0.111
2.1714160000000003e-07,e,3.5,o,3.5,-4.46,48600.0,0.023
2.171826e-07,e,3.5,o,4.5,-5.2,8880.0,-0.003
2.171982e-07,e,2.5,o,2.5,-4.75,25500.0,0.048
2.1726990000000002e-07,e,4.5,o,3.5,-3.97,152000.0,-0.277
2.1731100000000003e-07,e,4.5,o,4.5,-4.58,36500.0,0.188
2.173214e-07,e,1.5,o,1.5,-2.17,9410000.0,-0.119
2.1754310000000002e-07,e,2.5,o,3.5,-5.6,3570.0,-0.006
2.1761930000000004e-07,e,2.5,o,2.5,-1.89,18000000.0,-0.218
2.178527e-07,e,1.5,o,2.5,-3.72,270000.0,-0.05
2.179433e-07,e,2.5,o,2.5,-5.51,4460.0,-0.002
2.1797800000000002e-07,e,3.5,o,3.5,-5.98,1480.0,-0.003
2.180417e-07,e,3.5,o,2.5,-2.98,1480000.0,-0.041
2.181977e-07,e,4.5,o,3.5,-3.36,621000.0,-0.024
2.182234e-07,e,1.5,o,1.5,-4.92,16800.0,-0.007
2.1824389999999999e-07,e,2.5,o,1.5,-2.94,1600000.0,-0.051
2.188357e-07,e,2.5,o,3.5,-1.82,21300000.0,-0.318
2.19193e-07,e,4.5,o,3.5,-5.83,2060.0,-0.001
2.1926260000000003e-07,e,3.5,o,3.5,-1.87,18700000.0,-0.307
2.1927950000000003e-07,e,5.5,o,4.5,-5.1,10900.0,0.481
2.198745e-07,e,4.5,o,4.5,-2.34,6400000.0,-0.108
2.1993539999999999e-07,e,4.5,o,3.5,-3.66,299000.0,0.049
2.203386e-07,e,4.5,o,4.5,-4.82,20500.0,-0.061
2.205801e-07,e,4.5,o,4.5,-3.17,919000.0,-0.014
2.2058350000000002e-07,e,2.5,o,3.5,-3.79,219000.0,0.001
2.2068139999999998e-07,e,3.5,o,3.5,-3.46,471000.0,0.025
2.2068330000000002e-07,e,2.5,o,3.5,-3.16,951000.0,-0.053
2.2094319999999998e-07,e,2.5,o,2.5,-3.79,221000.0,-0.02
2.2095590000000002e-07,e,3.5,o,4.5,-1.61,33900000.0,-0.416
2.210174e-07,e,3.5,o,3.5,-2.89,1740000.0,0.026
2.2105900000000002e-07,e,3.5,o,4.5,-1.28,71200000.0,-0.187
2.2111909999999998e-07,e,4.5,o,5.5,-1.53,38200000.0,-0.027
2.216189e-07,e,4.5,o,4.5,-2.29,7000000.0,0.129
2.2166509999999999e-07,e,3.5,o,4.5,-4.91,16600.0,-0.003
2.21915e-07,e,1.5,o,2.5,-2.11,10500000.0,0.127
2.223067e-07,e,3.5,o,3.5,-5.56,3630.0,0.0
2.223087e-07,e,2.5,o,3.5,-2.96,1470000.0,-0.052
2.226855e-07,e,3.5,o,2.5,-5.73,2680.0,0.002
2.2271770000000002e-07,e,3.5,o,4.5,-2.16,9310000.0,0.063
2.228671e-07,e,2.5,o,3.5,-3.54,389000.0,-0.1
2.2287700000000002e-07,e,2.5,o,2.5,-2.85,1910000.0,-0.016
2.230032e-07,e,3.5,o,2.5,-3.72,252000.0,0.0
2.231745e-07,e,3.5,o,2.5,-3.03,1250000.0,-0.185
2.231765e-07,e,2.5,o,2.5,-4.27,70600.0,0.044
2.2332e-07,e,3.5,o,2.5,-3.13,990000.0,-0.029
2.2341930000000003e-07,e,1.5,o,1.5,-3.34,619000.0,-0.066
2.2356010000000002e-07,e,4.5,o,5.5,-1.43,49300000.0,-0.441
2.2422779999999998e-07,e,3.5,o,3.5,-5.3,6750.0,0.003
2.2424540000000003e-07,e,4.5,o,4.5,-5.16,8870.0,0.0
2.2439330000000002e-07,e,3.5,o,4.5,-3.18,863000.0,-0.032
2.243944e-07,e,2.5,o,1.5,-3.96,147000.0,-0.016
2.2442310000000004e-07,e,3.5,o,2.5,-4.76,23300.0,-0.037
2.247403e-07,e,3.5,o,4.5,-4.12,96600.0,-0.004
2.2479130000000002e-07,e,3.5,o,3.5,-4.79,21700.0,0.014
2.2483530000000002e-07,e,3.5,o,4.5,-5.75,2340.0,-0.001
2.249081e-07,e,4.5,o,3.5,-3.99,133000.0,0.0
2.2499220000000002e-07,e,3.5,o,4.5,-2.98,1370000.0,-0.011
2.2530900000000002e-07,e,0.5,o,0.5,-5.73,2460.0,0.001
2.2540590000000003e-07,e,3.5,o,3.5,-3.69,260000.0,-0.006
2.2556309999999999e-07,e,1.5,o,0.5,-2.87,1810000.0,0.35
2.258228e-07,e,1.5,o,0.5,-5.56,3650.0,0.02
2.258636e-07,e,2.5,o,1.5,-4.92,15900.0,0.009
2.259147e-07,e,0.5,o,0.5,-2.87,1820000.0,0.366
2.2633090000000002e-07,e,3.5,o,2.5,-4.47,44500.0,0.007
2.26335e-07,e,4.5,o,3.5,-3.32,604000.0,-0.002
2.26456e-07,e,4.5,o,3.5,-4.1,105000.0,0.009
2.266895e-07,e,0.5,o,1.5,-5.0,12900.0,0.001
2.267877e-07,e,4.5,o,4.5,-2.59,3160000.0,-0.002
2.270205e-07,e,4.5,o,3.5,-3.25,728000.0,-0.014
2.27139e-07,e,1.5,o,1.5,-2.71,2590000.0,0.278
2.2717150000000003e-07,e,4.5,o,4.5,-5.05,11500.0,0.0
2.2720970000000003e-07,e,1.5,o,1.5,-5.25,7360.0,-0.017
2.272138e-07,e,1.5,o,0.5,-5.3,6480.0,0.001
2.2723760000000002e-07,e,2.5,o,1.5,-2.88,1760000.0,0.217
2.2729400000000002e-07,e,3.5,o,4.5,-3.3,610000.0,-0.001
2.2749560000000002e-07,e,0.5,o,1.5,-3.03,1240000.0,-0.253
2.2771100000000002e-07,e,2.5,o,3.5,-1.84,18400000.0,0.221
2.2785540000000002e-07,e,3.5,o,3.5,-3.64,298000.0,-0.001
2.279026e-07,e,1.5,o,2.5,-1.83,18800000.0,0.055
2.280263e-07,e,2.5,o,2.5,-4.77,21800.0,-0.007
2.280928e-07,e,2.5,o,3.5,-3.71,252000.0,0.004
2.2817350000000003e-07,e,3.5,o,3.5,-2.48,4230000.0,-0.022
2.2817820000000003e-07,e,4.5,o,4.5,-5.26,7120.0,0.0
2.282475e-07,e,3.5,o,2.5,-4.85,17800.0,0.001
2.2832620000000001e-07,e,3.5,o,4.5,-5.45,4480.0,0.0
2.289173e-07,e,2.5,o,2.5,-4.72,23900.0,0.0
2.289676e-07,e,3.5,o,3.5,-4.59,32700.0,-0.003
2.290594e-07,e,2.5,o,1.5,-5.41,4920.0,-0.03
2.2928159999999998e-07,e,2.5,o,2.5,-5.7,2520.0,0.009
2.2939830000000003e-07,e,1.5,o,2.5,-5.77,2160.0,0.004
2.296228e-07,e,1.5,o,1.5,-3.64,297000.0,-0.102
2.296649e-07,e,4.5,o,3.5,-3.69,255000.0,0.003
2.297235e-07,e,2.5,o,1.5,-3.39,522000.0,-0.15
2.297969e-07,e,4.5,o,5.5,-1.82,19300000.0,0.649
2.2981109999999998e-07,e,4.5,o,3.5,-2.75,2180000.0,0.01
2.2998710000000003e-07,e,0.5,o,1.5,-3.87,173000.0,0.15
2.3011260000000002e-07,e,1.5,o,2.5,-2.99,1310000.0,-0.193
2.3021370000000002e-07,e,2.5,o,2.5,-2.46,4420000.0,0.328
2.3033090000000003e-07,e,3.5,o,3.5,-2.97,1330000.0,0.003
2.3037170000000002e-07,e,2.5,o,3.5,-2.37,5380000.0,0.024
2.305269e-07,e,3.5,o,2.5,-2.88,1690000.0,0.013
2.307029e-07,e,2.5,o,3.5,-5.5,4010.0,0.002
2.3072840000000002e-07,e,3.5,o,4.5,-5.9,1600.0,0.0
2.307699e-07,e,2.5,o,2.5,-2.72,2420000.0,-0.026
2.30845e-07,e,3.5,o,3.5,-4.1,98000.0,-0.001
2.31666e-07,e,3.5,o,2.5,-3.13,943000.0,0.112
2.3174330000000002e-07,e,4.5,o,3.5,-5.76,2080.0,0.0
2.3207300000000002e-07,e,3.5,o,4.5,-3.55,351000.0,-0.109
2.3220500000000003e-07,e,4.5,o,4.5,-2.07,10600000.0,-0.072
2.322718e-07,e,3.5,o,3.5,-2.98,1260000.0,-0.002
2.326398e-07,e,3.5,o,2.5,-3.44,442000.0,-0.112
2.3341149999999999e-07,e,3.5,o,4.5,-2.16,8540000.0,0.131
2.347187e-07,e,2.5,o,3.5,-3.22,738000.0,-0.16
2.362285e-07,e,3.5,o,3.5,-2.3,6150000.0,0.402
2.3625079999999998e-07,e,3.5,o,2.5,-5.48,4130.0,-0.024
2.363368e-07,e,4.5,o,5.5,-4.09,96100.0,0.0
2.366595e-07,e,1.5,o,2.5,-3.65,270000.0,0.166
2.3675189999999998e-07,e,4.5,o,3.5,-3.36,515000.0,0.011
2.367665e-07,e,2.5,o,2.5,-3.17,811000.0,-0.181
2.368658e-07,e,1.5,o,2.5,-4.25,67400.0,-0.001
2.3703870000000003e-07,e,2.5,o,1.5,-1.75,21500000.0,0.082
2.3750320000000002e-07,e,2.5,o,3.5,-2.92,1440000.0,-0.004
2.376872e-07,e,4.5,o,4.5,-2.65,2640000.0,0.01
2.3796210000000002e-07,e,2.5,o,2.5,-3.53,344000.0,-0.005
2.3800630000000002e-07,e,3.5,o,3.5,-4.04,107000.0,0.001
2.3830290000000002e-07,e,3.5,o,2.5,-3.35,534000.0,-0.117
2.384671e-07,e,3.5,o,2.5,-3.73,218000.0,0.005
2.389515e-07,e,3.5,o,4.5,-2.64,2690000.0,-0.004
2.399826e-07,e,4.5,o,5.5,-1.73,21000000.0,-0.028
2.410638e-07,e,3.5,o,2.5,-1.69,23400000.0,0.05
2.412703e-07,e,1.5,o,1.5,-3.44,426000.0,-0.028
2.4132970000000003e-07,e,2.5,o,2.5,-3.27,619000.0,-0.012
2.4150390000000005e-07,e,4.5,o,4.5,-2.88,1490000.0,0.062
2.416171e-07,e,4.5,o,3.5,-5.52,3600.0,-0.02
2.42078e-07,e,3.5,o,4.5,-3.3,566000.0,-0.016
2.421449e-07,e,1.5,o,0.5,-3.09,945000.0,0.006
2.424078e-07,e,2.5,o,1.5,-2.79,1880000.0,0.036
2.426343e-07,e,1.5,o,2.5,-5.15,8200.0,0.003
2.430737e-07,e,4.5,o,5.5,-3.91,138000.0,-0.001
2.430902e-07,e,4.5,o,4.5,-3.2,683000.0,0.004
2.436719e-07,e,3.5,o,4.5,-2.76,1890000.0,0.002
2.4378470000000003e-07,e,2.5,o,2.5,-3.34,522000.0,-0.023
2.4398220000000003e-07,e,1.5,o,1.5,-5.54,3310.0,0.0
2.443149e-07,e,3.5,o,2.5,-2.55,3180000.0,0.054
2.443543e-07,e,3.5,o,3.5,-2.95,1240000.0,0.01
2.44677e-07,e,1.5,o,0.5,-5.81,1750.0,0.003
2.451455e-07,e,2.5,o,1.5,-2.87,1520000.0,0.005
2.466511e-07,e,3.5,o,2.5,-5.04,9670.0,-0.006
2.473772e-07,e,1.5,o,2.5,-4.5,34600.0,0.001
2.480829e-07,e,2.5,o,3.5,-3.81,172000.0,0.17
2.485732e-07,e,2.5,o,2.5,-3.45,384000.0,0.001
2.49048e-07,e,1.5,o,1.5,-3.84,156000.0,-0.059
2.491244e-07,e,3.5,o,2.5,-2.67,2340000.0,0.005
2.4977020000000003e-07,e,3.5,o,3.5,-2.87,1460000.0,-0.462
2.502603e-07,e,2.5,o,1.5,-3.47,363000.0,0.059
2.505268e-07,e,5.5,o,4.5,-4.32,51300.0,0.419
2.5073780000000005e-07,e,3.5,o,2.5,-5.35,5040.0,-0.007
2.518835e-07,e,4.5,o,3.5,-2.3,5340000.0,0.011
2.52734e-07,e,2.5,o,3.5,-4.2,67000.0,0.001
2.5328570000000003e-07,e,2.5,o,1.5,-5.66,2340.0,0.029
2.533037e-07,e,3.5,o,3.5,-4.25,59100.0,0.0
2.539141e-07,e,2.5,o,1.5,-5.56,2910.0,0.049
2.539173e-07,e,3.5,o,4.5,-3.17,712000.0,-0.12
2.543365e-07,e,3.5,o,3.5,-5.84,1520.0,0.0
2.546325e-07,e,2.5,o,3.5,-3.39,425000.0,-0.005
2.556094e-07,e,4.5,o,3.5,-4.52,32800.0,-0.03
2.5586770000000005e-07,e,3.5,o,2.5,-4.11,79400.0,-0.004
2.559516e-07,e,2.5,o,1.5,-5.71,1930.0,0.002
2.5609119999999997e-07,e,3.5,o,3.5,-5.71,2090.0,0.001
2.5609180000000003e-07,e,3.5,o,2.5,-4.86,14100.0,0.037
2.561672e-07,e,2.5,o,2.5,-2.72,1960000.0,0.031
2.562959e-07,e,4.5,o,3.5,-4.43,37900.0,0.051
2.566504e-07,e,2.5,o,2.5,-5.58,2720.0,-0.022
2.5692350000000004e-07,e,1.5,o,1.5,-4.99,9920.0,0.029
2.56942e-07,e,4.5,o,4.5,-3.91,122000.0,-0.001
2.5703310000000004e-07,e,2.5,o,1.5,-2.99,1040000.0,-0.234
2.5705220000000003e-07,e,4.5,o,3.5,-3.17,688000.0,0.006
2.575507e-07,e,3.5,o,3.5,-2.81,1560000.0,0.036
2.5759180000000004e-07,e,3.5,o,4.5,-3.36,428000.0,-0.002
2.577187e-07,e,2.5,o,2.5,-4.76,17800.0,0.023
2.5793800000000004e-07,e,2.5,o,3.5,-2.97,1090000.0,0.014
2.583732e-07,e,4.5,o,4.5,-4.44,36700.0,0.001
2.585042e-07,e,4.5,o,4.5,-5.14,7280.0,-0.005
2.585316e-07,e,3.5,o,3.5,-2.54,2890000.0,0.01
2.594727e-07,e,3.5,o,3.5,-5.07,8510.0,-0.01
2.5965590000000004e-07,e,4.5,o,3.5,-5.08,8280.0,0.181
2.598679e-07,e,3.5,o,4.5,-3.7,202000.0,0.012
2.5989009999999997e-07,e,3.5,o,4.5,-3.53,297000.0,0.004
2.599753e-07,e,3.5,o,3.5,-3.19,638000.0,0.009
2.6010100000000003e-07,e,4.5,o,3.5,-2.7,1980000.0,0.05
2.602392e-07,e,5.5,o,4.5,-4.79,15900.0,0.311
2.6028449999999996e-07,e,2.5,o,3.5,-3.76,171000.0,0.0
2.606828e-07,e,4.5,o,3.5,-2.43,3620000.0,0.031
2.608256e-07,e,4.5,o,4.5,-2.15,7050000.0,0.011
2.610081e-07,e,2.5,o,3.5,-5.08,8220.0,0.0
2.613518e-07,e,3.5,o,3.5,-3.5,311000.0,-0.005
2.616158e-07,e,3.5,o,3.5,-2.78,1620000.0,-0.018
2.619221e-07,e,4.5,o,5.5,-3.01,956000.0,-0.041
2.619228e-07,e,4.5,o,4.5,-5.77,1640.0,-0.025
2.6198660000000003e-07,e,1.5,o,0.5,-4.46,34100.0,0.313
2.621321e-07,e,1.5,o,1.5,-4.42,37800.0,0.046
2.622635e-07,e,2.5,o,1.5,-4.29,51200.0,0.167
2.6233090000000003e-07,e,3.5,o,4.5,-3.48,327000.0,0.001
2.623488e-07,e,3.5,o,4.5,-2.92,1160000.0,0.011
2.624231e-07,e,1.5,o,2.5,-4.3,50100.0,-0.021
2.62461e-07,e,0.5,o,0.5,-4.55,27700.0,0.263
2.6255470000000003e-07,e,2.5,o,2.5,-4.13,73900.0,0.039
2.626071e-07,e,0.5,o,1.5,-4.52,30100.0,-0.048
2.628508e-07,e,2.5,o,2.5,-3.93,108000.0,0.251
2.6286320000000003e-07,e,1.5,o,1.5,-3.56,270000.0,0.058
2.630589e-07,e,2.5,o,3.5,-4.2,62000.0,-0.015
2.6316689999999997e-07,e,3.5,o,2.5,-3.21,593000.0,-0.02
2.6324110000000004e-07,e,1.5,o,1.5,-2.77,1650000.0,0.006
2.6348380000000005e-07,e,2.5,o,2.5,-2.66,2090000.0,-0.021
2.638759e-07,e,1.5,o,2.5,-5.21,5690.0,-0.119
2.64078e-07,e,4.5,o,5.5,-4.42,35600.0,0.002
2.642141e-07,e,2.5,o,1.5,-3.21,589000.0,-0.065
2.644454e-07,e,3.5,o,2.5,-4.34,44600.0,0.106
2.6459580000000004e-07,e,2.5,o,1.5,-3.55,271000.0,0.002
2.6463220000000005e-07,e,2.5,o,3.5,-5.76,1710.0,-0.001
2.6463710000000003e-07,e,1.5,o,2.5,-3.3,482000.0,0.005
2.648726e-07,e,3.5,o,2.5,-2.6,2370000.0,0.042
2.6495680000000005e-07,e,3.5,o,3.5,-3.8,152000.0,0.065
2.6501790000000003e-07,e,3.5,o,4.5,-4.64,21900.0,-0.005
2.656071e-07,e,2.5,o,1.5,-5.11,7610.0,0.0
2.660062e-07,e,2.5,o,2.5,-2.52,2850000.0,0.007
2.666375e-07,e,3.5,o,2.5,-4.14,67600.0,0.0
2.667997e-07,e,3.5,o,2.5,-5.78,1570.0,0.018
2.669735e-07,e,4.5,o,3.5,-4.16,65300.0,0.0
2.676968e-07,e,2.5,o,2.5,-5.01,9120.0,0.001
2.679292e-07,e,2.5,o,3.5,-4.83,13900.0,0.0
2.683145e-07,e,1.5,o,0.5,-4.0,93300.0,-0.075
2.683361e-07,e,3.5,o,2.5,-3.67,197000.0,0.022
2.685696e-07,e,3.5,o,3.5,-3.11,717000.0,0.003
2.686151e-07,e,4.5,o,4.5,-3.08,771000.0,-0.006
2.699332e-07,e,3.5,o,3.5,-5.37,3960.0,0.0
2.701469e-07,e,3.5,o,4.5,-4.27,49800.0,0.0
2.7023090000000004e-07,e,3.5,o,4.5,-2.86,1260000.0,-0.043
2.702667e-07,e,2.5,o,3.5,-3.57,245000.0,0.007
2.70817e-07,e,2.5,o,1.5,-5.27,5040.0,0.005
2.715392e-07,e,4.5,o,3.5,-5.16,6560.0,0.009
2.719675e-07,e,2.5,o,2.5,-2.46,3110000.0,0.033
2.7368020000000004e-07,e,3.5,o,3.5,-1.96,9720000.0,0.029
2.750547e-07,e,2.5,o,2.5,-5.73,1690.0,0.001
2.772949e-07,e,3.5,o,4.5,-3.06,766000.0,0.031
2.777994e-07,e,1.5,o,1.5,-5.82,1230.0,0.007
2.788786e-07,e,3.5,o,2.5,-4.08,69700.0,-0.001
2.790031e-07,e,1.5,o,2.5,-2.25,4840000.0,0.022
2.790623e-07,e,4.5,o,3.5,-5.06,7490.0,0.0
2.801066e-07,e,2.5,o,3.5,-2.22,5140000.0,-0.072
2.8052540000000003e-07,e,2.5,o,2.5,-3.54,244000.0,0.003
2.806372e-07,e,4.5,o,4.5,-3.61,211000.0,0.036
2.808066e-07,e,3.5,o,3.5,-3.04,781000.0,-0.015
2.812275e-07,e,3.5,o,2.5,-4.88,11000.0,-0.001
2.814207e-07,e,4.5,o,5.5,-3.13,623000.0,0.084
2.8166630000000003e-07,e,4.5,o,3.5,-5.64,1900.0,0.0
2.8196100000000005e-07,e,2.5,o,2.5,-5.54,2250.0,0.014
2.824013e-07,e,3.5,o,4.5,-2.22,5130000.0,0.191
2.825737e-07,e,1.5,o,2.5,-3.86,116000.0,-0.033
2.827303e-07,e,2.5,o,3.5,-2.47,2810000.0,0.011
2.8380390000000005e-07,e,3.5,o,3.5,-2.31,4090000.0,0.028
2.841353e-07,e,2.5,o,2.5,-3.97,87800.0,0.023
2.841725e-07,e,2.5,o,3.5,-3.75,149000.0,0.004
2.8445940000000004e-07,e,3.5,o,2.5,-3.48,273000.0,0.014
2.848297e-07,e,2.5,o,2.5,-2.17,5500000.0,0.029
2.848556e-07,e,3.5,o,2.5,-3.09,662000.0,-0.198
2.850246e-07,e,4.5,o,4.5,-5.52,2480.0,0.0
2.851489e-07,e,3.5,o,4.5,-3.97,87800.0,0.001
2.868445e-07,e,3.5,o,4.5,-2.19,5200000.0,0.02
2.886103e-07,e,4.5,o,5.5,-1.75,14500000.0,0.075
2.8958400000000003e-07,e,4.5,o,3.5,-5.69,1700.0,-0.019
2.9122260000000004e-07,e,2.5,o,1.5,-3.94,93300.0,-0.002
2.928198e-07,e,3.5,o,2.5,-3.62,192000.0,-0.006
2.932122e-07,e,2.5,o,2.5,-3.82,120000.0,-0.008
2.953669e-07,e,4.5,o,4.5,-4.18,49400.0,0.011
2.9565070000000003e-07,e,4.5,o,5.5,-2.62,1810000.0,0.236
2.959342e-07,e,4.5,o,3.5,-5.51,2310.0,-0.003
2.962261e-07,e,3.5,o,4.5,-2.97,810000.0,0.23
2.967967e-07,e,3.5,o,3.5,-4.41,29400.0,0.004
2.9771480000000003e-07,e,2.5,o,1.5,-5.97,757.0,-0.002
2.9888400000000004e-07,e,3.5,o,2.5,-3.98,75900.0,0.01
2.990305e-07,e,1.5,o,1.5,-5.63,1640.0,-0.005
2.997557e-07,e,3.5,o,2.5,-4.51,23600.0,-0.003
3.001669e-07,e,2.5,o,2.5,-3.54,216000.0,-0.018
3.0029490000000004e-07,e,4.5,o,3.5,-4.6,18500.0,0.012
3.011831e-07,e,3.5,o,3.5,-5.07,6140.0,0.001
3.019962e-07,e,2.5,o,1.5,-5.85,967.0,0.006
3.026305e-07,e,2.5,o,1.5,-3.53,217000.0,0.009
3.028441e-07,e,2.5,o,2.5,-5.07,5820.0,-0.011
3.0348e-07,e,4.5,o,4.5,-4.22,43000.0,-0.002
3.035962e-07,e,4.5,o,3.5,-5.99,711.0,0.0
3.042056e-07,e,1.5,o,2.5,-5.93,790.0,0.003
3.043872e-07,e,3.5,o,4.5,-2.53,2120000.0,-0.101
3.045039e-07,e,3.5,o,3.5,-4.04,63400.0,0.002
3.058272e-07,e,3.5,o,3.5,-4.8,11600.0,-0.006
3.062553e-07,e,2.5,o,3.5,-3.21,446000.0,-0.12
3.068135e-07,e,4.5,o,4.5,-4.62,16600.0,-0.001
3.077406e-07,e,3.5,o,4.5,-2.58,1820000.0,-0.057
3.088918e-07,e,3.5,o,2.5,-3.4,274000.0,-0.025
3.1054650000000005e-07,e,4.5,o,5.5,-2.33,3200000.0,-0.455
3.1348060000000003e-07,e,3.5,o,3.5,-2.87,932000.0,-0.018
3.1393040000000003e-07,e,2.5,o,3.5,-2.86,941000.0,0.053
3.152665e-07,e,1.5,o,0.5,-4.84,10200.0,0.027
3.1544740000000003e-07,e,3.5,o,4.5,-2.59,1770000.0,0.081
3.159538e-07,e,0.5,o,0.5,-5.15,4960.0,-0.026
3.1726390000000004e-07,e,4.5,o,3.5,-4.04,59200.0,-0.015
3.175592e-07,e,4.5,o,4.5,-3.54,187000.0,0.026
3.179762e-07,e,1.5,o,1.5,-5.44,2530.0,-0.006
3.180267e-07,e,3.5,o,3.5,-3.21,414000.0,-0.021
3.181694e-07,e,2.5,o,1.5,-4.48,22600.0,0.022
3.182555e-07,e,3.5,o,3.5,-5.04,5840.0,0.0
3.184896e-07,e,2.5,o,3.5,-3.95,74000.0,0.03
3.185525e-07,e,3.5,o,4.5,-2.64,1480000.0,0.057
3.191106e-07,e,3.5,o,4.5,-3.41,258000.0,0.015
3.206166e-07,e,3.5,o,2.5,-3.77,107000.0,0.005
3.222792e-07,e,1.5,o,2.5,-5.32,3180.0,-0.006
3.2245270000000003e-07,e,4.5,o,3.5,-3.27,338000.0,0.017
3.227129e-07,e,4.5,o,5.5,-2.37,2720000.0,-0.374
3.2327620000000005e-07,e,2.5,o,1.5,-3.86,89400.0,-0.011
3.23477e-07,e,3.5,o,3.5,-4.08,51300.0,0.004
3.238479e-07,e,2.5,o,1.5,-4.09,52300.0,0.016
3.2533440000000004e-07,e,3.5,o,2.5,-4.46,22800.0,0.021
3.254785e-07,e,3.5,o,2.5,-4.81,9850.0,0.001
3.259633e-07,e,2.5,o,2.5,-3.4,256000.0,0.017
3.2748240000000004e-07,e,4.5,o,4.5,-4.97,6620.0,0.0
3.278571e-07,e,2.5,o,3.5,-4.79,10400.0,-0.014
3.28013e-07,e,3.5,o,2.5,-3.05,559000.0,0.019
3.283619e-07,e,3.5,o,3.5,-3.37,269000.0,0.027
3.285054e-07,e,2.5,o,2.5,-4.2,39100.0,-0.018
3.2885540000000004e-07,e,2.5,o,3.5,-4.87,8480.0,0.007
3.308103e-07,e,3.5,o,3.5,-4.67,13500.0,0.009
3.308486e-07,e,3.5,o,4.5,-2.99,627000.0,0.187
3.344986e-07,e,3.5,o,4.5,-4.96,6750.0,-0.011
3.357609e-07,e,4.5,o,5.5,-3.59,148000.0,0.009
3.365995e-07,e,4.5,o,3.5,-3.67,124000.0,0.067
3.377158e-07,e,3.5,o,3.5,-3.93,67900.0,0.008
3.3849310000000003e-07,e,4.5,o,4.5,-4.24,32300.0,0.009
3.386444e-07,e,3.5,o,2.5,-3.48,189000.0,0.021
3.3962199999999997e-07,e,3.5,o,4.5,-3.88,74600.0,0.003
3.4684170000000003e-07,e,3.5,o,3.5,-3.19,364000.0,-0.014
3.473924e-07,e,2.5,o,3.5,-3.02,537000.0,0.126
3.474841e-07,e,3.5,o,2.5,-5.1,4410.0,-0.006
3.4803670000000003e-07,e,2.5,o,2.5,-5.13,4120.0,0.003
3.492779e-07,e,3.5,o,4.5,-3.63,132000.0,-0.173
3.4952330000000003e-07,e,4.5,o,5.5,-3.85,74500.0,-0.003
3.5055990000000004e-07,e,3.5,o,2.5,-4.56,14800.0,-0.003
3.508736e-07,e,3.5,o,3.5,-3.78,89300.0,-0.011
3.51437e-07,e,2.5,o,3.5,-3.55,154000.0,0.026
3.5304000000000004e-07,e,3.5,o,2.5,-3.53,161000.0,-0.02
3.5361060000000006e-07,e,2.5,o,2.5,-4.5,17100.0,0.021
3.561e-07,e,3.5,o,4.5,-4.55,14800.0,0.002
3.605475e-07,e,3.5,o,2.5,-5.06,4390.0,-0.002
3.693676e-07,e,3.5,o,3.5,-3.98,50500.0,-0.006
3.791728e-07,e,4.5,o,3.5,-4.98,4770.0,-0.001
3.795269e-07,e,2.5,o,1.5,-5.05,4090.0,-0.057
3.805899e-07,e,3.5,o,3.5,-3.89,59300.0,0.004
3.820542e-07,e,4.5,o,4.5,-3.51,142000.0,0.01
3.83493e-07,e,3.5,o,4.5,-3.91,55500.0,-0.014
3.858442e-07,e,4.5,o,3.5,-5.33,2030.0,-0.001
3.8744070000000003e-07,e,4.5,o,4.5,-3.94,49500.0,0.014
3.8892040000000004e-07,e,3.5,o,4.5,-5.41,1680.0,-0.001
3.895614e-07,e,3.5,o,2.5,-4.81,6620.0,-0.095
3.895674e-07,e,2.5,o,2.5,-4.91,5280.0,-0.079
3.898651e-07,e,4.5,o,5.5,-4.46,15200.0,0.011
3.984207e-07,e,3.5,o,2.5,-4.31,20400.0,0.005
4.011634e-07,e,4.5,o,3.5,-4.15,28800.0,0.005
4.0222520000000003e-07,e,3.5,o,2.5,-4.64,9250.0,0.006
4.0275000000000003e-07,e,3.5,o,3.5,-4.84,5900.0,0.002
4.048813e-07,e,4.5,o,4.5,-3.77,67400.0,0.005
4.055776e-07,e,3.5,o,3.5,-4.67,8470.0,-0.137
4.055841e-07,e,2.5,o,3.5,-5.32,1900.0,0.043
4.0649750000000003e-07,e,3.5,o,4.5,-5.35,1770.0,0.0
4.2029520000000003e-07,e,2.5,o,1.5,-5.5,1180.0,-0.017
4.290943e-07,e,4.5,o,3.5,-4.35,15700.0,-0.002
4.305835e-07,e,3.5,o,2.5,-5.07,2980.0,-0.022
4.305909e-07,e,2.5,o,2.5,-5.52,1070.0,0.015
4.309101e-07,e,3.5,o,3.5,-3.96,38500.0,0.002
4.319021e-07,e,3.5,o,2.5,-4.45,12300.0,0.009
4.319916e-07,e,3.5,o,4.5,-5.29,1790.0,0.052
4.3282920000000005e-07,e,4.5,o,4.5,-4.39,14300.0,-0.006
4.3469570000000007e-07,e,4.5,o,5.5,-5.03,3220.0,-0.003
4.371509e-07,e,3.5,o,3.5,-4.61,8390.0,0.001
4.4051890000000006e-07,e,3.5,o,2.5,-4.84,4880.0,-0.012
4.433548e-07,e,4.5,o,4.5,-5.57,892.0,0.0
4.452935000000001e-07,e,3.5,o,4.5,-5.05,2880.0,-0.001
4.46616e-07,e,3.5,o,3.5,-5.69,664.0,0.007
4.520919e-07,e,4.5,o,5.5,-4.12,24600.0,-0.009
4.540893e-07,e,3.5,o,2.5,-5.73,581.0,0.015
5.086367e-07,e,2.5,o,1.5,-5.32,1270.0,-0.015
5.392027e-07,e,3.5,o,2.5,-5.25,1330.0,-0.01
5.906675000000001e-07,e,1.5,o,1.5,-3.73,35500.0,0.153
5.975322e-07,e,2.5,o,1.5,-4.23,11000.0,0.12
6.153506e-07,e,1.5,o,2.5,-4.32,8480.0,-0.065
6.228046000000001e-07,e,2.5,o,2.5,-3.72,32500.0,0.108
6.26276e-07,e,3.5,o,2.5,-4.11,13200.0,0.104
6.589222e-07,e,4.5,o,3.5,-4.14,10900.0,0.109
6.647743e-07,e,2.5,o,3.5,-4.27,7960.0,-0.054
6.687308000000001e-07,e,3.5,o,3.5,-3.63,34400.0,0.12
6.811155e-07,e,1.5,o,0.5,-4.85,2050.0,0.006
6.956909e-07,e,1.5,o,1.5,-4.87,1860.0,-0.01
7.052336000000001e-07,e,2.5,o,1.5,-4.87,1820.0,0.004
7.19528e-07,e,1.5,o,1.5,-5.73,238.0,0.006
7.243595e-07,e,1.5,o,2.5,-5.62,307.0,0.009
7.297406e-07,e,2.5,o,1.5,-5.66,273.0,-0.003
7.315985e-07,e,4.5,o,4.5,-3.47,41300.0,0.216
7.347107e-07,e,2.5,o,2.5,-4.68,2600.0,-0.01
7.395465000000001e-07,e,3.5,o,2.5,-4.75,2150.0,0.004
7.437101e-07,e,3.5,o,4.5,-4.45,4170.0,-0.059
7.745514000000001e-07,e,4.5,o,3.5,-4.44,4010.0,0.009
7.826502e-07,e,2.5,o,3.5,-5.53,321.0,0.009
7.881401e-07,e,3.5,o,3.5,-4.55,2970.0,-0.016
8.058927e-07,e,2.5,o,2.5,-5.44,367.0,0.005
8.117147000000001e-07,e,3.5,o,2.5,-5.43,368.0,-0.002
8.49921e-07,e,3.5,o,2.5,-5.33,464.0,-0.004
9.420099000000001e-07,e,4.5,o,3.5,-5.07,621.0,-0.003
9.621861e-07,e,3.5,o,3.5,-5.4,283.0,0.006
1.0182574000000001e-06,e,2.5,o,1.5,-5.9,82.6,-0.023
1.0884591000000001e-06,e,3.5,o,2.5,-5.94,65.4,-0.016
1.2018076e-06,e,4.5,o,3.5,-5.34,205.0,0.012
1.2030654e-06,e,4.5,o,4.5,-4.97,477.0,0.029
1.2214188e-06,e,2.5,o,3.5,-5.92,52.5,-0.003
1.2238105e-06,e,3.5,o,2.5,-5.66,94.3,0.01
1.2348424e-06,e,3.5,o,3.5,-5.55,120.0,0.007
1.2361704000000001e-06,e,3.5,o,4.5,-5.7,84.3,-0.002
1.6926202000000001e-06,e,3.5,o,3.5,-5.53,70.5,-0.004
