vacuum_wavelength,par_init,j_init,par_final,j_final,log_gf,einsteina,cf
3.6086900000000005e-08,e,4.0,o,3.0,-1.29,2610000000.0,-0.088
3.6331e-08,e,3.0,o,3.0,-2.32,243000000.0,0.08
3.6405399999999996e-08,e,3.0,o,2.0,-2.22,301000000.0,-0.072
3.64819e-08,e,3.0,o,2.0,-1.45,1770000000.0,-0.105
3.6492200000000004e-08,e,2.0,o,3.0,-3.9,6280000.0,-0.034
3.65673e-08,e,2.0,o,2.0,-2.64,115000000.0,0.04
3.66376e-08,e,4.0,o,3.0,-2.91,61500000.0,0.032
3.66444e-08,e,2.0,o,2.0,-2.47,168000000.0,0.044
3.66844e-08,e,2.0,o,1.0,-1.54,1420000000.0,-0.107
3.68892e-08,e,3.0,o,3.0,-4.01,4740000.0,0.007
3.7004199999999996e-08,e,4.0,o,4.0,-1.53,1460000000.0,-0.07
3.70554e-08,e,2.0,o,3.0,-4.77,829000.0,-0.002
3.71368e-08,e,2.0,o,1.0,-2.89,62400000.0,-0.035
3.71808e-08,e,4.0,o,3.0,-2.89,62900000.0,-0.026
3.72609e-08,e,3.0,o,4.0,-2.68,102000000.0,0.062
3.7439900000000004e-08,e,3.0,o,3.0,-1.61,1160000000.0,-0.078
3.75736e-08,e,3.0,o,2.0,-2.78,79000000.0,-0.043
3.76111e-08,e,2.0,o,3.0,-2.64,109000000.0,0.065
3.7746e-08,e,2.0,o,2.0,-1.71,922000000.0,-0.081
3.78308e-08,e,3.0,o,2.0,-3.37,20100000.0,0.131
3.7967500000000006e-08,e,2.0,o,1.0,-3.53,13600000.0,0.101
3.80056e-08,e,2.0,o,2.0,-4.8,740000.0,-0.011
3.8334600000000004e-08,e,2.0,o,3.0,-2.18,302000000.0,-0.073
3.84175e-08,e,2.0,o,2.0,-2.19,294000000.0,-0.009
3.85027e-08,e,2.0,o,2.0,-4.51,1380000.0,0.0
3.8546800000000003e-08,e,2.0,o,1.0,-2.73,83700000.0,-0.04
3.88482e-08,e,2.0,o,3.0,-1.45,1570000000.0,-0.126
3.8933300000000005e-08,e,2.0,o,2.0,-2.84,63600000.0,-0.006
3.89566e-08,e,2.0,o,3.0,-3.05,38700000.0,-0.006
3.89941e-08,e,1.0,o,2.0,-2.89,56800000.0,-0.028
3.9020800000000005e-08,e,2.0,o,2.0,-1.92,527000000.0,-0.09
3.9046600000000004e-08,e,2.0,o,1.0,-3.9,5460000.0,0.0
3.90661e-08,e,2.0,o,1.0,-3.44,16000000.0,-0.017
3.90818e-08,e,1.0,o,2.0,-1.74,797000000.0,-0.135
3.9127300000000007e-08,e,1.0,o,1.0,-2.01,424000000.0,-0.181
3.91772e-08,e,0.0,o,1.0,-2.05,389000000.0,-0.117
3.94871e-08,e,2.0,o,3.0,-2.52,128000000.0,0.054
3.95713e-08,e,2.0,o,3.0,-5.43,158000.0,0.001
3.95795e-08,e,2.0,o,1.0,-2.61,106000000.0,-0.021
3.96423e-08,e,1.0,o,1.0,-2.61,105000000.0,-0.147
3.9693599999999996e-08,e,0.0,o,1.0,-3.68,8940000.0,0.006
3.97207e-08,e,2.0,o,2.0,-2.99,43100000.0,-0.045
3.99006e-08,e,4.0,o,3.0,-3.66,9160000.0,-0.015
3.9966e-08,e,2.0,o,1.0,-1.91,519000000.0,-0.238
3.99687e-08,e,4.0,o,3.0,-2.03,388000000.0,-0.195
4.00082e-08,e,2.0,o,2.0,-1.47,1420000000.0,-0.287
4.01188e-08,e,2.0,o,3.0,-4.62,996000.0,0.006
4.0199200000000006e-08,e,3.0,o,3.0,-4.98,431000.0,0.003
4.02723e-08,e,2.0,o,2.0,-4.37,1740000.0,0.007
4.03373e-08,e,1.0,o,2.0,-4.21,2550000.0,0.089
4.03967e-08,e,2.0,o,3.0,-3.05,36500000.0,-0.06
4.05245e-08,e,2.0,o,1.0,-1.12,3050000000.0,-0.52
4.05386e-08,e,1.0,o,0.0,-1.11,3120000000.0,-0.689
4.0568e-08,e,2.0,o,2.0,-0.62,9650000000.0,-0.573
4.0590300000000004e-08,e,1.0,o,1.0,-1.28,2120000000.0,-0.537
4.06339e-08,e,1.0,o,2.0,-0.92,4920000000.0,0.698
4.06441e-08,e,0.0,o,1.0,-1.05,3610000000.0,0.68
4.06453e-08,e,4.0,o,3.0,-0.23,23900000000.0,-0.63
4.07823e-08,e,4.0,o,4.0,-1.95,448000000.0,-0.091
4.08575e-08,e,4.0,o,4.0,-1.8,635000000.0,-0.09
4.08711e-08,e,4.0,o,5.0,-1.87,545000000.0,0.052
4.09137e-08,e,4.0,o,3.0,-1.26,2200000000.0,-0.223
4.10298e-08,e,4.0,o,3.0,-1.45,1410000000.0,-0.115
4.10943e-08,e,3.0,o,4.0,-2.83,58900000.0,0.126
4.109700000000001e-08,e,4.0,o,4.0,-3.1,31500000.0,0.2
4.11474e-08,e,4.0,o,4.0,-1.89,504000000.0,0.092
4.1160500000000006e-08,e,3.0,o,2.0,-1.23,2340000000.0,-0.264
4.1170600000000003e-08,e,3.0,o,4.0,-1.95,439000000.0,0.095
4.12276e-08,e,3.0,o,3.0,-2.66,85500000.0,-0.01
4.1232e-08,e,4.0,o,3.0,-3.4,15700000.0,0.039
4.1286500000000004e-08,e,3.0,o,2.0,-1.94,450000000.0,-0.214
4.1314900000000004e-08,e,4.0,o,3.0,-1.81,611000000.0,-0.699
4.13453e-08,e,2.0,o,1.0,-1.3,1980000000.0,-0.315
4.13456e-08,e,3.0,o,3.0,-1.54,1130000000.0,0.156
4.13676e-08,e,2.0,o,2.0,-2.03,361000000.0,0.169
4.14354e-08,e,2.0,o,3.0,-2.35,174000000.0,0.078
4.1465e-08,e,3.0,o,4.0,-2.24,223000000.0,0.027
4.14948e-08,e,2.0,o,2.0,-2.13,286000000.0,-0.047
4.15509e-08,e,3.0,o,3.0,-2.08,321000000.0,0.086
4.15545e-08,e,2.0,o,3.0,-2.25,218000000.0,-0.112
4.16678e-08,e,3.0,o,2.0,-3.12,29500000.0,0.015
4.1762e-08,e,2.0,o,3.0,-2.13,287000000.0,0.035
4.188e-08,e,2.0,o,2.0,-1.73,713000000.0,-0.154
4.26667e-08,e,2.0,o,3.0,-1.18,2450000000.0,0.2
4.28635e-08,e,4.0,o,5.0,-2.57,98900000.0,0.139
4.33039e-08,e,2.0,o,3.0,-1.28,1860000000.0,-0.418
4.3415800000000006e-08,e,4.0,o,3.0,-2.26,193000000.0,0.096
4.34337e-08,e,4.0,o,4.0,-3.3,17700000.0,0.021
4.35988e-08,e,2.0,o,1.0,-3.28,18200000.0,-0.027
4.3655900000000005e-08,e,4.0,o,4.0,-5.43,131000.0,-0.001
4.3726400000000006e-08,e,2.0,o,1.0,-2.53,104000000.0,-0.195
4.37513e-08,e,2.0,o,2.0,-2.98,36800000.0,0.006
4.3767600000000003e-08,e,4.0,o,5.0,-2.36,153000000.0,0.125
4.37695e-08,e,3.0,o,3.0,-1.93,410000000.0,-0.306
4.3787700000000005e-08,e,3.0,o,4.0,-3.82,5330000.0,0.048
4.3827100000000005e-08,e,2.0,o,3.0,-1.28,1820000000.0,-0.425
4.3833e-08,e,2.0,o,1.0,-2.37,148000000.0,0.145
4.38918e-08,e,3.0,o,2.0,-2.77,58100000.0,0.522
4.38936e-08,e,2.0,o,2.0,-1.13,2570000000.0,-0.362
4.39604e-08,e,2.0,o,3.0,-1.17,2360000000.0,-0.389
4.40037e-08,e,2.0,o,3.0,-2.41,134000000.0,0.077
4.4013600000000004e-08,e,3.0,o,4.0,-2.54,98800000.0,0.14
4.4127400000000004e-08,e,2.0,o,2.0,-4.3,1720000.0,-0.002
4.41927e-08,e,2.0,o,3.0,-2.5,108000000.0,0.223
4.4228600000000003e-08,e,3.0,o,2.0,-2.15,241000000.0,-0.149
4.4275400000000006e-08,e,4.0,o,3.0,-2.61,84200000.0,0.009
4.43249e-08,e,2.0,o,2.0,-0.87,4590000000.0,0.371
4.43682e-08,e,4.0,o,4.0,-0.86,4640000000.0,0.515
4.4395800000000005e-08,e,2.0,o,1.0,-2.14,243000000.0,-0.372
4.44215e-08,e,2.0,o,2.0,-0.83,5050000000.0,-0.63
4.44678e-08,e,2.0,o,2.0,-2.21,207000000.0,0.083
4.44748e-08,e,1.0,o,1.0,-0.9,4290000000.0,-0.707
4.4499700000000005e-08,e,2.0,o,3.0,-0.57,9010000000.0,-0.696
4.45006e-08,e,1.0,o,2.0,-0.49,10900000000.0,-0.688
4.45394e-08,e,0.0,o,1.0,-0.8,5270000000.0,-0.654
4.45613e-08,e,3.0,o,2.0,-1.69,687000000.0,0.123
4.4568200000000003e-08,e,2.0,o,2.0,-5.7,67300.0,0.0
4.46265e-08,e,2.0,o,1.0,-1.66,732000000.0,0.346
4.46371e-08,e,2.0,o,3.0,-0.49,10800000000.0,-0.61
4.4643400000000007e-08,e,3.0,o,3.0,-1.08,2800000000.0,0.367
4.46478e-08,e,1.0,o,2.0,-1.72,632000000.0,-0.557
4.47008e-08,e,4.0,o,3.0,-0.03,30900000000.0,0.849
4.47181e-08,e,4.0,o,3.0,-2.51,103000000.0,-0.115
4.47376e-08,e,3.0,o,4.0,-1.68,695000000.0,-0.64
4.47467e-08,e,2.0,o,1.0,-1.43,1250000000.0,-0.31
4.48041e-08,e,2.0,o,2.0,-1.37,1420000000.0,0.245
4.4843e-08,e,4.0,o,3.0,-0.87,4480000000.0,0.174
4.4876600000000004e-08,e,2.0,o,3.0,-2.8,52400000.0,-0.299
4.48871e-08,e,2.0,o,3.0,-5.06,291000.0,0.0
4.49383e-08,e,4.0,o,5.0,-3.7,6590000.0,-0.252
4.49645e-08,e,4.0,o,4.0,-1.97,356000000.0,0.053
4.50026e-08,e,3.0,o,2.0,-0.48,10900000000.0,0.599
4.50129e-08,e,2.0,o,2.0,-2.83,48300000.0,-0.011
4.50935e-08,e,3.0,o,3.0,-1.99,339000000.0,0.049
4.50941e-08,e,1.0,o,2.0,-1.82,498000000.0,0.347
4.51162e-08,e,4.0,o,3.0,-0.16,22600000000.0,0.793
4.52205e-08,e,3.0,o,3.0,-1.03,3010000000.0,-0.436
4.52503e-08,e,2.0,o,2.0,-0.87,4430000000.0,-0.738
4.52659e-08,e,4.0,o,5.0,0.07,38400000000.0,0.846
4.5301900000000005e-08,e,3.0,o,2.0,-1.63,757000000.0,0.057
4.5313099999999996e-08,e,2.0,o,1.0,-0.4,12800000000.0,0.782
4.53421e-08,e,2.0,o,3.0,-0.14,23800000000.0,0.77
4.5344e-08,e,3.0,o,4.0,0.01,32800000000.0,0.839
4.54706e-08,e,2.0,o,3.0,-2.05,285000000.0,0.527
4.548e-08,e,3.0,o,2.0,-0.52,9790000000.0,-0.863
4.5498300000000004e-08,e,3.0,o,3.0,-1.44,1190000000.0,-0.205
4.55529e-08,e,2.0,o,2.0,-1.97,346000000.0,-0.097
4.55783e-08,e,4.0,o,3.0,-1.41,1250000000.0,-0.468
4.5608300000000003e-08,e,2.0,o,1.0,-2.27,171000000.0,0.016
4.56736e-08,e,4.0,o,4.0,-1.38,1320000000.0,0.466
4.57008e-08,e,4.0,o,5.0,-1.38,1350000000.0,-0.659
4.5732900000000004e-08,e,2.0,o,2.0,-3.01,31000000.0,0.006
4.573980000000001e-08,e,4.0,o,3.0,-3.28,16700000.0,-0.005
4.5751400000000006e-08,e,2.0,o,3.0,-2.13,236000000.0,0.251
4.57762e-08,e,3.0,o,2.0,-1.29,1630000000.0,0.75
4.58103e-08,e,4.0,o,4.0,-0.88,4170000000.0,0.21
4.58308e-08,e,2.0,o,1.0,-1.78,533000000.0,0.168
4.58426e-08,e,4.0,o,3.0,-1.0,3160000000.0,-0.116
4.58717e-08,e,4.0,o,5.0,-0.65,7090000000.0,0.551
4.5905200000000004e-08,e,4.0,o,4.0,-1.2,2020000000.0,-0.298
4.5922500000000006e-08,e,4.0,o,5.0,-3.73,5910000.0,-0.232
4.59514e-08,e,4.0,o,3.0,-0.9,3940000000.0,0.237
4.59683e-08,e,3.0,o,3.0,-1.62,754000000.0,-0.133
4.5976100000000006e-08,e,4.0,o,3.0,-2.02,300000000.0,-0.594
4.59887e-08,e,4.0,o,4.0,-0.59,8080000000.0,0.724
4.60325e-08,e,2.0,o,2.0,-3.62,7530000.0,-0.009
4.60652e-08,e,3.0,o,4.0,-1.02,3010000000.0,0.262
4.60661e-08,e,4.0,o,3.0,-1.4,1250000000.0,0.254
4.6111700000000007e-08,e,3.0,o,2.0,-1.2,1980000000.0,0.458
4.6122800000000005e-08,e,4.0,o,3.0,-1.86,430000000.0,-0.529
4.6132600000000005e-08,e,3.0,o,3.0,-0.73,5870000000.0,0.767
4.6226700000000005e-08,e,2.0,o,3.0,-2.67,67200000.0,0.005
4.62372e-08,e,3.0,o,3.0,-2.36,137000000.0,-0.026
4.62548e-08,e,2.0,o,1.0,-0.45,11100000000.0,0.553
4.6260700000000003e-08,e,3.0,o,2.0,-2.24,178000000.0,0.018
4.62715e-08,e,4.0,o,4.0,-1.55,889000000.0,0.296
4.6341699999999996e-08,e,3.0,o,2.0,-1.85,437000000.0,0.039
4.63479e-08,e,3.0,o,3.0,-2.97,33300000.0,-0.014
4.63534e-08,e,4.0,o,4.0,-0.97,3330000000.0,-0.768
4.63717e-08,e,2.0,o,2.0,-0.27,16500000000.0,0.751
4.63786e-08,e,4.0,o,3.0,-2.72,59600000.0,0.103
4.6385800000000005e-08,e,3.0,o,4.0,-1.67,660000000.0,0.13
4.639220000000001e-08,e,2.0,o,1.0,-1.6,783000000.0,-0.045
4.63929e-08,e,2.0,o,3.0,-0.92,3710000000.0,0.325
4.6464600000000004e-08,e,3.0,o,3.0,-0.25,17500000000.0,0.601
4.64829e-08,e,4.0,o,4.0,-0.19,20000000000.0,0.652
4.64915e-08,e,2.0,o,1.0,-3.2,19400000.0,-0.016
4.64987e-08,e,2.0,o,3.0,-2.58,81600000.0,-0.079
4.65185e-08,e,2.0,o,1.0,-1.09,2490000000.0,0.22
4.6522500000000005e-08,e,2.0,o,2.0,-2.36,135000000.0,-0.042
4.65459e-08,e,3.0,o,2.0,-4.53,916000.0,0.0
4.65473e-08,e,4.0,o,5.0,-1.61,752000000.0,-0.319
4.66044e-08,e,2.0,o,2.0,-2.06,266000000.0,-0.114
4.6610600000000004e-08,e,2.0,o,3.0,-4.94,351000.0,0.002
4.66595e-08,e,4.0,o,4.0,-1.52,924000000.0,0.478
4.6681700000000004e-08,e,0.0,o,1.0,-1.52,922000000.0,-0.731
4.67108e-08,e,2.0,o,3.0,-0.44,11000000000.0,0.693
4.6722100000000005e-08,e,2.0,o,1.0,-4.76,534000.0,0.0
4.67286e-08,e,2.0,o,3.0,-1.14,2200000000.0,-0.194
4.67568e-08,e,3.0,o,4.0,-4.7,608000.0,-0.001
4.680230000000001e-08,e,4.0,o,3.0,-3.65,6760000.0,-0.001
4.68109e-08,e,2.0,o,2.0,-2.42,117000000.0,0.063
4.6850200000000004e-08,e,2.0,o,2.0,-0.96,3350000000.0,0.158
4.68886e-08,e,3.0,o,4.0,-1.2,1920000000.0,-0.199
4.70046e-08,e,2.0,o,1.0,-0.97,3210000000.0,-0.336
4.70683e-08,e,3.0,o,4.0,-2.8,47800000.0,-0.131
4.70931e-08,e,1.0,o,1.0,-1.59,772000000.0,0.417
4.71655e-08,e,0.0,o,1.0,-1.72,575000000.0,-0.35
4.7213600000000007e-08,e,3.0,o,3.0,-2.63,70800000.0,0.068
4.72303e-08,e,1.0,o,0.0,-1.19,1940000000.0,-0.426
4.7234100000000003e-08,e,2.0,o,2.0,-0.22,18000000000.0,0.731
4.7242700000000005e-08,e,3.0,o,2.0,-3.32,14100000.0,0.005
4.72769e-08,e,2.0,o,1.0,-0.89,3880000000.0,-0.334
4.73181e-08,e,2.0,o,1.0,-2.83,44100000.0,0.075
4.73665e-08,e,1.0,o,1.0,-1.14,2180000000.0,-0.434
4.74132e-08,e,2.0,o,1.0,-3.05,26500000.0,-0.002
4.74167e-08,e,0.0,o,1.0,-0.28,15700000000.0,0.786
4.7439700000000004e-08,e,0.0,o,1.0,-1.21,1850000000.0,0.308
4.74756e-08,e,2.0,o,3.0,-1.23,1750000000.0,-0.354
4.7486200000000003e-08,e,2.0,o,3.0,-3.81,4560000.0,-0.057
4.75157e-08,e,2.0,o,2.0,-3.28,15500000.0,0.027
4.75489e-08,e,2.0,o,1.0,-0.55,8280000000.0,-0.506
4.7555000000000005e-08,e,2.0,o,1.0,-3.88,3900000.0,-0.007
4.76138e-08,e,2.0,o,2.0,-1.47,1000000000.0,-0.134
4.7619600000000004e-08,e,2.0,o,2.0,-0.39,11900000000.0,-0.53
4.77074e-08,e,2.0,o,3.0,-1.17,1970000000.0,0.274
4.77105e-08,e,1.0,o,2.0,-1.14,2140000000.0,0.426
4.80162e-08,e,2.0,o,2.0,-3.32,13700000.0,-0.001
4.81086e-08,e,1.0,o,2.0,-1.64,653000000.0,-0.193
4.8118e-08,e,2.0,o,2.0,-2.65,65200000.0,0.014
4.8189e-08,e,2.0,o,1.0,-1.46,1000000000.0,-0.141
4.8201400000000004e-08,e,2.0,o,1.0,-0.64,6580000000.0,-0.413
4.82218e-08,e,2.0,o,3.0,-1.44,1040000000.0,0.347
4.82945e-08,e,1.0,o,1.0,-1.0,2840000000.0,0.406
4.83415e-08,e,2.0,o,1.0,-1.82,435000000.0,-0.033
4.83671e-08,e,2.0,o,3.0,-1.58,748000000.0,-0.276
4.83706e-08,e,0.0,o,1.0,-1.27,1540000000.0,-0.444
4.8408600000000005e-08,e,2.0,o,2.0,-2.79,46500000.0,-0.01
4.84352e-08,e,1.0,o,1.0,-1.57,765000000.0,0.125
4.8453e-08,e,4.0,o,5.0,-0.01,28100000000.0,-0.734
4.84603e-08,e,2.0,o,2.0,-2.5,90400000.0,0.01
4.8502600000000006e-08,e,1.0,o,2.0,-1.87,385000000.0,-0.158
4.8505500000000004e-08,e,2.0,o,3.0,-1.08,2360000000.0,-0.455
4.85118e-08,e,0.0,o,1.0,-2.64,66100000.0,0.014
4.8523000000000004e-08,e,2.0,o,1.0,-1.49,922000000.0,0.297
4.8664100000000004e-08,e,2.0,o,2.0,-1.89,367000000.0,-0.037
4.8685e-08,e,2.0,o,3.0,-1.63,658000000.0,-0.284
4.8774900000000006e-08,e,2.0,o,1.0,-1.64,640000000.0,-0.285
4.87794e-08,e,0.0,o,1.0,-2.09,229000000.0,-0.458
4.8929899999999997e-08,e,2.0,o,2.0,-2.33,131000000.0,-0.035
4.90034e-08,e,2.0,o,2.0,-1.48,925000000.0,-0.186
4.90034e-08,e,2.0,o,1.0,-1.78,463000000.0,0.13
4.9025900000000006e-08,e,1.0,o,2.0,-1.37,1190000000.0,-0.308
4.90373e-08,e,2.0,o,3.0,-2.75,49200000.0,-0.058
4.90796e-08,e,1.0,o,0.0,-1.53,831000000.0,-0.651
4.90996e-08,e,1.0,o,1.0,-1.97,295000000.0,-0.096
4.91598e-08,e,4.0,o,3.0,-0.58,7270000000.0,-0.279
4.91784e-08,e,0.0,o,1.0,-1.67,585000000.0,-0.16
4.9182900000000006e-08,e,4.0,o,4.0,0.4,69800000000.0,-0.817
4.91876e-08,e,2.0,o,3.0,-1.21,1710000000.0,-0.196
4.92236e-08,e,2.0,o,3.0,-0.57,7420000000.0,-0.431
4.92839e-08,e,2.0,o,2.0,-1.86,379000000.0,-0.056
4.93488e-08,e,2.0,o,1.0,-1.65,613000000.0,0.137
4.93813e-08,e,1.0,o,2.0,-1.46,941000000.0,-0.174
4.9388e-08,e,2.0,o,2.0,-2.73,50700000.0,0.062
4.94112e-08,e,2.0,o,1.0,-3.21,17000000.0,-0.009
4.9412e-08,e,2.0,o,3.0,-0.67,5890000000.0,-0.406
4.94464e-08,e,1.0,o,1.0,-1.75,481000000.0,0.089
4.9468e-08,e,4.0,o,4.0,-1.58,712000000.0,0.411
4.9494700000000004e-08,e,2.0,o,2.0,-1.75,484000000.0,-0.056
4.95031e-08,e,3.0,o,2.0,-3.17,18500000.0,0.458
4.95164e-08,e,2.0,o,3.0,-1.78,452000000.0,-0.088
4.95239e-08,e,2.0,o,1.0,-1.67,574000000.0,0.286
4.95262e-08,e,0.0,o,1.0,-2.11,211000000.0,0.035
4.9532e-08,e,2.0,o,3.0,-2.53,80600000.0,0.018
4.9559e-08,e,2.0,o,2.0,-3.73,5060000.0,-0.001
4.95929e-08,e,1.0,o,2.0,-2.14,195000000.0,0.066
4.96093e-08,e,2.0,o,1.0,-1.33,1270000000.0,-0.233
4.96114e-08,e,4.0,o,5.0,-1.46,950000000.0,-0.819
4.9652e-08,e,2.0,o,2.0,-3.16,18600000.0,0.009
4.96591e-08,e,2.0,o,3.0,-2.49,87800000.0,0.166
4.96991e-08,e,4.0,o,3.0,-0.13,19900000000.0,0.552
4.9708e-08,e,1.0,o,1.0,-2.58,70800000.0,-0.015
4.97856e-08,e,2.0,o,1.0,-2.54,77700000.0,0.039
4.97886e-08,e,0.0,o,1.0,-1.4,1070000000.0,0.196
4.97931e-08,e,2.0,o,3.0,-3.1,21300000.0,0.033
4.9803e-08,e,2.0,o,2.0,-4.07,2300000.0,-0.292
4.98457e-08,e,2.0,o,2.0,-1.18,1780000000.0,-0.132
4.98755e-08,e,3.0,o,2.0,-0.31,13000000000.0,0.509
4.98796e-08,e,4.0,o,3.0,-2.8,42400000.0,-0.047
4.98865e-08,e,2.0,o,2.0,-1.73,505000000.0,-0.217
4.99453e-08,e,1.0,o,2.0,-1.38,1120000000.0,0.208
4.9984500000000007e-08,e,2.0,o,1.0,-0.54,7710000000.0,0.481
5.0057400000000005e-08,e,1.0,o,0.0,-1.82,410000000.0,-0.192
5.00736e-08,e,2.0,o,3.0,-1.42,1000000000.0,0.236
5.01005e-08,e,4.0,o,3.0,-2.38,110000000.0,0.011
5.01632e-08,e,3.0,o,3.0,-5.11,207000.0,0.0
5.01799e-08,e,2.0,o,2.0,-2.04,240000000.0,-0.039
5.0200200000000004e-08,e,4.0,o,4.0,-1.16,1840000000.0,0.46
5.02438e-08,e,2.0,o,2.0,-3.24,15300000.0,0.036
5.02649e-08,e,4.0,o,3.0,-1.36,1160000000.0,-0.303
5.02678e-08,e,2.0,o,1.0,-2.12,202000000.0,-0.086
5.0268599999999997e-08,e,2.0,o,3.0,-1.49,845000000.0,0.227
5.0287000000000006e-08,e,3.0,o,2.0,-1.7,533000000.0,0.075
5.0345e-08,e,1.0,o,2.0,-2.75,46700000.0,0.255
5.03471e-08,e,3.0,o,3.0,-1.41,1030000000.0,0.404
5.03691e-08,e,1.0,o,1.0,-4.08,2180000.0,0.001
5.03844e-08,e,2.0,o,1.0,-1.32,1240000000.0,0.198
5.0384500000000004e-08,e,4.0,o,4.0,-4.24,1520000.0,-0.05
5.03928e-08,e,2.0,o,3.0,-1.2,1650000000.0,-0.304
5.042080000000001e-08,e,2.0,o,2.0,-3.97,2820000.0,0.0
5.04519e-08,e,0.0,o,1.0,-1.49,842000000.0,-0.245
5.0459400000000004e-08,e,4.0,o,4.0,-0.05,23200000000.0,0.466
5.04629e-08,e,2.0,o,1.0,-1.42,997000000.0,-0.266
5.04711e-08,e,2.0,o,3.0,-4.72,506000.0,0.001
5.0486200000000004e-08,e,1.0,o,1.0,-1.0,2580000000.0,-0.517
5.0517e-08,e,2.0,o,2.0,-2.8,41900000.0,0.012
5.05227e-08,e,1.0,o,2.0,-2.4,103000000.0,0.021
5.05243e-08,e,2.0,o,3.0,-1.63,607000000.0,0.376
5.05694e-08,e,0.0,o,1.0,-1.61,637000000.0,0.227
5.05721e-08,e,3.0,o,3.0,-0.2,16600000000.0,0.426
5.05964e-08,e,2.0,o,2.0,-0.3,13000000000.0,0.442
5.06193e-08,e,1.0,o,2.0,-1.46,915000000.0,0.287
5.06542e-08,e,2.0,o,3.0,-2.72,49400000.0,-0.192
5.06553e-08,e,2.0,o,1.0,-2.21,161000000.0,0.024
5.06573e-08,e,2.0,o,3.0,-1.26,1430000000.0,0.232
5.0673700000000005e-08,e,3.0,o,4.0,-1.17,1760000000.0,0.225
5.06778e-08,e,4.0,o,5.0,-0.92,3140000000.0,0.434
5.06877e-08,e,2.0,o,2.0,-3.94,2950000.0,-0.007
5.07325e-08,e,2.0,o,1.0,-2.06,224000000.0,0.168
5.07581e-08,e,1.0,o,1.0,-1.17,1740000000.0,-0.281
5.07598e-08,e,2.0,o,2.0,-1.47,889000000.0,-0.137
5.08363e-08,e,4.0,o,3.0,-4.52,782000.0,0.0
5.08423e-08,e,0.0,o,1.0,-2.45,92800000.0,0.017
5.08631e-08,e,1.0,o,2.0,-2.23,152000000.0,-0.03
5.08851e-08,e,2.0,o,3.0,-1.09,2080000000.0,-0.418
5.0934100000000003e-08,e,1.0,o,0.0,-2.01,252000000.0,-0.094
5.09378e-08,e,3.0,o,4.0,-1.04,2350000000.0,-0.429
5.09978e-08,e,4.0,o,3.0,-3.02,24600000.0,0.089
5.1121e-08,e,4.0,o,5.0,-1.72,492000000.0,-0.794
5.11394e-08,e,4.0,o,3.0,-2.64,58000000.0,0.245
5.11549e-08,e,4.0,o,4.0,-4.06,2200000.0,0.008
5.1267600000000004e-08,e,4.0,o,4.0,-1.65,572000000.0,0.429
5.1351300000000004e-08,e,4.0,o,3.0,-2.61,62400000.0,0.141
5.1356600000000006e-08,e,2.0,o,1.0,-0.96,2760000000.0,-0.225
5.1456399999999996e-08,e,4.0,o,5.0,-1.63,589000000.0,0.433
5.14624e-08,e,1.0,o,1.0,-1.35,1140000000.0,0.127
5.15112e-08,e,4.0,o,3.0,-3.8,4020000.0,0.013
5.15453e-08,e,4.0,o,5.0,-2.86,34600000.0,0.103
5.154880000000001e-08,e,0.0,o,1.0,-1.57,680000000.0,-0.151
5.15548e-08,e,2.0,o,3.0,-2.03,233000000.0,-0.29
5.1555499999999995e-08,e,3.0,o,2.0,-2.71,48600000.0,0.208
5.15895e-08,e,2.0,o,2.0,-3.22,15200000.0,-0.023
5.15901e-08,e,1.0,o,0.0,-3.8,3990000.0,0.043
5.1630800000000003e-08,e,3.0,o,3.0,-1.84,360000000.0,0.308
5.163590000000001e-08,e,2.0,o,1.0,-1.63,591000000.0,0.154
5.16962e-08,e,1.0,o,2.0,-2.29,127000000.0,-0.184
5.1742700000000006e-08,e,1.0,o,1.0,-1.91,307000000.0,-0.106
5.17533e-08,e,3.0,o,2.0,-4.33,1170000.0,0.006
5.17616e-08,e,3.0,o,4.0,-2.5,77900000.0,0.087
5.1830200000000006e-08,e,0.0,o,1.0,-2.77,41800000.0,0.025
5.18799e-08,e,4.0,o,4.0,-3.36,10900000.0,-0.04
5.18808e-08,e,2.0,o,2.0,-2.14,181000000.0,0.235
5.19193e-08,e,2.0,o,1.0,-4.03,2300000.0,0.047
5.195080000000001e-08,e,4.0,o,3.0,-1.36,1080000000.0,0.09
5.1957100000000005e-08,e,2.0,o,3.0,-3.8,3960000.0,0.009
5.200990000000001e-08,e,3.0,o,3.0,-2.93,28700000.0,-0.092
5.20747e-08,e,4.0,o,4.0,-3.52,7390000.0,0.001
5.208110000000001e-08,e,2.0,o,2.0,-3.06,21400000.0,-0.122
5.21101e-08,e,4.0,o,5.0,-0.94,2790000000.0,0.762
5.2148000000000005e-08,e,4.0,o,3.0,-2.82,36900000.0,0.198
5.2160799999999995e-08,e,4.0,o,3.0,-1.5,774000000.0,0.081
5.2294500000000005e-08,e,4.0,o,3.0,-2.88,31900000.0,-0.014
5.23323e-08,e,4.0,o,5.0,-1.37,1040000000.0,0.599
5.2341e-08,e,2.0,o,3.0,-4.72,460000.0,-0.005
5.23858e-08,e,3.0,o,4.0,-3.59,6310000.0,-0.037
5.2389e-08,e,3.0,o,2.0,-2.78,40000000.0,0.168
5.24362e-08,e,4.0,o,3.0,-4.42,918000.0,-0.009
5.2478700000000007e-08,e,4.0,o,4.0,-1.99,250000000.0,0.172
5.24847e-08,e,4.0,o,4.0,-2.52,72400000.0,0.002
5.2485799999999993e-08,e,4.0,o,5.0,-3.31,12000000.0,-0.041
5.25329e-08,e,2.0,o,1.0,-3.02,23300000.0,0.118
5.2585600000000003e-08,e,4.0,o,3.0,-3.51,7460000.0,-0.042
5.26592e-08,e,3.0,o,3.0,-2.49,77100000.0,0.135
5.2725000000000004e-08,e,2.0,o,2.0,-3.28,12700000.0,0.062
5.2960199999999997e-08,e,4.0,o,4.0,-5.66,51900.0,0.0
5.299640000000001e-08,e,3.0,o,4.0,-2.96,26100000.0,-0.105
5.29986e-08,e,2.0,o,3.0,-3.29,12300000.0,-0.115
5.31294e-08,e,4.0,o,4.0,-3.31,11500000.0,0.001
5.32135e-08,e,4.0,o,5.0,-1.66,515000000.0,0.71
5.3299e-08,e,2.0,o,2.0,-4.07,1990000.0,-0.052
5.33602e-08,e,4.0,o,4.0,-4.53,694000.0,0.004
5.3507000000000004e-08,e,2.0,o,1.0,-4.7,469000.0,-0.001
5.3547e-08,e,4.0,o,3.0,-4.6,582000.0,0.01
5.37309e-08,e,2.0,o,2.0,-1.72,441000000.0,-0.245
5.40649e-08,e,2.0,o,3.0,-1.01,2250000000.0,-0.481
5.42088e-08,e,2.0,o,2.0,-2.63,53100000.0,0.074
5.42786e-08,e,2.0,o,3.0,-2.49,72900000.0,0.203
5.4297000000000006e-08,e,2.0,o,2.0,-3.76,3920000.0,-0.03
5.4415200000000005e-08,e,1.0,o,2.0,-3.38,9470000.0,-0.1
5.4499900000000006e-08,e,0.0,o,1.0,-4.46,783000.0,0.012
5.45129e-08,e,2.0,o,1.0,-2.27,121000000.0,-0.217
5.454030000000001e-08,e,2.0,o,3.0,-2.42,84300000.0,0.117
5.463200000000001e-08,e,1.0,o,1.0,-1.1,1760000000.0,-0.437
5.47295e-08,e,0.0,o,1.0,-0.98,2340000000.0,-0.44
5.47453e-08,e,2.0,o,2.0,-1.21,1360000000.0,-0.318
5.48655e-08,e,1.0,o,2.0,-0.64,5040000000.0,-0.443
5.5092100000000007e-08,e,2.0,o,3.0,-0.48,7290000000.0,-0.429
5.52415e-08,e,2.0,o,2.0,-3.08,18200000.0,0.05
5.5314e-08,e,2.0,o,3.0,-2.6,54700000.0,0.161
5.536380000000001e-08,e,1.0,o,2.0,-2.29,112000000.0,0.3
5.5585799999999995e-08,e,2.0,o,3.0,-1.79,348000000.0,0.259
5.5685799999999996e-08,e,2.0,o,2.0,-5.85,30600.0,0.001
5.573010000000001e-08,e,2.0,o,1.0,-5.37,91300.0,0.012
5.57737e-08,e,2.0,o,3.0,-4.79,352000.0,-0.017
5.591660000000001e-08,e,2.0,o,2.0,-4.66,466000.0,-0.026
5.62163e-08,e,2.0,o,3.0,-3.66,4650000.0,-0.163
5.6659500000000005e-08,e,2.0,o,2.0,-4.34,942000.0,-0.04
5.67761e-08,e,2.0,o,2.0,-4.34,940000.0,-0.054
5.68222e-08,e,2.0,o,1.0,-5.98,21700.0,0.001
5.6867499999999996e-08,e,2.0,o,3.0,-3.67,4420000.0,-0.207
5.687140000000001e-08,e,1.0,o,0.0,-4.68,427000.0,0.033
5.69054e-08,e,1.0,o,2.0,-3.72,3970000.0,-0.242
5.69516e-08,e,1.0,o,1.0,-4.66,453000.0,-0.014
5.69756e-08,e,2.0,o,3.0,-4.14,1510000.0,-0.119
5.7016e-08,e,2.0,o,2.0,-4.63,483000.0,-0.011
5.7057500000000007e-08,e,0.0,o,1.0,-3.7,4140000.0,-0.106
5.714640000000001e-08,e,1.0,o,2.0,-3.32,9910000.0,-0.156
5.7327700000000006e-08,e,2.0,o,3.0,-3.23,12100000.0,-0.166
5.737300000000001e-08,e,4.0,o,3.0,-5.45,71800.0,0.001
5.7558000000000005e-08,e,2.0,o,1.0,-4.41,785000.0,-0.068
5.7613800000000005e-08,e,4.0,o,3.0,-4.9,251000.0,0.002
5.7690800000000006e-08,e,1.0,o,1.0,-3.37,8630000.0,-0.14
5.77886e-08,e,2.0,o,2.0,-3.65,4460000.0,-0.091
5.77995e-08,e,0.0,o,1.0,-3.32,9600000.0,-0.12
5.7908600000000004e-08,e,4.0,o,3.0,-4.41,772000.0,-0.01
5.79225e-08,e,1.0,o,2.0,-3.26,10800000.0,-0.114
5.80419e-08,e,4.0,o,4.0,-4.84,285000.0,-0.028
5.81175e-08,e,2.0,o,3.0,-3.7,3950000.0,-0.112
5.83886e-08,e,4.0,o,4.0,-5.55,55700.0,0.0
5.8484500000000003e-08,e,0.0,o,1.0,-1.1,1550000000.0,-0.742
5.8681300000000004e-08,e,4.0,o,5.0,-4.1,1540000.0,0.051
5.89067e-08,e,0.0,o,1.0,-2.15,135000000.0,-0.379
5.94736e-08,e,4.0,o,4.0,-5.82,28600.0,-0.007
5.97278e-08,e,4.0,o,5.0,-4.89,243000.0,0.045
6.03489e-08,e,0.0,o,1.0,-2.48,61100000.0,0.357
6.056880000000001e-08,e,0.0,o,1.0,-4.56,501000.0,0.011
6.16114e-08,e,0.0,o,1.0,-4.68,365000.0,0.009
6.19751e-08,o,4.0,e,4.0,-4.63,404000.0,0.007
6.212469999999999e-08,o,4.0,e,3.0,-5.3,85900.0,-0.007
6.21583e-08,e,0.0,o,1.0,-5.57,46500.0,0.003
6.24426e-08,o,3.0,e,4.0,-4.91,209000.0,0.007
6.25723e-08,e,0.0,o,1.0,-4.79,274000.0,0.02
6.259450000000001e-08,o,3.0,e,3.0,-5.3,85200.0,0.002
6.28314e-08,o,4.0,e,4.0,-5.04,154000.0,-0.007
6.29805e-08,o,2.0,e,3.0,-4.77,287000.0,0.009
6.3464e-08,o,5.0,e,4.0,-5.31,81600.0,-0.002
6.353730000000001e-08,o,3.0,e,3.0,-5.04,151000.0,-0.007
6.36235e-08,e,0.0,o,1.0,-4.39,678000.0,0.034
6.37536e-08,o,4.0,e,4.0,-4.56,454000.0,0.012
6.381040000000001e-08,e,0.0,o,1.0,-5.21,99800.0,-0.008
6.39119e-08,o,4.0,e,3.0,-5.01,159000.0,-0.003
6.39531e-08,o,3.0,e,4.0,-5.07,140000.0,0.018
6.411240000000001e-08,o,3.0,e,3.0,-4.52,489000.0,0.014
6.422890000000001e-08,o,2.0,e,3.0,-5.01,157000.0,0.024
6.42455e-08,e,0.0,o,1.0,-4.39,661000.0,-0.039
6.468980000000001e-08,o,5.0,e,4.0,-4.8,252000.0,-0.006
6.50493e-08,o,4.0,e,4.0,-2.8,25100000.0,0.073
6.52141e-08,o,4.0,e,3.0,-3.8,2460000.0,-0.06
6.53779e-08,e,0.0,o,1.0,-5.41,60400.0,-0.004
6.54851e-08,o,4.0,e,4.0,-4.52,474000.0,0.018
6.565220000000001e-08,o,4.0,e,3.0,-4.41,599000.0,-0.018
6.565560000000001e-08,o,3.0,e,4.0,-4.85,218000.0,0.001
6.582350000000001e-08,o,3.0,e,3.0,-2.83,22600000.0,0.073
6.583110000000001e-08,e,0.0,o,1.0,-4.89,196000.0,0.057
6.60388e-08,o,3.0,e,4.0,-5.36,66800.0,-0.006
6.62087e-08,o,3.0,e,3.0,-5.11,118000.0,0.006
6.63129e-08,o,2.0,e,3.0,-4.28,788000.0,0.009
6.63579e-08,o,3.0,e,4.0,-2.9,19100000.0,0.056
6.63979e-08,e,5.0,o,4.0,-5.2,95500.0,0.005
6.67006e-08,o,5.0,e,4.0,-5.78,25100.0,-0.001
6.68296e-08,o,5.0,e,5.0,-4.7,298000.0,-0.006
6.684120000000001e-08,o,4.0,e,5.0,-3.67,3180000.0,-0.022
6.70423e-08,o,2.0,e,3.0,-3.05,13300000.0,0.057
6.718120000000001e-08,o,5.0,e,6.0,-4.73,273000.0,-0.004
6.72199e-08,e,4.0,o,3.0,-5.63,34500.0,-0.001
6.737580000000001e-08,o,4.0,e,5.0,-5.07,126000.0,-0.007
6.75504e-08,e,4.0,o,3.0,-5.44,53700.0,0.006
6.756670000000001e-08,o,3.0,e,4.0,-4.31,718000.0,-0.006
6.77278e-08,o,3.0,e,4.0,-4.82,221000.0,-0.001
6.783840000000001e-08,o,4.0,e,5.0,-4.32,699000.0,0.011
6.800140000000001e-08,o,4.0,e,5.0,-5.91,17800.0,-0.003
6.80221e-08,o,4.0,e,4.0,-5.0,145000.0,-0.003
6.81356e-08,o,3.0,e,4.0,-5.18,95200.0,-0.001
6.81888e-08,o,2.0,e,3.0,-5.17,97500.0,-0.002
6.82661e-08,e,3.0,o,2.0,-5.14,105000.0,-0.005
6.83892e-08,o,4.0,e,5.0,-5.94,16400.0,-0.001
6.83929e-08,o,6.0,e,5.0,-5.33,66700.0,0.008
6.85354e-08,e,3.0,o,2.0,-5.63,33300.0,-0.001
6.85764e-08,o,5.0,e,5.0,-4.92,172000.0,0.001
6.86665e-08,o,3.0,e,4.0,-4.24,826000.0,0.013
6.87611e-08,o,6.0,e,6.0,-5.25,80500.0,0.004
6.87641e-08,o,5.0,e,4.0,-4.89,182000.0,0.005
6.88419e-08,o,3.0,e,3.0,-5.27,75500.0,-0.003
6.89147e-08,o,4.0,e,5.0,-3.94,1640000.0,-0.012
6.91042e-08,o,4.0,e,4.0,-4.77,240000.0,0.001
6.91392e-08,o,5.0,e,5.0,-5.45,49500.0,0.002
6.91561e-08,e,4.0,o,3.0,-5.6,34900.0,0.003
6.9226e-08,e,2.0,o,1.0,-5.1,111000.0,-0.002
6.92968e-08,o,2.0,e,3.0,-4.6,354000.0,0.014
6.93387e-08,o,3.0,e,4.0,-3.94,1610000.0,-0.009
6.93848e-08,o,3.0,e,2.0,-4.77,233000.0,0.004
6.94266e-08,o,5.0,e,5.0,-5.72,26600.0,-0.002
6.9439e-08,o,4.0,e,5.0,-5.36,60100.0,0.003
6.94831e-08,o,4.0,e,5.0,-5.91,17100.0,0.0
6.95175e-08,o,3.0,e,3.0,-4.91,171000.0,0.002
6.96545e-08,o,2.0,e,3.0,-3.96,1500000.0,-0.012
6.97763e-08,o,4.0,e,4.0,-5.82,20700.0,0.003
6.98595e-08,o,2.0,e,2.0,-4.68,288000.0,0.003
6.99871e-08,e,3.0,o,3.0,-5.18,88900.0,-0.007
7.000990000000001e-08,o,5.0,e,5.0,-4.09,1120000.0,0.006
7.0199e-08,o,4.0,e,3.0,-4.34,610000.0,-0.006
7.01995e-08,o,1.0,e,2.0,-5.2,85400.0,0.001
7.02056e-08,o,5.0,e,4.0,-4.52,407000.0,0.008
7.026069999999999e-08,o,5.0,e,5.0,-5.2,85400.0,0.013
7.027350000000001e-08,o,4.0,e,5.0,-4.55,380000.0,-0.055
7.03696e-08,o,3.0,e,4.0,-4.95,152000.0,-0.038
7.03959e-08,o,5.0,e,6.0,-4.62,321000.0,-0.001
7.043110000000001e-08,o,4.0,e,5.0,-2.18,89400000.0,-0.102
7.046780000000001e-08,o,5.0,e,6.0,-3.96,1490000.0,-0.157
7.04741e-08,e,4.0,o,4.0,-3.5,4280000.0,0.052
7.05159e-08,o,4.0,e,5.0,-5.17,91500.0,0.006
7.05452e-08,o,3.0,e,2.0,-4.38,552000.0,-0.005
7.058e-08,e,0.0,o,1.0,-4.89,172000.0,0.006
7.05966e-08,o,5.0,e,5.0,-5.79,21700.0,0.001
7.06069e-08,o,4.0,e,5.0,-4.0,1340000.0,0.027
7.06292e-08,o,4.0,e,4.0,-4.13,996000.0,0.003
7.06802e-08,o,4.0,e,4.0,-5.29,68200.0,-0.001
7.07995e-08,o,3.0,e,3.0,-4.47,445000.0,-0.004
7.08148e-08,o,4.0,e,3.0,-4.35,602000.0,-0.015
7.08637e-08,o,4.0,e,4.0,-5.48,44200.0,0.01
7.09241e-08,o,2.0,e,2.0,-4.6,332000.0,-0.002
7.09423e-08,o,4.0,e,5.0,-3.77,2250000.0,-0.016
7.102290000000001e-08,o,2.0,e,2.0,-4.96,144000.0,-0.001
7.102490000000001e-08,o,4.0,e,5.0,-4.6,331000.0,-0.007
7.111720000000001e-08,e,4.0,o,3.0,-4.12,1010000.0,0.048
7.112060000000001e-08,o,4.0,e,5.0,-5.67,28100.0,0.0
7.11432e-08,o,4.0,e,4.0,-3.77,2270000.0,0.007
7.12747e-08,o,1.0,e,2.0,-4.86,180000.0,-0.002
7.12938e-08,o,2.0,e,3.0,-4.92,156000.0,-0.002
7.129980000000001e-08,o,4.0,e,3.0,-4.05,1160000.0,0.014
7.13136e-08,o,5.0,e,5.0,-5.07,111000.0,0.011
7.13373e-08,e,3.0,o,4.0,-4.62,313000.0,-0.002
7.134450000000001e-08,o,3.0,e,4.0,-2.17,88000000.0,-0.079
7.13766e-08,o,4.0,e,5.0,-4.43,488000.0,-0.046
7.15339e-08,o,3.0,e,3.0,-3.7,2610000.0,0.009
7.15448e-08,o,4.0,e,5.0,-4.2,833000.0,-0.003
7.15634e-08,o,3.0,e,4.0,-4.82,196000.0,-0.024
7.1631e-08,o,3.0,e,2.0,-4.78,215000.0,0.002
7.16694e-08,o,5.0,e,4.0,-5.97,14100.0,0.001
7.16795e-08,o,4.0,e,5.0,-4.19,846000.0,-0.042
7.17962e-08,o,4.0,e,4.0,-5.82,19500.0,0.001
7.17972e-08,o,3.0,e,4.0,-3.97,1410000.0,-0.01
7.1989e-08,o,3.0,e,3.0,-3.98,1350000.0,0.005
7.19963e-08,e,3.0,o,3.0,-3.62,3120000.0,0.027
7.203890000000001e-08,o,4.0,e,4.0,-4.61,315000.0,-0.036
7.21122e-08,o,2.0,e,3.0,-2.32,61200000.0,-0.068
7.21236e-08,o,2.0,e,2.0,-5.03,119000.0,0.001
7.21746e-08,o,3.0,e,4.0,-3.54,3700000.0,0.014
7.2194e-08,o,5.0,e,5.0,-4.3,651000.0,-0.077
7.22081e-08,o,6.0,e,6.0,-5.41,50500.0,-0.049
7.229370000000001e-08,o,3.0,e,4.0,-3.96,1400000.0,0.061
7.23061e-08,o,2.0,e,1.0,-4.29,655000.0,-0.027
7.23359e-08,o,3.0,e,4.0,-3.22,7710000.0,0.11
7.236280000000001e-08,o,3.0,e,2.0,-4.97,137000.0,0.001
7.23684e-08,o,3.0,e,3.0,-5.66,27800.0,0.0
7.23765e-08,o,4.0,e,3.0,-3.98,1330000.0,0.007
7.24127e-08,o,5.0,e,6.0,-2.91,15700000.0,0.2
7.24713e-08,o,2.0,e,3.0,-3.17,8570000.0,0.165
7.24896e-08,o,4.0,e,3.0,-4.91,157000.0,0.001
7.24923e-08,e,3.0,o,2.0,-4.19,818000.0,0.04
7.25112e-08,o,2.0,e,2.0,-4.63,296000.0,-0.002
7.25398e-08,o,3.0,e,3.0,-4.07,1090000.0,-0.061
7.2569e-08,o,4.0,e,5.0,-3.47,4270000.0,0.115
7.26018e-08,e,2.0,o,3.0,-4.55,354000.0,-0.003
7.26705e-08,o,1.0,e,1.0,-4.38,527000.0,-0.018
7.26796e-08,o,4.0,e,4.0,-4.33,595000.0,-0.036
7.26853e-08,o,3.0,e,2.0,-3.37,5390000.0,0.057
7.27697e-08,o,3.0,e,2.0,-4.23,741000.0,0.008
7.27731e-08,e,3.0,o,3.0,-5.39,51800.0,0.0
7.286520000000001e-08,o,5.0,e,5.0,-4.42,475000.0,0.026
7.288550000000001e-08,o,4.0,e,3.0,-3.85,1780000.0,0.156
7.29536e-08,o,5.0,e,4.0,-2.87,17100000.0,0.068
7.29698e-08,e,2.0,o,3.0,-4.89,160000.0,0.003
7.29756e-08,o,2.0,e,3.0,-4.64,285000.0,0.002
7.300280000000001e-08,o,4.0,e,4.0,-4.93,147000.0,-0.005
7.3015e-08,o,3.0,e,3.0,-3.45,4460000.0,-0.011
7.30504e-08,o,2.0,e,1.0,-3.96,1370000.0,0.03
7.30839e-08,o,5.0,e,4.0,-4.62,302000.0,0.001
7.30978e-08,o,4.0,e,4.0,-2.83,18400000.0,-0.025
7.310610000000001e-08,e,2.0,o,2.0,-3.64,2850000.0,0.027
7.31122e-08,o,4.0,e,4.0,-2.81,19500000.0,-0.048
7.32063e-08,o,2.0,e,2.0,-3.9,1570000.0,0.014
7.32366e-08,o,5.0,e,4.0,-5.43,46400.0,0.002
7.32645e-08,o,3.0,e,4.0,-5.4,49200.0,-0.002
7.32707e-08,e,2.0,o,2.0,-5.6,31100.0,0.001
7.32858e-08,o,5.0,e,4.0,-5.37,52400.0,-0.001
7.32919e-08,o,2.0,e,2.0,-4.51,383000.0,-0.002
7.32997e-08,o,4.0,e,4.0,-3.97,1330000.0,0.01
7.33206e-08,o,4.0,e,3.0,-2.21,77100000.0,0.214
7.332150000000001e-08,o,4.0,e,5.0,-3.95,1400000.0,0.009
7.33747e-08,o,3.0,e,2.0,-4.77,208000.0,-0.001
7.34223e-08,o,1.0,e,1.0,-5.06,109000.0,0.001
7.343500000000001e-08,o,4.0,e,4.0,-3.16,8610000.0,0.072
7.345580000000001e-08,e,3.0,o,2.0,-5.52,37600.0,-0.001
7.35408e-08,o,2.0,e,3.0,-3.76,2160000.0,-0.008
7.355320000000001e-08,o,2.0,e,1.0,-4.18,828000.0,0.011
7.35798e-08,o,1.0,e,2.0,-5.01,122000.0,0.003
7.3581e-08,e,2.0,o,2.0,-5.57,33500.0,0.001
7.36451e-08,o,4.0,e,3.0,-4.8,197000.0,0.001
7.366630000000001e-08,o,1.0,e,2.0,-4.04,1120000.0,-0.005
7.36953e-08,o,4.0,e,3.0,-5.35,54900.0,0.003
7.36977e-08,o,4.0,e,4.0,-4.76,214000.0,0.004
7.37491e-08,o,3.0,e,4.0,-3.69,2520000.0,-0.012
7.37846e-08,o,5.0,e,5.0,-3.68,2590000.0,-0.127
7.38537e-08,o,3.0,e,2.0,-4.73,227000.0,0.001
7.38757e-08,o,4.0,e,5.0,-3.04,11200000.0,-0.108
7.38784e-08,o,1.0,e,1.0,-4.08,1020000.0,0.014
7.39343e-08,e,1.0,o,2.0,-5.34,55600.0,0.004
7.39414e-08,e,2.0,o,1.0,-5.9,15200.0,-0.001
7.39547e-08,o,3.0,e,4.0,-5.0,121000.0,-0.002
7.395630000000001e-08,o,2.0,e,1.0,-5.23,72500.0,0.002
7.39597e-08,o,3.0,e,2.0,-3.18,8080000.0,-0.028
7.39834e-08,o,2.0,e,2.0,-4.0,1210000.0,-0.002
7.4013e-08,o,5.0,e,6.0,-2.16,84900000.0,0.254
7.40138e-08,o,0.0,e,1.0,-4.46,423000.0,0.01
7.4047e-08,o,3.0,e,2.0,-4.66,269000.0,-0.003
7.40972e-08,e,1.0,o,1.0,-5.82,18500.0,0.003
7.41677e-08,o,3.0,e,4.0,-3.69,2480000.0,-0.019
7.41694e-08,o,4.0,e,3.0,-3.46,4190000.0,0.026
7.41745e-08,o,2.0,e,3.0,-4.2,753000.0,0.011
7.4233e-08,o,5.0,e,4.0,-5.67,26100.0,0.0
7.424e-08,o,5.0,e,4.0,-4.96,132000.0,0.001
7.42526e-08,o,4.0,e,5.0,-3.01,11800000.0,-0.219
7.42531e-08,o,3.0,e,2.0,-4.74,219000.0,0.001
7.42543e-08,o,4.0,e,4.0,-4.29,614000.0,-0.003
7.425760000000001e-08,o,4.0,e,4.0,-3.56,3320000.0,-0.097
7.42921e-08,o,4.0,e,4.0,-3.36,5250000.0,0.021
7.43011e-08,o,3.0,e,3.0,-3.36,5240000.0,0.018
7.432350000000001e-08,o,2.0,e,1.0,-3.74,2220000.0,-0.017
7.43573e-08,o,3.0,e,3.0,-4.42,453000.0,-0.008
7.43692e-08,o,4.0,e,4.0,-2.59,31400000.0,-0.159
7.43821e-08,o,3.0,e,3.0,-2.95,13700000.0,-0.045
7.4467e-08,o,3.0,e,4.0,-4.77,206000.0,-0.006
7.447690000000001e-08,o,3.0,e,4.0,-3.24,6880000.0,-0.128
7.448500000000001e-08,o,2.0,e,2.0,-3.18,8030000.0,-0.029
7.44978e-08,o,5.0,e,5.0,-3.77,2060000.0,-0.004
7.45122e-08,o,4.0,e,5.0,-3.43,4490000.0,0.009
7.4528e-08,o,4.0,e,4.0,-5.04,109000.0,-0.004
7.45501e-08,o,3.0,e,2.0,-3.47,4070000.0,0.009
7.457360000000001e-08,o,2.0,e,2.0,-3.69,2470000.0,0.014
7.45759e-08,o,5.0,e,5.0,-4.8,188000.0,-0.003
7.45848e-08,o,4.0,e,3.0,-4.2,758000.0,0.018
7.459030000000001e-08,o,4.0,e,5.0,-4.15,842000.0,0.011
7.465560000000001e-08,o,1.0,e,1.0,-3.68,2530000.0,-0.019
7.467740000000001e-08,o,5.0,e,4.0,-2.0,120000000.0,-0.215
7.46831e-08,o,3.0,e,3.0,-4.58,313000.0,-0.014
7.4699e-08,o,2.0,e,3.0,-5.5,37400.0,0.001
7.47068e-08,o,4.0,e,4.0,-3.32,5710000.0,-0.007
7.47352e-08,o,2.0,e,1.0,-5.5,38500.0,0.0
7.47365e-08,o,4.0,e,3.0,-5.57,31800.0,0.0
7.474e-08,o,3.0,e,2.0,-4.48,397000.0,-0.003
7.47545e-08,o,3.0,e,4.0,-2.33,56700000.0,0.175
7.47939e-08,o,0.0,e,1.0,-4.15,855000.0,-0.012
7.48138e-08,o,4.0,e,3.0,-4.72,227000.0,-0.001
7.48184e-08,o,1.0,e,2.0,-3.74,2180000.0,-0.016
7.4821e-08,o,4.0,e,5.0,-2.3,59300000.0,0.217
7.482920000000001e-08,o,3.0,e,2.0,-4.82,182000.0,0.001
7.48312e-08,o,2.0,e,3.0,-5.02,113000.0,0.0
7.48557e-08,o,5.0,e,6.0,-4.22,720000.0,0.006
7.48594e-08,o,3.0,e,4.0,-5.43,45000.0,-0.002
7.48924e-08,o,2.0,e,2.0,-2.6,30000000.0,0.033
7.489840000000001e-08,o,2.0,e,2.0,-4.79,194000.0,-0.002
7.49027e-08,o,2.0,e,3.0,-4.41,464000.0,0.015
7.49078e-08,o,1.0,e,2.0,-4.44,431000.0,-0.005
7.49093e-08,o,4.0,e,3.0,-5.5,37400.0,0.002
7.49105e-08,o,2.0,e,3.0,-2.28,62200000.0,-0.181
7.49265e-08,o,3.0,e,4.0,-3.88,1560000.0,0.009
7.495860000000001e-08,o,3.0,e,3.0,-2.87,16000000.0,0.042
7.49703e-08,o,3.0,e,4.0,-2.28,61900000.0,0.176
7.49723e-08,o,3.0,e,3.0,-3.48,3930000.0,-0.038
7.4988e-08,o,2.0,e,2.0,-2.89,15500000.0,-0.036
7.502960000000001e-08,o,3.0,e,4.0,-4.1,941000.0,-0.012
7.50446e-08,o,3.0,e,2.0,-4.57,318000.0,-0.001
7.50598e-08,o,5.0,e,6.0,-4.26,648000.0,-0.013
7.506140000000001e-08,o,3.0,e,4.0,-4.75,211000.0,-0.001
7.50887e-08,o,3.0,e,3.0,-2.69,24100000.0,-0.04
7.51347e-08,o,5.0,e,4.0,-3.4,4730000.0,0.037
7.5178e-08,o,5.0,e,4.0,-3.17,8030000.0,-0.012
7.51785e-08,o,2.0,e,2.0,-3.46,4020000.0,-0.004
7.52052e-08,o,3.0,e,4.0,-4.85,168000.0,0.008
7.52083e-08,o,4.0,e,4.0,-2.72,22700000.0,-0.073
7.52276e-08,o,4.0,e,4.0,-5.07,102000.0,-0.002
7.52485e-08,o,2.0,e,3.0,-3.4,4700000.0,-0.022
7.5249e-08,o,3.0,e,3.0,-3.14,8620000.0,-0.031
7.52743e-08,o,3.0,e,4.0,-5.31,57200.0,0.001
7.528220000000001e-08,o,4.0,e,4.0,-4.35,524000.0,-0.007
7.53046e-08,o,2.0,e,3.0,-3.3,5850000.0,-0.068
7.53318e-08,o,1.0,e,2.0,-2.94,13600000.0,0.026
7.53819e-08,o,3.0,e,4.0,-5.63,27600.0,0.001
7.53824e-08,o,3.0,e,2.0,-5.17,78600.0,-0.003
7.539160000000001e-08,o,5.0,e,4.0,-5.01,114000.0,0.001
7.54138e-08,o,4.0,e,4.0,-4.8,187000.0,-0.001
7.542880000000001e-08,o,4.0,e,3.0,-2.03,110000000.0,-0.207
7.545700000000001e-08,o,3.0,e,2.0,-3.28,6100000.0,0.014
7.54585e-08,o,3.0,e,3.0,-3.73,2170000.0,0.043
7.546820000000001e-08,o,3.0,e,4.0,-4.05,1050000.0,0.009
7.5487e-08,o,4.0,e,4.0,-4.93,137000.0,-0.001
7.55075e-08,o,3.0,e,4.0,-4.94,135000.0,0.001
7.552110000000001e-08,o,5.0,e,4.0,-2.62,28400000.0,-0.092
7.555170000000001e-08,e,4.0,o,3.0,-4.5,367000.0,0.06
7.55848e-08,o,4.0,e,4.0,-2.55,32900000.0,-0.06
7.55934e-08,e,2.0,o,1.0,-5.91,14400.0,0.002
7.559400000000001e-08,o,2.0,e,3.0,-3.83,1720000.0,0.033
7.569020000000001e-08,o,3.0,e,3.0,-2.31,56400000.0,0.193
7.569109999999999e-08,o,4.0,e,4.0,-3.5,3680000.0,-0.002
7.574800000000001e-08,o,2.0,e,2.0,-4.42,444000.0,-0.004
7.57535e-08,o,4.0,e,5.0,-3.84,1670000.0,-0.006
7.57699e-08,o,4.0,e,4.0,-5.71,22400.0,-0.001
7.58007e-08,o,4.0,e,4.0,-4.53,341000.0,0.005
7.583429999999999e-08,o,4.0,e,5.0,-4.77,195000.0,0.002
7.58653e-08,o,3.0,e,4.0,-3.33,5400000.0,-0.03
7.58755e-08,o,3.0,e,3.0,-1.84,167000000.0,-0.216
7.58785e-08,o,5.0,e,5.0,-5.62,27500.0,-0.001
7.58814e-08,o,4.0,e,3.0,-1.48,384000000.0,-0.306
7.58934e-08,o,4.0,e,5.0,-5.98,12000.0,0.0
7.5943e-08,o,2.0,e,2.0,-5.03,108000.0,0.002
7.596630000000001e-08,e,1.0,o,1.0,-5.89,14900.0,0.017
7.601480000000001e-08,o,3.0,e,4.0,-4.67,246000.0,-0.001
7.6029e-08,e,3.0,o,3.0,-5.83,17000.0,-0.01
7.6047e-08,o,4.0,e,3.0,-2.9,14500000.0,-0.061
7.60828e-08,o,3.0,e,4.0,-4.33,542000.0,-0.008
7.61073e-08,o,3.0,e,4.0,-4.1,926000.0,-0.003
7.611730000000001e-08,o,2.0,e,2.0,-2.4,44900000.0,-0.036
7.622380000000001e-08,o,4.0,e,3.0,-5.01,111000.0,-0.001
7.62418e-08,o,2.0,e,3.0,-4.31,554000.0,-0.02
7.62814e-08,o,3.0,e,4.0,-3.88,1510000.0,-0.009
7.63275e-08,o,5.0,e,6.0,-5.8,18000.0,0.001
7.63407e-08,o,5.0,e,4.0,-1.1,912000000.0,0.347
7.634500000000001e-08,o,1.0,e,2.0,-5.4,45800.0,0.003
7.635570000000001e-08,e,3.0,o,2.0,-4.44,417000.0,-0.022
7.64019e-08,o,5.0,e,4.0,-4.44,410000.0,-0.001
7.64255e-08,o,3.0,e,2.0,-1.95,127000000.0,-0.321
7.6438e-08,o,3.0,e,4.0,-3.31,5610000.0,-0.021
7.644550000000001e-08,o,6.0,e,5.0,-4.52,340000.0,-0.001
7.652780000000001e-08,o,6.0,e,5.0,-5.95,12900.0,-0.001
7.654320000000001e-08,o,2.0,e,3.0,-2.43,42400000.0,-0.112
7.65703e-08,o,3.0,e,4.0,-5.18,75500.0,0.002
7.65713e-08,o,1.0,e,2.0,-2.63,26300000.0,-0.029
7.65835e-08,o,3.0,e,3.0,-2.18,75100000.0,-0.251
7.660240000000001e-08,e,3.0,o,4.0,-5.38,47100.0,0.0
7.66044e-08,o,4.0,e,3.0,-2.13,84400000.0,0.053
7.6607e-08,o,5.0,e,5.0,-5.17,77400.0,-0.004
7.662220000000001e-08,o,4.0,e,5.0,-5.36,49800.0,0.001
7.66237e-08,o,2.0,e,1.0,-2.75,20300000.0,-0.115
7.667490000000001e-08,o,5.0,e,5.0,-4.32,546000.0,0.004
7.66751e-08,o,2.0,e,3.0,-3.39,4660000.0,0.126
7.668560000000001e-08,o,4.0,e,4.0,-4.61,283000.0,-0.001
7.66876e-08,o,4.0,e,4.0,-4.91,138000.0,-0.001
7.669160000000001e-08,o,5.0,e,4.0,-5.88,14900.0,-0.001
7.66928e-08,e,3.0,o,2.0,-4.22,687000.0,0.084
7.673310000000001e-08,o,2.0,e,1.0,-3.61,2780000.0,0.09
7.675220000000001e-08,o,3.0,e,3.0,-3.76,1980000.0,-0.008
7.6754e-08,o,3.0,e,2.0,-3.84,1630000.0,0.018
7.675760000000001e-08,o,5.0,e,5.0,-4.45,404000.0,0.005
7.67702e-08,o,3.0,e,4.0,-4.77,189000.0,0.001
7.67731e-08,o,5.0,e,5.0,-4.51,351000.0,-0.003
7.67883e-08,o,4.0,e,5.0,-4.03,1050000.0,-0.003
7.682200000000001e-08,o,4.0,e,4.0,-5.26,61900.0,0.001
7.682290000000001e-08,o,3.0,e,4.0,-3.97,1220000.0,0.006
7.687970000000001e-08,o,5.0,e,6.0,-4.82,173000.0,0.004
7.69043e-08,o,5.0,e,4.0,-2.4,45100000.0,-0.017
7.7e-08,o,3.0,e,3.0,-3.28,5920000.0,-0.036
7.70014e-08,o,2.0,e,2.0,-5.3,55600.0,0.001
7.70018e-08,o,2.0,e,2.0,-2.33,52200000.0,-0.333
7.70329e-08,o,1.0,e,1.0,-2.93,13100000.0,-0.085
7.70392e-08,o,4.0,e,4.0,-4.01,1100000.0,0.0
7.70525e-08,o,2.0,e,3.0,-3.1,8890000.0,0.13
7.70541e-08,o,5.0,e,6.0,-3.34,5150000.0,-0.018
7.70587e-08,o,4.0,e,5.0,-5.83,16800.0,-0.001
7.707580000000001e-08,o,3.0,e,2.0,-2.92,13600000.0,-0.074
7.7098e-08,o,4.0,e,5.0,-2.95,12700000.0,0.132
7.711180000000001e-08,o,3.0,e,4.0,-3.13,8330000.0,0.058
7.7115e-08,o,4.0,e,4.0,-5.09,91000.0,0.002
7.712790000000001e-08,o,5.0,e,4.0,-4.77,188000.0,0.001
7.714410000000001e-08,o,3.0,e,4.0,-5.2,70700.0,0.001
7.71622e-08,o,2.0,e,3.0,-3.26,6170000.0,-0.09
7.71692e-08,o,4.0,e,3.0,-1.26,614000000.0,0.342
7.717070000000001e-08,o,3.0,e,2.0,-2.17,75600000.0,0.051
7.71816e-08,o,4.0,e,5.0,-5.32,54000.0,0.002
7.71817e-08,o,4.0,e,5.0,-3.85,1570000.0,-0.007
7.72095e-08,o,4.0,e,3.0,-2.79,18000000.0,-0.007
7.72135e-08,o,4.0,e,4.0,-2.07,96000000.0,0.373
7.72564e-08,o,4.0,e,3.0,-5.99,11300.0,0.0
7.72704e-08,o,5.0,e,6.0,-3.33,5230000.0,0.02
7.729090000000001e-08,o,5.0,e,4.0,-4.93,130000.0,-0.039
7.729640000000001e-08,e,2.0,o,3.0,-4.63,261000.0,0.001
7.72986e-08,o,5.0,e,4.0,-4.25,631000.0,-0.005
7.73141e-08,o,4.0,e,4.0,-3.83,1670000.0,-0.004
7.73334e-08,o,2.0,e,3.0,-4.2,707000.0,-0.002
7.73404e-08,o,4.0,e,3.0,-2.63,25900000.0,0.107
7.736989999999999e-08,o,5.0,e,4.0,-2.43,41100000.0,-0.091
7.74048e-08,o,3.0,e,4.0,-4.54,321000.0,-0.002
7.740700000000001e-08,o,3.0,e,4.0,-4.47,377000.0,-0.004
7.74129e-08,o,4.0,e,4.0,-0.92,1330000000.0,-0.129
7.74151e-08,o,1.0,e,2.0,-3.29,5720000.0,-0.287
7.743730000000001e-08,o,2.0,e,3.0,-3.68,2330000.0,-0.018
7.744579999999999e-08,o,4.0,e,3.0,-1.2,698000000.0,0.337
7.744660000000001e-08,o,3.0,e,3.0,-1.07,937000000.0,-0.102
7.745270000000001e-08,o,3.0,e,4.0,-4.14,808000.0,-0.001
7.74839e-08,o,5.0,e,4.0,-5.56,30500.0,0.001
7.74995e-08,o,4.0,e,4.0,-4.39,449000.0,-0.002
7.750560000000001e-08,o,3.0,e,4.0,-3.88,1460000.0,0.002
7.75689e-08,o,2.0,e,3.0,-1.6,275000000.0,-0.302
7.75718e-08,o,2.0,e,1.0,-5.0,111000.0,-0.002
7.75742e-08,o,3.0,e,4.0,-1.41,436000000.0,-0.304
7.75948e-08,o,3.0,e,2.0,-4.89,141000.0,0.005
7.76044e-08,o,3.0,e,2.0,-3.79,1800000.0,-0.012
7.76394e-08,o,4.0,e,4.0,-2.37,47100000.0,0.063
7.76793e-08,o,1.0,e,2.0,-4.9,140000.0,-0.003
7.76911e-08,o,4.0,e,3.0,-5.51,33600.0,0.0
7.77006e-08,o,3.0,e,2.0,-2.88,14500000.0,-0.007
7.771140000000001e-08,o,2.0,e,1.0,-2.61,27400000.0,-0.069
7.77477e-08,o,2.0,e,2.0,-3.41,4340000.0,0.02
7.7748e-08,o,3.0,e,4.0,-5.04,100000.0,0.0
7.775080000000001e-08,e,1.0,o,2.0,-3.52,3370000.0,0.018
7.78088e-08,o,3.0,e,3.0,-1.95,123000000.0,0.243
7.783569999999999e-08,o,3.0,e,2.0,-1.37,468000000.0,0.357
7.78442e-08,o,2.0,e,2.0,-1.19,721000000.0,-0.104
7.78609e-08,o,5.0,e,4.0,-1.86,153000000.0,-0.168
7.794e-08,o,4.0,e,4.0,-2.99,11200000.0,-0.006
7.795100000000001e-08,o,3.0,e,4.0,-2.87,14900000.0,0.276
7.79739e-08,e,4.0,o,3.0,-4.24,636000.0,0.022
7.79804e-08,o,3.0,e,3.0,-2.44,40000000.0,-0.045
7.798260000000001e-08,e,2.0,o,2.0,-4.46,384000.0,0.001
7.79843e-08,o,3.0,e,3.0,-5.12,83000.0,0.0
7.79919e-08,o,5.0,e,5.0,-3.4,4420000.0,-0.113
7.79996e-08,o,3.0,e,3.0,-1.61,266000000.0,0.308
7.8e-08,e,2.0,o,3.0,-2.92,13200000.0,0.013
7.800320000000001e-08,o,4.0,e,4.0,-5.35,49300.0,-0.001
7.800630000000001e-08,e,4.0,o,3.0,-4.85,153000.0,-0.003
7.80077e-08,o,4.0,e,5.0,-5.95,12300.0,0.0
7.801230000000001e-08,o,5.0,e,5.0,-5.83,16400.0,0.0
7.80256e-08,o,2.0,e,1.0,-1.78,183000000.0,0.238
7.80309e-08,o,4.0,e,4.0,-2.09,88300000.0,-0.077
7.804310000000001e-08,o,3.0,e,4.0,-4.66,241000.0,-0.001
7.80456e-08,o,3.0,e,2.0,-1.76,192000000.0,0.28
7.80638e-08,o,4.0,e,4.0,-4.48,366000.0,-0.001
7.80833e-08,o,4.0,e,3.0,-4.43,401000.0,0.01
7.810030000000001e-08,e,1.0,o,2.0,-3.51,3350000.0,0.014
7.81074e-08,o,4.0,e,5.0,-3.63,2540000.0,0.008
7.8125e-08,o,2.0,e,3.0,-2.27,59100000.0,-0.029
7.813819999999999e-08,o,5.0,e,5.0,-5.02,105000.0,0.004
7.81428e-08,o,3.0,e,2.0,-3.58,2860000.0,0.007
7.81639e-08,e,2.0,o,1.0,-5.52,33000.0,0.0
7.817450000000001e-08,o,3.0,e,3.0,-3.13,8060000.0,0.019
7.81846e-08,o,1.0,e,1.0,-2.44,40200000.0,-0.216
7.818550000000001e-08,o,5.0,e,4.0,-4.16,762000.0,-0.002
7.81878e-08,o,3.0,e,3.0,-2.07,93300000.0,0.257
7.821910000000001e-08,o,3.0,e,4.0,-5.67,23600.0,0.0
7.823200000000001e-08,o,3.0,e,4.0,-4.89,142000.0,0.001
7.8273e-08,o,3.0,e,4.0,-2.49,35000000.0,-0.012
7.82821e-08,e,1.0,o,1.0,-5.17,73000.0,0.0
7.83439e-08,e,2.0,o,2.0,-4.29,555000.0,0.0
7.8363e-08,o,3.0,e,4.0,-4.16,749000.0,0.001
7.839160000000001e-08,o,1.0,e,1.0,-1.53,319000000.0,0.283
7.84177e-08,o,2.0,e,2.0,-1.43,406000000.0,0.407
7.84258e-08,o,3.0,e,3.0,-2.97,11600000.0,-0.005
7.84504e-08,o,4.0,e,5.0,-5.65,24400.0,0.001
7.84624e-08,o,2.0,e,3.0,-3.7,2170000.0,-0.013
7.84689e-08,e,0.0,o,1.0,-3.6,2710000.0,0.065
7.847140000000001e-08,o,5.0,e,5.0,-3.3,5460000.0,0.052
7.84794e-08,o,2.0,e,1.0,-2.8,17200000.0,0.139
7.8489e-08,o,5.0,e,4.0,-5.75,19100.0,-0.001
7.85046e-08,o,3.0,e,4.0,-2.22,65300000.0,-0.08
7.851520000000001e-08,e,3.0,o,3.0,-4.8,173000.0,0.04
7.854410000000001e-08,o,0.0,e,1.0,-1.86,150000000.0,0.263
7.85581e-08,o,5.0,e,5.0,-3.71,2110000.0,0.012
7.85649e-08,o,4.0,e,3.0,-2.57,29300000.0,0.231
7.85718e-08,o,2.0,e,1.0,-2.15,76100000.0,0.132
7.85777e-08,o,4.0,e,5.0,-4.63,253000.0,-0.004
7.85812e-08,o,4.0,e,3.0,-4.62,258000.0,0.002
7.858400000000001e-08,o,2.0,e,3.0,-2.32,52000000.0,0.217
7.85844e-08,o,2.0,e,3.0,-4.2,681000.0,-0.003
7.85917e-08,o,4.0,e,3.0,-5.35,48500.0,0.0
7.86145e-08,o,5.0,e,6.0,-4.58,287000.0,-0.007
7.863300000000001e-08,o,2.0,e,1.0,-3.45,3840000.0,-0.027
7.86514e-08,o,4.0,e,4.0,-4.49,348000.0,-0.001
7.869880000000001e-08,e,2.0,o,2.0,-5.5,34300.0,0.0
7.87005e-08,o,3.0,e,2.0,-2.47,36500000.0,0.343
7.87112e-08,o,4.0,e,4.0,-3.19,6980000.0,-0.009
7.87121e-08,o,4.0,e,3.0,-4.16,740000.0,-0.007
7.87424e-08,o,4.0,e,3.0,-3.9,1350000.0,0.011
7.875220000000001e-08,o,2.0,e,2.0,-3.61,2650000.0,0.004
7.87616e-08,o,2.0,e,3.0,-4.05,948000.0,0.002
7.878740000000001e-08,o,1.0,e,2.0,-1.89,139000000.0,0.403
7.88154e-08,e,1.0,o,2.0,-5.31,52000.0,0.0
7.88183e-08,o,3.0,e,4.0,-4.07,917000.0,0.003
7.88433e-08,o,4.0,e,4.0,-3.92,1290000.0,-0.008
7.88512e-08,o,2.0,e,2.0,-4.37,462000.0,0.0
7.885170000000001e-08,o,3.0,e,4.0,-4.05,953000.0,0.003
7.8868e-08,o,3.0,e,3.0,-2.72,20200000.0,0.16
7.886860000000001e-08,o,5.0,e,6.0,-2.66,23200000.0,-0.024
7.88761e-08,o,2.0,e,2.0,-2.46,37200000.0,0.383
7.88835e-08,e,2.0,o,1.0,-5.32,51000.0,0.0
7.89111e-08,o,5.0,e,5.0,-4.29,552000.0,0.013
7.89557e-08,o,6.0,e,6.0,-4.55,305000.0,0.035
7.89586e-08,o,3.0,e,3.0,-2.73,20000000.0,-0.059
7.900100000000001e-08,o,4.0,e,5.0,-1.36,461000000.0,0.316
7.90188e-08,o,4.0,e,4.0,-4.05,948000.0,-0.005
7.90343e-08,o,2.0,e,3.0,-3.17,7140000.0,-0.062
7.903769999999999e-08,o,4.0,e,4.0,-1.69,217000000.0,-0.385
7.90416e-08,o,4.0,e,3.0,-5.59,27400.0,0.0
7.90444e-08,o,2.0,e,3.0,-3.34,4830000.0,0.082
7.904690000000001e-08,o,3.0,e,3.0,-4.09,874000.0,0.002
7.905309999999999e-08,o,3.0,e,4.0,-4.71,209000.0,0.001
7.905560000000001e-08,o,1.0,e,1.0,-3.79,1740000.0,-0.005
7.90873e-08,o,5.0,e,5.0,-3.52,3260000.0,-0.019
7.90888e-08,o,4.0,e,5.0,-2.6,26500000.0,0.067
7.90953e-08,o,5.0,e,6.0,-2.69,21700000.0,0.022
7.91169e-08,e,2.0,o,1.0,-4.87,144000.0,0.004
7.913930000000001e-08,o,2.0,e,3.0,-1.39,432000000.0,-0.056
7.915670000000001e-08,o,5.0,e,4.0,-3.62,2570000.0,-0.036
7.91746e-08,e,1.0,o,2.0,-3.93,1250000.0,0.002
7.92004e-08,o,5.0,e,6.0,-5.28,55400.0,0.0
7.922400000000001e-08,o,2.0,e,3.0,-5.69,21900.0,0.0
7.92364e-08,o,5.0,e,4.0,-3.75,1910000.0,0.019
7.92382e-08,o,1.0,e,2.0,-4.83,159000.0,-0.001
7.925270000000001e-08,o,4.0,e,4.0,-3.83,1610000.0,0.004
7.92559e-08,e,5.0,o,4.0,-1.83,158000000.0,0.179
7.92733e-08,o,3.0,e,4.0,-1.14,772000000.0,-0.083
7.92812e-08,o,4.0,e,3.0,-3.27,5770000.0,0.029
7.92828e-08,e,2.0,o,2.0,-4.25,599000.0,0.011
7.930280000000001e-08,o,3.0,e,4.0,-4.39,431000.0,0.007
7.932730000000001e-08,e,1.0,o,0.0,-5.17,71500.0,0.011
7.93337e-08,o,3.0,e,4.0,-1.59,274000000.0,-0.391
7.933440000000001e-08,o,3.0,e,3.0,-4.01,1040000.0,0.007
7.93385e-08,o,1.0,e,2.0,-1.72,204000000.0,-0.04
7.93502e-08,o,4.0,e,4.0,-3.54,3060000.0,0.015
7.93615e-08,e,1.0,o,1.0,-4.95,117000.0,0.0
7.93693e-08,o,4.0,e,5.0,-4.55,297000.0,-0.011
7.94295e-08,o,4.0,e,4.0,-4.21,650000.0,-0.003
7.94532e-08,o,3.0,e,3.0,-3.8,1660000.0,-0.004
7.94545e-08,o,2.0,e,3.0,-5.1,83800.0,0.005
7.9464e-08,o,4.0,e,5.0,-3.5,3390000.0,0.039
7.94721e-08,o,5.0,e,4.0,-5.72,20300.0,0.0
7.95134e-08,o,3.0,e,3.0,-3.33,4980000.0,0.078
7.95141e-08,o,2.0,e,1.0,-3.21,6480000.0,0.034
7.95142e-08,o,3.0,e,4.0,-4.29,542000.0,0.001
7.95255e-08,e,1.0,o,1.0,-5.29,54200.0,0.004
7.95369e-08,o,3.0,e,3.0,-5.6,26800.0,0.002
7.953750000000001e-08,o,4.0,e,5.0,-4.4,419000.0,0.001
7.9579e-08,o,3.0,e,3.0,-2.5,33100000.0,-0.043
7.96007e-08,o,3.0,e,4.0,-1.6,262000000.0,0.17
7.96187e-08,o,3.0,e,4.0,-4.13,771000.0,-0.004
7.96357e-08,e,5.0,o,4.0,-5.98,11100.0,0.003
7.96447e-08,o,4.0,e,5.0,-2.31,51900000.0,0.239
7.96451e-08,o,5.0,e,4.0,-5.27,56100.0,-0.001
7.96628e-08,o,4.0,e,4.0,-3.88,1380000.0,0.006
7.966380000000001e-08,o,2.0,e,3.0,-1.56,287000000.0,0.273
7.968730000000001e-08,e,4.0,o,4.0,-3.0,10600000.0,-0.123
7.968780000000001e-08,o,4.0,e,5.0,-5.7,20900.0,-0.001
7.9693e-08,e,1.0,o,2.0,-4.92,128000.0,-0.004
7.969890000000001e-08,o,2.0,e,2.0,-2.55,29500000.0,-0.041
7.97103e-08,o,3.0,e,4.0,-3.98,1110000.0,-0.004
7.97161e-08,o,4.0,e,4.0,-4.25,590000.0,0.012
7.9734e-08,o,4.0,e,5.0,-2.66,22600000.0,-0.014
7.97393e-08,o,3.0,e,4.0,-4.58,275000.0,0.0
7.97712e-08,o,4.0,e,3.0,-3.76,1810000.0,0.004
7.97915e-08,o,5.0,e,5.0,-2.71,20500000.0,0.035
7.9837e-08,o,3.0,e,3.0,-4.97,112000.0,0.001
7.9841e-08,o,2.0,e,3.0,-1.8,165000000.0,-0.356
7.98418e-08,o,5.0,e,4.0,-3.71,2050000.0,0.02
7.986770000000001e-08,e,2.0,o,3.0,-5.36,45200.0,0.0
7.987279999999999e-08,o,5.0,e,5.0,-5.73,19400.0,0.0
7.99131e-08,o,3.0,e,3.0,-3.68,2180000.0,-0.009
7.991520000000001e-08,o,3.0,e,4.0,-3.09,8510000.0,0.029
7.99228e-08,e,5.0,o,4.0,-5.39,42000.0,0.008
7.995270000000001e-08,o,4.0,e,3.0,-5.44,38100.0,0.004
7.99547e-08,o,5.0,e,4.0,-3.68,2160000.0,-0.016
7.99555e-08,o,2.0,e,3.0,-3.76,1790000.0,0.013
7.99631e-08,o,4.0,e,3.0,-4.37,448000.0,0.005
7.99713e-08,o,4.0,e,4.0,-3.95,1180000.0,-0.003
7.9975e-08,e,5.0,o,5.0,-4.93,124000.0,0.014
7.99766e-08,o,3.0,e,3.0,-4.43,384000.0,-0.016
7.99814e-08,o,4.0,e,5.0,-2.08,88100000.0,0.078
8.00049e-08,o,5.0,e,5.0,-4.86,145000.0,0.002
8.001530000000001e-08,o,4.0,e,4.0,-3.99,1080000.0,0.003
8.00172e-08,o,5.0,e,5.0,-2.98,11000000.0,0.042
8.00189e-08,o,3.0,e,4.0,-2.84,15100000.0,0.046
8.003980000000001e-08,o,4.0,e,3.0,-4.74,190000.0,0.001
8.00458e-08,o,5.0,e,4.0,-2.77,17700000.0,0.046
8.00597e-08,o,2.0,e,3.0,-3.85,1470000.0,0.003
8.00664e-08,o,4.0,e,3.0,-4.47,344000.0,0.001
8.00788e-08,e,3.0,o,3.0,-2.6,26300000.0,-0.001
8.00954e-08,o,2.0,e,3.0,-4.21,640000.0,-0.031
8.00955e-08,o,4.0,e,4.0,-5.45,37400.0,0.0
8.01018e-08,o,4.0,e,4.0,-3.15,7410000.0,0.018
8.011540000000001e-08,o,3.0,e,2.0,-3.35,4660000.0,-0.033
8.01293e-08,o,6.0,e,5.0,-5.02,99400.0,0.019
8.01646e-08,o,3.0,e,4.0,-2.46,36100000.0,0.09
8.017880000000001e-08,o,5.0,e,4.0,-2.42,39400000.0,0.268
8.02185e-08,e,3.0,o,4.0,-4.7,206000.0,0.04
8.02207e-08,o,4.0,e,5.0,-3.5,3290000.0,0.072
8.02369e-08,o,4.0,e,4.0,-2.45,36700000.0,0.028
8.024660000000001e-08,e,2.0,o,1.0,-4.89,134000.0,-0.001
8.02932e-08,o,5.0,e,6.0,-2.44,37500000.0,0.025
8.03008e-08,o,4.0,e,4.0,-3.43,3820000.0,0.015
8.034700000000001e-08,o,5.0,e,4.0,-3.1,8150000.0,0.019
8.035449999999999e-08,o,3.0,e,3.0,-4.56,286000.0,0.001
8.03638e-08,o,4.0,e,4.0,-4.84,151000.0,0.0
8.03665e-08,o,3.0,e,2.0,-4.26,568000.0,0.004
8.03678e-08,o,4.0,e,5.0,-3.13,7820000.0,-0.023
8.03713e-08,e,1.0,o,1.0,-3.31,5080000.0,0.029
8.03813e-08,o,5.0,e,5.0,-2.45,36800000.0,0.231
8.04169e-08,o,3.0,e,4.0,-4.19,672000.0,0.001
8.04215e-08,o,4.0,e,5.0,-4.26,566000.0,0.003
8.04413e-08,e,3.0,o,2.0,-4.24,602000.0,-0.001
8.04598e-08,e,4.0,o,4.0,-5.76,18100.0,0.001
8.046609999999999e-08,o,2.0,e,3.0,-4.32,487000.0,-0.002
8.04737e-08,o,4.0,e,3.0,-3.96,1130000.0,0.008
8.04765e-08,o,4.0,e,3.0,-3.25,5850000.0,0.017
8.04837e-08,o,3.0,e,4.0,-2.67,21700000.0,-0.014
8.04837e-08,o,3.0,e,4.0,-5.06,91500.0,0.0
8.05042e-08,o,5.0,e,6.0,-4.01,1020000.0,-0.018
8.050650000000001e-08,o,4.0,e,3.0,-4.14,739000.0,0.009
8.05106e-08,e,4.0,o,3.0,-1.9,131000000.0,0.187
8.05266e-08,o,2.0,e,3.0,-3.31,4950000.0,0.014
8.05375e-08,o,2.0,e,3.0,-4.35,462000.0,0.003
8.05419e-08,o,4.0,e,3.0,-2.66,22400000.0,0.205
8.05475e-08,o,3.0,e,3.0,-4.11,800000.0,0.001
8.05505e-08,e,1.0,o,2.0,-3.42,3950000.0,0.004
8.05545e-08,o,5.0,e,5.0,-2.31,51200000.0,0.053
8.05554e-08,o,4.0,e,5.0,-4.88,134000.0,-0.001
8.05681e-08,e,0.0,o,1.0,-4.97,111000.0,0.007
8.058630000000001e-08,o,6.0,e,5.0,-2.58,27200000.0,0.086
8.05904e-08,o,3.0,e,2.0,-4.83,150000.0,-0.001
8.059120000000001e-08,e,4.0,o,3.0,-2.29,52900000.0,0.152
8.05967e-08,o,4.0,e,5.0,-3.33,4820000.0,0.005
8.06175e-08,o,3.0,e,4.0,-4.53,304000.0,0.001
8.061910000000001e-08,e,2.0,o,3.0,-4.18,672000.0,-0.001
8.06257e-08,o,4.0,e,4.0,-3.39,4240000.0,0.009
8.06354e-08,o,3.0,e,4.0,-2.72,19400000.0,0.055
8.065850000000001e-08,o,4.0,e,4.0,-3.38,4310000.0,0.012
8.06757e-08,o,4.0,e,4.0,-3.68,2140000.0,-0.008
8.06867e-08,o,3.0,e,2.0,-4.22,610000.0,-0.016
8.07034e-08,e,4.0,o,3.0,-4.82,157000.0,-0.076
8.07188e-08,o,2.0,e,3.0,-3.25,5720000.0,0.163
8.07284e-08,o,4.0,e,3.0,-4.11,791000.0,-0.003
8.0748e-08,o,4.0,e,5.0,-1.88,136000000.0,0.08
8.075150000000001e-08,o,3.0,e,4.0,-4.06,889000.0,0.01
8.0753e-08,e,4.0,o,4.0,-5.22,61500.0,0.003
8.08063e-08,e,4.0,o,5.0,-5.82,15300.0,0.0
8.08153e-08,o,5.0,e,5.0,-4.23,602000.0,0.007
8.08155e-08,e,3.0,o,2.0,-3.68,2130000.0,-0.001
8.08164e-08,o,6.0,e,5.0,-5.04,93800.0,-0.001
8.08182e-08,o,5.0,e,5.0,-5.3,51200.0,0.0
8.08192e-08,e,2.0,o,3.0,-3.97,1090000.0,0.0
8.08249e-08,o,3.0,e,3.0,-4.16,705000.0,-0.005
8.08351e-08,o,4.0,e,5.0,-3.88,1360000.0,-0.005
8.084160000000001e-08,o,2.0,e,2.0,-4.14,734000.0,-0.01
8.084650000000001e-08,o,4.0,e,5.0,-3.83,1530000.0,0.025
8.084850000000001e-08,o,3.0,e,3.0,-4.04,914000.0,0.004
8.085510000000001e-08,o,3.0,e,3.0,-4.38,422000.0,0.002
8.08677e-08,o,4.0,e,3.0,-3.09,8360000.0,0.023
8.0888e-08,o,5.0,e,4.0,-5.87,13700.0,0.0
8.088930000000001e-08,o,3.0,e,4.0,-3.49,3300000.0,-0.005
8.09257e-08,e,1.0,o,2.0,-4.25,569000.0,0.0
8.09319e-08,o,2.0,e,3.0,-2.81,15800000.0,0.125
8.093460000000001e-08,o,3.0,e,4.0,-2.39,41600000.0,0.04
8.09582e-08,o,3.0,e,4.0,-4.7,201000.0,0.002
8.09727e-08,e,4.0,o,3.0,-4.67,215000.0,0.006
8.10001e-08,o,5.0,e,5.0,-2.87,13900000.0,-0.093
8.1004e-08,o,2.0,e,2.0,-4.02,976000.0,0.005
8.10052e-08,e,2.0,o,1.0,-4.09,816000.0,0.001
8.10101e-08,o,2.0,e,3.0,-5.6,25300.0,0.0
8.10182e-08,o,5.0,e,4.0,-2.38,42200000.0,0.381
8.105280000000001e-08,e,3.0,o,3.0,-2.96,11200000.0,-0.135
8.10742e-08,o,5.0,e,4.0,-5.6,25600.0,-0.001
8.10887e-08,o,4.0,e,5.0,-5.5,32000.0,0.0
8.109810000000001e-08,o,6.0,e,6.0,-2.0,103000000.0,0.137
8.111870000000001e-08,o,5.0,e,6.0,-3.77,1730000.0,0.002
8.1121e-08,e,1.0,o,1.0,-2.84,14700000.0,-0.003
8.114190000000001e-08,o,4.0,e,5.0,-3.28,5340000.0,0.007
8.115170000000001e-08,o,3.0,e,4.0,-2.8,16200000.0,-0.044
8.11637e-08,o,3.0,e,2.0,-2.29,51600000.0,0.052
8.117690000000001e-08,o,5.0,e,6.0,-4.18,673000.0,-0.001
8.11878e-08,o,2.0,e,3.0,-2.81,15700000.0,-0.063
8.11885e-08,e,2.0,o,2.0,-3.0,10100000.0,-0.001
8.11956e-08,o,4.0,e,3.0,-3.25,5620000.0,0.018
8.12111e-08,o,4.0,e,3.0,-4.23,588000.0,0.025
8.12248e-08,o,4.0,e,5.0,-3.96,1120000.0,-0.003
8.123150000000001e-08,o,2.0,e,2.0,-5.41,38800.0,0.0
8.12947e-08,o,3.0,e,2.0,-4.11,781000.0,0.027
8.136459999999999e-08,o,6.0,e,5.0,-3.55,2830000.0,-0.015
8.1377e-08,o,4.0,e,5.0,-3.28,5310000.0,-0.031
8.137720000000001e-08,o,3.0,e,3.0,-3.51,3140000.0,-0.008
8.137820000000001e-08,e,3.0,o,2.0,-5.24,57300.0,0.002
8.14007e-08,o,4.0,e,3.0,-4.57,273000.0,0.001
8.14029e-08,o,4.0,e,4.0,-4.64,228000.0,0.001
8.14035e-08,o,4.0,e,4.0,-3.29,5160000.0,0.331
8.14178e-08,e,3.0,o,4.0,-5.77,16900.0,-0.001
8.142880000000001e-08,e,4.0,o,3.0,-5.42,38100.0,0.001
8.145080000000001e-08,o,4.0,e,4.0,-3.98,1060000.0,-0.004
8.14616e-08,o,1.0,e,2.0,-3.0,10100000.0,-0.082
8.14627e-08,o,4.0,e,3.0,-3.3,4980000.0,-0.044
8.147340000000001e-08,o,3.0,e,3.0,-3.71,1930000.0,0.026
8.148260000000001e-08,o,5.0,e,5.0,-5.75,17800.0,0.0
8.14833e-08,o,2.0,e,3.0,-3.57,2670000.0,-0.01
8.14881e-08,o,4.0,e,5.0,-2.31,49700000.0,0.082
8.14936e-08,o,2.0,e,3.0,-3.37,4200000.0,0.051
8.149980000000001e-08,o,4.0,e,5.0,-4.3,503000.0,0.002
8.15015e-08,o,4.0,e,3.0,-4.0,985000.0,0.006
8.15064e-08,o,2.0,e,3.0,-4.73,185000.0,0.003
8.150940000000001e-08,e,1.0,o,1.0,-4.53,296000.0,0.002
8.15098e-08,o,3.0,e,4.0,-1.96,111000000.0,0.117
8.15177e-08,o,3.0,e,4.0,-4.07,852000.0,0.001
8.156440000000001e-08,o,4.0,e,5.0,-2.19,64900000.0,0.139
8.15661e-08,o,3.0,e,4.0,-3.02,9600000.0,-0.012
8.15697e-08,e,2.0,o,2.0,-3.02,9630000.0,-0.001
8.15853e-08,o,5.0,e,4.0,-5.13,74700.0,0.0
8.161330000000001e-08,o,2.0,e,1.0,-4.05,889000.0,-0.015
8.16619e-08,o,4.0,e,3.0,-2.5,31800000.0,0.373
8.166430000000001e-08,o,3.0,e,3.0,-3.79,1630000.0,-0.002
8.16819e-08,e,3.0,o,2.0,-1.93,117000000.0,0.22
8.16916e-08,o,1.0,e,2.0,-4.27,526000.0,0.01
8.16972e-08,o,4.0,e,3.0,-2.96,11000000.0,-0.007
8.17039e-08,o,5.0,e,4.0,-2.85,14300000.0,-0.084
8.17136e-08,o,5.0,e,6.0,-5.82,15300.0,0.0
8.17234e-08,o,4.0,e,5.0,-3.68,2110000.0,0.003
8.17321e-08,o,2.0,e,2.0,-3.85,1410000.0,-0.003
8.175330000000001e-08,o,4.0,e,4.0,-3.57,2680000.0,-0.007
8.17571e-08,o,3.0,e,3.0,-2.57,26900000.0,0.026
8.1768e-08,e,2.0,o,1.0,-3.91,1240000.0,0.0
8.17799e-08,e,4.0,o,3.0,-3.86,1390000.0,0.121
8.17886e-08,o,3.0,e,3.0,-4.55,279000.0,0.001
8.17918e-08,o,5.0,e,4.0,-3.14,7260000.0,0.03
8.180960000000001e-08,o,4.0,e,4.0,-3.33,4730000.0,-0.006
8.18193e-08,o,3.0,e,2.0,-4.21,623000.0,0.001
8.18582e-08,o,5.0,e,5.0,-1.93,119000000.0,-0.1
8.186720000000001e-08,e,2.0,o,2.0,-5.15,71200.0,-0.004
8.18715e-08,o,3.0,e,4.0,-3.75,1790000.0,0.018
8.18721e-08,e,3.0,o,2.0,-5.59,25400.0,0.003
8.1883e-08,o,3.0,e,2.0,-5.0,100000.0,-0.02
8.189360000000001e-08,o,3.0,e,4.0,-3.78,1660000.0,0.011
8.18986e-08,o,5.0,e,4.0,-2.14,72200000.0,-0.099
8.1916e-08,o,4.0,e,4.0,-2.13,73400000.0,-0.026
8.19274e-08,o,3.0,e,2.0,-3.51,3120000.0,0.024
8.19282e-08,o,2.0,e,2.0,-2.46,34500000.0,0.062
8.197580000000001e-08,o,5.0,e,6.0,-3.52,2980000.0,0.003
8.199270000000001e-08,o,4.0,e,3.0,-4.93,115000.0,-0.001
8.20021e-08,o,4.0,e,3.0,-2.91,12200000.0,-0.061
8.20046e-08,o,3.0,e,4.0,-4.68,208000.0,0.0
8.20082e-08,o,5.0,e,4.0,-2.64,23000000.0,-0.056
8.201350000000001e-08,o,2.0,e,3.0,-3.53,2940000.0,0.007
8.20256e-08,o,4.0,e,4.0,-2.75,17900000.0,-0.011
8.20425e-08,o,2.0,e,2.0,-4.16,693000.0,0.054
8.20427e-08,o,5.0,e,5.0,-3.9,1250000.0,-0.003
8.20601e-08,o,4.0,e,5.0,-3.23,5770000.0,-0.012
8.20602e-08,o,4.0,e,5.0,-3.65,2210000.0,0.004
8.20602e-08,o,4.0,e,4.0,-5.3,49400.0,0.0
8.20843e-08,o,2.0,e,3.0,-3.66,2160000.0,0.033
8.20927e-08,o,4.0,e,3.0,-5.29,50400.0,0.0
8.20957e-08,o,5.0,e,5.0,-2.78,16400000.0,0.063
8.20996e-08,e,1.0,o,1.0,-5.36,42900.0,-0.004
8.210480000000001e-08,e,3.0,o,3.0,-5.04,90600.0,-0.003
8.21154e-08,o,3.0,e,3.0,-3.44,3560000.0,-0.006
8.21259e-08,o,5.0,e,4.0,-3.72,1920000.0,0.008
8.21353e-08,o,4.0,e,4.0,-3.44,3610000.0,-0.018
8.21402e-08,o,2.0,e,3.0,-4.81,153000.0,-0.002
8.21579e-08,o,4.0,e,4.0,-4.37,427000.0,0.0
8.216010000000001e-08,o,3.0,e,2.0,-4.9,124000.0,0.001
8.21845e-08,o,4.0,e,4.0,-4.6,252000.0,0.001
8.21876e-08,o,4.0,e,4.0,-4.05,876000.0,-0.023
8.221910000000001e-08,o,3.0,e,4.0,-3.72,1920000.0,-0.008
8.222450000000001e-08,o,2.0,e,3.0,-5.72,18800.0,0.0
8.22508e-08,o,4.0,e,5.0,-4.33,462000.0,0.001
8.225190000000001e-08,o,3.0,e,4.0,-2.16,68300000.0,0.315
8.225800000000001e-08,o,3.0,e,3.0,-4.65,220000.0,0.0
8.22822e-08,o,3.0,e,2.0,-3.73,1850000.0,-0.002
8.22841e-08,o,4.0,e,5.0,-5.04,91000.0,0.0
8.228500000000001e-08,o,4.0,e,3.0,-3.67,2110000.0,0.008
8.22982e-08,o,4.0,e,5.0,-5.7,19800.0,0.0
8.23078e-08,o,3.0,e,3.0,-4.62,239000.0,0.001
8.232290000000001e-08,o,3.0,e,3.0,-4.15,700000.0,-0.004
8.232340000000001e-08,o,1.0,e,2.0,-4.5,311000.0,0.0
8.232440000000001e-08,o,5.0,e,5.0,-3.45,3470000.0,0.004
8.232750000000001e-08,o,3.0,e,4.0,-5.14,70900.0,-0.001
8.2342e-08,o,4.0,e,5.0,-3.07,8320000.0,0.008
8.2358e-08,o,5.0,e,5.0,-1.68,205000000.0,0.37
8.236720000000001e-08,o,4.0,e,4.0,-2.11,75900000.0,-0.143
8.23742e-08,o,3.0,e,2.0,-2.44,35900000.0,0.386
8.237920000000001e-08,o,3.0,e,4.0,-2.76,17000000.0,0.019
8.23864e-08,o,5.0,e,6.0,-1.8,157000000.0,-0.055
8.23959e-08,o,2.0,e,3.0,-5.93,11700.0,0.0
8.240359999999999e-08,o,3.0,e,4.0,-2.52,29500000.0,0.04
8.2408e-08,o,5.0,e,5.0,-3.17,6720000.0,0.02
8.2419e-08,o,2.0,e,3.0,-4.65,221000.0,0.0
8.24283e-08,o,3.0,e,3.0,-3.53,2860000.0,0.007
8.245090000000001e-08,o,4.0,e,3.0,-3.41,3770000.0,-0.076
8.24544e-08,o,1.0,e,2.0,-3.24,5600000.0,0.047
8.24678e-08,o,5.0,e,4.0,-2.92,11700000.0,0.065
8.24708e-08,o,3.0,e,3.0,-4.14,719000.0,-0.004
8.24948e-08,e,2.0,o,3.0,-5.84,14300.0,0.0
8.24966e-08,o,4.0,e,5.0,-4.03,927000.0,-0.001
8.249790000000001e-08,o,5.0,e,6.0,-4.62,237000.0,-0.001
8.25117e-08,o,3.0,e,3.0,-2.15,69700000.0,-0.048
8.25151e-08,o,2.0,e,3.0,-4.84,141000.0,0.001
8.25157e-08,o,3.0,e,3.0,-2.6,25000000.0,0.128
8.25163e-08,o,3.0,e,4.0,-4.8,159000.0,0.0
8.2552e-08,o,3.0,e,4.0,-3.32,4700000.0,0.006
8.25578e-08,o,3.0,e,3.0,-3.51,3020000.0,0.05
8.25636e-08,o,4.0,e,4.0,-4.66,214000.0,0.002
8.25724e-08,o,2.0,e,2.0,-3.45,3510000.0,-0.016
8.25837e-08,o,4.0,e,3.0,-5.48,31700.0,0.0
8.25974e-08,e,1.0,o,2.0,-3.46,3390000.0,0.004
8.26026e-08,e,2.0,o,3.0,-5.69,20200.0,0.001
8.26487e-08,o,5.0,e,5.0,-3.29,5050000.0,0.014
8.26615e-08,o,5.0,e,5.0,-4.67,209000.0,0.0
8.26793e-08,o,5.0,e,4.0,-3.17,6610000.0,-0.041
8.27209e-08,o,2.0,e,1.0,-2.1,77300000.0,0.219
8.27348e-08,o,3.0,e,4.0,-2.69,20000000.0,-0.028
8.273780000000001e-08,o,4.0,e,5.0,-2.36,42300000.0,-0.054
8.274220000000001e-08,o,4.0,e,3.0,-2.67,20800000.0,-0.061
8.27435e-08,o,3.0,e,4.0,-3.37,4180000.0,0.006
8.27538e-08,o,3.0,e,3.0,-3.03,9100000.0,0.016
8.27543e-08,o,3.0,e,2.0,-3.18,6470000.0,-0.01
8.27634e-08,o,2.0,e,3.0,-3.34,4400000.0,0.011
8.27684e-08,o,4.0,e,4.0,-1.96,106000000.0,-0.071
8.2788e-08,o,4.0,e,3.0,-3.96,1050000.0,0.008
8.28057e-08,o,3.0,e,3.0,-2.77,16700000.0,-0.017
8.28088e-08,o,2.0,e,2.0,-5.82,14500.0,0.0
8.28418e-08,e,3.0,o,3.0,-4.21,607000.0,0.001
8.28467e-08,o,3.0,e,4.0,-4.56,268000.0,0.0
8.28543e-08,o,4.0,e,4.0,-2.0,96800000.0,0.107
8.2873e-08,o,2.0,e,3.0,-2.06,85900000.0,0.148
8.288490000000001e-08,o,5.0,e,4.0,-5.6,24300.0,0.0
8.28853e-08,o,5.0,e,4.0,-2.3,48800000.0,-0.119
8.2886e-08,o,3.0,e,2.0,-3.17,6540000.0,-0.037
8.290270000000001e-08,o,4.0,e,4.0,-3.55,2730000.0,-0.006
8.29073e-08,e,3.0,o,2.0,-5.82,14900.0,-0.03
8.29415e-08,o,4.0,e,5.0,-2.97,10500000.0,0.046
8.29433e-08,o,5.0,e,6.0,-4.92,117000.0,0.0
8.29445e-08,e,3.0,o,3.0,-5.07,83000.0,-0.003
8.29506e-08,o,2.0,e,2.0,-2.6,24400000.0,-0.042
8.29533e-08,o,2.0,e,2.0,-2.77,16300000.0,-0.139
8.29765e-08,o,2.0,e,3.0,-3.44,3540000.0,0.026
8.298250000000001e-08,o,1.0,e,2.0,-3.7,1930000.0,0.014
8.29872e-08,o,4.0,e,5.0,-5.12,72700.0,0.001
8.299199999999999e-08,e,1.0,o,2.0,-3.16,6750000.0,-0.004
8.30081e-08,o,3.0,e,4.0,-5.34,44200.0,0.0
8.301710000000001e-08,o,4.0,e,3.0,-4.64,219000.0,-0.001
8.302340000000001e-08,o,4.0,e,3.0,-2.62,23200000.0,0.085
8.305990000000001e-08,o,4.0,e,3.0,-3.92,1140000.0,0.013
8.30607e-08,o,3.0,e,3.0,-3.27,5190000.0,-0.006
8.306720000000001e-08,o,4.0,e,4.0,-2.12,73800000.0,0.122
8.30728e-08,o,1.0,e,2.0,-3.22,5740000.0,-0.011
8.30785e-08,o,3.0,e,3.0,-4.45,345000.0,0.001
8.30808e-08,o,2.0,e,2.0,-3.96,1050000.0,0.004
8.30813e-08,o,2.0,e,3.0,-3.65,2130000.0,-0.007
8.30833e-08,o,3.0,e,4.0,-3.44,3520000.0,-0.005
8.311119999999999e-08,o,3.0,e,3.0,-3.79,1580000.0,0.013
8.31242e-08,o,3.0,e,2.0,-4.16,654000.0,0.006
8.31258e-08,o,3.0,e,2.0,-3.66,2090000.0,-0.01
8.312740000000001e-08,o,3.0,e,4.0,-3.14,6980000.0,-0.005
8.314670000000001e-08,e,2.0,o,2.0,-5.84,14100.0,0.0
8.31618e-08,o,2.0,e,2.0,-4.02,923000.0,0.01
8.316240000000001e-08,o,4.0,e,3.0,-2.96,10500000.0,0.011
8.31628e-08,o,4.0,e,5.0,-3.31,4750000.0,0.044
8.31837e-08,o,2.0,e,3.0,-2.53,28400000.0,-0.06
8.31919e-08,o,4.0,e,3.0,-2.21,59500000.0,-0.042
8.319320000000001e-08,o,2.0,e,2.0,-3.5,3010000.0,0.009
8.31973e-08,e,1.0,o,1.0,-4.38,398000.0,0.0
8.32212e-08,o,1.0,e,2.0,-5.3,47300.0,-0.001
8.32222e-08,o,5.0,e,5.0,-2.35,43100000.0,-0.095
8.32574e-08,o,1.0,e,1.0,-4.02,923000.0,-0.003
8.3267e-08,e,4.0,o,3.0,-3.45,3440000.0,-0.052
8.327419999999999e-08,o,2.0,e,3.0,-4.19,624000.0,0.003
8.32835e-08,o,3.0,e,2.0,-4.12,723000.0,-0.003
8.32875e-08,o,4.0,e,3.0,-3.36,4160000.0,0.026
8.32956e-08,o,3.0,e,4.0,-4.51,295000.0,-0.004
8.32968e-08,e,2.0,o,3.0,-5.33,45000.0,0.0
8.33125e-08,o,4.0,e,5.0,-1.76,169000000.0,-0.06
8.33201e-08,o,2.0,e,2.0,-4.0,962000.0,-0.011
8.334030000000001e-08,o,3.0,e,3.0,-1.84,139000000.0,0.074
8.33417e-08,o,3.0,e,4.0,-2.53,28200000.0,0.036
8.334890000000001e-08,o,2.0,e,3.0,-2.63,22500000.0,0.14
8.33665e-08,e,1.0,o,1.0,-2.85,13700000.0,0.016
8.338e-08,o,4.0,e,4.0,-4.22,576000.0,0.001
8.33868e-08,o,5.0,e,5.0,-5.79,15500.0,0.0
8.33987e-08,o,3.0,e,3.0,-5.33,43900.0,0.001
8.34188e-08,o,4.0,e,4.0,-2.81,15000000.0,0.005
8.34303e-08,o,2.0,e,2.0,-2.57,25800000.0,-0.063
8.34305e-08,o,1.0,e,2.0,-3.01,9470000.0,-0.046
8.349500000000001e-08,o,6.0,e,6.0,-4.91,119000.0,0.001
8.35104e-08,e,4.0,o,3.0,-3.28,4960000.0,-0.146
8.3513e-08,o,3.0,e,4.0,-4.1,766000.0,0.002
8.35149e-08,o,3.0,e,4.0,-5.0,95900.0,-0.001
8.35216e-08,o,5.0,e,5.0,-2.56,26300000.0,-0.039
8.353250000000001e-08,o,4.0,e,4.0,-2.81,15000000.0,0.01
8.35487e-08,o,2.0,e,3.0,-2.22,57900000.0,-0.035
8.35634e-08,o,3.0,e,3.0,-4.88,126000.0,0.0
8.356820000000001e-08,o,4.0,e,5.0,-4.13,712000.0,0.002
8.359020000000001e-08,o,4.0,e,3.0,-2.85,13500000.0,0.033
8.3596e-08,o,2.0,e,3.0,-4.52,283000.0,-0.004
8.36312e-08,e,2.0,o,3.0,-4.35,430000.0,0.0
8.363440000000001e-08,e,2.0,o,3.0,-4.48,314000.0,0.0
8.364700000000001e-08,o,4.0,e,4.0,-5.08,79600.0,0.003
8.36513e-08,o,4.0,e,5.0,-2.89,12300000.0,0.089
8.36593e-08,o,5.0,e,4.0,-4.77,162000.0,0.003
8.36735e-08,o,3.0,e,2.0,-3.9,1190000.0,0.005
8.367490000000001e-08,o,3.0,e,3.0,-3.48,3110000.0,0.017
8.37022e-08,o,2.0,e,3.0,-3.67,2060000.0,-0.031
8.370399999999999e-08,o,1.0,e,2.0,-4.53,283000.0,0.024
8.37215e-08,o,3.0,e,4.0,-4.3,475000.0,0.002
8.37297e-08,o,4.0,e,5.0,-1.44,347000000.0,0.104
8.37414e-08,o,3.0,e,4.0,-3.15,6790000.0,0.038
8.37426e-08,o,3.0,e,4.0,-3.94,1090000.0,0.002
8.3747e-08,o,5.0,e,4.0,-2.11,75100000.0,-0.196
8.37491e-08,e,2.0,o,3.0,-5.15,67800.0,-0.007
8.37661e-08,o,2.0,e,1.0,-1.0,943000000.0,-0.324
8.379310000000001e-08,o,2.0,e,3.0,-3.79,1530000.0,-0.024
8.379360000000001e-08,o,3.0,e,3.0,-2.73,17700000.0,0.057
8.38014e-08,o,4.0,e,3.0,-3.61,2330000.0,0.015
8.38059e-08,o,1.0,e,2.0,-2.74,17100000.0,0.02
8.3808e-08,o,2.0,e,2.0,-5.53,28100.0,0.0
8.38415e-08,o,2.0,e,3.0,-3.36,4140000.0,0.015
8.38582e-08,o,3.0,e,3.0,-4.22,567000.0,-0.002
8.38606e-08,o,4.0,e,5.0,-3.29,4930000.0,-0.007
8.3861e-08,o,5.0,e,5.0,-1.85,134000000.0,0.021
8.38875e-08,o,4.0,e,5.0,-5.19,61200.0,-0.001
8.39049e-08,o,2.0,e,2.0,-2.22,56400000.0,0.031
8.391580000000001e-08,o,1.0,e,2.0,-2.81,14600000.0,-0.098
8.391920000000001e-08,o,3.0,e,2.0,-2.37,40300000.0,-0.029
8.39457e-08,o,3.0,e,3.0,-3.87,1300000.0,0.007
8.39602e-08,o,3.0,e,4.0,-2.99,9770000.0,0.023
8.39634e-08,o,4.0,e,3.0,-2.53,28200000.0,0.031
8.397920000000001e-08,o,2.0,e,3.0,-5.05,85500.0,0.001
8.40065e-08,o,3.0,e,3.0,-5.0,95200.0,0.001
8.401000000000001e-08,o,5.0,e,4.0,-3.26,5200000.0,-0.002
8.402670000000001e-08,e,2.0,o,2.0,-2.79,15500000.0,-0.001
8.40437e-08,o,2.0,e,1.0,-4.73,176000.0,-0.001
8.405010000000001e-08,e,2.0,o,1.0,-3.0,9490000.0,-0.004
8.406e-08,o,5.0,e,4.0,-2.09,76000000.0,0.125
8.407830000000001e-08,o,4.0,e,4.0,-2.48,31400000.0,-0.009
8.409420000000001e-08,o,5.0,e,5.0,-4.7,189000.0,-0.001
8.411029999999999e-08,o,5.0,e,5.0,-3.47,3230000.0,-0.014
8.41141e-08,o,5.0,e,5.0,-1.08,778000000.0,-0.376
8.41324e-08,o,4.0,e,5.0,-0.74,1720000000.0,-0.261
8.414190000000001e-08,o,5.0,e,4.0,-2.7,18900000.0,0.026
8.41431e-08,e,1.0,o,0.0,-3.99,969000.0,-0.004
8.41483e-08,o,4.0,e,3.0,-2.46,32300000.0,-0.11
8.415320000000001e-08,o,4.0,e,5.0,-1.92,114000000.0,-0.141
8.41578e-08,o,3.0,e,3.0,-2.9,11800000.0,0.004
8.41633e-08,o,4.0,e,4.0,-4.58,246000.0,-0.001
8.417060000000001e-08,o,3.0,e,2.0,-3.32,4560000.0,0.016
8.41851e-08,o,3.0,e,3.0,-2.63,22100000.0,-0.093
8.4188e-08,o,3.0,e,3.0,-1.62,225000000.0,0.222
8.4192e-08,o,1.0,e,2.0,-2.7,18500000.0,-0.011
8.41971e-08,o,5.0,e,4.0,-2.42,35800000.0,0.194
8.42182e-08,o,2.0,e,2.0,-0.61,2330000000.0,0.487
8.422050000000001e-08,o,4.0,e,4.0,-3.55,2670000.0,0.002
8.422880000000001e-08,e,2.0,o,1.0,-2.72,18000000.0,-0.025
8.42552e-08,o,4.0,e,3.0,-4.73,175000.0,-0.001
8.425650000000001e-08,o,3.0,e,4.0,-1.99,97300000.0,0.058
8.42978e-08,o,1.0,e,2.0,-3.23,5570000.0,0.066
8.43098e-08,o,5.0,e,4.0,-4.6,237000.0,-0.056
8.43112e-08,o,4.0,e,3.0,-2.13,69900000.0,-0.168
8.434040000000001e-08,o,6.0,e,6.0,-4.44,338000.0,-0.001
8.43453e-08,o,6.0,e,5.0,-3.41,3640000.0,0.062
8.43504e-08,o,4.0,e,4.0,-3.2,6020000.0,-0.008
8.435370000000001e-08,o,2.0,e,3.0,-4.53,272000.0,0.001
8.43626e-08,o,4.0,e,5.0,-4.23,560000.0,0.01
8.436470000000001e-08,o,2.0,e,2.0,-4.3,475000.0,-0.004
8.4366e-08,e,1.0,o,1.0,-3.86,1280000.0,-0.005
8.439e-08,o,3.0,e,4.0,-2.49,30300000.0,0.022
8.439280000000001e-08,o,6.0,e,5.0,-3.71,1850000.0,0.001
8.44101e-08,o,2.0,e,3.0,-0.36,4050000000.0,-0.547
8.44102e-08,o,3.0,e,2.0,-2.75,16600000.0,-0.019
8.44112e-08,o,6.0,e,5.0,-4.6,235000.0,0.003
8.44154e-08,o,5.0,e,6.0,-0.49,3030000000.0,0.232
8.441680000000001e-08,e,2.0,o,2.0,-2.21,57900000.0,-0.087
8.443510000000001e-08,e,2.0,o,2.0,-2.86,13000000.0,0.002
8.444220000000001e-08,o,4.0,e,4.0,-2.43,35000000.0,0.125
8.44767e-08,o,3.0,e,4.0,-2.34,43000000.0,-0.042
8.448020000000001e-08,o,3.0,e,4.0,-5.33,44600.0,0.001
8.45031e-08,e,1.0,o,2.0,-5.09,75200.0,0.0
8.45064e-08,o,3.0,e,4.0,-4.82,141000.0,0.0
8.451130000000001e-08,o,3.0,e,4.0,-5.66,20600.0,0.0
8.45364e-08,o,1.0,e,1.0,-2.85,13300000.0,-0.102
8.45374e-08,o,5.0,e,4.0,-3.34,4230000.0,-0.02
8.45498e-08,o,5.0,e,4.0,-2.14,67800000.0,0.137
8.45525e-08,o,2.0,e,3.0,-2.97,10100000.0,0.055
8.45547e-08,e,1.0,o,2.0,-4.49,299000.0,0.002
8.45563e-08,o,3.0,e,2.0,-3.34,4290000.0,-0.006
8.45609e-08,o,4.0,e,3.0,-3.28,4900000.0,-0.034
8.457670000000001e-08,o,2.0,e,2.0,-4.12,705000.0,-0.001
8.458300000000001e-08,e,0.0,o,1.0,-5.58,24700.0,0.0
8.459400000000001e-08,o,3.0,e,3.0,-2.47,31800000.0,0.029
8.45961e-08,o,2.0,e,2.0,-3.64,2150000.0,0.002
8.459740000000001e-08,o,6.0,e,5.0,-2.59,23900000.0,-0.042
8.46009e-08,o,4.0,e,3.0,-4.34,429000.0,0.004
8.46035e-08,o,4.0,e,5.0,-5.47,31700.0,0.0
8.461330000000001e-08,o,4.0,e,4.0,-2.56,25500000.0,-0.07
8.461500000000001e-08,o,2.0,e,3.0,-1.84,135000000.0,-0.177
8.461970000000001e-08,o,5.0,e,6.0,-4.72,177000.0,0.0
8.462310000000001e-08,o,2.0,e,3.0,-3.32,4430000.0,-0.031
8.464760000000001e-08,e,2.0,o,1.0,-3.13,6940000.0,0.007
8.46491e-08,o,4.0,e,4.0,-2.65,21200000.0,-0.03
8.465420000000001e-08,o,5.0,e,4.0,-4.01,920000.0,-0.004
8.46641e-08,o,3.0,e,4.0,-3.05,8290000.0,0.014
8.467190000000001e-08,o,3.0,e,2.0,-2.35,41400000.0,0.038
8.469090000000001e-08,o,5.0,e,5.0,-5.4,37500.0,0.0
8.47033e-08,o,2.0,e,3.0,-5.03,86200.0,0.002
8.47043e-08,o,5.0,e,5.0,-2.23,54400000.0,-0.073
8.47045e-08,o,3.0,e,3.0,-1.98,97200000.0,0.213
8.470950000000001e-08,o,6.0,e,5.0,-4.18,620000.0,-0.003
8.47117e-08,o,4.0,e,3.0,-3.5,2980000.0,-0.005
8.47318e-08,o,5.0,e,5.0,-2.09,75500000.0,-0.093
8.474020000000001e-08,e,3.0,o,4.0,-4.18,619000.0,0.0
8.47816e-08,o,3.0,e,3.0,-3.01,9040000.0,-0.042
8.47905e-08,e,5.0,o,4.0,-3.26,5150000.0,-0.202
8.47968e-08,o,3.0,e,2.0,-3.71,1800000.0,-0.008
8.48163e-08,o,4.0,e,3.0,-3.22,5620000.0,-0.021
8.48239e-08,o,3.0,e,3.0,-2.64,21300000.0,-0.007
8.48371e-08,o,4.0,e,3.0,-3.39,3760000.0,-0.028
8.48386e-08,o,2.0,e,3.0,-2.08,77600000.0,0.04
8.48479e-08,o,2.0,e,2.0,-2.41,36100000.0,0.009
8.48611e-08,o,1.0,e,2.0,-4.94,107000.0,0.001
8.487910000000001e-08,o,4.0,e,3.0,-3.6,2330000.0,-0.023
8.490610000000001e-08,o,6.0,e,6.0,-2.76,16000000.0,0.052
8.49154e-08,o,4.0,e,5.0,-5.38,39300.0,0.0
8.49253e-08,o,3.0,e,2.0,-3.76,1610000.0,-0.006
8.492720000000001e-08,o,3.0,e,2.0,-2.26,51300000.0,0.033
8.4931e-08,o,3.0,e,3.0,-4.04,850000.0,0.004
8.4938e-08,o,4.0,e,3.0,-3.23,5400000.0,0.004
8.49411e-08,o,3.0,e,4.0,-0.91,1150000000.0,-0.28
8.494600000000001e-08,o,4.0,e,5.0,-2.85,13100000.0,0.007
8.494940000000001e-08,o,4.0,e,4.0,-4.73,172000.0,0.001
8.49511e-08,o,1.0,e,2.0,-3.02,8790000.0,-0.029
8.49525e-08,o,3.0,e,3.0,-4.16,646000.0,-0.006
8.49751e-08,o,1.0,e,1.0,-3.15,6700000.0,0.007
8.49761e-08,o,6.0,e,7.0,-4.75,164000.0,0.0
8.49886e-08,o,5.0,e,4.0,-1.47,313000000.0,-0.324
8.499120000000001e-08,o,5.0,e,5.0,-4.52,280000.0,0.001
8.49948e-08,o,2.0,e,3.0,-3.64,2100000.0,-0.003
8.500910000000001e-08,o,5.0,e,5.0,-5.98,9760.0,-0.001
8.50108e-08,o,2.0,e,3.0,-2.96,10100000.0,0.006
8.50265e-08,o,1.0,e,2.0,-2.21,56600000.0,0.044
8.50332e-08,o,5.0,e,6.0,-2.32,44900000.0,-0.277
8.50521e-08,o,4.0,e,4.0,-4.97,98700.0,0.0
8.506490000000001e-08,e,2.0,o,1.0,-3.76,1610000.0,0.001
8.508470000000001e-08,o,4.0,e,4.0,-5.39,38000.0,0.0
8.50951e-08,o,2.0,e,2.0,-5.16,64000.0,0.0
8.5101e-08,o,2.0,e,1.0,-3.51,2860000.0,-0.003
8.51571e-08,o,2.0,e,3.0,-3.59,2400000.0,0.026
8.51649e-08,o,4.0,e,4.0,-2.07,78100000.0,-0.026
8.516570000000001e-08,o,3.0,e,3.0,-3.3,4640000.0,-0.008
8.51697e-08,o,3.0,e,3.0,-5.36,40500.0,0.0
8.51703e-08,o,4.0,e,4.0,-4.45,329000.0,-0.001
8.5171e-08,o,4.0,e,5.0,-1.47,313000000.0,0.279
8.51983e-08,o,6.0,e,5.0,-2.99,9400000.0,0.007
8.52035e-08,o,4.0,e,4.0,-1.79,151000000.0,0.027
8.52075e-08,o,4.0,e,5.0,-3.86,1270000.0,-0.003
8.52312e-08,o,3.0,e,3.0,-3.75,1620000.0,-0.004
8.52398e-08,o,2.0,e,1.0,-2.32,43700000.0,0.061
8.52567e-08,e,2.0,o,2.0,-3.03,8590000.0,0.008
8.526520000000001e-08,o,5.0,e,5.0,-3.33,4270000.0,-0.043
8.527200000000001e-08,o,4.0,e,3.0,-4.01,904000.0,0.05
8.52727e-08,o,4.0,e,3.0,-3.68,1870000.0,0.003
8.52824e-08,o,3.0,e,2.0,-1.3,456000000.0,-0.206
8.52846e-08,o,1.0,e,2.0,-3.54,2620000.0,-0.005
8.52977e-08,o,5.0,e,4.0,-4.67,199000.0,0.006
8.53238e-08,o,5.0,e,4.0,-1.51,284000000.0,0.26
8.53539e-08,o,2.0,e,2.0,-2.92,11100000.0,-0.043
8.53668e-08,o,3.0,e,2.0,-3.39,3770000.0,-0.014
8.53727e-08,o,3.0,e,4.0,-2.77,15900000.0,-0.02
8.53754e-08,o,2.0,e,3.0,-3.2,5840000.0,0.023
8.53798e-08,o,2.0,e,2.0,-2.45,32300000.0,-0.016
8.53819e-08,o,4.0,e,5.0,-1.95,104000000.0,-0.344
8.53824e-08,o,4.0,e,5.0,-0.63,2150000000.0,-0.399
8.539e-08,o,0.0,e,1.0,-3.33,4360000.0,0.026
8.53914e-08,e,1.0,o,0.0,-2.73,17100000.0,0.026
8.5404e-08,o,2.0,e,3.0,-2.79,14900000.0,0.023
8.54075e-08,o,3.0,e,4.0,-5.9,11400.0,0.0
8.542820000000001e-08,o,3.0,e,2.0,-2.9,11600000.0,-0.053
8.54375e-08,o,3.0,e,4.0,-3.56,2500000.0,-0.005
8.54399e-08,e,4.0,o,4.0,-4.25,511000.0,0.21
8.54454e-08,o,2.0,e,2.0,-3.4,3570000.0,0.003
8.544990000000001e-08,o,4.0,e,3.0,-3.24,5280000.0,0.07
8.54607e-08,o,4.0,e,4.0,-0.25,5170000000.0,0.472
8.54737e-08,o,4.0,e,3.0,-3.31,4540000.0,0.008
8.5488e-08,o,2.0,e,2.0,-2.61,22400000.0,0.073
8.54966e-08,o,4.0,e,3.0,-2.63,21300000.0,-0.063
8.55115e-08,o,4.0,e,5.0,-3.21,5620000.0,0.012
8.5516e-08,o,5.0,e,5.0,-4.84,131000.0,0.0
8.55267e-08,o,3.0,e,4.0,-3.19,5890000.0,0.026
8.55303e-08,o,3.0,e,4.0,-1.8,145000000.0,0.069
8.55306e-08,o,1.0,e,2.0,-2.17,61000000.0,0.064
8.553429999999999e-08,o,2.0,e,3.0,-1.14,664000000.0,-0.287
8.553750000000001e-08,o,2.0,e,3.0,-1.67,191000000.0,-0.165
8.55409e-08,o,4.0,e,4.0,-2.52,27900000.0,0.004
8.5543e-08,o,4.0,e,3.0,-1.88,120000000.0,0.119
8.55591e-08,o,3.0,e,3.0,-2.4,36700000.0,0.09
8.556100000000001e-08,e,1.0,o,1.0,-2.26,49700000.0,0.062
8.55717e-08,e,4.0,o,4.0,-3.29,4710000.0,0.059
8.55788e-08,o,5.0,e,6.0,-5.42,34400.0,-0.001
8.55887e-08,o,5.0,e,4.0,-2.89,11600000.0,-0.052
8.56101e-08,o,4.0,e,4.0,-1.78,153000000.0,0.03
8.56211e-08,e,1.0,o,1.0,-2.79,14500000.0,0.023
8.56236e-08,o,2.0,e,3.0,-4.82,139000.0,0.0
8.56241e-08,o,3.0,e,4.0,-2.42,34300000.0,-0.027
8.56286e-08,o,6.0,e,5.0,-3.01,8950000.0,-0.005
8.56351e-08,o,2.0,e,2.0,-4.0,916000.0,-0.006
8.5643e-08,o,3.0,e,4.0,-3.43,3450000.0,-0.003
8.56622e-08,o,4.0,e,4.0,-0.98,949000000.0,-0.27
8.56717e-08,e,3.0,o,3.0,-5.4,36700.0,0.0
8.56803e-08,o,7.0,e,6.0,-3.24,5240000.0,0.003
8.568250000000001e-08,o,4.0,e,3.0,-1.44,331000000.0,-0.284
8.571350000000001e-08,o,3.0,e,3.0,-4.45,324000.0,-0.001
8.57184e-08,o,4.0,e,5.0,-0.82,1390000000.0,0.16
8.57333e-08,o,2.0,e,1.0,-3.34,4130000.0,-0.011
8.57423e-08,o,1.0,e,1.0,-3.42,3450000.0,-0.003
8.574310000000001e-08,o,1.0,e,2.0,-1.75,158000000.0,0.095
8.57466e-08,o,1.0,e,1.0,-2.0,90200000.0,-0.082
8.57636e-08,o,3.0,e,3.0,-3.62,2160000.0,-0.004
8.576849999999999e-08,o,3.0,e,2.0,-4.7,180000.0,0.0
8.578010000000001e-08,o,4.0,e,5.0,-0.53,2670000000.0,0.247
8.57888e-08,o,5.0,e,5.0,-4.56,249000.0,0.0
8.58027e-08,o,5.0,e,4.0,-3.79,1460000.0,0.045
8.58086e-08,o,3.0,e,3.0,-4.16,627000.0,0.008
8.58116e-08,o,3.0,e,3.0,-5.26,50200.0,0.0
8.581530000000001e-08,e,1.0,o,2.0,-2.53,26500000.0,-0.109
8.58242e-08,o,3.0,e,2.0,-2.75,16100000.0,-0.112
8.58496e-08,o,3.0,e,2.0,-1.16,621000000.0,-0.214
8.58757e-08,o,5.0,e,5.0,-3.11,7030000.0,0.029
8.588830000000001e-08,o,1.0,e,2.0,-1.49,294000000.0,-0.31
8.58929e-08,o,4.0,e,4.0,-2.87,12300000.0,-0.007
8.590340000000001e-08,e,4.0,o,4.0,-3.11,7060000.0,0.077
8.59135e-08,o,4.0,e,4.0,-3.68,1880000.0,0.006
8.5916e-08,o,3.0,e,3.0,-3.59,2340000.0,-0.009
8.59177e-08,o,5.0,e,6.0,-4.35,406000.0,0.001
8.59276e-08,o,1.0,e,2.0,-3.12,6860000.0,-0.024
8.59364e-08,o,6.0,e,6.0,-1.9,115000000.0,-0.273
8.59638e-08,e,4.0,o,5.0,-3.95,1020000.0,0.008
8.59746e-08,o,3.0,e,3.0,-1.98,93800000.0,0.018
8.598250000000001e-08,o,2.0,e,3.0,-1.02,844000000.0,0.527
8.598300000000001e-08,o,4.0,e,4.0,-3.01,8860000.0,-0.003
8.59867e-08,o,2.0,e,3.0,-3.19,5810000.0,-0.016
8.60049e-08,o,1.0,e,1.0,-5.35,40700.0,0.0
8.60174e-08,o,2.0,e,3.0,-5.02,86700.0,-0.002
8.60217e-08,o,3.0,e,4.0,-3.39,3710000.0,-0.011
8.60232e-08,o,4.0,e,3.0,-3.05,7950000.0,0.098
8.602329999999999e-08,o,3.0,e,4.0,-4.78,150000.0,-0.023
8.602360000000001e-08,o,3.0,e,2.0,-2.4,35600000.0,-0.031
8.60331e-08,o,2.0,e,2.0,-4.35,399000.0,-0.003
8.610240000000001e-08,o,3.0,e,4.0,-5.24,52300.0,0.0
8.6115e-08,o,2.0,e,3.0,-4.84,128000.0,-0.001
8.61163e-08,o,4.0,e,4.0,-5.83,13200.0,0.0
8.61211e-08,o,3.0,e,2.0,-4.16,614000.0,0.001
8.61339e-08,o,2.0,e,1.0,-5.53,26600.0,0.0
8.61422e-08,o,2.0,e,2.0,-2.15,62300000.0,-0.039
8.61453e-08,o,4.0,e,5.0,-2.63,21000000.0,-0.024
8.61521e-08,e,4.0,o,3.0,-2.49,29400000.0,0.155
8.617540000000001e-08,o,1.0,e,1.0,-2.82,13800000.0,-0.048
8.62071e-08,o,3.0,e,4.0,-1.95,101000000.0,-0.092
8.62212e-08,o,1.0,e,2.0,-1.8,143000000.0,-0.08
8.62398e-08,o,4.0,e,3.0,-2.96,9900000.0,-0.049
8.62602e-08,o,5.0,e,5.0,-4.73,167000.0,-0.001
8.62616e-08,o,3.0,e,3.0,-2.9,11400000.0,0.091
8.626280000000001e-08,o,2.0,e,3.0,-3.07,7710000.0,-0.015
8.62815e-08,o,2.0,e,1.0,-3.59,2310000.0,0.018
8.63042e-08,o,5.0,e,4.0,-2.96,9870000.0,-0.01
8.631760000000001e-08,o,3.0,e,3.0,-3.0,8670000.0,-0.017
8.63399e-08,o,1.0,e,2.0,-3.71,1770000.0,0.003
8.63508e-08,o,2.0,e,2.0,-2.92,10800000.0,-0.007
8.63512e-08,o,3.0,e,3.0,-3.75,1570000.0,0.002
8.63597e-08,o,0.0,e,1.0,-2.33,41600000.0,0.124
8.636660000000001e-08,o,4.0,e,4.0,-3.31,4400000.0,0.006
8.63784e-08,o,3.0,e,3.0,-1.88,119000000.0,0.025
8.6387e-08,e,4.0,o,3.0,-3.27,4810000.0,-0.233
8.638900000000001e-08,o,3.0,e,3.0,-4.29,462000.0,-0.003
8.63929e-08,o,5.0,e,5.0,-1.71,174000000.0,-0.233
8.639660000000001e-08,o,4.0,e,3.0,-2.49,29300000.0,0.179
8.64063e-08,o,3.0,e,2.0,-1.76,155000000.0,0.128
8.64072e-08,o,3.0,e,4.0,-3.87,1210000.0,0.007
8.640810000000001e-08,o,3.0,e,2.0,-2.91,11100000.0,0.077
8.64197e-08,o,2.0,e,3.0,-4.55,251000.0,0.002
8.64236e-08,o,2.0,e,2.0,-1.88,117000000.0,-0.028
8.64236e-08,o,3.0,e,2.0,-1.53,268000000.0,-0.26
8.64299e-08,o,0.0,e,1.0,-3.05,8100000.0,-0.034
8.64362e-08,o,4.0,e,4.0,-3.4,3600000.0,-0.014
8.64481e-08,o,3.0,e,2.0,-3.54,2630000.0,-0.001
8.64699e-08,o,2.0,e,2.0,-3.26,4970000.0,-0.011
8.648060000000001e-08,o,3.0,e,4.0,-4.15,634000.0,-0.006
8.649020000000001e-08,o,4.0,e,5.0,-1.2,568000000.0,0.284
8.650090000000001e-08,e,1.0,o,2.0,-5.58,23300.0,0.0
8.65059e-08,o,3.0,e,2.0,-3.89,1130000.0,0.001
8.651290000000001e-08,o,1.0,e,2.0,-3.7,1790000.0,0.013
8.651970000000001e-08,e,2.0,o,3.0,-4.24,515000.0,0.0
8.65277e-08,o,2.0,e,2.0,-1.77,152000000.0,0.203
8.65306e-08,o,1.0,e,2.0,-2.67,19100000.0,0.05
8.65343e-08,o,4.0,e,3.0,-3.31,4350000.0,-0.09
8.656400000000001e-08,o,3.0,e,4.0,-1.26,491000000.0,0.224
8.65646e-08,o,3.0,e,3.0,-0.92,1080000000.0,-0.251
8.65675e-08,o,3.0,e,2.0,-3.73,1660000.0,0.016
8.660130000000001e-08,o,2.0,e,2.0,-1.98,94300000.0,0.024
8.66055e-08,o,6.0,e,5.0,-2.73,16600000.0,0.016
8.66177e-08,o,2.0,e,3.0,-2.3,44300000.0,0.025
8.66198e-08,o,2.0,e,2.0,-3.91,1100000.0,-0.01
8.66329e-08,o,3.0,e,3.0,-3.57,2380000.0,-0.004
8.664750000000001e-08,o,4.0,e,5.0,-1.12,682000000.0,-0.305
8.66494e-08,e,2.0,o,3.0,-3.57,2410000.0,0.0
8.66512e-08,o,3.0,e,2.0,-2.96,9740000.0,-0.074
8.66555e-08,o,2.0,e,3.0,-5.79,14200.0,0.0
8.666340000000001e-08,o,3.0,e,4.0,-1.78,146000000.0,0.102
8.66667e-08,o,3.0,e,3.0,-1.55,250000000.0,-0.265
8.666860000000001e-08,e,4.0,o,3.0,-2.69,18200000.0,0.075
8.66826e-08,o,3.0,e,2.0,-2.08,73800000.0,0.189
8.66867e-08,o,3.0,e,4.0,-0.77,1500000000.0,0.172
8.66881e-08,o,2.0,e,3.0,-1.67,189000000.0,-0.28
8.67136e-08,o,2.0,e,3.0,-4.91,109000.0,0.0
8.67266e-08,o,5.0,e,4.0,-4.32,428000.0,0.007
8.67285e-08,o,4.0,e,3.0,-2.54,25800000.0,0.03
8.676330000000001e-08,o,3.0,e,3.0,-5.89,11400.0,0.0
8.67749e-08,o,3.0,e,4.0,-3.95,990000.0,0.001
8.679090000000001e-08,o,1.0,e,1.0,-3.49,2860000.0,-0.002
8.680340000000001e-08,o,6.0,e,5.0,-3.26,4840000.0,0.133
8.68114e-08,o,2.0,e,3.0,-1.93,104000000.0,0.084
8.68132e-08,o,5.0,e,6.0,-3.65,1990000.0,-0.004
8.68165e-08,o,2.0,e,3.0,-3.39,3620000.0,0.003
8.68178e-08,o,2.0,e,3.0,-3.7,1760000.0,-0.013
8.68206e-08,o,3.0,e,2.0,-3.01,8670000.0,0.025
8.684230000000001e-08,o,5.0,e,4.0,-2.27,48000000.0,0.045
8.68478e-08,e,3.0,o,4.0,-5.05,79900.0,-0.002
8.68495e-08,o,5.0,e,4.0,-3.25,5010000.0,0.034
8.686140000000001e-08,o,2.0,e,2.0,-2.19,55800000.0,-0.05
8.686900000000001e-08,o,3.0,e,4.0,-3.96,972000.0,-0.004
8.687440000000001e-08,o,3.0,e,2.0,-1.97,94800000.0,-0.024
8.687670000000001e-08,o,1.0,e,2.0,-4.41,339000.0,0.0
8.68881e-08,o,5.0,e,5.0,-4.68,184000.0,0.001
8.68977e-08,o,4.0,e,3.0,-4.16,618000.0,0.005
8.69e-08,o,5.0,e,5.0,-2.19,56700000.0,-0.121
8.69005e-08,o,4.0,e,5.0,-4.1,701000.0,0.001
8.69113e-08,o,4.0,e,5.0,-5.24,51100.0,0.0
8.69149e-08,o,3.0,e,3.0,-2.8,14000000.0,-0.026
8.69156e-08,o,5.0,e,4.0,-3.29,4580000.0,-0.003
8.69486e-08,o,2.0,e,2.0,-2.43,32300000.0,-0.062
8.6971e-08,o,3.0,e,2.0,-3.01,8720000.0,-0.03
8.697300000000001e-08,o,2.0,e,3.0,-1.33,414000000.0,0.338
8.69768e-08,o,2.0,e,3.0,-5.5,27800.0,0.001
8.69783e-08,o,2.0,e,1.0,-1.84,127000000.0,0.136
8.69812e-08,o,3.0,e,3.0,-5.6,21800.0,0.0
8.69893e-08,o,3.0,e,4.0,-2.61,22000000.0,-0.056
8.70111e-08,o,1.0,e,2.0,-1.3,440000000.0,0.184
8.701409999999999e-08,o,4.0,e,4.0,-2.87,11900000.0,-0.016
8.70564e-08,o,3.0,e,3.0,-1.53,258000000.0,0.501
8.70661e-08,o,5.0,e,5.0,-2.31,43500000.0,-0.047
8.707050000000001e-08,o,6.0,e,5.0,-1.94,102000000.0,-0.138
8.70956e-08,e,2.0,o,1.0,-2.09,71400000.0,-0.01
8.71241e-08,o,2.0,e,2.0,-0.93,1030000000.0,-0.27
8.712500000000001e-08,o,4.0,e,3.0,-3.53,2570000.0,0.011
8.712600000000001e-08,o,2.0,e,3.0,-3.74,1590000.0,0.035
8.7127e-08,o,4.0,e,5.0,-2.93,10400000.0,0.003
8.713210000000001e-08,o,1.0,e,2.0,-4.78,145000.0,0.0
8.7135e-08,o,4.0,e,3.0,-2.29,44700000.0,0.105
8.714410000000001e-08,e,3.0,o,2.0,-2.51,27300000.0,0.198
8.71612e-08,o,2.0,e,3.0,-2.93,10000000.0,-0.091
8.718300000000001e-08,o,3.0,e,3.0,-1.82,132000000.0,0.124
8.718940000000001e-08,e,3.0,o,4.0,-5.29,45300.0,0.001
8.71949e-08,e,4.0,o,4.0,-3.92,1060000.0,-0.017
8.720430000000001e-08,o,5.0,e,5.0,-4.73,164000.0,0.001
8.72074e-08,o,4.0,e,4.0,-4.03,828000.0,-0.004
8.721710000000001e-08,o,2.0,e,3.0,-2.11,68300000.0,0.06
8.72333e-08,o,3.0,e,2.0,-2.59,22000000.0,-0.039
8.7237e-08,e,2.0,o,2.0,-5.94,10100.0,0.0
8.72495e-08,o,1.0,e,2.0,-2.62,20900000.0,-0.034
8.72501e-08,o,0.0,e,1.0,-1.59,225000000.0,-0.181
8.726140000000001e-08,o,4.0,e,3.0,-1.98,92900000.0,0.078
8.726670000000001e-08,o,4.0,e,4.0,-1.19,563000000.0,-0.028
8.7285e-08,o,2.0,e,3.0,-0.83,1280000000.0,0.188
8.733230000000001e-08,o,3.0,e,4.0,-2.53,25600000.0,0.079
8.73622e-08,o,3.0,e,4.0,-1.91,109000000.0,-0.05
8.73739e-08,o,4.0,e,4.0,-2.96,9670000.0,0.016
8.73844e-08,o,5.0,e,6.0,-2.8,13800000.0,0.093
8.73855e-08,o,4.0,e,4.0,-1.87,117000000.0,-0.116
8.73927e-08,o,2.0,e,2.0,-3.94,1000000.0,-0.013
8.73961e-08,o,4.0,e,5.0,-3.77,1490000.0,-0.007
8.73975e-08,o,6.0,e,6.0,-2.56,23900000.0,0.131
8.739890000000001e-08,o,5.0,e,6.0,-4.27,470000.0,0.0
8.74013e-08,o,3.0,e,4.0,-3.24,5050000.0,-0.05
8.741160000000001e-08,o,4.0,e,3.0,-3.27,4680000.0,0.022
8.74221e-08,o,3.0,e,4.0,-1.69,179000000.0,0.152
8.742960000000001e-08,o,3.0,e,3.0,-2.88,11600000.0,0.083
8.743020000000001e-08,o,4.0,e,4.0,-2.83,13200000.0,0.018
8.74318e-08,e,1.0,o,0.0,-3.65,1960000.0,-0.001
8.74334e-08,o,1.0,e,1.0,-1.03,810000000.0,-0.315
8.744389999999999e-08,o,4.0,e,5.0,-2.31,42500000.0,0.065
8.74456e-08,e,3.0,o,3.0,-3.82,1330000.0,0.011
8.74592e-08,o,2.0,e,1.0,-1.75,155000000.0,0.079
8.746300000000001e-08,o,3.0,e,2.0,-1.91,106000000.0,-0.022
8.74733e-08,o,3.0,e,2.0,-1.87,119000000.0,0.108
8.74986e-08,o,4.0,e,4.0,-2.3,43700000.0,-0.033
8.75048e-08,o,2.0,e,3.0,-2.79,14200000.0,-0.322
8.751000000000001e-08,o,3.0,e,4.0,-2.76,15100000.0,0.024
8.75339e-08,o,2.0,e,1.0,-3.58,2300000.0,-0.081
8.75357e-08,o,3.0,e,3.0,-3.42,3250000.0,-0.003
8.75378e-08,o,4.0,e,5.0,-1.86,120000000.0,-0.073
8.75385e-08,o,3.0,e,2.0,-3.41,3330000.0,-0.001
8.754260000000001e-08,o,2.0,e,1.0,-1.98,91100000.0,0.108
8.75651e-08,o,2.0,e,2.0,-4.2,546000.0,-0.001
8.75807e-08,o,1.0,e,2.0,-0.94,1000000000.0,0.208
8.76063e-08,o,2.0,e,2.0,-1.23,505000000.0,-0.139
8.762310000000001e-08,o,0.0,e,1.0,-1.14,625000000.0,0.271
8.76355e-08,o,3.0,e,3.0,-1.78,144000000.0,-0.113
8.764690000000001e-08,o,3.0,e,3.0,-3.13,6510000.0,-0.004
8.76725e-08,o,4.0,e,3.0,-3.63,2030000.0,-0.146
8.76726e-08,e,1.0,o,1.0,-3.92,1040000.0,-0.001
8.767720000000001e-08,o,4.0,e,3.0,-3.05,7680000.0,0.067
8.768010000000001e-08,o,4.0,e,5.0,-3.73,1600000.0,-0.007
8.76884e-08,o,5.0,e,5.0,-2.78,14400000.0,-0.035
8.76903e-08,o,2.0,e,2.0,-1.86,120000000.0,-0.116
8.76913e-08,o,5.0,e,4.0,-1.59,224000000.0,0.115
8.77072e-08,o,6.0,e,5.0,-4.67,187000.0,0.0
8.77106e-08,e,3.0,o,2.0,-3.15,6140000.0,0.101
8.77148e-08,o,4.0,e,3.0,-4.34,398000.0,0.009
8.77464e-08,e,3.0,o,2.0,-4.16,601000.0,0.0
8.775770000000001e-08,o,5.0,e,4.0,-0.78,1440000000.0,0.441
8.77606e-08,o,3.0,e,4.0,-2.08,71500000.0,0.067
8.77712e-08,o,1.0,e,1.0,-1.74,158000000.0,-0.136
8.77887e-08,o,4.0,e,5.0,-1.36,382000000.0,0.351
8.77925e-08,o,3.0,e,4.0,-3.44,3140000.0,0.001
8.77938e-08,o,4.0,e,3.0,-2.0,85900000.0,0.085
8.779760000000001e-08,o,3.0,e,4.0,-3.39,3600000.0,-0.003
8.78333e-08,o,5.0,e,4.0,-2.31,42000000.0,-0.069
8.784950000000001e-08,o,2.0,e,2.0,-1.86,118000000.0,0.134
8.78533e-08,o,2.0,e,3.0,-2.04,79400000.0,0.082
8.78587e-08,o,4.0,e,5.0,-1.38,364000000.0,0.218
8.78763e-08,e,1.0,o,2.0,-3.83,1270000.0,0.005
8.78883e-08,e,5.0,o,4.0,-3.38,3640000.0,0.246
8.78913e-08,o,3.0,e,4.0,-0.87,1170000000.0,-0.44
8.79086e-08,o,4.0,e,3.0,-3.22,5150000.0,0.087
8.79255e-08,o,1.0,e,2.0,-4.35,382000.0,0.02
8.79319e-08,e,2.0,o,1.0,-2.6,21800000.0,0.213
8.793740000000001e-08,o,5.0,e,4.0,-1.47,295000000.0,0.13
8.79539e-08,o,3.0,e,2.0,-2.94,9910000.0,0.015
8.79571e-08,o,3.0,e,4.0,-2.29,44000000.0,0.021
8.795750000000001e-08,o,4.0,e,4.0,-2.39,35300000.0,-0.009
8.797780000000001e-08,e,3.0,o,3.0,-2.87,11600000.0,-0.078
8.79831e-08,o,3.0,e,3.0,-2.31,42500000.0,-0.051
8.79911e-08,o,5.0,e,5.0,-2.0,85900000.0,-0.113
8.80112e-08,o,5.0,e,6.0,-2.64,19900000.0,0.285
8.802580000000001e-08,o,3.0,e,3.0,-4.93,99500.0,0.002
8.80327e-08,e,2.0,o,2.0,-3.35,3870000.0,-0.085
8.80375e-08,o,4.0,e,5.0,-3.03,8150000.0,-0.024
8.80381e-08,o,4.0,e,3.0,-1.69,177000000.0,0.039
8.806570000000001e-08,o,2.0,e,3.0,-0.99,875000000.0,-0.381
8.80672e-08,o,1.0,e,2.0,-1.74,158000000.0,0.135
8.80684e-08,o,1.0,e,1.0,-4.22,515000.0,-0.035
8.80795e-08,o,3.0,e,3.0,-3.29,4500000.0,0.004
8.81e-08,o,1.0,e,2.0,-1.71,167000000.0,-0.686
8.811710000000001e-08,o,2.0,e,2.0,-2.65,19200000.0,-0.024
8.8162e-08,o,4.0,e,4.0,-3.94,994000.0,0.01
8.8167e-08,o,2.0,e,2.0,-2.97,9130000.0,-0.007
8.81773e-08,o,3.0,e,4.0,-1.63,200000000.0,0.046
8.81894e-08,o,2.0,e,1.0,-2.65,19400000.0,-0.016
8.81921e-08,o,3.0,e,4.0,-3.61,2110000.0,-0.013
8.81952e-08,o,3.0,e,3.0,-2.62,20700000.0,0.062
8.821609999999999e-08,o,3.0,e,3.0,-4.67,183000.0,-0.001
8.82496e-08,o,3.0,e,4.0,-3.09,6930000.0,0.031
8.82745e-08,o,2.0,e,2.0,-3.77,1460000.0,0.0
8.8289e-08,o,4.0,e,4.0,-3.56,2390000.0,-0.008
8.83043e-08,o,4.0,e,3.0,-1.98,89900000.0,-0.024
8.83225e-08,o,5.0,e,4.0,-0.79,1390000000.0,0.491
8.83289e-08,o,4.0,e,5.0,-3.2,5400000.0,-0.009
8.83362e-08,o,0.0,e,1.0,-0.99,876000000.0,0.522
8.83404e-08,e,2.0,o,3.0,-5.82,13000.0,0.0
8.837970000000001e-08,o,2.0,e,3.0,-2.39,34900000.0,0.017
8.84006e-08,o,2.0,e,3.0,-2.97,9230000.0,0.004
8.840560000000001e-08,o,2.0,e,3.0,-1.31,419000000.0,-0.525
8.84148e-08,o,4.0,e,3.0,-1.81,131000000.0,0.128
8.842430000000001e-08,o,4.0,e,4.0,-1.73,160000000.0,0.026
8.84256e-08,o,2.0,e,3.0,-2.2,52500000.0,0.097
8.84289e-08,e,2.0,o,1.0,-3.47,2880000.0,-0.001
8.84547e-08,o,1.0,e,2.0,-1.13,641000000.0,-0.379
8.846580000000001e-08,o,4.0,e,4.0,-1.87,115000000.0,-0.179
8.84685e-08,o,3.0,e,2.0,-2.34,39000000.0,0.123
8.84712e-08,o,3.0,e,4.0,-2.1,67200000.0,-0.122
8.84843e-08,o,2.0,e,1.0,-1.49,278000000.0,0.057
8.84935e-08,o,3.0,e,2.0,-2.32,40500000.0,-0.059
8.84973e-08,o,4.0,e,4.0,-2.22,50800000.0,-0.021
8.85202e-08,e,3.0,o,4.0,-3.72,1610000.0,0.022
8.85244e-08,o,6.0,e,5.0,-1.61,207000000.0,-0.014
8.85334e-08,o,5.0,e,4.0,-4.57,228000.0,-0.003
8.855050000000001e-08,o,2.0,e,1.0,-1.47,287000000.0,-0.116
8.85853e-08,o,3.0,e,2.0,-2.68,18000000.0,0.005
8.85895e-08,o,4.0,e,3.0,-3.17,5770000.0,0.044
8.85966e-08,o,1.0,e,1.0,-2.85,12200000.0,-0.025
8.85991e-08,o,3.0,e,4.0,-1.56,233000000.0,0.146
8.86108e-08,e,2.0,o,2.0,-3.35,3830000.0,0.034
8.86227e-08,o,3.0,e,2.0,-1.63,200000000.0,-0.047
8.86277e-08,o,4.0,e,3.0,-4.51,261000.0,0.0
8.86361e-08,e,2.0,o,2.0,-3.37,3670000.0,-0.001
8.8643e-08,o,3.0,e,2.0,-3.11,6640000.0,0.059
8.86451e-08,o,3.0,e,2.0,-2.24,49400000.0,0.136
8.86556e-08,o,4.0,e,5.0,-2.52,25800000.0,0.06
8.867260000000001e-08,o,3.0,e,3.0,-3.34,3890000.0,-0.024
8.87209e-08,o,2.0,e,3.0,-3.75,1510000.0,-0.12
8.8726e-08,o,1.0,e,2.0,-2.89,10800000.0,0.019
8.87389e-08,o,2.0,e,3.0,-1.13,622000000.0,0.406
8.876180000000001e-08,o,4.0,e,4.0,-2.97,9030000.0,-0.055
8.87622e-08,o,3.0,e,4.0,-3.07,7140000.0,0.088
8.87797e-08,o,2.0,e,2.0,-0.95,947000000.0,0.219
8.87838e-08,o,3.0,e,4.0,-1.48,284000000.0,0.053
8.87934e-08,o,4.0,e,3.0,-0.82,1270000000.0,0.495
8.88237e-08,o,3.0,e,3.0,-4.55,237000.0,0.023
8.88299e-08,o,2.0,e,2.0,-5.9,10700.0,0.0
8.88597e-08,o,2.0,e,3.0,-1.5,265000000.0,0.213
8.886570000000001e-08,e,1.0,o,2.0,-4.11,656000.0,0.0
8.88703e-08,o,1.0,e,1.0,-1.27,457000000.0,0.237
8.8872e-08,o,5.0,e,4.0,-2.38,35400000.0,0.03
8.888360000000001e-08,e,2.0,o,3.0,-4.84,122000.0,0.004
8.89018e-08,o,3.0,e,3.0,-2.8,13500000.0,0.02
8.890220000000001e-08,o,3.0,e,4.0,-0.94,975000000.0,-0.507
8.890560000000001e-08,o,2.0,e,2.0,-3.69,1710000.0,-0.002
8.89093e-08,o,3.0,e,3.0,-5.2,53500.0,0.002
8.8913e-08,e,3.0,o,3.0,-4.42,322000.0,-0.007
8.89165e-08,o,1.0,e,2.0,-2.43,31400000.0,0.029
8.89184e-08,o,3.0,e,2.0,-1.56,235000000.0,-0.168
8.891860000000001e-08,o,4.0,e,3.0,-3.65,1870000.0,0.039
8.894310000000001e-08,o,2.0,e,3.0,-4.12,635000.0,-0.004
8.89594e-08,o,1.0,e,1.0,-1.47,287000000.0,0.298
8.89878e-08,o,2.0,e,1.0,-1.53,250000000.0,-0.087
8.902910000000001e-08,o,2.0,e,2.0,-4.69,171000.0,-0.006
8.90769e-08,o,3.0,e,2.0,-1.71,162000000.0,0.136
8.90773e-08,o,3.0,e,2.0,-2.3,42200000.0,-0.182
8.90973e-08,o,2.0,e,3.0,-4.1,667000.0,0.008
8.91012e-08,o,1.0,e,2.0,-0.69,1700000000.0,0.528
8.910760000000001e-08,o,4.0,e,4.0,-0.45,3000000000.0,-0.391
8.91117e-08,o,3.0,e,4.0,-2.46,28800000.0,-0.26
8.915140000000001e-08,o,6.0,e,5.0,-1.49,272000000.0,-0.27
8.91527e-08,o,4.0,e,5.0,-0.54,2440000000.0,0.638
8.915410000000001e-08,o,5.0,e,4.0,-3.24,4870000.0,-0.017
8.916260000000001e-08,o,5.0,e,4.0,-3.56,2340000.0,0.0
8.91684e-08,o,3.0,e,4.0,-3.28,4360000.0,-0.062
8.917070000000001e-08,o,5.0,e,4.0,-3.83,1240000.0,0.0
8.91832e-08,o,4.0,e,4.0,-0.49,2730000000.0,0.246
8.9189e-08,o,1.0,e,2.0,-1.63,198000000.0,-0.152
8.9191e-08,o,3.0,e,2.0,-3.27,4500000.0,-0.048
8.920410000000001e-08,o,3.0,e,2.0,-1.45,298000000.0,0.067
8.92149e-08,o,5.0,e,5.0,-5.18,55100.0,-0.002
8.921670000000001e-08,o,3.0,e,2.0,-1.79,134000000.0,-0.063
8.921900000000001e-08,o,3.0,e,2.0,-1.77,142000000.0,0.117
8.922110000000001e-08,o,2.0,e,2.0,-2.35,37200000.0,0.135
8.9228e-08,o,1.0,e,2.0,-3.18,5510000.0,0.004
8.924900000000001e-08,o,3.0,e,3.0,-3.11,6540000.0,-0.054
8.92512e-08,o,2.0,e,3.0,-5.04,76700.0,0.003
8.92559e-08,o,5.0,e,5.0,-1.2,526000000.0,0.7
8.92565e-08,o,3.0,e,3.0,-0.57,2260000000.0,0.235
8.92721e-08,o,2.0,e,3.0,-3.66,1830000.0,0.001
8.92871e-08,o,2.0,e,2.0,-2.51,25500000.0,-0.005
8.92984e-08,o,3.0,e,4.0,-3.0,8330000.0,0.053
8.92991e-08,o,2.0,e,1.0,-1.71,163000000.0,0.103
8.9304e-08,o,2.0,e,2.0,-3.71,1610000.0,-0.015
8.93059e-08,o,4.0,e,4.0,-3.18,5490000.0,-0.021
8.930710000000001e-08,o,3.0,e,3.0,-3.76,1450000.0,0.031
8.933540000000001e-08,o,5.0,e,5.0,-2.67,17900000.0,0.013
8.93425e-08,o,4.0,e,3.0,-3.84,1230000.0,-0.081
8.936820000000001e-08,o,2.0,e,1.0,-2.59,21500000.0,0.156
8.93985e-08,o,2.0,e,2.0,-0.68,1770000000.0,0.275
8.94007e-08,o,2.0,e,2.0,-1.76,145000000.0,-0.44
8.94079e-08,o,4.0,e,4.0,-1.62,201000000.0,-0.044
8.94332e-08,o,6.0,e,5.0,-3.66,1820000.0,0.027
8.94335e-08,o,2.0,e,2.0,-0.68,1750000000.0,-0.502
8.94387e-08,o,4.0,e,3.0,-2.38,34300000.0,-0.06
8.944980000000001e-08,e,3.0,o,2.0,-4.04,764000.0,-0.011
8.94887e-08,o,3.0,e,3.0,-2.95,9440000.0,0.035
8.95066e-08,o,3.0,e,3.0,-1.24,475000000.0,-0.422
8.95094e-08,o,3.0,e,2.0,-2.37,36200000.0,0.017
8.953220000000001e-08,o,2.0,e,2.0,-1.5,266000000.0,-0.144
8.95333e-08,o,2.0,e,3.0,-5.27,44600.0,-0.002
8.953980000000001e-08,o,5.0,e,5.0,-4.0,842000.0,0.002
8.954030000000001e-08,o,1.0,e,1.0,-0.72,1570000000.0,0.401
8.95454e-08,o,3.0,e,2.0,-1.16,582000000.0,0.34
8.9573e-08,o,3.0,e,3.0,-0.57,2230000000.0,-0.29
8.95874e-08,o,3.0,e,2.0,-3.48,2760000.0,0.054
8.95874e-08,o,4.0,e,4.0,-1.14,610000000.0,0.527
8.96015e-08,o,2.0,e,1.0,-1.69,171000000.0,0.032
8.96058e-08,o,3.0,e,3.0,-2.83,12300000.0,0.085
8.96074e-08,o,4.0,e,3.0,-1.89,107000000.0,0.304
8.96209e-08,o,2.0,e,3.0,-2.08,67000000.0,0.266
8.96228e-08,o,3.0,e,2.0,-2.24,47700000.0,-0.126
8.96232e-08,o,3.0,e,4.0,-2.29,42200000.0,-0.049
8.96371e-08,o,3.0,e,4.0,-2.83,12300000.0,-0.055
8.96374e-08,o,3.0,e,2.0,-4.11,647000.0,-0.004
8.96603e-08,o,2.0,e,2.0,-2.71,16200000.0,0.014
8.967050000000001e-08,o,5.0,e,6.0,0.17,12300000000.0,-0.698
8.96925e-08,o,4.0,e,4.0,-0.76,1440000000.0,-0.557
8.97e-08,o,1.0,e,2.0,-3.83,1240000.0,0.008
8.97071e-08,o,4.0,e,3.0,-4.23,492000.0,-0.004
8.970940000000001e-08,o,4.0,e,4.0,-1.99,85200000.0,0.055
8.971660000000001e-08,o,1.0,e,1.0,-2.18,55100000.0,0.075
8.97399e-08,o,2.0,e,3.0,-4.03,775000.0,-0.002
8.975030000000001e-08,e,2.0,o,3.0,-5.13,61900.0,0.0
8.975130000000001e-08,o,3.0,e,4.0,-3.1,6510000.0,0.021
8.975700000000001e-08,o,3.0,e,3.0,-2.04,75000000.0,-0.031
8.9766e-08,o,1.0,e,2.0,-1.96,90500000.0,-0.045
8.97685e-08,o,3.0,e,2.0,-2.66,18300000.0,-0.014
8.97742e-08,o,3.0,e,2.0,-1.6,210000000.0,-0.163
8.977820000000001e-08,o,6.0,e,6.0,-0.94,960000000.0,-0.371
8.97968e-08,o,2.0,e,3.0,-4.26,451000.0,0.002
8.98023e-08,o,3.0,e,3.0,-0.88,1080000000.0,0.325
8.981390000000001e-08,o,2.0,e,2.0,-1.9,105000000.0,-0.071
8.981390000000001e-08,o,5.0,e,4.0,0.19,12700000000.0,-0.752
8.9815e-08,o,2.0,e,2.0,-3.61,2040000.0,0.049
8.982400000000001e-08,o,5.0,e,5.0,-1.83,121000000.0,-0.276
8.98362e-08,o,2.0,e,2.0,-0.43,3130000000.0,0.524
8.98382e-08,o,4.0,e,4.0,-2.52,24700000.0,-0.068
8.98382e-08,e,2.0,o,3.0,-3.59,2140000.0,0.028
8.98486e-08,e,1.0,o,0.0,-3.5,2620000.0,0.003
8.98487e-08,o,1.0,e,1.0,-2.4,32800000.0,0.198
8.98601e-08,o,5.0,e,4.0,-1.54,242000000.0,-0.232
8.986710000000001e-08,o,4.0,e,3.0,-2.12,62400000.0,-0.025
8.98737e-08,o,2.0,e,3.0,-3.0,8200000.0,-0.029
8.98816e-08,o,1.0,e,2.0,-2.83,12200000.0,0.071
8.988300000000001e-08,o,3.0,e,4.0,-2.01,81000000.0,0.214
8.98851e-08,o,6.0,e,5.0,0.25,14800000000.0,-0.752
8.9891e-08,o,4.0,e,4.0,-0.75,1460000000.0,0.659
8.99e-08,o,4.0,e,5.0,-1.95,92600000.0,0.28
8.99251e-08,o,3.0,e,2.0,-1.26,462000000.0,-0.227
8.99269e-08,o,3.0,e,3.0,-2.78,13700000.0,0.014
8.99487e-08,o,0.0,e,1.0,-1.22,496000000.0,0.43
8.99519e-08,o,1.0,e,2.0,-5.22,50100.0,0.0
8.995610000000001e-08,o,1.0,e,2.0,-0.7,1660000000.0,0.649
8.99641e-08,o,2.0,e,1.0,-3.72,1580000.0,0.094
8.99651e-08,o,2.0,e,2.0,-2.17,56200000.0,0.023
8.99813e-08,o,2.0,e,2.0,-0.76,1400000000.0,0.185
8.99937e-08,o,5.0,e,4.0,-4.01,813000.0,-0.002
8.999700000000001e-08,o,2.0,e,2.0,-1.69,169000000.0,0.299
8.99971e-08,o,4.0,e,3.0,-1.17,563000000.0,-0.276
9.00055e-08,o,5.0,e,5.0,0.18,12500000000.0,0.769
9.00099e-08,o,3.0,e,3.0,-3.02,8010000.0,0.008
9.00107e-08,o,4.0,e,5.0,-4.48,276000.0,-0.006
9.00265e-08,o,4.0,e,5.0,-0.07,7030000000.0,0.685
9.003300000000001e-08,o,2.0,e,3.0,-2.06,72200000.0,-0.018
9.00361e-08,o,3.0,e,4.0,-5.45,29300.0,0.001
9.00428e-08,o,1.0,e,2.0,-1.46,288000000.0,0.22
9.00435e-08,o,2.0,e,3.0,-0.41,3190000000.0,0.635
9.00491e-08,o,0.0,e,1.0,-2.93,9570000.0,0.112
9.00531e-08,o,4.0,e,3.0,-3.98,866000.0,0.0
9.005430000000001e-08,o,3.0,e,2.0,-2.42,31500000.0,0.044
9.008120000000001e-08,o,1.0,e,2.0,-3.28,4390000.0,0.007
9.00847e-08,o,2.0,e,1.0,-1.63,194000000.0,0.328
9.00887e-08,o,1.0,e,1.0,-2.0,82900000.0,-0.058
9.01029e-08,e,1.0,o,1.0,-4.49,264000.0,0.0
9.0105e-08,o,6.0,e,5.0,-2.37,35200000.0,0.211
9.014360000000001e-08,o,2.0,e,2.0,-2.18,54200000.0,0.07
9.01547e-08,o,3.0,e,4.0,-0.28,4360000000.0,0.639
9.01655e-08,o,4.0,e,4.0,-3.12,6290000.0,-0.029
9.0166e-08,o,2.0,e,1.0,-3.53,2460000.0,0.022
9.01721e-08,o,5.0,e,6.0,-2.47,27600000.0,0.027
9.017430000000001e-08,o,2.0,e,3.0,-2.52,24800000.0,0.187
9.01842e-08,o,2.0,e,2.0,-3.44,2970000.0,-0.006
9.01944e-08,o,3.0,e,3.0,-2.7,16400000.0,0.024
9.01968e-08,o,3.0,e,4.0,-4.72,157000.0,0.024
9.02116e-08,o,3.0,e,2.0,-3.82,1240000.0,0.005
9.022440000000001e-08,o,6.0,e,6.0,-0.85,1160000000.0,-0.744
9.025180000000001e-08,o,4.0,e,3.0,-2.97,8780000.0,-0.002
9.02597e-08,o,3.0,e,2.0,-2.56,22600000.0,0.048
9.02771e-08,o,2.0,e,3.0,-2.5,25600000.0,0.032
9.02904e-08,o,3.0,e,2.0,-1.31,404000000.0,-0.388
9.029790000000001e-08,o,4.0,e,5.0,-5.17,55000.0,0.0
9.03043e-08,o,3.0,e,2.0,-1.68,172000000.0,0.051
9.031280000000001e-08,o,2.0,e,1.0,-4.9,103000.0,0.0
9.031810000000001e-08,e,1.0,o,2.0,-3.68,1700000.0,-0.011
9.032350000000001e-08,o,3.0,e,2.0,-3.16,5690000.0,0.017
9.0326e-08,o,1.0,e,2.0,-1.66,182000000.0,-0.253
9.03344e-08,o,4.0,e,4.0,-3.79,1330000.0,0.004
9.03388e-08,o,3.0,e,4.0,-3.45,2880000.0,-0.023
9.034040000000001e-08,o,2.0,e,3.0,-2.51,25400000.0,-0.005
9.03862e-08,e,2.0,o,2.0,-3.37,3490000.0,0.044
9.04037e-08,o,2.0,e,2.0,-3.05,7280000.0,-0.029
9.040940000000001e-08,o,4.0,e,3.0,-2.83,12100000.0,-0.393
9.041900000000001e-08,o,2.0,e,3.0,-2.6,20500000.0,0.05
9.04303e-08,o,3.0,e,3.0,-2.86,11400000.0,0.006
9.045100000000001e-08,e,2.0,o,3.0,-5.58,21500.0,0.014
9.04535e-08,o,2.0,e,2.0,-3.51,2510000.0,-0.002
9.04538e-08,o,3.0,e,2.0,-0.95,925000000.0,-0.193
9.04563e-08,o,1.0,e,2.0,-1.85,116000000.0,0.019
9.04747e-08,o,3.0,e,3.0,-4.48,271000.0,-0.001
9.04866e-08,o,4.0,e,3.0,-0.03,7690000000.0,-0.701
9.05018e-08,o,5.0,e,5.0,-0.96,894000000.0,-0.345
9.05224e-08,e,2.0,o,2.0,-4.82,124000.0,0.0
9.05245e-08,o,3.0,e,2.0,-3.92,988000.0,0.0
9.053300000000001e-08,o,4.0,e,5.0,-0.06,7040000000.0,-0.613
9.05342e-08,o,2.0,e,2.0,-0.6,2040000000.0,-0.377
9.0538e-08,o,4.0,e,3.0,-3.38,3370000.0,-0.017
9.05459e-08,o,4.0,e,5.0,-1.38,339000000.0,-0.59
9.05693e-08,o,4.0,e,4.0,-4.67,173000.0,-0.003
9.05771e-08,o,2.0,e,3.0,-1.46,278000000.0,0.304
9.058740000000001e-08,o,5.0,e,4.0,0.06,9390000000.0,-0.616
9.059130000000001e-08,o,3.0,e,4.0,-5.79,13200.0,0.0
9.063819999999999e-08,o,4.0,e,3.0,-1.6,203000000.0,-0.225
9.06394e-08,o,5.0,e,5.0,-1.19,529000000.0,-0.4
9.064740000000001e-08,o,3.0,e,3.0,-4.09,661000.0,0.007
9.06521e-08,o,3.0,e,3.0,-1.84,119000000.0,0.074
9.066130000000001e-08,o,4.0,e,5.0,-3.95,901000.0,-0.008
9.06695e-08,o,2.0,e,3.0,-2.35,36600000.0,-0.058
9.06716e-08,o,4.0,e,4.0,-3.55,2310000.0,-0.029
9.06803e-08,o,3.0,e,4.0,-1.85,114000000.0,-0.078
9.068990000000001e-08,o,3.0,e,2.0,-3.29,4210000.0,-0.04
9.07065e-08,o,3.0,e,4.0,-0.09,6550000000.0,-0.619
9.07104e-08,o,2.0,e,2.0,-2.69,16600000.0,-0.027
9.07346e-08,o,4.0,e,5.0,-3.37,3480000.0,0.092
9.0781e-08,o,1.0,e,2.0,-3.08,6790000.0,0.021
9.081520000000001e-08,o,3.0,e,2.0,-2.89,10300000.0,0.004
9.081620000000001e-08,o,3.0,e,4.0,-1.85,115000000.0,0.051
9.08322e-08,o,4.0,e,4.0,-0.82,1220000000.0,-0.183
9.083310000000001e-08,o,3.0,e,3.0,-1.01,799000000.0,-0.347
9.08429e-08,o,2.0,e,3.0,-3.88,1080000.0,-0.009
9.0857e-08,o,3.0,e,2.0,-2.73,15000000.0,0.039
9.086420000000001e-08,o,3.0,e,3.0,-2.65,18200000.0,-0.052
9.08842e-08,o,2.0,e,1.0,-3.13,5960000.0,0.003
9.08851e-08,o,2.0,e,3.0,-2.53,23700000.0,0.074
9.08871e-08,o,3.0,e,2.0,-0.75,1440000000.0,0.203
9.09044e-08,o,3.0,e,3.0,-0.12,6220000000.0,0.681
9.09047e-08,o,1.0,e,2.0,-0.97,866000000.0,-0.272
9.091420000000001e-08,o,2.0,e,3.0,-1.43,299000000.0,-0.267
9.093170000000001e-08,o,1.0,e,2.0,-2.16,55000000.0,0.017
9.093710000000001e-08,o,3.0,e,4.0,-1.99,82500000.0,0.023
9.095990000000001e-08,o,3.0,e,2.0,-2.05,73200000.0,0.15
9.09674e-08,o,4.0,e,4.0,-0.14,5920000000.0,0.66
9.09703e-08,o,4.0,e,5.0,-2.98,8400000.0,0.06
9.097140000000001e-08,o,5.0,e,5.0,-0.46,2800000000.0,-0.679
9.09818e-08,o,4.0,e,4.0,-1.14,579000000.0,-0.154
9.09829e-08,o,4.0,e,5.0,-2.7,16100000.0,0.019
9.098440000000001e-08,o,5.0,e,6.0,-3.22,4870000.0,-0.134
9.0987e-08,o,5.0,e,4.0,-3.59,2080000.0,0.0
9.09913e-08,o,3.0,e,4.0,-0.64,1830000000.0,0.618
9.0995e-08,o,5.0,e,4.0,-2.54,23300000.0,-0.017
9.099880000000001e-08,o,3.0,e,4.0,-3.26,4400000.0,0.016
9.100130000000001e-08,o,1.0,e,1.0,-0.9,1020000000.0,-0.233
9.10748e-08,o,3.0,e,3.0,-2.59,20500000.0,-0.016
9.1088e-08,o,5.0,e,5.0,-1.58,212000000.0,-0.071
9.109210000000001e-08,o,3.0,e,2.0,-1.87,109000000.0,-0.018
9.10953e-08,o,4.0,e,3.0,-1.21,499000000.0,-0.135
9.10991e-08,o,7.0,e,6.0,0.35,17800000000.0,-0.804
9.10993e-08,o,1.0,e,1.0,-2.47,27600000.0,0.029
9.11281e-08,o,3.0,e,4.0,-1.03,761000000.0,-0.138
9.113950000000001e-08,o,2.0,e,3.0,-1.67,173000000.0,-0.225
9.11457e-08,o,2.0,e,1.0,-0.9,1020000000.0,-0.276
9.115700000000001e-08,o,2.0,e,2.0,-2.65,17800000.0,-0.023
9.115890000000001e-08,o,2.0,e,3.0,-4.42,306000.0,-0.002
9.11859e-08,o,2.0,e,2.0,-0.95,883000000.0,0.2
9.118600000000001e-08,o,3.0,e,3.0,-0.23,4740000000.0,0.644
9.118650000000001e-08,o,2.0,e,3.0,-0.59,2070000000.0,0.822
9.12091e-08,o,4.0,e,4.0,-2.0,80500000.0,0.141
9.12183e-08,o,4.0,e,5.0,-0.01,7860000000.0,-0.821
9.122910000000001e-08,o,2.0,e,2.0,-1.16,561000000.0,-0.115
9.12361e-08,o,6.0,e,5.0,0.28,15400000000.0,-0.837
9.1242e-08,o,4.0,e,4.0,-2.29,40900000.0,-0.021
9.12498e-08,o,3.0,e,3.0,-3.42,3070000.0,-0.006
9.12637e-08,o,4.0,e,5.0,-2.11,62500000.0,0.021
9.1287e-08,o,2.0,e,3.0,-2.54,22700000.0,-0.476
9.129489999999999e-08,o,4.0,e,4.0,-0.58,2090000000.0,0.229
9.13009e-08,o,4.0,e,4.0,-3.1,6350000.0,-0.074
9.13127e-08,o,2.0,e,2.0,-0.4,3200000000.0,0.621
9.13171e-08,o,5.0,e,4.0,-1.95,91000000.0,-0.095
9.13309e-08,o,4.0,e,4.0,-1.1,642000000.0,-0.204
9.13322e-08,o,3.0,e,4.0,-4.93,96000.0,0.0
9.13355e-08,o,4.0,e,5.0,-3.58,2100000.0,-0.001
9.13559e-08,o,1.0,e,2.0,-4.67,172000.0,0.001
9.13804e-08,o,3.0,e,4.0,-3.17,5450000.0,-0.007
9.13812e-08,o,1.0,e,1.0,-0.75,1430000000.0,0.576
9.13861e-08,o,2.0,e,2.0,-3.42,3050000.0,-0.006
9.13973e-08,e,4.0,o,3.0,-4.93,92700.0,-0.016
9.141760000000001e-08,o,2.0,e,3.0,-4.54,231000.0,0.025
9.14221e-08,o,3.0,e,3.0,-2.7,15800000.0,-0.085
9.14226e-08,o,3.0,e,2.0,-3.75,1410000.0,-0.021
9.14252e-08,o,3.0,e,4.0,-1.56,218000000.0,-0.774
9.1436e-08,o,2.0,e,1.0,-2.14,58000000.0,-0.079
9.14422e-08,o,3.0,e,4.0,-4.36,351000.0,0.001
9.14435e-08,o,5.0,e,4.0,-0.82,1200000000.0,-0.34
9.145940000000001e-08,o,4.0,e,3.0,-3.14,5730000.0,0.14
9.14603e-08,o,2.0,e,1.0,-3.03,7420000.0,-0.124
9.14683e-08,o,1.0,e,2.0,-4.8,123000.0,0.0
9.147680000000001e-08,o,3.0,e,3.0,-2.12,60300000.0,0.029
9.14769e-08,o,2.0,e,1.0,-1.44,292000000.0,-0.184
9.14772e-08,o,0.0,e,1.0,-0.97,846000000.0,-0.527
9.14885e-08,o,2.0,e,1.0,-1.76,141000000.0,0.036
9.15005e-08,o,2.0,e,1.0,-0.18,5220000000.0,-0.817
9.150570000000001e-08,o,5.0,e,6.0,-2.55,22600000.0,0.009
9.15351e-08,o,1.0,e,2.0,-0.74,1440000000.0,-0.614
9.15591e-08,o,3.0,e,4.0,-1.0,800000000.0,0.105
9.158350000000001e-08,o,4.0,e,4.0,-2.06,70000000.0,0.025
9.15885e-08,o,0.0,e,1.0,-1.0,789000000.0,-0.523
9.159360000000001e-08,o,4.0,e,5.0,-4.1,629000.0,-0.056
9.15998e-08,o,3.0,e,3.0,-4.25,446000.0,-0.009
9.160170000000001e-08,o,3.0,e,3.0,-1.57,213000000.0,-0.056
9.161130000000002e-08,o,4.0,e,3.0,-3.04,7300000.0,-0.046
9.162150000000001e-08,o,2.0,e,2.0,-3.03,7370000.0,-0.068
9.166920000000001e-08,o,2.0,e,3.0,-3.04,7210000.0,0.01
9.168120000000001e-08,o,2.0,e,2.0,-0.39,3230000000.0,-0.743
9.16913e-08,o,3.0,e,3.0,-2.81,12500000.0,0.024
9.16963e-08,o,3.0,e,2.0,-0.02,7530000000.0,-0.822
9.17129e-08,o,3.0,e,4.0,-2.64,18200000.0,0.071
9.17212e-08,o,4.0,e,5.0,-1.12,603000000.0,0.38
9.172160000000001e-08,o,2.0,e,2.0,-3.96,881000.0,0.001
9.17366e-08,o,3.0,e,4.0,-4.36,345000.0,-0.013
9.17452e-08,o,4.0,e,4.0,-1.76,136000000.0,-0.108
9.17512e-08,o,3.0,e,3.0,-0.43,2920000000.0,-0.796
9.17597e-08,o,5.0,e,4.0,-1.36,349000000.0,-0.091
9.1791e-08,o,3.0,e,2.0,-0.37,3390000000.0,-0.459
9.17978e-08,o,2.0,e,3.0,-1.24,453000000.0,0.613
9.17995e-08,o,2.0,e,3.0,-5.36,34400.0,0.0
9.180650000000001e-08,e,2.0,o,1.0,-3.12,5990000.0,0.008
9.18089e-08,o,1.0,e,2.0,-1.75,139000000.0,0.089
9.18144e-08,o,1.0,e,2.0,-0.9,990000000.0,-0.267
9.18161e-08,o,2.0,e,2.0,-2.2,50300000.0,-0.051
9.18397e-08,o,4.0,e,5.0,-3.8,1260000.0,0.002
9.18443e-08,o,4.0,e,4.0,-0.26,4350000000.0,-0.848
9.18449e-08,o,4.0,e,5.0,-0.68,1650000000.0,-0.151
9.1856e-08,o,2.0,e,2.0,-3.54,2280000.0,0.004
9.18761e-08,o,3.0,e,4.0,-1.81,122000000.0,0.063
9.18809e-08,o,4.0,e,4.0,-3.63,1880000.0,-0.004
9.18817e-08,o,1.0,e,1.0,-1.05,706000000.0,-0.228
9.190860000000001e-08,o,2.0,e,3.0,-1.08,660000000.0,-0.525
9.19093e-08,o,4.0,e,3.0,-1.98,83400000.0,-0.626
9.19348e-08,o,2.0,e,2.0,-2.05,70000000.0,-0.018
9.195950000000001e-08,o,4.0,e,3.0,0.1,9950000000.0,-0.833
9.196340000000001e-08,o,4.0,e,5.0,-3.85,1120000.0,-0.003
9.19687e-08,o,2.0,e,2.0,-3.99,811000.0,-0.004
9.197200000000001e-08,o,3.0,e,4.0,-3.35,3520000.0,-0.003
9.197440000000001e-08,o,1.0,e,2.0,-3.59,2030000.0,0.001
9.19857e-08,o,2.0,e,3.0,-0.88,1040000000.0,-0.169
9.19912e-08,o,1.0,e,1.0,-3.01,7880000.0,-0.004
9.19956e-08,o,3.0,e,4.0,-2.44,28600000.0,0.046
9.2006e-08,o,6.0,e,5.0,0.27,14500000000.0,-0.828
9.20087e-08,e,1.0,o,0.0,-5.22,47200.0,0.001
9.20189e-08,o,3.0,e,3.0,-0.37,3340000000.0,-0.682
9.20298e-08,e,2.0,o,2.0,-3.54,2280000.0,0.006
9.203540000000001e-08,o,3.0,e,2.0,-3.66,1710000.0,0.029
9.20386e-08,o,2.0,e,3.0,-1.86,109000000.0,0.037
9.208280000000001e-08,o,2.0,e,3.0,-2.51,24400000.0,0.49
9.20919e-08,o,1.0,e,1.0,-2.17,53600000.0,-0.105
9.21213e-08,e,2.0,o,1.0,-5.18,51500.0,0.001
9.212350000000001e-08,o,3.0,e,4.0,-0.81,1220000000.0,-0.149
9.21251e-08,o,6.0,e,5.0,-1.77,135000000.0,-0.072
9.213010000000001e-08,o,5.0,e,4.0,-2.32,37500000.0,0.035
9.21516e-08,o,2.0,e,3.0,-2.69,16300000.0,-0.012
9.21733e-08,o,4.0,e,3.0,-0.44,2820000000.0,-0.275
9.2215e-08,o,3.0,e,3.0,-2.35,34800000.0,-0.146
9.221720000000001e-08,o,2.0,e,3.0,-2.33,36300000.0,0.079
9.22174e-08,o,2.0,e,1.0,-0.62,1910000000.0,-0.503
9.22399e-08,o,3.0,e,4.0,-2.79,12700000.0,0.008
9.22408e-08,o,4.0,e,4.0,-1.29,399000000.0,-0.346
9.22472e-08,o,2.0,e,3.0,-1.38,330000000.0,-0.297
9.224980000000001e-08,e,3.0,o,3.0,-5.03,73200.0,0.007
9.226250000000001e-08,o,3.0,e,3.0,-1.8,125000000.0,-0.102
9.228400000000001e-08,o,1.0,e,1.0,-1.15,562000000.0,-0.371
9.22843e-08,e,5.0,o,6.0,-4.9,97900.0,0.019
9.2292e-08,o,3.0,e,4.0,-0.58,2040000000.0,-0.28
9.229930000000001e-08,o,5.0,e,4.0,0.2,12400000000.0,-0.845
9.231910000000001e-08,o,5.0,e,4.0,-1.31,387000000.0,-0.355
9.23233e-08,o,4.0,e,3.0,-3.95,871000.0,0.096
9.23536e-08,o,3.0,e,4.0,-1.74,143000000.0,0.285
9.23751e-08,o,3.0,e,3.0,-2.19,50200000.0,-0.009
9.24044e-08,o,2.0,e,3.0,-2.84,11400000.0,-0.218
9.24098e-08,o,2.0,e,3.0,-3.81,1200000.0,-0.061
9.241690000000001e-08,o,4.0,e,5.0,-4.36,344000.0,0.003
9.2426e-08,o,1.0,e,2.0,-3.01,7540000.0,0.004
9.24278e-08,o,2.0,e,2.0,-4.52,236000.0,0.004
9.243550000000001e-08,o,3.0,e,4.0,-0.16,5370000000.0,-0.792
9.24511e-08,o,5.0,e,4.0,0.12,10300000000.0,-0.784
9.2467e-08,o,3.0,e,4.0,-0.16,5430000000.0,-0.666
9.247740000000001e-08,o,1.0,e,2.0,-1.85,111000000.0,0.081
9.24985e-08,o,3.0,e,3.0,-2.66,17000000.0,-0.448
9.25271e-08,e,1.0,o,1.0,-5.74,14200.0,0.0
9.253300000000001e-08,o,1.0,e,2.0,-4.06,683000.0,-0.001
9.255250000000001e-08,o,6.0,e,6.0,-2.13,57900000.0,-0.013
9.25626e-08,o,4.0,e,4.0,-0.27,4150000000.0,-0.644
9.25733e-08,o,4.0,e,4.0,-2.85,11200000.0,-0.007
9.25759e-08,o,4.0,e,3.0,0.05,8690000000.0,-0.762
9.25842e-08,o,3.0,e,4.0,-1.54,229000000.0,-0.59
9.25937e-08,o,4.0,e,5.0,-4.23,466000.0,-0.005
9.261710000000001e-08,o,2.0,e,3.0,-1.83,115000000.0,-0.076
9.2632e-08,o,3.0,e,4.0,-1.98,81900000.0,0.073
9.265610000000001e-08,o,2.0,e,2.0,-0.38,3210000000.0,0.525
9.26625e-08,o,3.0,e,3.0,-4.4,310000.0,-0.01
9.26697e-08,o,1.0,e,2.0,-1.83,116000000.0,-0.058
9.26822e-08,o,6.0,e,5.0,-1.76,134000000.0,0.01
9.26833e-08,o,2.0,e,1.0,-0.31,3800000000.0,0.811
9.26975e-08,o,3.0,e,2.0,-0.25,4380000000.0,-0.599
9.27147e-08,o,2.0,e,1.0,-4.28,413000.0,0.004
9.27688e-08,o,3.0,e,3.0,-1.26,429000000.0,-0.068
9.27805e-08,o,4.0,e,4.0,-0.19,4970000000.0,0.72
9.2795e-08,e,3.0,o,2.0,-5.62,18700.0,0.0
9.28224e-08,o,4.0,e,3.0,-1.37,329000000.0,-0.331
9.283690000000001e-08,o,2.0,e,2.0,-2.43,28500000.0,-0.01
9.28535e-08,o,2.0,e,1.0,-3.73,1450000.0,0.027
9.28581e-08,o,3.0,e,2.0,-0.1,6100000000.0,-0.751
9.28603e-08,o,5.0,e,5.0,-2.96,8610000.0,0.002
9.28641e-08,o,6.0,e,5.0,0.27,14300000000.0,-0.843
9.28647e-08,o,6.0,e,6.0,-1.78,128000000.0,0.074
9.287050000000001e-08,o,4.0,e,3.0,-2.31,37600000.0,-0.014
9.28787e-08,e,2.0,o,3.0,-5.35,34800.0,-0.001
9.28917e-08,o,3.0,e,4.0,-2.73,14500000.0,0.01
9.29131e-08,o,4.0,e,4.0,-2.9,9840000.0,-0.002
9.292000000000001e-08,o,3.0,e,3.0,-0.27,4110000000.0,0.809
9.292060000000001e-08,o,4.0,e,3.0,0.08,9370000000.0,-0.808
9.29327e-08,o,3.0,e,4.0,-2.77,13300000.0,-0.063
9.29345e-08,o,2.0,e,2.0,-2.48,26000000.0,0.009
9.295660000000001e-08,o,3.0,e,4.0,-0.32,3670000000.0,-0.452
9.29643e-08,o,3.0,e,2.0,-3.79,1250000.0,0.05
9.29705e-08,e,4.0,o,5.0,-5.1,61200.0,0.018
9.29958e-08,o,3.0,e,2.0,-1.67,163000000.0,-0.202
9.300480000000001e-08,o,2.0,e,3.0,-0.16,5300000000.0,-0.847
9.30197e-08,o,2.0,e,2.0,-2.58,20100000.0,-0.107
9.30304e-08,o,3.0,e,4.0,-0.79,1260000000.0,-0.215
9.30387e-08,o,5.0,e,5.0,-1.93,90300000.0,-0.033
9.30429e-08,o,6.0,e,6.0,-2.65,17300000.0,0.038
9.30511e-08,o,4.0,e,5.0,-3.67,1670000.0,0.093
9.30532e-08,o,2.0,e,2.0,-1.96,83300000.0,-0.012
9.30678e-08,o,2.0,e,3.0,-2.29,39500000.0,-0.017
9.307240000000001e-08,o,2.0,e,2.0,-2.29,39600000.0,-0.012
9.30913e-08,o,4.0,e,4.0,-2.79,12500000.0,-0.024
9.310540000000001e-08,o,2.0,e,2.0,-3.06,6780000.0,-0.046
9.31175e-08,o,4.0,e,5.0,-2.43,28700000.0,0.006
9.31593e-08,o,3.0,e,2.0,-1.88,101000000.0,-0.05
9.316230000000001e-08,o,3.0,e,2.0,-2.28,40700000.0,-0.318
9.31834e-08,o,4.0,e,5.0,-0.78,1280000000.0,-0.256
9.31885e-08,o,1.0,e,2.0,-1.66,168000000.0,0.074
9.31943e-08,o,4.0,e,3.0,-0.56,2090000000.0,-0.771
9.31993e-08,o,1.0,e,1.0,-1.1,613000000.0,-0.217
9.32032e-08,o,2.0,e,3.0,-1.81,119000000.0,0.2
9.32072e-08,o,3.0,e,4.0,-4.24,447000.0,0.001
9.32081e-08,o,4.0,e,4.0,-1.95,85200000.0,0.048
9.32159e-08,o,1.0,e,1.0,-0.73,1450000000.0,0.591
9.3251e-08,o,5.0,e,4.0,0.16,11100000000.0,-0.848
9.326060000000001e-08,o,5.0,e,4.0,-0.53,2260000000.0,-0.666
9.32789e-08,o,4.0,e,3.0,-1.46,267000000.0,0.372
9.32884e-08,o,0.0,e,1.0,-1.12,577000000.0,-0.717
9.3297e-08,o,4.0,e,5.0,-2.09,62600000.0,-0.017
9.33021e-08,o,1.0,e,2.0,-3.82,1140000.0,0.0
9.330560000000001e-08,o,4.0,e,5.0,-1.81,119000000.0,-0.053
9.33221e-08,o,4.0,e,4.0,-0.52,2300000000.0,0.345
9.33299e-08,o,3.0,e,3.0,-3.53,2270000.0,0.001
9.33343e-08,o,2.0,e,3.0,-3.27,4100000.0,0.08
9.33374e-08,o,3.0,e,4.0,-2.02,73100000.0,-0.042
9.33409e-08,e,3.0,o,4.0,-5.74,13900.0,0.013
9.33617e-08,o,3.0,e,4.0,-4.95,86100.0,0.002
9.336799999999999e-08,o,3.0,e,3.0,-0.28,3980000000.0,0.561
9.33809e-08,o,3.0,e,4.0,-1.37,328000000.0,0.283
9.33968e-08,o,3.0,e,3.0,-1.44,276000000.0,0.093
9.34211e-08,e,2.0,o,3.0,-4.19,492000.0,-0.01
9.343150000000001e-08,o,2.0,e,1.0,-1.54,224000000.0,0.051
9.34533e-08,o,1.0,e,2.0,-2.87,10500000.0,0.008
9.34741e-08,o,2.0,e,3.0,-0.49,2450000000.0,0.498
9.3483e-08,o,2.0,e,1.0,-0.6,1950000000.0,0.449
9.3518e-08,o,2.0,e,3.0,-2.47,25700000.0,0.112
9.3528e-08,o,5.0,e,4.0,0.19,11800000000.0,-0.868
9.35292e-08,o,4.0,e,3.0,-3.07,6530000.0,0.004
9.353e-08,o,1.0,e,1.0,-4.96,82900.0,-0.001
9.35775e-08,o,5.0,e,5.0,-3.44,2800000.0,-0.067
9.35928e-08,o,1.0,e,2.0,-2.66,16800000.0,-0.003
9.359370000000001e-08,o,3.0,e,3.0,-0.4,3020000000.0,-0.764
9.36058e-08,e,3.0,o,3.0,-2.67,16400000.0,0.037
9.361530000000001e-08,o,0.0,e,1.0,-3.03,7010000.0,0.005
9.363510000000001e-08,o,3.0,e,2.0,-0.52,2310000000.0,0.694
9.36353e-08,o,2.0,e,3.0,-3.66,1670000.0,-0.124
9.36416e-08,o,4.0,e,5.0,-1.82,116000000.0,-0.033
9.36601e-08,o,2.0,e,2.0,-0.99,771000000.0,0.325
9.366180000000001e-08,o,4.0,e,3.0,-0.08,6270000000.0,-0.845
9.36677e-08,o,5.0,e,5.0,0.04,8300000000.0,0.702
9.36809e-08,o,4.0,e,5.0,-4.74,139000.0,0.001
9.36867e-08,o,2.0,e,2.0,-1.97,82300000.0,0.02
9.36905e-08,o,2.0,e,3.0,-4.99,77000.0,0.0
9.36927e-08,o,5.0,e,4.0,-4.21,465000.0,-0.001
9.36986e-08,o,1.0,e,2.0,-2.33,35200000.0,0.168
9.371420000000001e-08,o,2.0,e,3.0,-0.42,2910000000.0,-0.528
9.371470000000001e-08,o,5.0,e,6.0,-2.18,50600000.0,-0.016
9.371680000000001e-08,o,4.0,e,4.0,-0.39,3090000000.0,0.81
9.37344e-08,o,3.0,e,2.0,-3.28,3950000.0,0.306
9.376140000000001e-08,o,4.0,e,3.0,0.1,9560000000.0,-0.863
9.376550000000001e-08,o,4.0,e,4.0,-2.83,11200000.0,-0.227
9.37787e-08,o,4.0,e,4.0,-3.93,894000.0,-0.004
9.379120000000001e-08,o,5.0,e,5.0,-1.62,180000000.0,0.06
9.38048e-08,o,4.0,e,3.0,-2.63,17800000.0,-0.271
9.38105e-08,o,3.0,e,4.0,-0.73,1410000000.0,-0.236
9.38141e-08,o,3.0,e,4.0,-4.27,409000.0,0.001
9.38232e-08,o,4.0,e,5.0,-3.44,2790000.0,-0.001
9.38269e-08,o,2.0,e,2.0,-1.57,204000000.0,0.068
9.38288e-08,o,1.0,e,2.0,-2.52,22500000.0,0.007
9.38288e-08,o,4.0,e,5.0,-2.19,48500000.0,-0.04
9.383360000000001e-08,o,6.0,e,5.0,-3.53,2220000.0,-0.002
9.385610000000001e-08,o,2.0,e,1.0,-0.71,1460000000.0,-0.493
9.3888e-08,o,5.0,e,5.0,-1.64,173000000.0,-0.14
9.39058e-08,e,4.0,o,3.0,-1.48,253000000.0,-0.252
9.39149e-08,e,2.0,o,2.0,-3.05,6700000.0,0.023
9.39274e-08,o,5.0,e,4.0,-3.69,1550000.0,0.026
9.392930000000001e-08,o,4.0,e,5.0,-4.66,166000.0,0.0
9.393270000000001e-08,o,3.0,e,2.0,-0.03,7060000000.0,-0.845
9.39336e-08,o,2.0,e,3.0,-3.94,863000.0,-0.001
9.39384e-08,o,6.0,e,5.0,-3.43,2860000.0,-0.005
9.39435e-08,o,2.0,e,2.0,-3.98,784000.0,-0.026
9.394990000000001e-08,o,5.0,e,4.0,0.34,16400000000.0,-0.675
9.39749e-08,o,5.0,e,4.0,-1.41,291000000.0,0.028
9.399270000000001e-08,o,2.0,e,2.0,-1.94,86100000.0,0.027
9.40215e-08,o,4.0,e,3.0,-3.23,4430000.0,0.008
9.40369e-08,o,3.0,e,2.0,-1.06,664000000.0,0.187
9.404880000000001e-08,o,3.0,e,3.0,-3.2,4730000.0,-0.007
9.40536e-08,o,4.0,e,3.0,0.21,12100000000.0,-0.648
9.405800000000001e-08,o,4.0,e,3.0,-3.31,3680000.0,0.01
9.40593e-08,o,4.0,e,3.0,-2.57,20200000.0,0.013
9.40677e-08,o,3.0,e,3.0,-5.52,22800.0,-0.001
9.40901e-08,o,4.0,e,4.0,-0.5,2380000000.0,0.224
9.40901e-08,o,3.0,e,2.0,-0.39,3060000000.0,-0.63
9.41015e-08,e,3.0,o,2.0,-2.5,24000000.0,-0.075
9.41066e-08,o,2.0,e,1.0,-5.07,63900.0,-0.015
9.41113e-08,o,3.0,e,3.0,-0.18,4940000000.0,0.547
9.41194e-08,o,1.0,e,2.0,-1.1,605000000.0,0.331
9.41211e-08,o,6.0,e,5.0,-2.88,9900000.0,0.018
9.41343e-08,o,3.0,e,4.0,-3.18,5030000.0,-0.004
9.41365e-08,o,5.0,e,5.0,-1.88,101000000.0,0.043
9.41426e-08,o,2.0,e,2.0,-0.3,3810000000.0,0.597
9.41697e-08,o,2.0,e,2.0,-0.77,1270000000.0,0.283
9.417240000000001e-08,o,2.0,e,1.0,-3.79,1210000.0,-0.114
9.417820000000001e-08,o,3.0,e,2.0,-2.14,55200000.0,-0.127
9.41824e-08,o,3.0,e,4.0,-1.48,252000000.0,-0.144
9.42155e-08,o,1.0,e,1.0,-2.08,61600000.0,0.028
9.42342e-08,o,5.0,e,6.0,-1.68,155000000.0,-0.035
9.423520000000001e-08,o,2.0,e,3.0,-1.19,480000000.0,-0.067
9.42353e-08,o,5.0,e,4.0,-2.17,51100000.0,0.143
9.42477e-08,o,3.0,e,4.0,-2.2,47300000.0,-0.037
9.426390000000001e-08,o,5.0,e,5.0,-1.0,752000000.0,-0.13
9.42683e-08,o,5.0,e,6.0,-2.95,8400000.0,0.083
9.42719e-08,o,3.0,e,4.0,-2.03,70300000.0,-0.048
9.42812e-08,o,4.0,e,4.0,0.03,8100000000.0,0.737
9.42838e-08,o,5.0,e,4.0,-2.2,47300000.0,0.076
9.43132e-08,e,3.0,o,2.0,-5.3,37700.0,-0.001
9.43434e-08,o,2.0,e,2.0,-2.91,9290000.0,0.167
9.437870000000001e-08,o,3.0,e,2.0,-3.3,3700000.0,0.132
9.43874e-08,o,5.0,e,5.0,-4.41,293000.0,-0.001
9.43882e-08,o,5.0,e,5.0,-1.34,340000000.0,-0.141
9.440090000000001e-08,o,4.0,e,5.0,-2.87,10200000.0,0.004
9.44093e-08,o,3.0,e,4.0,-2.97,8160000.0,0.012
9.44136e-08,o,5.0,e,4.0,-3.6,1880000.0,0.003
9.44241e-08,o,2.0,e,2.0,-1.47,254000000.0,0.232
9.44253e-08,e,2.0,o,2.0,-2.75,13200000.0,0.068
9.44521e-08,e,4.0,o,3.0,-3.58,1980000.0,0.037
9.44566e-08,o,1.0,e,1.0,-1.95,85700000.0,0.031
9.44972e-08,o,3.0,e,4.0,-1.1,588000000.0,-0.09
9.45002e-08,o,4.0,e,4.0,-3.24,4280000.0,-0.004
9.45045e-08,o,4.0,e,5.0,-2.38,30800000.0,0.02
9.451369999999999e-08,o,5.0,e,5.0,-2.07,63400000.0,0.05
9.45246e-08,o,3.0,e,2.0,-4.87,101000.0,0.0
9.452630000000001e-08,o,3.0,e,2.0,-1.77,127000000.0,-0.239
9.4529e-08,o,1.0,e,2.0,-1.39,305000000.0,-0.325
9.45299e-08,o,4.0,e,4.0,-2.95,8420000.0,0.008
9.4531e-08,o,0.0,e,1.0,-1.27,401000000.0,-0.737
9.453210000000001e-08,o,2.0,e,3.0,-2.67,16100000.0,-0.176
9.453830000000001e-08,o,2.0,e,2.0,-1.37,320000000.0,-0.036
9.45579e-08,o,5.0,e,6.0,-2.68,15700000.0,0.009
9.45586e-08,e,5.0,o,4.0,-3.52,2230000.0,0.069
9.4577e-08,o,2.0,e,3.0,-3.39,3050000.0,0.001
9.45797e-08,o,3.0,e,2.0,-1.47,255000000.0,-0.7
9.45895e-08,o,3.0,e,3.0,-0.89,968000000.0,0.277
9.45911e-08,o,3.0,e,2.0,-2.21,46800000.0,0.155
9.45978e-08,o,4.0,e,4.0,-1.86,104000000.0,0.045
9.460140000000001e-08,o,3.0,e,4.0,-0.09,5970000000.0,-0.577
9.4614e-08,e,3.0,o,2.0,-1.64,171000000.0,-0.292
9.46141e-08,o,2.0,e,2.0,-3.51,2290000.0,0.033
9.46287e-08,o,5.0,e,5.0,-1.81,115000000.0,0.368
9.46302e-08,o,4.0,e,5.0,-2.02,71400000.0,-0.036
9.46307e-08,o,4.0,e,3.0,-3.14,5450000.0,-0.029
9.46531e-08,o,4.0,e,5.0,-3.09,6010000.0,-0.007
9.466530000000001e-08,o,2.0,e,3.0,-0.99,753000000.0,0.306
9.46798e-08,o,4.0,e,3.0,-2.09,60700000.0,0.1
9.469120000000001e-08,e,2.0,o,1.0,-1.77,126000000.0,-0.313
9.46938e-08,o,3.0,e,3.0,-2.72,14200000.0,-0.018
9.46975e-08,o,2.0,e,1.0,-0.83,1100000000.0,-0.247
9.471720000000001e-08,o,4.0,e,4.0,-4.78,123000.0,0.0
9.47175e-08,o,1.0,e,2.0,-3.57,2030000.0,0.003
9.47309e-08,o,2.0,e,1.0,-1.81,116000000.0,-0.023
9.4734e-08,o,3.0,e,2.0,0.0,7460000000.0,-0.555
9.47379e-08,o,3.0,e,2.0,-0.31,3660000000.0,-0.424
9.475599999999999e-08,o,3.0,e,4.0,-3.2,4770000.0,0.001
9.47608e-08,o,3.0,e,2.0,-3.42,2840000.0,0.028
9.47786e-08,e,3.0,o,4.0,-5.89,9610.0,-0.001
9.4786e-08,o,4.0,e,5.0,-1.88,97900000.0,0.104
9.47878e-08,o,1.0,e,2.0,-1.66,160000000.0,-0.111
9.4813e-08,o,6.0,e,6.0,-2.38,31200000.0,-0.012
9.48608e-08,o,1.0,e,2.0,-0.22,4460000000.0,-0.623
9.48866e-08,o,5.0,e,4.0,-1.01,718000000.0,-0.592
9.489220000000001e-08,o,5.0,e,4.0,-3.38,3080000.0,0.006
9.49006e-08,o,3.0,e,3.0,-1.34,342000000.0,-0.219
9.49151e-08,o,5.0,e,4.0,-3.01,7310000.0,-0.001
9.491559999999999e-08,o,4.0,e,4.0,-2.07,62600000.0,-0.026
9.49231e-08,o,2.0,e,3.0,-2.43,27200000.0,-0.005
9.49396e-08,o,4.0,e,5.0,-3.38,3090000.0,-0.004
9.493990000000001e-08,o,3.0,e,4.0,-2.71,14400000.0,-0.012
9.49409e-08,o,3.0,e,4.0,-1.87,99100000.0,0.043
9.49427e-08,e,5.0,o,6.0,-5.75,13200.0,-0.001
9.49635e-08,o,5.0,e,6.0,-3.46,2550000.0,0.001
9.49933e-08,o,2.0,e,2.0,-1.4,295000000.0,-0.098
9.49956e-08,o,4.0,e,4.0,-3.43,2800000.0,0.005
9.500380000000001e-08,o,3.0,e,3.0,-2.26,40900000.0,0.221
9.50376e-08,o,2.0,e,1.0,-1.95,83600000.0,0.029
9.504e-08,o,4.0,e,4.0,-3.02,7130000.0,0.019
9.50661e-08,o,2.0,e,1.0,-1.94,85100000.0,-0.549
9.50962e-08,o,2.0,e,3.0,-2.46,25200000.0,0.197
9.509700000000001e-08,o,5.0,e,4.0,-1.72,143000000.0,-0.202
9.51018e-08,o,3.0,e,3.0,-3.0,7400000.0,-0.006
9.511490000000001e-08,o,2.0,e,3.0,-0.8,1160000000.0,0.755
9.513160000000001e-08,e,3.0,o,2.0,-5.5,23200.0,-0.005
9.513740000000001e-08,o,2.0,e,2.0,-0.82,1120000000.0,0.356
9.51502e-08,o,3.0,e,3.0,-1.55,207000000.0,-0.071
9.51661e-08,o,4.0,e,5.0,-0.98,774000000.0,-0.12
9.516710000000001e-08,o,1.0,e,1.0,-1.09,598000000.0,-0.354
9.51803e-08,o,6.0,e,7.0,-2.15,52100000.0,-0.023
9.518300000000001e-08,o,5.0,e,4.0,-2.63,17500000.0,0.012
9.51857e-08,e,3.0,o,4.0,-5.5,23200.0,-0.004
9.51948e-08,o,4.0,e,5.0,-3.95,838000.0,0.006
9.51962e-08,o,2.0,e,3.0,-0.89,945000000.0,0.441
9.51992e-08,e,3.0,o,3.0,-4.67,159000.0,-0.002
9.51995e-08,o,4.0,e,4.0,-1.84,106000000.0,-0.051
9.5222e-08,o,3.0,e,4.0,-4.87,101000.0,0.0
9.52236e-08,o,3.0,e,2.0,-1.98,77700000.0,-0.185
9.523730000000001e-08,o,3.0,e,2.0,-1.94,83700000.0,0.202
9.52447e-08,o,6.0,e,5.0,-2.89,9620000.0,-0.013
9.52499e-08,o,3.0,e,2.0,-0.41,2850000000.0,-0.595
9.52634e-08,o,3.0,e,3.0,-3.23,4340000.0,-0.004
9.527530000000001e-08,o,4.0,e,4.0,-1.35,330000000.0,-0.118
9.52758e-08,o,2.0,e,2.0,-2.61,18000000.0,0.01
9.527870000000001e-08,e,4.0,o,5.0,-4.38,309000.0,0.038
9.52837e-08,o,4.0,e,3.0,-4.4,292000.0,0.001
9.529230000000001e-08,o,5.0,e,6.0,-2.63,17200000.0,-0.011
9.52924e-08,e,4.0,o,3.0,-3.61,1810000.0,0.039
9.53347e-08,o,4.0,e,3.0,-3.8,1170000.0,-0.009
9.53495e-08,e,2.0,o,1.0,-5.44,26600.0,0.014
9.53536e-08,o,4.0,e,5.0,-1.13,547000000.0,0.115
9.53576e-08,o,5.0,e,6.0,-4.56,203000.0,0.0
9.53639e-08,o,6.0,e,5.0,-0.87,980000000.0,-0.695
9.536530000000001e-08,o,4.0,e,3.0,-1.33,339000000.0,-0.138
9.539320000000001e-08,o,5.0,e,4.0,-3.24,4240000.0,0.082
9.540760000000001e-08,o,2.0,e,2.0,-4.03,680000.0,-0.002
9.54093e-08,o,3.0,e,2.0,-2.14,53300000.0,-0.093
9.5414e-08,o,2.0,e,2.0,-2.6,18500000.0,-0.155
9.54156e-08,o,4.0,e,4.0,0.04,8020000000.0,0.666
9.54466e-08,o,2.0,e,1.0,-2.34,34000000.0,-0.021
9.54533e-08,o,4.0,e,4.0,-1.89,95700000.0,0.017
9.54616e-08,o,4.0,e,3.0,-0.91,898000000.0,0.133
9.54641e-08,o,5.0,e,4.0,-2.53,21500000.0,0.023
9.5468e-08,e,2.0,o,2.0,-4.21,449000.0,0.03
9.54911e-08,e,3.0,o,3.0,-4.63,173000.0,-0.012
9.54937e-08,o,3.0,e,4.0,-2.29,37300000.0,-0.043
9.54954e-08,o,3.0,e,3.0,-0.76,1260000000.0,0.198
9.55015e-08,o,6.0,e,5.0,-2.99,7470000.0,-0.026
9.552140000000001e-08,o,2.0,e,3.0,-1.11,561000000.0,0.151
9.55391e-08,o,1.0,e,2.0,-1.26,402000000.0,0.143
9.55572e-08,o,2.0,e,3.0,-0.27,3950000000.0,-0.491
9.55602e-08,o,3.0,e,4.0,-0.62,1740000000.0,0.759
9.55611e-08,o,3.0,e,3.0,-0.66,1610000000.0,0.63
9.55823e-08,o,2.0,e,1.0,-2.72,14000000.0,0.325
9.55859e-08,o,1.0,e,1.0,-2.22,43500000.0,0.031
9.55962e-08,o,4.0,e,3.0,-1.27,393000000.0,0.261
9.56046e-08,o,3.0,e,3.0,-2.96,7950000.0,-0.352
9.56059e-08,o,4.0,e,3.0,-3.87,985000.0,0.0
9.56187e-08,o,4.0,e,4.0,-2.6,18200000.0,-0.043
9.56195e-08,o,2.0,e,2.0,-0.79,1180000000.0,0.726
9.562e-08,o,2.0,e,2.0,-1.97,77500000.0,-0.041
9.56665e-08,o,6.0,e,6.0,-1.95,81300000.0,0.06
9.56688e-08,o,3.0,e,4.0,-2.02,70700000.0,0.015
9.56713e-08,o,5.0,e,5.0,-2.95,8150000.0,-0.002
9.56855e-08,o,2.0,e,3.0,-4.38,303000.0,-0.009
9.56909e-08,o,4.0,e,4.0,-0.79,1190000000.0,0.332
9.569690000000001e-08,o,1.0,e,1.0,-2.02,69200000.0,-0.719
9.56976e-08,e,2.0,o,1.0,-5.69,15000.0,0.004
9.570850000000001e-08,o,1.0,e,1.0,-2.39,30000000.0,0.008
9.57208e-08,o,3.0,e,2.0,-1.06,635000000.0,-0.243
9.572290000000001e-08,e,4.0,o,4.0,-3.97,771000.0,-0.015
9.5736e-08,o,4.0,e,4.0,-2.13,54300000.0,-0.017
9.57374e-08,o,5.0,e,4.0,-3.78,1200000.0,0.001
9.57458e-08,o,6.0,e,6.0,0.19,11200000000.0,0.665
9.57511e-08,o,1.0,e,2.0,-0.73,1350000000.0,0.526
9.57577e-08,o,3.0,e,3.0,-2.01,71100000.0,0.034
9.57603e-08,o,4.0,e,5.0,-4.49,238000.0,-0.004
9.578390000000001e-08,o,2.0,e,3.0,-2.41,28100000.0,0.006
9.57891e-08,o,2.0,e,1.0,-1.82,110000000.0,0.651
9.58084e-08,o,5.0,e,5.0,0.08,8760000000.0,0.658
9.58252e-08,o,3.0,e,4.0,-0.46,2530000000.0,-0.23
9.583010000000001e-08,e,2.0,o,3.0,-3.65,1620000.0,0.057
9.58391e-08,e,3.0,o,2.0,-4.47,247000.0,0.007
9.58398e-08,o,5.0,e,4.0,-1.81,113000000.0,-0.081
9.58507e-08,o,4.0,e,5.0,-0.09,5840000000.0,-0.711
9.58608e-08,o,5.0,e,5.0,-2.36,32000000.0,-0.012
9.58674e-08,o,2.0,e,3.0,-1.96,78800000.0,-0.044
9.58691e-08,o,5.0,e,4.0,-2.33,34000000.0,0.139
9.58708e-08,o,5.0,e,5.0,-1.46,254000000.0,0.814
9.5897e-08,o,3.0,e,2.0,-0.88,960000000.0,0.2
9.589930000000001e-08,o,2.0,e,3.0,-3.01,7090000.0,-0.004
9.59152e-08,o,4.0,e,3.0,-1.95,81700000.0,0.11
9.59435e-08,e,1.0,o,1.0,-4.21,451000.0,0.078
9.59511e-08,o,4.0,e,4.0,-0.68,1530000000.0,-0.525
9.59596e-08,o,4.0,e,4.0,-1.97,78100000.0,0.057
9.59687e-08,o,3.0,e,3.0,-0.59,1860000000.0,0.51
9.59697e-08,o,3.0,e,3.0,-1.27,386000000.0,0.253
9.59957e-08,o,2.0,e,3.0,-2.19,47000000.0,-0.091
9.600410000000001e-08,o,4.0,e,4.0,-2.66,15800000.0,-0.017
9.600660000000001e-08,o,4.0,e,3.0,-4.28,380000.0,0.001
9.60167e-08,o,3.0,e,4.0,-2.18,47300000.0,-0.056
9.60194e-08,o,3.0,e,3.0,-4.21,451000.0,0.001
9.60286e-08,o,4.0,e,3.0,-2.9,9120000.0,0.002
9.6043e-08,o,1.0,e,2.0,-2.21,44700000.0,-0.202
9.604570000000001e-08,o,3.0,e,2.0,-3.68,1500000.0,0.002
9.60586e-08,o,2.0,e,2.0,-0.3,3640000000.0,0.558
9.60635e-08,e,1.0,o,2.0,-3.87,985000.0,0.051
9.608880000000001e-08,o,6.0,e,7.0,-2.55,20500000.0,-0.002
9.61146e-08,o,2.0,e,2.0,-2.29,37000000.0,0.006
9.61261e-08,e,3.0,o,3.0,-4.6,184000.0,-0.007
9.612840000000001e-08,o,1.0,e,2.0,-3.5,2290000.0,0.101
9.61318e-08,o,2.0,e,3.0,-1.92,86500000.0,-0.009
9.61484e-08,e,2.0,o,2.0,-5.13,53900.0,0.037
9.617220000000001e-08,o,3.0,e,2.0,-2.59,18600000.0,-0.148
9.617250000000001e-08,o,3.0,e,4.0,-2.02,69200000.0,0.078
9.61751e-08,o,1.0,e,2.0,-3.06,6250000.0,-0.019
9.61939e-08,o,5.0,e,6.0,-2.15,50500000.0,0.04
9.62078e-08,o,4.0,e,3.0,-5.01,69400.0,-0.235
9.621240000000001e-08,o,5.0,e,4.0,-2.98,7550000.0,0.063
9.62194e-08,e,3.0,o,3.0,-3.89,935000.0,-0.008
9.62337e-08,o,3.0,e,3.0,-1.87,98200000.0,0.04
9.623640000000001e-08,o,4.0,e,4.0,-3.47,2430000.0,-0.005
9.623640000000001e-08,o,5.0,e,5.0,-2.55,20500000.0,-0.056
9.625180000000001e-08,e,2.0,o,1.0,-5.41,28100.0,0.001
9.626280000000001e-08,o,1.0,e,1.0,-0.82,1090000000.0,-0.47
9.62632e-08,o,2.0,e,2.0,-4.62,174000.0,0.007
9.62652e-08,o,2.0,e,2.0,-1.68,151000000.0,0.303
9.62709e-08,o,3.0,e,4.0,-2.62,17200000.0,0.021
9.62901e-08,o,4.0,e,4.0,-4.3,366000.0,0.001
9.62929e-08,o,4.0,e,3.0,-3.34,3260000.0,0.034
9.62992e-08,o,1.0,e,1.0,-5.55,20100.0,0.003
9.629930000000001e-08,o,5.0,e,5.0,-2.08,59100000.0,0.103
9.63091e-08,o,2.0,e,2.0,-1.98,75800000.0,-0.222
9.63258e-08,o,5.0,e,4.0,-2.99,7350000.0,0.048
9.6337e-08,o,1.0,e,2.0,-0.41,2780000000.0,-0.743
9.634770000000001e-08,o,4.0,e,5.0,-1.44,262000000.0,0.203
9.63741e-08,o,3.0,e,4.0,-2.14,52100000.0,0.211
9.63826e-08,o,2.0,e,1.0,-1.06,634000000.0,0.251
9.63831e-08,o,3.0,e,4.0,-1.67,154000000.0,0.025
9.64007e-08,o,3.0,e,4.0,-2.5,22900000.0,0.049
9.64225e-08,o,3.0,e,3.0,-1.7,144000000.0,0.413
9.64232e-08,o,5.0,e,5.0,-2.11,56100000.0,0.02
9.64299e-08,o,5.0,e,5.0,-1.73,134000000.0,-0.052
9.646960000000001e-08,e,2.0,o,3.0,-3.64,1640000.0,0.03
9.648e-08,o,2.0,e,3.0,0.29,14100000000.0,-0.583
9.64832e-08,o,2.0,e,3.0,-3.6,1790000.0,-0.054
9.64945e-08,o,4.0,e,4.0,-1.8,114000000.0,0.116
9.64949e-08,o,6.0,e,6.0,-4.25,408000.0,0.002
9.65025e-08,o,5.0,e,4.0,-0.8,1140000000.0,0.226
9.6507e-08,o,4.0,e,5.0,-1.4,288000000.0,-0.109
9.65127e-08,o,4.0,e,5.0,-3.02,6840000.0,-0.018
9.651390000000001e-08,o,2.0,e,3.0,-4.7,144000.0,0.003
9.651810000000001e-08,e,2.0,o,2.0,-4.86,98400.0,-0.001
9.65266e-08,o,4.0,e,4.0,-1.3,360000000.0,-0.047
9.654450000000001e-08,o,4.0,e,5.0,-1.39,292000000.0,0.081
9.65476e-08,o,3.0,e,4.0,-4.12,538000.0,0.001
9.65659e-08,o,5.0,e,4.0,-1.69,146000000.0,-0.16
9.657540000000001e-08,o,3.0,e,3.0,-3.12,5430000.0,-0.001
9.65786e-08,o,5.0,e,6.0,-3.17,4890000.0,-0.003
9.65833e-08,o,3.0,e,4.0,-1.69,147000000.0,-0.539
9.65862e-08,o,4.0,e,3.0,-2.26,38700000.0,-0.033
9.65965e-08,o,3.0,e,4.0,-1.35,317000000.0,0.357
9.661079999999999e-08,o,4.0,e,4.0,-1.63,168000000.0,0.094
9.661570000000001e-08,o,5.0,e,5.0,-1.58,188000000.0,-0.105
9.66227e-08,o,2.0,e,3.0,-0.32,3390000000.0,-0.584
9.662600000000001e-08,o,4.0,e,3.0,-3.73,1350000.0,0.006
9.66347e-08,o,2.0,e,3.0,-2.19,46500000.0,0.016
9.663490000000001e-08,o,3.0,e,2.0,-1.97,77800000.0,0.019
9.663700000000001e-08,o,4.0,e,4.0,-2.02,68700000.0,0.069
9.66584e-08,e,3.0,o,4.0,-4.48,235000.0,0.001
9.66624e-08,o,4.0,e,5.0,-1.77,121000000.0,-0.354
9.66709e-08,o,1.0,e,2.0,-0.7,1430000000.0,-0.304
9.669e-08,o,3.0,e,3.0,-1.35,322000000.0,-0.167
9.66948e-08,e,1.0,o,1.0,-5.08,60700.0,-0.001
9.670660000000001e-08,o,3.0,e,2.0,-0.37,3030000000.0,-0.345
9.671799999999999e-08,o,4.0,e,3.0,-3.08,5910000.0,0.179
9.67223e-08,o,3.0,e,2.0,-2.6,17800000.0,0.155
9.6729e-08,o,0.0,e,1.0,-2.47,23600000.0,0.047
9.673740000000001e-08,o,4.0,e,5.0,-1.5,226000000.0,-0.119
9.67478e-08,o,2.0,e,1.0,-2.15,51600000.0,-0.02
9.67522e-08,o,3.0,e,4.0,-2.94,8130000.0,0.006
9.67524e-08,e,1.0,o,2.0,-4.9,89600.0,0.07
9.67566e-08,o,3.0,e,3.0,-3.56,1970000.0,0.001
9.67707e-08,o,4.0,e,5.0,-2.56,19800000.0,-0.052
9.677390000000001e-08,e,3.0,o,4.0,-5.74,13000.0,0.003
9.677440000000001e-08,o,4.0,e,3.0,-1.53,214000000.0,0.404
9.677580000000001e-08,o,3.0,e,4.0,-2.67,15500000.0,-0.01
9.67819e-08,o,2.0,e,3.0,-3.12,5470000.0,0.008
9.678410000000001e-08,o,3.0,e,2.0,-2.7,14300000.0,0.008
9.67906e-08,o,3.0,e,3.0,-2.85,9990000.0,0.028
9.67946e-08,o,2.0,e,3.0,-0.66,1560000000.0,-0.567
9.68061e-08,o,2.0,e,2.0,-1.94,81400000.0,0.036
9.68072e-08,o,2.0,e,2.0,0.21,11600000000.0,0.707
9.6815e-08,o,2.0,e,3.0,-3.05,6320000.0,-0.001
9.685460000000001e-08,o,3.0,e,3.0,-5.05,63400.0,0.008
9.68942e-08,o,3.0,e,2.0,-2.67,15100000.0,-0.164
9.68982e-08,o,5.0,e,6.0,-0.47,2380000000.0,0.281
9.690380000000001e-08,e,2.0,o,3.0,-4.34,321000.0,0.002
9.69384e-08,o,6.0,e,5.0,-2.99,7310000.0,0.004
9.69391e-08,o,4.0,e,4.0,-1.7,143000000.0,0.155
9.694890000000001e-08,o,1.0,e,2.0,-0.95,804000000.0,0.327
9.695650000000001e-08,o,1.0,e,2.0,-3.09,5810000.0,-0.075
9.69636e-08,e,1.0,o,2.0,-4.93,82200.0,0.0
9.698040000000001e-08,o,2.0,e,1.0,0.03,7540000000.0,-0.717
9.69871e-08,o,4.0,e,3.0,-1.77,122000000.0,-0.168
9.70087e-08,o,3.0,e,4.0,-1.74,128000000.0,0.137
9.70098e-08,o,2.0,e,1.0,-1.3,362000000.0,0.17
9.70107e-08,o,3.0,e,4.0,-2.26,38800000.0,0.144
9.70135e-08,o,2.0,e,3.0,-2.19,46000000.0,0.164
9.70169e-08,o,1.0,e,1.0,-0.79,1150000000.0,0.352
9.70187e-08,o,2.0,e,2.0,-2.77,12100000.0,0.612
9.70215e-08,o,2.0,e,2.0,-3.16,4960000.0,0.003
9.70239e-08,o,3.0,e,4.0,-3.34,3290000.0,-0.001
9.70266e-08,o,5.0,e,5.0,-2.45,25000000.0,0.014
9.7031e-08,o,1.0,e,1.0,-1.7,143000000.0,0.154
9.705530000000001e-08,o,3.0,e,4.0,-0.22,4220000000.0,-0.56
9.70707e-08,o,6.0,e,5.0,-0.97,752000000.0,0.132
9.707590000000001e-08,o,4.0,e,5.0,-4.23,416000.0,-0.009
9.71139e-08,o,4.0,e,4.0,-3.05,6290000.0,0.004
9.713150000000001e-08,o,5.0,e,4.0,-2.02,67300000.0,0.181
9.71482e-08,o,3.0,e,3.0,-2.03,66000000.0,0.247
9.71502e-08,o,2.0,e,1.0,-1.98,73300000.0,0.06
9.716900000000001e-08,o,3.0,e,3.0,-2.59,17900000.0,0.017
9.717190000000001e-08,o,2.0,e,2.0,-1.12,540000000.0,-0.148
9.719480000000001e-08,e,2.0,o,3.0,-5.15,49500.0,0.004
9.72033e-08,e,2.0,o,3.0,-3.93,831000.0,-0.006
9.72087e-08,o,5.0,e,5.0,-3.81,1090000.0,-0.001
9.72185e-08,o,3.0,e,3.0,-0.84,1030000000.0,-0.26
9.72331e-08,o,4.0,e,5.0,-2.15,49600000.0,0.02
9.72336e-08,o,2.0,e,1.0,-3.9,889000.0,0.007
9.72405e-08,o,5.0,e,6.0,-0.65,1580000000.0,-0.241
9.72464e-08,o,3.0,e,4.0,-2.0,71100000.0,0.114
9.724670000000001e-08,o,1.0,e,2.0,-3.74,1310000.0,0.002
9.72496e-08,o,4.0,e,4.0,-2.28,36600000.0,0.032
9.7262e-08,o,3.0,e,4.0,-1.5,225000000.0,0.069
9.72922e-08,o,1.0,e,2.0,-1.21,435000000.0,-0.193
9.72931e-08,o,5.0,e,5.0,-2.02,67100000.0,0.168
9.72953e-08,o,3.0,e,3.0,-1.87,95600000.0,0.145
9.73049e-08,o,4.0,e,3.0,-4.65,158000.0,0.103
9.73059e-08,o,3.0,e,2.0,-1.26,383000000.0,0.197
9.73185e-08,o,2.0,e,1.0,-2.48,23500000.0,0.542
9.73448e-08,o,5.0,e,6.0,-3.17,4830000.0,0.004
9.73669e-08,e,4.0,o,3.0,-5.39,28700.0,-0.005
9.73685e-08,o,3.0,e,4.0,-2.57,18800000.0,0.019
9.73724e-08,o,5.0,e,4.0,-4.34,317000.0,0.0
9.73726e-08,o,4.0,e,3.0,-4.04,638000.0,0.001
9.73898e-08,o,2.0,e,2.0,-3.05,6250000.0,0.001
9.739210000000001e-08,o,4.0,e,3.0,-1.54,203000000.0,0.051
9.73949e-08,o,6.0,e,5.0,-1.57,189000000.0,0.432
9.739510000000001e-08,o,3.0,e,3.0,-1.87,95900000.0,0.61
9.740320000000001e-08,e,3.0,o,3.0,-3.55,1970000.0,0.028
9.74116e-08,o,2.0,e,2.0,-3.32,3400000.0,-0.006
9.74197e-08,o,3.0,e,3.0,-1.45,249000000.0,-0.109
9.744260000000001e-08,o,3.0,e,3.0,-1.94,80000000.0,0.142
9.74434e-08,o,1.0,e,2.0,-1.29,361000000.0,0.163
9.7448e-08,o,4.0,e,5.0,-0.68,1470000000.0,-0.612
9.74603e-08,o,1.0,e,2.0,-4.52,213000.0,0.0
9.74644e-08,o,5.0,e,6.0,-4.32,339000.0,0.0
9.747780000000001e-08,o,3.0,e,3.0,-2.21,43000000.0,0.088
9.74875e-08,o,5.0,e,4.0,-5.85,10000.0,0.001
9.749740000000001e-08,o,2.0,e,3.0,-2.57,18900000.0,-0.017
9.74987e-08,o,2.0,e,3.0,-3.07,5870000.0,-0.002
9.75087e-08,o,4.0,e,3.0,-2.34,32200000.0,0.006
9.751520000000001e-08,o,4.0,e,3.0,-0.88,916000000.0,0.237
9.753550000000001e-08,o,3.0,e,2.0,-3.14,5140000.0,0.04
9.75416e-08,o,1.0,e,2.0,-0.54,1990000000.0,-0.503
9.754530000000001e-08,o,6.0,e,6.0,-1.48,230000000.0,-0.015
9.75538e-08,o,3.0,e,4.0,-3.01,6960000.0,-0.006
9.756520000000001e-08,o,4.0,e,4.0,-0.52,2140000000.0,0.395
9.75747e-08,o,1.0,e,2.0,-2.09,56200000.0,0.047
9.75865e-08,o,1.0,e,1.0,-2.37,30400000.0,0.014
9.7591e-08,o,2.0,e,2.0,-2.18,46400000.0,0.16
9.76072e-08,o,4.0,e,4.0,-1.53,209000000.0,0.057
9.76098e-08,o,2.0,e,3.0,-1.5,222000000.0,-0.07
9.76172e-08,o,3.0,e,2.0,-2.71,13800000.0,0.018
9.76194e-08,o,6.0,e,7.0,-2.17,47000000.0,-0.012
9.76279e-08,o,4.0,e,5.0,-4.39,289000.0,0.011
9.76656e-08,o,3.0,e,4.0,-1.99,71100000.0,-0.055
9.76775e-08,o,2.0,e,3.0,-2.79,11400000.0,-0.007
9.76833e-08,o,3.0,e,3.0,-2.01,68700000.0,0.067
9.76923e-08,o,4.0,e,5.0,-2.86,9520000.0,-0.005
9.76947e-08,o,4.0,e,3.0,-4.62,168000.0,-0.001
9.771050000000001e-08,o,2.0,e,3.0,-1.68,144000000.0,0.064
9.77195e-08,o,4.0,e,4.0,-1.5,221000000.0,-0.103
9.772809999999999e-08,e,4.0,o,3.0,-2.93,8220000.0,0.223
9.772809999999999e-08,o,3.0,e,4.0,-0.74,1280000000.0,-0.258
9.774070000000001e-08,o,2.0,e,2.0,-4.37,293000.0,0.0
9.77589e-08,o,2.0,e,2.0,-2.93,8210000.0,0.022
9.776520000000001e-08,e,2.0,o,1.0,-2.76,12100000.0,-0.079
9.77733e-08,e,3.0,o,3.0,-3.93,830000.0,0.005
9.77756e-08,o,3.0,e,4.0,-1.5,221000000.0,0.065
9.78e-08,o,5.0,e,5.0,-2.53,20600000.0,0.018
9.78021e-08,o,3.0,e,3.0,-2.11,54600000.0,-0.052
9.78027e-08,o,1.0,e,1.0,-3.42,2630000.0,0.033
9.780990000000001e-08,o,2.0,e,2.0,-4.97,75200.0,0.0
9.78107e-08,o,5.0,e,4.0,-4.35,315000.0,0.001
9.781630000000001e-08,o,5.0,e,5.0,-3.0,6950000.0,-0.035
9.782260000000001e-08,o,3.0,e,4.0,-3.13,5200000.0,0.008
9.78267e-08,o,4.0,e,5.0,-0.27,3760000000.0,0.356
9.78435e-08,o,5.0,e,4.0,-0.7,1380000000.0,0.31
9.784760000000001e-08,o,3.0,e,4.0,-2.57,19000000.0,0.215
9.78577e-08,o,3.0,e,3.0,-2.01,67600000.0,-0.068
9.7865e-08,o,1.0,e,2.0,-0.98,738000000.0,-0.343
9.78655e-08,o,3.0,e,2.0,-3.66,1520000.0,-0.004
9.786950000000001e-08,o,2.0,e,3.0,-4.16,478000.0,0.012
9.789220000000001e-08,o,6.0,e,6.0,-1.17,464000000.0,-0.042
9.79028e-08,o,4.0,e,4.0,-2.43,25800000.0,0.012
9.79041e-08,e,3.0,o,2.0,-4.77,118000.0,-0.003
9.790660000000001e-08,o,5.0,e,4.0,-1.73,129000000.0,0.197
9.792480000000001e-08,o,4.0,e,5.0,-1.73,130000000.0,0.063
9.793940000000001e-08,o,2.0,e,1.0,-2.9,8810000.0,-0.177
9.7951e-08,o,5.0,e,5.0,-2.04,62400000.0,0.033
9.79597e-08,o,1.0,e,2.0,-2.19,44400000.0,-0.027
9.79611e-08,e,4.0,o,3.0,-3.45,2470000.0,0.064
9.79656e-08,o,4.0,e,3.0,-2.18,45500000.0,0.069
9.79966e-08,o,4.0,e,4.0,-0.04,6310000000.0,-0.521
9.80175e-08,o,2.0,e,3.0,-2.03,64300000.0,-0.114
9.8018e-08,o,1.0,e,2.0,-1.5,219000000.0,-0.143
9.80293e-08,o,3.0,e,2.0,-3.14,5020000.0,-0.01
9.80316e-08,o,4.0,e,4.0,-2.69,14200000.0,-0.019
9.804020000000001e-08,o,0.0,e,1.0,-3.31,3360000.0,0.123
9.80509e-08,e,4.0,o,3.0,-3.72,1310000.0,0.013
9.80516e-08,o,2.0,e,3.0,-2.86,9500000.0,-0.521
9.80609e-08,o,1.0,e,1.0,-1.68,144000000.0,0.128
9.806180000000001e-08,o,1.0,e,1.0,-2.46,24200000.0,-0.453
9.80683e-08,o,4.0,e,4.0,-0.59,1780000000.0,-0.448
9.80708e-08,o,5.0,e,5.0,-2.8,11000000.0,-0.11
9.80723e-08,o,3.0,e,4.0,-1.56,193000000.0,-0.091
9.80727e-08,o,2.0,e,3.0,-2.82,10500000.0,0.001
9.81031e-08,o,3.0,e,4.0,-3.33,3290000.0,0.006
9.812050000000001e-08,o,2.0,e,3.0,-1.81,106000000.0,-0.044
9.81236e-08,o,5.0,e,4.0,-4.1,545000.0,-0.004
9.81278e-08,o,3.0,e,2.0,-1.97,74500000.0,-0.017
9.81383e-08,o,5.0,e,4.0,-1.79,115000000.0,0.356
9.81387e-08,o,5.0,e,4.0,-1.25,389000000.0,0.191
9.814260000000001e-08,e,4.0,o,4.0,-4.01,684000.0,0.006
9.81485e-08,o,4.0,e,4.0,-4.01,680000.0,0.001
9.81506e-08,o,4.0,e,3.0,-1.34,314000000.0,0.209
9.81642e-08,o,1.0,e,2.0,-3.06,6000000.0,0.059
9.81765e-08,o,4.0,e,3.0,-2.19,44900000.0,-0.042
9.81787e-08,o,3.0,e,3.0,-1.72,132000000.0,-0.138
9.81962e-08,o,4.0,e,5.0,-4.19,450000.0,0.003
9.82064e-08,o,2.0,e,3.0,-2.08,57100000.0,0.153
9.820890000000001e-08,o,4.0,e,3.0,-0.84,996000000.0,-0.144
9.821620000000001e-08,o,2.0,e,2.0,-4.24,401000.0,0.0
9.82318e-08,o,4.0,e,4.0,0.29,13400000000.0,-0.466
9.824220000000001e-08,e,2.0,o,2.0,-5.15,48600.0,-0.015
9.82448e-08,o,5.0,e,6.0,-2.92,8410000.0,0.034
9.82462e-08,o,3.0,e,3.0,-2.04,62200000.0,-0.024
9.82528e-08,o,1.0,e,2.0,-2.32,33200000.0,-0.06
9.825309999999999e-08,o,3.0,e,4.0,-1.77,117000000.0,0.164
9.82617e-08,o,5.0,e,4.0,-3.81,1070000.0,-0.002
9.82684e-08,e,4.0,o,3.0,-1.94,80000000.0,0.22
9.82719e-08,o,3.0,e,4.0,-2.02,66800000.0,-0.022
9.82785e-08,o,3.0,e,3.0,-3.87,925000.0,-0.001
9.828680000000001e-08,o,4.0,e,4.0,-3.94,788000.0,0.0
9.82939e-08,o,2.0,e,3.0,-1.51,213000000.0,-0.134
9.82981e-08,o,3.0,e,4.0,-2.92,8380000.0,-0.074
9.830190000000001e-08,o,2.0,e,2.0,-1.54,198000000.0,-0.327
9.83099e-08,e,2.0,o,3.0,-3.93,801000.0,0.024
9.83143e-08,e,3.0,o,2.0,-1.48,228000000.0,-0.346
9.83172e-08,o,4.0,e,4.0,-3.25,3860000.0,0.006
9.83238e-08,o,3.0,e,4.0,-0.33,3240000000.0,-0.6
9.832440000000001e-08,o,5.0,e,6.0,-2.23,40300000.0,-0.017
9.8335e-08,e,3.0,o,3.0,-5.25,39000.0,0.004
9.83542e-08,o,2.0,e,1.0,-1.08,586000000.0,0.331
9.83794e-08,o,3.0,e,3.0,-2.29,34900000.0,0.042
9.8407e-08,o,2.0,e,3.0,-3.72,1300000.0,-0.001
9.84184e-08,o,5.0,e,5.0,-2.68,14600000.0,0.028
9.842240000000001e-08,o,3.0,e,4.0,-3.61,1690000.0,0.001
9.84257e-08,o,4.0,e,4.0,-1.35,315000000.0,-0.157
9.84315e-08,o,4.0,e,3.0,-2.29,35100000.0,0.072
9.843210000000001e-08,o,4.0,e,4.0,-2.39,28100000.0,0.133
9.84342e-08,o,5.0,e,6.0,-2.33,32300000.0,-0.034
9.84376e-08,o,5.0,e,4.0,-2.19,44200000.0,0.044
9.8453e-08,o,5.0,e,4.0,-1.41,268000000.0,-0.19
9.84737e-08,o,3.0,e,4.0,-0.5,2200000000.0,-0.352
9.8512e-08,o,2.0,e,1.0,-2.1,54100000.0,-0.045
9.8517e-08,o,3.0,e,4.0,-2.04,61900000.0,0.003
9.85243e-08,o,3.0,e,4.0,-2.44,25300000.0,-0.006
9.85343e-08,o,2.0,e,2.0,-2.16,47400000.0,0.11
9.85499e-08,o,3.0,e,4.0,-0.89,878000000.0,-0.471
9.85608e-08,o,1.0,e,2.0,-1.82,103000000.0,-0.459
9.85685e-08,o,7.0,e,6.0,-1.12,520000000.0,0.145
9.857160000000001e-08,o,3.0,e,4.0,-1.96,75800000.0,0.039
9.858260000000001e-08,o,2.0,e,3.0,-1.36,298000000.0,-0.401
9.85876e-08,o,1.0,e,2.0,-1.41,263000000.0,-0.134
9.86011e-08,o,3.0,e,2.0,-2.75,12400000.0,0.006
9.861130000000001e-08,o,2.0,e,1.0,-1.46,237000000.0,-0.089
9.86127e-08,e,2.0,o,2.0,-3.97,737000.0,0.009
9.86189e-08,o,5.0,e,5.0,-2.39,28100000.0,-0.056
9.8619e-08,o,4.0,e,3.0,-4.32,328000.0,0.0
9.862010000000001e-08,o,4.0,e,4.0,-0.4,2740000000.0,0.34
9.86371e-08,o,2.0,e,2.0,-1.2,436000000.0,-0.219
9.86503e-08,o,3.0,e,3.0,-1.39,283000000.0,-0.214
9.86537e-08,o,3.0,e,3.0,-1.7,135000000.0,-0.14
9.867020000000001e-08,o,2.0,e,1.0,-1.06,611000000.0,0.461
9.86803e-08,o,5.0,e,6.0,-1.37,290000000.0,0.033
9.86811e-08,o,1.0,e,2.0,-3.08,5640000.0,-0.021
9.86944e-08,o,3.0,e,4.0,-3.83,1030000.0,0.0
9.87152e-08,o,4.0,e,5.0,-2.44,24700000.0,-0.121
9.87217e-08,o,1.0,e,2.0,-0.31,3290000000.0,-0.522
9.87303e-08,o,3.0,e,4.0,-2.0,68600000.0,-0.389
9.873170000000001e-08,e,5.0,o,5.0,-4.42,262000.0,-0.123
9.87332e-08,o,4.0,e,3.0,-1.97,73200000.0,-0.315
9.873640000000001e-08,o,4.0,e,4.0,-1.76,119000000.0,0.142
9.874170000000001e-08,o,2.0,e,1.0,-1.87,93200000.0,0.251
9.87478e-08,o,3.0,e,4.0,-2.94,7890000.0,-0.004
9.874930000000001e-08,o,2.0,e,3.0,-2.57,18200000.0,0.05
9.87496e-08,o,5.0,e,5.0,0.1,8660000000.0,0.611
9.87558e-08,o,3.0,e,2.0,-1.64,157000000.0,0.097
9.87683e-08,o,2.0,e,1.0,-4.84,98900.0,0.397
9.877430000000001e-08,o,2.0,e,3.0,-0.97,723000000.0,-0.088
9.87875e-08,o,5.0,e,6.0,-2.45,24100000.0,-0.039
9.879160000000001e-08,e,2.0,o,1.0,-5.41,26600.0,0.0
9.879260000000001e-08,o,2.0,e,2.0,-4.6,172000.0,0.0
9.88383e-08,o,3.0,e,3.0,-0.57,1860000000.0,0.332
9.887290000000001e-08,e,1.0,o,2.0,-5.3,34500.0,-0.012
9.88738e-08,e,3.0,o,2.0,-2.3,34200000.0,0.216
9.887440000000001e-08,e,5.0,o,4.0,-3.17,4600000.0,0.035
9.88814e-08,o,4.0,e,3.0,-1.82,101000000.0,-0.287
9.88818e-08,o,3.0,e,3.0,-1.4,272000000.0,-0.197
9.88915e-08,o,3.0,e,4.0,-1.17,464000000.0,0.171
9.89038e-08,o,3.0,e,4.0,-0.32,3290000000.0,0.434
9.89045e-08,o,2.0,e,3.0,-1.88,88200000.0,-0.028
9.89117e-08,e,2.0,o,1.0,-4.79,111000.0,0.004
9.89227e-08,o,7.0,e,6.0,-0.86,943000000.0,-0.354
9.89264e-08,o,2.0,e,3.0,-2.11,52800000.0,-0.158
9.893e-08,o,5.0,e,4.0,-2.6,17300000.0,-0.021
9.89411e-08,e,3.0,o,3.0,-4.18,443000.0,-0.004
9.8963e-08,o,4.0,e,3.0,-1.77,115000000.0,-0.069
9.897670000000001e-08,o,5.0,e,5.0,-3.47,2330000.0,-0.001
9.89812e-08,o,3.0,e,2.0,-3.03,6400000.0,-0.026
9.90021e-08,o,4.0,e,5.0,-2.07,57800000.0,0.011
9.90115e-08,o,4.0,e,4.0,-2.12,53200000.0,0.232
9.904990000000001e-08,e,2.0,o,3.0,-5.02,64700.0,0.007
9.905040000000001e-08,o,3.0,e,4.0,-1.8,109000000.0,0.077
9.9051e-08,o,3.0,e,2.0,-3.41,2640000.0,0.002
9.905460000000001e-08,o,2.0,e,2.0,-0.92,819000000.0,0.337
9.905770000000001e-08,o,4.0,e,4.0,-3.93,807000.0,0.0
9.907780000000001e-08,e,1.0,o,2.0,-4.59,175000.0,-0.003
9.9086e-08,o,6.0,e,5.0,-2.78,11400000.0,-0.003
9.90952e-08,o,1.0,e,1.0,-1.54,196000000.0,-0.145
9.91106e-08,o,3.0,e,3.0,-1.71,133000000.0,-0.126
9.911860000000001e-08,o,5.0,e,6.0,-2.44,24800000.0,-0.005
9.91187e-08,o,1.0,e,2.0,-2.25,38300000.0,0.223
9.91379e-08,o,2.0,e,2.0,-2.35,30600000.0,0.085
9.91467e-08,o,4.0,e,3.0,-4.34,308000.0,0.143
9.91518e-08,o,4.0,e,4.0,-1.24,393000000.0,-0.196
9.91966e-08,o,1.0,e,1.0,-1.44,248000000.0,0.359
9.92106e-08,o,3.0,e,2.0,-4.2,432000.0,0.007
9.92266e-08,o,4.0,e,3.0,-0.7,1360000000.0,0.16
9.92334e-08,o,2.0,e,3.0,-1.42,257000000.0,0.206
9.92337e-08,o,5.0,e,4.0,-4.43,250000.0,-0.001
9.92426e-08,o,5.0,e,4.0,-1.35,305000000.0,-0.078
9.924500000000001e-08,o,4.0,e,3.0,-3.9,850000.0,-0.006
9.92452e-08,o,2.0,e,3.0,-1.54,194000000.0,0.253
9.924810000000001e-08,o,4.0,e,4.0,-1.76,117000000.0,0.184
9.925890000000001e-08,o,5.0,e,5.0,-2.87,9090000.0,0.021
9.925910000000001e-08,o,2.0,e,2.0,-2.92,8160000.0,0.054
9.926040000000001e-08,o,4.0,e,3.0,-1.11,531000000.0,-0.038
9.9274e-08,o,3.0,e,3.0,-1.03,636000000.0,-0.208
9.9274e-08,e,4.0,o,3.0,-3.65,1520000.0,-0.036
9.92745e-08,o,2.0,e,2.0,-4.5,215000.0,-0.143
9.92845e-08,e,4.0,o,4.0,-4.94,78500.0,0.014
9.928930000000001e-08,o,6.0,e,5.0,-1.16,468000000.0,0.135
9.929740000000001e-08,e,1.0,o,0.0,-4.69,140000.0,-0.297
9.93165e-08,o,3.0,e,3.0,-2.44,24000000.0,-0.018
9.93175e-08,e,5.0,o,4.0,-2.07,57500000.0,0.223
9.932640000000001e-08,o,3.0,e,4.0,-1.61,166000000.0,0.049
9.933180000000001e-08,e,3.0,o,2.0,-3.59,1750000.0,0.035
9.93353e-08,o,4.0,e,4.0,-1.42,261000000.0,-0.109
9.93372e-08,o,2.0,e,1.0,-3.89,866000.0,-0.002
9.93497e-08,o,1.0,e,2.0,-4.07,572000.0,-0.001
9.93577e-08,o,2.0,e,1.0,-3.18,4490000.0,-0.003
9.93578e-08,o,4.0,e,5.0,-1.82,102000000.0,0.027
9.93622e-08,o,4.0,e,4.0,-2.8,10700000.0,0.009
9.93637e-08,o,3.0,e,3.0,-1.55,188000000.0,0.094
9.9376e-08,o,5.0,e,4.0,-4.59,175000.0,-0.001
9.937880000000001e-08,o,5.0,e,6.0,-1.14,485000000.0,0.695
9.937960000000001e-08,e,1.0,o,1.0,-4.9,85700.0,0.002
9.93842e-08,o,5.0,e,5.0,-2.88,8850000.0,0.001
9.93981e-08,e,5.0,o,5.0,-1.83,99700000.0,0.199
9.94039e-08,o,2.0,e,3.0,-2.78,11200000.0,-0.019
9.94098e-08,o,4.0,e,5.0,-1.15,474000000.0,0.042
9.94135e-08,o,3.0,e,3.0,-1.35,303000000.0,-0.283
9.94225e-08,o,1.0,e,1.0,-1.94,78300000.0,-0.239
9.94331e-08,o,5.0,e,4.0,-2.42,25900000.0,0.06
9.94409e-08,o,0.0,e,1.0,-1.09,552000000.0,0.457
9.94607e-08,o,2.0,e,3.0,-2.4,26600000.0,0.079
9.94679e-08,o,3.0,e,4.0,-1.17,452000000.0,0.058
9.95062e-08,o,3.0,e,2.0,-2.62,16100000.0,0.02
9.950900000000001e-08,o,3.0,e,4.0,-2.27,36700000.0,-0.018
9.95343e-08,e,3.0,o,4.0,-4.36,297000.0,0.034
9.95365e-08,o,4.0,e,4.0,-0.32,3240000000.0,0.194
9.95468e-08,e,4.0,o,4.0,-4.96,73900.0,-0.001
9.960030000000001e-08,o,3.0,e,3.0,-2.23,39000000.0,-0.007
9.96129e-08,o,3.0,e,3.0,-4.0,677000.0,0.014
9.9635e-08,o,3.0,e,4.0,-2.04,61300000.0,-0.099
9.963540000000001e-08,o,4.0,e,3.0,-3.93,795000.0,0.0
9.96453e-08,o,1.0,e,2.0,-0.8,1070000000.0,0.458
9.96531e-08,o,2.0,e,2.0,-2.12,51300000.0,-0.043
9.966490000000001e-08,e,2.0,o,3.0,-5.79,10800.0,0.0
9.966910000000001e-08,o,3.0,e,4.0,-2.36,29400000.0,0.021
9.966960000000001e-08,o,4.0,e,3.0,-1.5,215000000.0,0.019
9.967740000000001e-08,o,4.0,e,3.0,-1.46,232000000.0,0.093
9.96838e-08,o,4.0,e,3.0,-1.26,359000000.0,-0.3
9.96869e-08,o,2.0,e,3.0,-0.15,4670000000.0,-0.342
9.96882e-08,o,2.0,e,3.0,-1.29,346000000.0,0.036
9.97201e-08,o,2.0,e,2.0,-1.91,83200000.0,-0.08
9.97285e-08,o,1.0,e,2.0,-4.53,197000.0,-0.001
9.97299e-08,e,3.0,o,3.0,-3.88,888000.0,0.022
9.97477e-08,o,4.0,e,3.0,-1.95,76000000.0,0.079
9.976530000000001e-08,o,3.0,e,2.0,-1.37,288000000.0,-0.02
9.97786e-08,o,2.0,e,3.0,-0.76,1170000000.0,0.45
9.97872e-08,o,2.0,e,2.0,-1.62,161000000.0,0.371
9.97938e-08,o,3.0,e,4.0,-4.16,464000.0,0.007
9.98083e-08,o,3.0,e,3.0,-1.29,346000000.0,-0.12
9.9811e-08,o,3.0,e,3.0,-2.54,19500000.0,-0.018
9.98163e-08,o,3.0,e,4.0,-1.73,124000000.0,0.076
9.9822e-08,o,4.0,e,3.0,-2.44,24100000.0,0.014
9.98247e-08,e,3.0,o,4.0,-4.35,300000.0,0.065
9.9828e-08,o,2.0,e,3.0,-5.1,52700.0,0.0
9.98394e-08,o,2.0,e,3.0,-1.56,184000000.0,0.049
9.98398e-08,o,4.0,e,3.0,-4.14,489000.0,0.003
9.98449e-08,o,3.0,e,4.0,-1.71,134000000.0,-0.008
9.98477e-08,o,5.0,e,4.0,-1.1,530000000.0,0.198
9.985320000000001e-08,o,5.0,e,5.0,-1.02,631000000.0,0.28
9.98638e-08,e,4.0,o,5.0,-3.86,936000.0,0.109
9.98739e-08,o,4.0,e,5.0,-1.0,675000000.0,0.581
9.987490000000001e-08,o,5.0,e,4.0,-2.81,10300000.0,0.055
9.996430000000001e-08,o,5.0,e,4.0,-2.88,8850000.0,-0.118
9.99749e-08,o,5.0,e,4.0,-1.12,510000000.0,-0.087
9.99804e-08,o,3.0,e,4.0,-0.88,887000000.0,0.414
9.99944e-08,o,2.0,e,2.0,-4.37,284000.0,-0.001
9.99959e-08,e,4.0,o,4.0,-2.81,10400000.0,0.047
1.0000080000000001e-07,o,4.0,e,4.0,-0.86,920000000.0,0.044
1.0000170000000001e-07,e,4.0,o,5.0,-4.14,486000.0,0.053
1.000023e-07,e,2.0,o,1.0,-3.75,1180000.0,0.038
1.0000340000000001e-07,o,5.0,e,5.0,0.19,10400000000.0,-0.744
1.0002380000000001e-07,o,2.0,e,3.0,-2.38,28100000.0,0.472
1.0003180000000001e-07,o,3.0,e,2.0,-1.96,72600000.0,-0.031
1.000382e-07,e,3.0,o,4.0,-2.44,24300000.0,0.058
1.000565e-07,o,4.0,e,5.0,-2.82,10100000.0,0.04
1.0005950000000001e-07,o,4.0,e,3.0,-2.37,28500000.0,0.439
1.0005950000000001e-07,o,6.0,e,6.0,0.46,19400000000.0,-0.76
1.0006130000000001e-07,e,2.0,o,2.0,-3.87,911000.0,-0.01
1.0006140000000001e-07,o,2.0,e,1.0,-3.47,2280000.0,0.002
1.000622e-07,o,3.0,e,3.0,-1.66,145000000.0,0.138
1.000657e-07,o,1.0,e,2.0,-0.73,1240000000.0,-0.183
1.000684e-07,o,5.0,e,5.0,-2.69,13600000.0,0.071
1.0007050000000001e-07,o,2.0,e,3.0,-4.94,76300.0,-0.021
1.000777e-07,e,4.0,o,5.0,-3.04,6040000.0,-0.034
1.000804e-07,o,4.0,e,5.0,-2.17,45600000.0,-0.03
1.000824e-07,o,5.0,e,6.0,-0.75,1180000000.0,0.111
1.00102e-07,o,2.0,e,1.0,-1.82,100000000.0,-0.025
1.001345e-07,o,3.0,e,3.0,-1.21,404000000.0,0.149
1.001355e-07,o,5.0,e,5.0,-1.03,625000000.0,0.437
1.0013560000000001e-07,o,4.0,e,4.0,-0.38,2810000000.0,-0.504
1.001452e-07,o,4.0,e,4.0,-0.3,3320000000.0,-0.173
1.0016130000000001e-07,o,4.0,e,4.0,-3.05,6010000.0,-0.036
1.001747e-07,o,1.0,e,1.0,-1.97,71900000.0,-0.043
1.0018750000000001e-07,o,5.0,e,4.0,-1.63,156000000.0,0.242
1.0019170000000001e-07,e,3.0,o,2.0,-4.26,365000.0,-0.037
1.001991e-07,o,4.0,e,5.0,-2.93,7780000.0,0.062
1.001996e-07,o,6.0,e,5.0,-2.6,16600000.0,0.008
1.002104e-07,o,5.0,e,5.0,0.01,6860000000.0,-0.507
1.002175e-07,o,2.0,e,3.0,-0.55,1860000000.0,0.175
1.0023690000000001e-07,o,3.0,e,3.0,-1.33,309000000.0,0.367
1.002404e-07,o,2.0,e,2.0,-0.92,792000000.0,-0.185
1.00265e-07,o,2.0,e,3.0,-2.78,10900000.0,-0.009
1.0027830000000001e-07,o,2.0,e,3.0,-3.3,3350000.0,0.012
1.002806e-07,e,3.0,o,3.0,-3.6,1680000.0,0.027
1.002847e-07,o,4.0,e,3.0,-1.71,127000000.0,0.373
1.0031380000000001e-07,o,4.0,e,4.0,-1.8,105000000.0,-0.067
1.003169e-07,o,5.0,e,6.0,0.02,6980000000.0,-0.588
1.0032390000000001e-07,o,2.0,e,3.0,-1.52,199000000.0,0.065
1.0032820000000001e-07,o,3.0,e,3.0,-2.09,53500000.0,0.023
1.00333e-07,e,4.0,o,3.0,-2.56,18200000.0,0.068
1.00341e-07,o,6.0,e,5.0,-0.93,779000000.0,-0.247
1.003452e-07,o,4.0,e,3.0,-2.34,30100000.0,-0.091
1.003476e-07,o,4.0,e,3.0,-0.92,798000000.0,-0.598
1.003481e-07,o,3.0,e,4.0,-1.5,212000000.0,-0.291
1.003543e-07,o,2.0,e,2.0,-1.5,212000000.0,0.091
1.003674e-07,e,3.0,o,2.0,-4.44,239000.0,0.007
1.003716e-07,o,3.0,e,2.0,-0.71,1290000000.0,0.378
1.00377e-07,e,3.0,o,4.0,-4.64,154000.0,0.002
1.003809e-07,e,4.0,o,4.0,-1.27,358000000.0,-0.412
1.003934e-07,o,3.0,e,2.0,-2.51,20600000.0,-0.046
1.004096e-07,o,3.0,e,3.0,-2.57,18100000.0,0.076
1.0041440000000001e-07,o,1.0,e,2.0,-2.3,33200000.0,-0.119
1.004294e-07,o,4.0,e,3.0,-1.91,81100000.0,0.089
1.0044589999999999e-07,o,5.0,e,5.0,-0.84,962000000.0,0.182
1.004492e-07,o,4.0,e,4.0,-3.67,1430000.0,0.012
1.0045820000000001e-07,o,4.0,e,4.0,-1.89,84800000.0,-0.025
1.0046530000000001e-07,o,3.0,e,3.0,-1.48,220000000.0,0.01
1.0046870000000001e-07,o,6.0,e,7.0,-3.02,6370000.0,0.002
1.004699e-07,o,3.0,e,4.0,-3.36,2900000.0,-0.001
1.0051380000000001e-07,o,2.0,e,2.0,-2.7,13100000.0,-0.014
1.005151e-07,o,2.0,e,2.0,-1.64,153000000.0,0.198
1.005178e-07,o,1.0,e,1.0,-1.52,200000000.0,0.175
1.0052190000000001e-07,o,2.0,e,3.0,-1.64,152000000.0,0.472
1.0054020000000001e-07,e,1.0,o,2.0,-4.95,73500.0,0.001
1.005405e-07,o,6.0,e,5.0,-0.27,3520000000.0,-0.546
1.005516e-07,o,6.0,e,5.0,-4.42,251000.0,0.003
1.005543e-07,o,2.0,e,3.0,-1.15,470000000.0,0.032
1.0057640000000001e-07,o,5.0,e,5.0,-1.22,404000000.0,0.022
1.0058110000000001e-07,o,2.0,e,3.0,-0.79,1080000000.0,-0.119
1.0059400000000001e-07,o,4.0,e,4.0,-5.03,61400.0,0.0
1.00602e-07,o,0.0,e,1.0,-5.82,9740.0,0.0
1.006078e-07,o,3.0,e,3.0,-2.36,28900000.0,-0.01
1.006228e-07,o,3.0,e,3.0,-1.74,120000000.0,-0.156
1.00631e-07,o,4.0,e,5.0,-2.16,45200000.0,0.531
1.0063660000000001e-07,o,2.0,e,3.0,-0.69,1340000000.0,0.229
1.00637e-07,o,3.0,e,4.0,-1.17,449000000.0,0.213
1.006598e-07,o,4.0,e,4.0,-3.29,3380000.0,-0.084
1.0066620000000001e-07,o,3.0,e,3.0,-2.84,9560000.0,0.008
1.0069240000000001e-07,e,5.0,o,4.0,-5.21,40200.0,-0.001
1.0070220000000001e-07,o,3.0,e,4.0,-1.66,142000000.0,-0.022
1.007131e-07,o,3.0,e,3.0,-0.26,3610000000.0,-0.387
1.007174e-07,o,4.0,e,4.0,-1.33,310000000.0,-0.334
1.007495e-07,o,2.0,e,2.0,-2.42,25300000.0,-0.003
1.0075170000000001e-07,o,4.0,e,4.0,-1.69,136000000.0,0.033
1.0076470000000001e-07,o,1.0,e,2.0,-2.2,41400000.0,0.005
1.0077300000000001e-07,e,3.0,o,2.0,-4.36,285000.0,-0.006
1.007735e-07,o,4.0,e,5.0,-3.96,716000.0,0.01
1.007895e-07,o,0.0,e,1.0,-2.32,32200000.0,-0.053
1.007933e-07,o,2.0,e,3.0,-2.79,10800000.0,-0.014
1.0079700000000001e-07,o,2.0,e,3.0,-3.31,3180000.0,0.002
1.0080170000000002e-07,o,1.0,e,1.0,-2.21,41000000.0,-0.023
1.008053e-07,o,4.0,e,3.0,-0.91,811000000.0,0.182
1.008242e-07,o,3.0,e,3.0,-2.18,43000000.0,-0.014
1.008246e-07,e,5.0,o,5.0,-4.78,108000.0,0.002
1.008267e-07,o,6.0,e,5.0,-1.78,109000000.0,-0.508
1.008284e-07,o,2.0,e,1.0,-2.02,62900000.0,-0.059
1.008337e-07,e,3.0,o,4.0,-3.46,2280000.0,-0.044
1.0084810000000001e-07,o,6.0,e,6.0,0.25,11600000000.0,-0.735
1.0086430000000001e-07,o,2.0,e,2.0,-3.85,914000.0,-0.001
1.008697e-07,o,5.0,e,6.0,-2.26,36000000.0,-0.55
1.0087820000000001e-07,o,4.0,e,5.0,-1.41,256000000.0,0.025
1.008845e-07,o,3.0,e,3.0,-0.65,1490000000.0,0.109
1.0089410000000001e-07,o,5.0,e,4.0,-0.36,2850000000.0,-0.226
1.008954e-07,e,2.0,o,3.0,-4.29,334000.0,-0.001
1.008954e-07,o,3.0,e,2.0,-0.36,2890000000.0,0.442
1.008968e-07,o,3.0,e,4.0,-1.68,141000000.0,0.026
1.009111e-07,o,4.0,e,4.0,-1.37,280000000.0,0.324
1.0092050000000001e-07,o,4.0,e,4.0,-2.38,27600000.0,-0.001
1.009242e-07,o,2.0,e,3.0,-2.03,60800000.0,-0.086
1.009261e-07,o,1.0,e,2.0,-2.38,26900000.0,-0.032
1.009339e-07,e,2.0,o,2.0,-4.76,113000.0,0.004
1.0094180000000001e-07,o,2.0,e,2.0,-0.96,725000000.0,-0.2
1.0094880000000002e-07,o,5.0,e,5.0,-2.19,42400000.0,-0.009
1.009578e-07,o,3.0,e,3.0,-2.46,22800000.0,-0.004
1.00964e-07,o,5.0,e,5.0,-0.51,2000000000.0,0.132
1.009732e-07,o,5.0,e,4.0,-4.23,385000.0,0.0
1.009838e-07,o,2.0,e,3.0,-5.36,28500.0,0.0
1.009904e-07,o,4.0,e,5.0,0.16,9520000000.0,-0.386
1.009951e-07,o,5.0,e,6.0,-1.36,286000000.0,-0.093
1.009982e-07,o,3.0,e,2.0,-0.17,4440000000.0,0.309
1.0099980000000001e-07,o,3.0,e,2.0,-1.99,68000000.0,0.046
1.010063e-07,e,3.0,o,4.0,-4.26,359000.0,0.112
1.0101060000000001e-07,o,6.0,e,6.0,-1.17,444000000.0,0.199
1.010208e-07,o,2.0,e,3.0,0.03,6980000000.0,-0.461
1.010213e-07,o,2.0,e,2.0,-0.66,1440000000.0,0.179
1.010242e-07,e,2.0,o,3.0,-4.68,136000.0,-0.003
1.0102530000000001e-07,o,3.0,e,2.0,-5.84,9380.0,0.002
1.010314e-07,o,5.0,e,4.0,-0.55,1830000000.0,0.658
1.010343e-07,e,4.0,o,3.0,-2.34,30300000.0,-0.218
1.010345e-07,o,4.0,e,3.0,0.01,6700000000.0,0.315
1.010458e-07,o,3.0,e,4.0,-1.58,172000000.0,-0.025
1.0104790000000001e-07,e,5.0,o,4.0,-3.63,1550000.0,0.004
1.0105830000000001e-07,o,2.0,e,3.0,-2.3,32200000.0,0.015
1.010731e-07,o,4.0,e,3.0,-2.38,27200000.0,-0.273
1.0107480000000001e-07,o,3.0,e,2.0,-1.17,446000000.0,0.187
1.0107690000000001e-07,o,4.0,e,5.0,-2.9,8310000.0,0.046
1.010822e-07,o,2.0,e,1.0,-2.81,10200000.0,0.04
1.010915e-07,o,3.0,e,4.0,-1.96,72300000.0,0.011
1.011227e-07,e,2.0,o,3.0,-2.42,24900000.0,0.078
1.011232e-07,o,3.0,e,2.0,-1.97,70600000.0,0.052
1.011314e-07,o,1.0,e,2.0,-3.62,1560000.0,0.0
1.011326e-07,o,5.0,e,6.0,-1.63,154000000.0,0.003
1.011333e-07,o,3.0,e,3.0,-1.65,146000000.0,-0.053
1.011358e-07,o,5.0,e,4.0,-2.33,30300000.0,-0.055
1.011365e-07,o,7.0,e,6.0,-1.22,396000000.0,0.64
1.011404e-07,o,3.0,e,4.0,-1.95,72800000.0,0.124
1.011473e-07,o,4.0,e,3.0,-0.94,742000000.0,-0.305
1.011628e-07,o,3.0,e,2.0,-2.49,21200000.0,0.018
1.0116950000000001e-07,o,1.0,e,2.0,-4.07,553000.0,-0.01
1.011765e-07,e,3.0,o,3.0,-3.51,2040000.0,0.025
1.011808e-07,o,3.0,e,3.0,-0.09,5270000000.0,-0.315
1.0118410000000001e-07,o,2.0,e,1.0,-0.34,3010000000.0,-0.417
1.012056e-07,o,4.0,e,5.0,-0.54,1890000000.0,0.232
1.012127e-07,o,3.0,e,4.0,-2.04,59900000.0,-0.031
1.0121900000000001e-07,o,6.0,e,6.0,0.06,7420000000.0,-0.56
1.0122380000000001e-07,o,3.0,e,4.0,0.08,7790000000.0,-0.284
1.0122820000000001e-07,o,5.0,e,6.0,-3.06,5660000.0,-0.233
1.0123410000000001e-07,o,3.0,e,3.0,-2.29,33100000.0,-0.021
1.012486e-07,o,3.0,e,2.0,-1.83,94700000.0,0.021
1.0126880000000001e-07,o,2.0,e,3.0,-1.46,218000000.0,-0.05
1.0127740000000001e-07,o,4.0,e,4.0,-1.23,389000000.0,-0.064
1.012788e-07,o,5.0,e,4.0,0.11,8360000000.0,-0.641
1.012795e-07,o,1.0,e,2.0,-4.6,159000.0,0.0
1.012832e-07,o,4.0,e,3.0,-0.99,659000000.0,0.136
1.0128350000000001e-07,o,5.0,e,4.0,-1.21,407000000.0,-0.531
1.013015e-07,o,3.0,e,3.0,-4.08,536000.0,-0.007
1.013161e-07,o,1.0,e,2.0,-1.84,94300000.0,-0.044
1.013391e-07,e,3.0,o,3.0,-1.39,264000000.0,-0.307
1.013482e-07,o,5.0,e,4.0,-1.03,609000000.0,-0.067
1.013517e-07,o,4.0,e,5.0,-0.14,4740000000.0,-0.525
1.0138070000000001e-07,o,4.0,e,3.0,-0.89,838000000.0,0.344
1.0141180000000001e-07,o,3.0,e,4.0,-1.83,96000000.0,0.23
1.014119e-07,e,2.0,o,1.0,-3.35,2870000.0,-0.077
1.0141980000000001e-07,o,1.0,e,1.0,-1.78,109000000.0,-0.236
1.014212e-07,e,1.0,o,2.0,-5.51,20000.0,0.0
1.0142530000000001e-07,o,3.0,e,4.0,-1.07,570000000.0,-0.133
1.014349e-07,o,5.0,e,4.0,-0.54,1860000000.0,-0.445
1.014501e-07,o,3.0,e,2.0,-3.71,1280000.0,-0.01
1.014583e-07,o,1.0,e,2.0,-1.51,201000000.0,-0.068
1.014612e-07,o,3.0,e,2.0,-2.05,58000000.0,-0.091
1.0146340000000001e-07,o,2.0,e,3.0,-0.16,4490000000.0,-0.244
1.014662e-07,o,4.0,e,4.0,-4.18,428000.0,0.002
1.014734e-07,o,2.0,e,3.0,-1.75,117000000.0,0.075
1.014756e-07,o,4.0,e,3.0,-1.22,388000000.0,-0.03
1.014795e-07,o,2.0,e,2.0,-1.84,94700000.0,0.108
1.0148150000000001e-07,o,6.0,e,7.0,-0.98,677000000.0,0.012
1.0148420000000001e-07,o,2.0,e,2.0,-4.07,550000.0,0.002
1.014851e-07,o,5.0,e,5.0,-1.42,243000000.0,0.094
1.014937e-07,o,4.0,e,5.0,-0.72,1250000000.0,-0.262
1.014951e-07,o,2.0,e,2.0,-2.86,9050000.0,-0.007
1.01503e-07,o,3.0,e,4.0,-0.8,1030000000.0,0.316
1.015227e-07,o,5.0,e,4.0,-2.76,11200000.0,0.079
1.015314e-07,e,3.0,o,2.0,-2.82,9940000.0,0.1
1.015392e-07,o,4.0,e,3.0,-2.55,18100000.0,0.113
1.0153930000000001e-07,e,4.0,o,3.0,-4.4,256000.0,0.009
1.01548e-07,e,2.0,o,2.0,-4.06,569000.0,-0.006
1.015545e-07,o,7.0,e,7.0,0.53,21900000000.0,-0.758
1.0155620000000001e-07,o,4.0,e,3.0,-1.75,114000000.0,-0.023
1.015655e-07,o,4.0,e,3.0,-3.99,654000.0,0.001
1.015968e-07,o,3.0,e,3.0,-2.7,12800000.0,0.008
1.0159750000000001e-07,o,2.0,e,3.0,-1.14,466000000.0,0.526
1.015999e-07,o,5.0,e,4.0,-4.53,190000.0,0.002
1.016074e-07,o,5.0,e,5.0,-0.28,3420000000.0,-0.219
1.016078e-07,o,3.0,e,3.0,-1.99,67200000.0,0.072
1.0160900000000001e-07,o,1.0,e,1.0,-3.4,2600000.0,-0.001
1.01618e-07,o,3.0,e,3.0,-1.28,339000000.0,0.091
1.0162960000000001e-07,o,3.0,e,2.0,-1.78,109000000.0,0.236
1.016317e-07,o,4.0,e,5.0,-0.32,3050000000.0,0.438
1.0163520000000001e-07,e,3.0,o,3.0,-3.21,3960000.0,0.085
1.0163740000000001e-07,o,3.0,e,3.0,-2.4,25400000.0,0.023
1.016375e-07,o,3.0,e,3.0,-1.69,134000000.0,0.229
1.0164070000000001e-07,e,3.0,o,2.0,-3.36,2830000.0,-0.083
1.016425e-07,o,4.0,e,5.0,-1.76,113000000.0,-0.15
1.016562e-07,o,3.0,e,3.0,-1.81,98900000.0,-0.081
1.0166000000000001e-07,e,5.0,o,5.0,-4.55,180000.0,-0.001
1.016608e-07,o,1.0,e,1.0,-0.83,960000000.0,-0.249
1.016836e-07,o,4.0,e,5.0,-1.22,390000000.0,0.021
1.016852e-07,o,3.0,e,3.0,-0.29,3250000000.0,-0.565
1.0169080000000001e-07,e,4.0,o,3.0,-2.9,8200000.0,-0.067
1.016973e-07,o,1.0,e,1.0,-2.92,7820000.0,0.069
1.017178e-07,o,4.0,e,4.0,-0.1,5200000000.0,-0.578
1.017215e-07,o,3.0,e,4.0,-0.43,2390000000.0,0.457
1.01734e-07,o,1.0,e,2.0,0.17,9470000000.0,-0.749
1.01737e-07,o,4.0,e,4.0,-5.01,62600.0,-0.001
1.017386e-07,o,3.0,e,3.0,-1.88,85400000.0,0.092
1.017389e-07,o,2.0,e,3.0,-1.56,177000000.0,0.318
1.017418e-07,o,2.0,e,3.0,-3.86,899000.0,0.036
1.017502e-07,e,4.0,o,4.0,-1.97,68600000.0,0.121
1.017629e-07,o,2.0,e,3.0,-2.73,11900000.0,-0.022
1.0176810000000001e-07,o,2.0,e,3.0,-1.4,253000000.0,-0.146
1.0177670000000001e-07,o,5.0,e,5.0,-3.62,1540000.0,0.029
1.017768e-07,o,2.0,e,3.0,-1.13,474000000.0,0.084
1.017852e-07,o,3.0,e,4.0,-0.84,928000000.0,0.063
1.018072e-07,o,3.0,e,2.0,-2.81,9830000.0,-0.019
1.018367e-07,o,2.0,e,2.0,-3.46,2190000.0,-0.001
1.018411e-07,o,2.0,e,1.0,-1.74,119000000.0,0.092
1.018424e-07,o,6.0,e,5.0,-2.63,15300000.0,-0.016
1.018451e-07,o,2.0,e,1.0,-1.91,80300000.0,-0.261
1.018453e-07,o,1.0,e,2.0,0.02,6700000000.0,-0.634
1.01864e-07,o,5.0,e,6.0,0.64,28000000000.0,-0.7
1.0187000000000001e-07,o,3.0,e,4.0,-1.59,165000000.0,0.035
1.018701e-07,o,2.0,e,2.0,-1.63,152000000.0,0.085
1.018808e-07,o,4.0,e,4.0,-0.23,3830000000.0,-0.148
1.0188690000000001e-07,o,4.0,e,4.0,-1.1,510000000.0,-0.162
1.018876e-07,o,2.0,e,2.0,-1.74,117000000.0,-0.134
1.018896e-07,e,3.0,o,3.0,-3.56,1800000.0,-0.035
1.01891e-07,o,2.0,e,3.0,0.0,6420000000.0,-0.5
1.018977e-07,o,4.0,e,4.0,0.23,11000000000.0,-0.668
1.01899e-07,o,1.0,e,1.0,-0.52,1970000000.0,-0.556
1.0190320000000001e-07,o,4.0,e,3.0,-1.48,213000000.0,0.019
1.019038e-07,e,1.0,o,1.0,-3.54,1850000.0,0.056
1.0191090000000001e-07,o,1.0,e,2.0,-2.12,48800000.0,0.027
1.019117e-07,o,4.0,e,3.0,-0.86,901000000.0,-0.37
1.019155e-07,o,4.0,e,5.0,-3.12,4850000.0,0.0
1.019239e-07,e,3.0,o,3.0,-2.76,11200000.0,-0.082
1.019323e-07,o,3.0,e,4.0,-2.62,15700000.0,-0.021
1.0193460000000001e-07,o,6.0,e,6.0,-0.79,1040000000.0,0.824
1.019359e-07,o,5.0,e,4.0,-3.77,1080000.0,-0.002
1.019401e-07,o,4.0,e,5.0,-3.89,823000.0,-0.001
1.0195420000000001e-07,o,0.0,e,1.0,-3.26,3570000.0,0.057
1.019641e-07,o,5.0,e,6.0,-2.89,8340000.0,0.088
1.0196570000000001e-07,o,4.0,e,3.0,-1.85,89700000.0,0.267
1.0198450000000001e-07,o,3.0,e,2.0,-2.12,49300000.0,0.073
1.0200700000000001e-07,o,2.0,e,2.0,-0.21,3950000000.0,0.424
1.020136e-07,e,4.0,o,4.0,-4.63,150000.0,-0.001
1.0201900000000001e-07,o,1.0,e,2.0,-2.87,8740000.0,0.022
1.020275e-07,o,4.0,e,3.0,0.32,13300000000.0,0.821
1.020352e-07,o,4.0,e,3.0,-3.07,5370000.0,-0.008
1.0206090000000001e-07,o,2.0,e,3.0,-1.66,140000000.0,0.015
1.020644e-07,o,3.0,e,4.0,-1.94,74000000.0,0.104
1.020727e-07,o,3.0,e,3.0,-1.57,173000000.0,0.057
1.020769e-07,o,1.0,e,2.0,-3.55,1820000.0,-0.003
1.02085e-07,o,5.0,e,4.0,-2.58,16700000.0,0.011
1.020871e-07,o,3.0,e,2.0,-0.9,813000000.0,0.181
1.020901e-07,o,3.0,e,4.0,-0.64,1480000000.0,0.154
1.021038e-07,e,2.0,o,2.0,-1.49,206000000.0,-0.332
1.021068e-07,o,3.0,e,4.0,-1.74,115000000.0,-0.012
1.021077e-07,o,2.0,e,2.0,-1.42,247000000.0,0.267
1.021082e-07,o,7.0,e,6.0,-0.26,3480000000.0,-0.584
1.021265e-07,o,5.0,e,4.0,-3.86,891000.0,-0.004
1.021271e-07,o,6.0,e,6.0,-1.55,180000000.0,-0.055
1.0212859999999999e-07,o,4.0,e,4.0,-2.13,47500000.0,0.144
1.021309e-07,o,1.0,e,2.0,-2.44,23500000.0,0.015
1.021361e-07,o,3.0,e,4.0,-1.82,97300000.0,-0.038
1.021459e-07,e,3.0,o,2.0,-3.39,2580000.0,-0.042
1.021494e-07,e,4.0,o,5.0,-4.99,64500.0,0.001
1.0216100000000001e-07,o,2.0,e,3.0,-0.74,1150000000.0,-0.308
1.021662e-07,o,3.0,e,4.0,-0.22,3830000000.0,0.3
1.021819e-07,o,3.0,e,2.0,-0.91,781000000.0,-0.046
1.021861e-07,o,1.0,e,2.0,-3.04,5830000.0,-0.004
1.021885e-07,o,4.0,e,3.0,-2.56,17500000.0,-0.025
1.022191e-07,o,5.0,e,5.0,0.53,21800000000.0,-0.779
1.022193e-07,o,3.0,e,3.0,-0.86,859000000.0,0.172
1.022209e-07,o,2.0,e,3.0,-0.66,1410000000.0,0.308
1.0222440000000001e-07,o,4.0,e,3.0,-1.39,260000000.0,-0.374
1.02227e-07,o,3.0,e,3.0,-0.71,1250000000.0,0.342
1.0223020000000001e-07,o,2.0,e,2.0,-1.25,353000000.0,0.121
1.022367e-07,e,5.0,o,4.0,-4.0,637000.0,-0.005
1.022415e-07,o,0.0,e,1.0,-3.86,886000.0,-0.001
1.022491e-07,o,2.0,e,3.0,-1.27,335000000.0,0.06
1.022495e-07,o,4.0,e,4.0,-1.57,170000000.0,0.008
1.022551e-07,o,5.0,e,4.0,-0.91,785000000.0,0.604
1.022551e-07,o,0.0,e,1.0,-1.17,433000000.0,-0.368
1.022626e-07,o,4.0,e,4.0,-2.66,14100000.0,-0.043
1.0226960000000001e-07,e,4.0,o,3.0,-2.73,11900000.0,0.04
1.022761e-07,o,3.0,e,3.0,-2.73,11900000.0,-0.006
1.022825e-07,o,4.0,e,4.0,-4.43,242000.0,0.0
1.0228310000000001e-07,o,3.0,e,3.0,-0.09,5190000000.0,0.402
1.0228730000000001e-07,o,4.0,e,3.0,-1.85,91500000.0,-0.156
1.0231280000000001e-07,o,2.0,e,2.0,-4.08,539000.0,-0.001
1.0232150000000001e-07,o,4.0,e,4.0,0.33,13500000000.0,-0.512
1.0232450000000001e-07,e,3.0,o,2.0,-2.74,11600000.0,-0.108
1.023437e-07,o,4.0,e,3.0,-0.72,1220000000.0,-0.287
1.023444e-07,e,4.0,o,3.0,-4.39,257000.0,-0.007
1.023453e-07,o,3.0,e,2.0,-1.16,437000000.0,0.195
1.023683e-07,o,2.0,e,3.0,-0.6,1600000000.0,-0.378
1.023755e-07,o,5.0,e,6.0,-3.44,2310000.0,0.0
1.023755e-07,o,4.0,e,5.0,-1.53,191000000.0,-0.213
1.0238e-07,o,1.0,e,2.0,-1.8,100000000.0,0.064
1.024047e-07,e,2.0,o,2.0,-3.66,1390000.0,0.061
1.024087e-07,o,1.0,e,2.0,-1.53,186000000.0,0.082
1.024127e-07,o,6.0,e,6.0,-0.68,1340000000.0,0.183
1.024261e-07,o,5.0,e,4.0,-0.22,3830000000.0,-0.742
1.0243969999999999e-07,o,3.0,e,3.0,-0.75,1120000000.0,-0.338
1.0244400000000001e-07,o,3.0,e,3.0,-3.87,855000.0,-0.001
1.024445e-07,o,6.0,e,5.0,-3.04,5790000.0,-0.018
1.024495e-07,o,3.0,e,2.0,-2.88,8370000.0,-0.019
1.024502e-07,o,3.0,e,2.0,0.15,9030000000.0,0.811
1.0246010000000001e-07,o,5.0,e,4.0,-1.65,141000000.0,0.024
1.0246150000000001e-07,o,3.0,e,2.0,-4.1,510000.0,0.0
1.0246430000000001e-07,o,4.0,e,3.0,-2.73,11700000.0,-0.015
1.024798e-07,o,5.0,e,5.0,-0.25,3570000000.0,0.215
1.0249590000000001e-07,o,6.0,e,5.0,-0.45,2270000000.0,-0.535
1.024971e-07,o,3.0,e,2.0,-0.32,3060000000.0,-0.357
1.0250039999999999e-07,o,1.0,e,2.0,-1.07,538000000.0,0.231
1.0250820000000002e-07,o,2.0,e,1.0,-1.04,576000000.0,-0.072
1.0251869999999999e-07,o,4.0,e,4.0,0.19,9870000000.0,-0.665
1.025244e-07,o,2.0,e,3.0,0.04,6990000000.0,-0.718
1.025327e-07,o,2.0,e,3.0,-1.82,95400000.0,-0.014
1.025369e-07,o,5.0,e,6.0,-0.39,2580000000.0,0.063
1.0253979999999999e-07,o,4.0,e,3.0,-0.34,2930000000.0,-0.635
1.0254369999999999e-07,o,4.0,e,5.0,0.49,19600000000.0,-0.582
1.0254770000000001e-07,e,4.0,o,3.0,-5.91,7840.0,0.0
1.025514e-07,o,3.0,e,4.0,-1.02,603000000.0,-0.094
1.025658e-07,o,4.0,e,4.0,0.1,7970000000.0,-0.629
1.025672e-07,o,4.0,e,4.0,-1.08,532000000.0,-0.117
1.025695e-07,o,2.0,e,3.0,-0.97,679000000.0,-0.156
1.025877e-07,o,3.0,e,2.0,-2.14,46300000.0,-0.06
1.0258910000000001e-07,o,2.0,e,3.0,-1.88,84800000.0,-0.022
1.0258950000000001e-07,o,7.0,e,7.0,-1.02,597000000.0,-0.805
1.025926e-07,e,3.0,o,3.0,-5.91,7780.0,0.0
1.026004e-07,o,2.0,e,2.0,0.02,6640000000.0,-0.684
1.026052e-07,o,3.0,e,4.0,-3.53,1900000.0,0.001
1.0261780000000002e-07,e,3.0,o,4.0,-3.08,5260000.0,-0.032
1.026435e-07,e,4.0,o,3.0,-2.45,22300000.0,-0.347
1.0264570000000001e-07,o,2.0,e,3.0,-0.43,2290000000.0,0.468
1.026797e-07,o,2.0,e,3.0,-0.16,4300000000.0,-0.502
1.0268510000000001e-07,o,4.0,e,4.0,-0.63,1490000000.0,0.179
1.0270190000000001e-07,o,3.0,e,3.0,-0.72,1200000000.0,0.171
1.027024e-07,o,5.0,e,4.0,-1.71,124000000.0,0.381
1.027045e-07,o,3.0,e,4.0,-0.76,1110000000.0,-0.278
1.0271340000000001e-07,o,6.0,e,5.0,-0.92,760000000.0,0.198
1.0272660000000001e-07,o,3.0,e,3.0,-1.85,89000000.0,-0.054
1.027336e-07,o,1.0,e,2.0,-3.7,1270000.0,0.0
1.0273540000000001e-07,o,1.0,e,2.0,-1.76,111000000.0,0.207
1.0273910000000001e-07,o,4.0,e,4.0,0.11,8170000000.0,0.697
1.027436e-07,o,3.0,e,4.0,-0.54,1820000000.0,0.571
1.027437e-07,o,3.0,e,4.0,-1.65,144000000.0,0.142
1.027607e-07,o,3.0,e,3.0,0.21,10200000000.0,-0.478
1.027609e-07,o,1.0,e,1.0,-0.29,3230000000.0,0.537
1.0276179999999999e-07,o,3.0,e,3.0,-0.3,3090000000.0,-0.48
1.0277870000000001e-07,o,3.0,e,4.0,0.19,9860000000.0,-0.353
1.027916e-07,o,3.0,e,3.0,-0.37,2680000000.0,-0.448
1.0279320000000001e-07,o,4.0,e,5.0,-0.72,1220000000.0,-0.061
1.0281120000000002e-07,o,2.0,e,3.0,-2.74,11700000.0,-0.031
1.0281810000000001e-07,o,1.0,e,2.0,-1.45,223000000.0,-0.142
1.028308e-07,e,2.0,o,3.0,-5.78,10400.0,0.0
1.028364e-07,o,4.0,e,4.0,-2.16,43600000.0,-0.004
1.0284469999999999e-07,o,3.0,e,4.0,-0.77,1070000000.0,0.13
1.0284570000000002e-07,o,2.0,e,1.0,-0.16,4420000000.0,0.804
1.0285640000000001e-07,o,4.0,e,3.0,-5.61,15600.0,0.0
1.0285680000000001e-07,o,5.0,e,5.0,-0.84,923000000.0,0.093
1.0286070000000001e-07,e,4.0,o,3.0,-3.4,2470000.0,-0.055
1.028616e-07,o,3.0,e,2.0,-0.76,1080000000.0,-0.111
1.028649e-07,o,1.0,e,2.0,-2.59,16000000.0,-0.009
1.02869e-07,o,2.0,e,1.0,-2.45,22500000.0,0.03
1.028739e-07,e,2.0,o,1.0,-3.99,637000.0,-0.02
1.0288119999999999e-07,o,6.0,e,5.0,-2.13,46200000.0,-0.06
1.0288630000000002e-07,o,2.0,e,2.0,-3.85,904000.0,0.002
1.0289020000000001e-07,o,1.0,e,1.0,-2.89,8150000.0,-0.019
1.0289230000000001e-07,o,4.0,e,4.0,0.2,10100000000.0,-0.71
1.028955e-07,o,2.0,e,3.0,-0.64,1440000000.0,-0.563
1.028981e-07,o,4.0,e,3.0,-1.8,99500000.0,-0.488
1.0289970000000001e-07,o,6.0,e,5.0,-2.95,7070000.0,0.01
1.029057e-07,o,5.0,e,6.0,0.87,47000000000.0,-0.887
1.0290630000000001e-07,e,1.0,o,2.0,-4.64,142000.0,-0.014
1.0291630000000001e-07,o,3.0,e,3.0,-1.25,353000000.0,-0.018
1.0291980000000001e-07,o,5.0,e,5.0,0.26,11600000000.0,0.649
1.029394e-07,o,6.0,e,5.0,-1.2,402000000.0,0.677
1.0294480000000002e-07,o,5.0,e,4.0,-2.57,17000000.0,0.07
1.029473e-07,o,4.0,e,5.0,-3.19,4140000.0,-0.184
1.029492e-07,o,3.0,e,3.0,-2.92,7550000.0,0.019
1.0295160000000001e-07,o,4.0,e,5.0,-0.44,2300000000.0,0.183
1.0295630000000002e-07,o,4.0,e,3.0,-1.8,100000000.0,-0.268
1.029646e-07,o,4.0,e,4.0,-5.65,13900.0,0.0
1.029656e-07,o,2.0,e,2.0,-0.61,1530000000.0,0.572
1.030011e-07,o,2.0,e,3.0,0.53,21100000000.0,-0.814
1.03007e-07,e,4.0,o,5.0,-5.52,18900.0,0.0
1.0301189999999999e-07,e,2.0,o,2.0,-3.45,2230000.0,-0.011
1.030165e-07,o,3.0,e,2.0,-0.75,1130000000.0,-0.381
1.030274e-07,o,5.0,e,4.0,0.14,8700000000.0,0.807
1.030298e-07,o,5.0,e,4.0,-1.75,112000000.0,0.451
1.030465e-07,e,4.0,o,4.0,-2.35,28200000.0,-0.367
1.0305250000000002e-07,o,7.0,e,6.0,-2.84,9080000.0,-0.757
1.030549e-07,o,4.0,e,4.0,0.48,19000000000.0,-0.602
1.030656e-07,o,3.0,e,4.0,-2.84,9120000.0,-0.015
1.0307880000000001e-07,e,1.0,o,1.0,-2.13,46900000.0,0.346
1.0310050000000002e-07,o,3.0,e,3.0,-0.68,1300000000.0,-0.159
1.031052e-07,o,5.0,e,4.0,0.02,6640000000.0,-0.729
1.031165e-07,o,2.0,e,1.0,-3.64,1430000.0,-0.002
1.0311980000000002e-07,o,3.0,e,2.0,-3.18,4100000.0,0.001
1.031241e-07,o,3.0,e,4.0,-0.63,1480000000.0,-0.209
1.0312739999999999e-07,o,4.0,e,3.0,-0.14,4500000000.0,-0.547
1.031408e-07,o,1.0,e,1.0,-0.15,4440000000.0,-0.683
1.0314459999999999e-07,o,4.0,e,3.0,-3.66,1370000.0,0.005
1.0314610000000001e-07,e,3.0,o,3.0,-1.87,84000000.0,0.198
1.031463e-07,o,4.0,e,3.0,-2.33,29200000.0,-0.004
1.031667e-07,o,4.0,e,5.0,-2.95,7050000.0,0.193
1.0318720000000001e-07,o,2.0,e,2.0,-0.12,4770000000.0,-0.385
1.0319020000000001e-07,o,6.0,e,7.0,0.93,53500000000.0,-0.9
1.031911e-07,o,5.0,e,6.0,0.84,43700000000.0,-0.841
1.0319980000000001e-07,o,1.0,e,2.0,-2.85,8860000.0,0.01
1.032002e-07,o,4.0,e,3.0,-4.63,147000.0,0.0
1.0320329999999999e-07,o,3.0,e,4.0,0.17,9400000000.0,-0.586
1.0320340000000001e-07,o,4.0,e,4.0,-1.39,254000000.0,-0.134
1.0320350000000001e-07,o,3.0,e,4.0,0.61,25400000000.0,-0.88
1.0321120000000001e-07,o,4.0,e,4.0,0.43,17100000000.0,-0.656
1.0321730000000001e-07,e,1.0,o,2.0,-2.0,62700000.0,0.21
1.0323040000000001e-07,o,4.0,e,3.0,-0.64,1400000000.0,-0.483
1.0323330000000001e-07,o,2.0,e,3.0,-0.96,682000000.0,0.557
1.0323589999999999e-07,o,4.0,e,5.0,0.25,11300000000.0,-0.559
1.032387e-07,o,3.0,e,3.0,0.15,8970000000.0,-0.668
1.032412e-07,o,1.0,e,2.0,-0.83,928000000.0,-0.448
1.032436e-07,o,4.0,e,4.0,-1.08,527000000.0,-0.613
1.032522e-07,o,3.0,e,4.0,-0.54,1810000000.0,0.313
1.032691e-07,o,2.0,e,2.0,0.19,9580000000.0,-0.681
1.03277e-07,o,5.0,e,4.0,-3.41,2470000.0,-0.1
1.0328230000000001e-07,o,3.0,e,3.0,-3.23,3590000.0,0.002
1.0328430000000002e-07,o,4.0,e,5.0,0.21,10000000000.0,-0.519
1.0328699999999999e-07,o,4.0,e,5.0,-0.56,1710000000.0,-0.094
1.0329290000000002e-07,o,2.0,e,1.0,-1.57,171000000.0,-0.154
1.03297e-07,o,5.0,e,5.0,-3.72,1190000.0,0.0
1.033009e-07,o,3.0,e,3.0,0.15,8850000000.0,-0.343
1.0330960000000001e-07,e,3.0,o,2.0,-4.08,514000.0,-0.016
1.0331400000000001e-07,o,3.0,e,4.0,-0.67,1340000000.0,0.167
1.0331450000000001e-07,o,5.0,e,5.0,0.58,23700000000.0,-0.728
1.033175e-07,o,3.0,e,2.0,-1.23,371000000.0,0.043
1.0331780000000001e-07,o,2.0,e,3.0,-3.81,964000.0,0.0
1.0332290000000001e-07,o,5.0,e,4.0,-0.37,2710000000.0,-0.517
1.0332760000000002e-07,o,4.0,e,5.0,0.29,12100000000.0,-0.833
1.0333040000000001e-07,o,4.0,e,3.0,0.22,10500000000.0,-0.457
1.033413e-07,o,6.0,e,5.0,-1.63,145000000.0,-0.286
1.0334220000000001e-07,o,4.0,e,5.0,-0.18,4110000000.0,0.182
1.0335630000000002e-07,o,3.0,e,3.0,0.25,11100000000.0,0.79
1.0335640000000001e-07,o,3.0,e,4.0,-0.14,4480000000.0,0.348
1.0336e-07,o,3.0,e,2.0,-4.34,284000.0,-0.001
1.0336320000000001e-07,o,5.0,e,4.0,-1.75,111000000.0,-0.207
1.033657e-07,o,4.0,e,4.0,-0.37,2680000000.0,-0.797
1.0336890000000001e-07,e,2.0,o,2.0,-4.25,350000.0,-0.002
1.0337e-07,o,1.0,e,2.0,-1.36,274000000.0,0.356
1.03371e-07,e,2.0,o,3.0,-5.14,44900.0,0.01
1.033753e-07,o,4.0,e,4.0,0.07,7350000000.0,-0.441
1.033776e-07,o,4.0,e,4.0,-1.26,342000000.0,0.054
1.033831e-07,e,1.0,o,0.0,-3.61,1540000.0,-0.185
1.0338720000000001e-07,o,2.0,e,3.0,-1.85,86800000.0,0.254
1.034028e-07,e,0.0,o,1.0,-2.08,51200000.0,0.387
1.03404e-07,o,4.0,e,4.0,-0.36,2700000000.0,-0.614
1.03405e-07,o,0.0,e,1.0,-0.22,3750000000.0,-0.813
1.0341e-07,e,4.0,o,3.0,-2.27,33400000.0,0.275
1.0341110000000002e-07,o,2.0,e,3.0,-1.02,597000000.0,-0.301
1.034145e-07,e,3.0,o,3.0,-5.0,62700.0,-0.002
1.0341610000000001e-07,o,1.0,e,1.0,-0.18,4150000000.0,0.799
1.0342120000000001e-07,o,4.0,e,3.0,-1.54,182000000.0,0.591
1.034222e-07,o,1.0,e,1.0,-1.93,72100000.0,-0.068
1.0343230000000001e-07,o,4.0,e,5.0,0.35,14000000000.0,-0.476
1.0343350000000001e-07,e,2.0,o,3.0,-5.33,29400.0,0.0
1.0344910000000001e-07,o,2.0,e,3.0,-0.23,3640000000.0,-0.468
1.0345070000000001e-07,o,4.0,e,3.0,-2.25,35000000.0,-0.05
1.0346220000000001e-07,o,4.0,e,4.0,0.15,8730000000.0,0.708
1.034675e-07,o,3.0,e,4.0,-2.36,27200000.0,-0.005
1.034724e-07,o,2.0,e,2.0,-0.25,3480000000.0,0.657
1.0347560000000001e-07,o,3.0,e,2.0,0.07,7260000000.0,-0.398
1.034884e-07,o,2.0,e,2.0,-0.02,5980000000.0,-0.387
1.034917e-07,o,6.0,e,5.0,-1.71,120000000.0,-0.068
1.0349190000000002e-07,o,3.0,e,4.0,0.45,17600000000.0,-0.802
1.0352850000000001e-07,o,2.0,e,2.0,-0.69,1270000000.0,0.204
1.035339e-07,o,3.0,e,4.0,0.11,8170000000.0,0.597
1.0353789999999999e-07,o,6.0,e,6.0,-1.21,388000000.0,0.025
1.0356890000000001e-07,o,2.0,e,3.0,-4.51,193000.0,-0.001
1.0356969999999999e-07,o,2.0,e,3.0,-4.21,383000.0,0.04
1.035844e-07,o,1.0,e,1.0,-0.16,4350000000.0,-0.553
1.035991e-07,e,4.0,o,4.0,-4.45,222000.0,-0.005
1.036027e-07,o,2.0,e,1.0,-0.85,874000000.0,-0.737
1.0361669999999999e-07,o,3.0,e,3.0,-0.43,2300000000.0,0.411
1.036197e-07,o,4.0,e,5.0,0.77,36700000000.0,-0.896
1.036214e-07,o,4.0,e,3.0,-4.38,254000.0,0.001
1.036223e-07,o,1.0,e,2.0,0.03,6680000000.0,-0.64
1.0362950000000001e-07,o,6.0,e,6.0,-1.2,396000000.0,0.077
1.0364320000000001e-07,o,2.0,e,1.0,-0.22,3780000000.0,0.393
1.0364680000000002e-07,o,4.0,e,3.0,-1.05,561000000.0,-0.438
1.036492e-07,o,3.0,e,3.0,-3.53,1840000.0,-0.002
1.0367080000000002e-07,o,2.0,e,2.0,-2.72,11900000.0,0.006
1.0367739999999999e-07,o,3.0,e,2.0,-1.25,349000000.0,-0.099
1.0368750000000001e-07,o,6.0,e,6.0,0.38,14900000000.0,-0.82
1.0368789999999999e-07,o,3.0,e,2.0,0.04,6770000000.0,-0.647
1.036898e-07,o,3.0,e,2.0,-1.93,73300000.0,-0.365
1.0369259999999999e-07,e,5.0,o,6.0,-3.53,1830000.0,-0.003
1.0370250000000001e-07,o,3.0,e,3.0,-0.62,1500000000.0,-0.587
1.0370550000000001e-07,o,4.0,e,4.0,-3.55,1750000.0,0.001
1.0371250000000001e-07,o,3.0,e,4.0,0.16,9000000000.0,-0.515
1.037239e-07,o,3.0,e,3.0,-1.55,177000000.0,0.163
1.037405e-07,e,2.0,o,1.0,-3.94,706000.0,0.036
1.0376710000000001e-07,o,3.0,e,3.0,-1.38,255000000.0,-0.137
1.037734e-07,o,4.0,e,3.0,-1.47,213000000.0,0.155
1.037777e-07,o,3.0,e,4.0,-0.76,1080000000.0,-0.276
1.037898e-07,o,4.0,e,3.0,-5.09,50600.0,0.0
1.0379000000000002e-07,o,4.0,e,5.0,-1.05,551000000.0,-0.318
1.037945e-07,o,6.0,e,5.0,-1.0,617000000.0,0.217
1.0379520000000001e-07,e,4.0,o,4.0,-2.93,7340000.0,0.031
1.037953e-07,o,3.0,e,2.0,-1.76,108000000.0,-0.048
1.037972e-07,o,5.0,e,4.0,-1.69,125000000.0,0.426
1.0380250000000002e-07,o,2.0,e,2.0,-3.1,4890000.0,0.057
1.0380440000000002e-07,e,2.0,o,2.0,-3.48,2040000.0,-0.055
1.038096e-07,o,2.0,e,2.0,0.05,7010000000.0,0.798
1.0382840000000002e-07,o,1.0,e,2.0,0.0,6250000000.0,-0.827
1.0382970000000001e-07,o,3.0,e,4.0,-0.72,1170000000.0,-0.136
1.038581e-07,o,4.0,e,4.0,-1.51,191000000.0,0.164
1.0386350000000001e-07,o,5.0,e,5.0,-1.69,126000000.0,-0.069
1.0386910000000001e-07,e,3.0,o,2.0,-2.74,11200000.0,0.085
1.038712e-07,o,3.0,e,4.0,-2.04,56700000.0,-0.019
1.038762e-07,o,3.0,e,3.0,-2.89,7940000.0,0.004
1.0388060000000001e-07,o,4.0,e,5.0,-0.87,843000000.0,-0.055
1.0388240000000001e-07,o,5.0,e,5.0,-1.22,375000000.0,-0.039
1.0389190000000001e-07,o,2.0,e,3.0,-0.09,4990000000.0,-0.52
1.0389430000000001e-07,o,5.0,e,4.0,-1.71,120000000.0,-0.081
1.0389570000000002e-07,o,3.0,e,4.0,-2.67,13400000.0,0.209
1.039028e-07,o,4.0,e,3.0,-3.25,3480000.0,-0.001
1.039299e-07,o,5.0,e,5.0,-2.88,8080000.0,0.142
1.039334e-07,o,3.0,e,2.0,-0.87,837000000.0,-0.515
1.0393530000000001e-07,o,5.0,e,4.0,-1.58,162000000.0,0.031
1.0393630000000001e-07,o,2.0,e,3.0,0.08,7500000000.0,-0.596
1.0393820000000001e-07,e,3.0,o,2.0,-2.85,8600000.0,0.144
1.0394169999999999e-07,e,3.0,o,3.0,-3.37,2600000.0,0.168
1.0395029999999999e-07,o,3.0,e,2.0,-0.85,875000000.0,-0.695
1.0395460000000001e-07,o,3.0,e,4.0,-0.16,4270000000.0,-0.572
1.0395830000000001e-07,o,3.0,e,3.0,-1.79,99600000.0,0.012
1.039584e-07,o,2.0,e,3.0,-0.65,1390000000.0,-0.262
1.0396530000000001e-07,o,3.0,e,2.0,-0.94,710000000.0,0.246
1.0396590000000001e-07,o,1.0,e,2.0,-1.53,180000000.0,0.044
1.0397410000000001e-07,o,3.0,e,3.0,-0.01,6080000000.0,0.741
1.03976e-07,o,6.0,e,7.0,-0.88,819000000.0,0.606
1.03979e-07,o,5.0,e,4.0,-3.76,1090000.0,0.0
1.039824e-07,o,2.0,e,2.0,-0.57,1660000000.0,-0.553
1.0399130000000001e-07,o,4.0,e,4.0,-2.1,48200000.0,-0.031
1.0399280000000001e-07,o,3.0,e,3.0,-1.14,444000000.0,0.188
1.0399280000000001e-07,e,4.0,o,3.0,-3.31,3030000.0,-0.018
1.0401300000000002e-07,e,1.0,o,2.0,-3.09,5010000.0,0.066
1.040154e-07,o,5.0,e,5.0,0.1,7610000000.0,0.397
1.040292e-07,o,2.0,e,3.0,-1.91,77100000.0,0.247
1.040312e-07,o,0.0,e,1.0,-0.2,3870000000.0,-0.654
1.0403130000000002e-07,o,6.0,e,6.0,-0.23,3590000000.0,0.23
1.0403810000000001e-07,o,2.0,e,3.0,0.37,14600000000.0,-0.715
1.0405150000000001e-07,o,5.0,e,6.0,0.85,43600000000.0,-0.899
1.040523e-07,o,4.0,e,3.0,-3.47,2090000.0,-0.074
1.04053e-07,o,6.0,e,5.0,-2.2,38800000.0,0.009
1.0405660000000001e-07,e,5.0,o,4.0,-3.76,1070000.0,0.018
1.040608e-07,e,3.0,o,2.0,-2.61,15000000.0,0.178
1.040665e-07,o,4.0,e,5.0,-0.73,1140000000.0,0.153
1.040682e-07,o,3.0,e,2.0,-1.44,222000000.0,0.343
1.0406980000000001e-07,o,1.0,e,1.0,-2.41,23600000.0,0.031
1.0408620000000001e-07,o,5.0,e,5.0,-1.42,233000000.0,0.041
1.040886e-07,o,2.0,e,3.0,0.29,11900000000.0,0.863
1.0409410000000001e-07,o,2.0,e,3.0,-1.2,385000000.0,-0.57
1.0409900000000001e-07,e,2.0,o,2.0,-4.24,355000.0,-0.026
1.041123e-07,o,1.0,e,2.0,-3.76,1050000.0,-0.004
1.041154e-07,o,3.0,e,3.0,-1.5,191000000.0,-0.145
1.0411710000000001e-07,o,1.0,e,2.0,-1.14,450000000.0,-0.215
1.0411869999999999e-07,o,4.0,e,4.0,-0.78,1020000000.0,-0.375
1.0412000000000001e-07,o,4.0,e,4.0,-4.11,482000.0,0.0
1.0412390000000001e-07,e,2.0,o,1.0,-2.81,9390000.0,0.17
1.0412490000000001e-07,o,3.0,e,4.0,-0.03,5770000000.0,0.429
1.041541e-07,o,4.0,e,3.0,-2.74,11200000.0,-0.803
1.041789e-07,e,2.0,o,3.0,-3.03,5720000.0,0.013
1.0417950000000001e-07,o,3.0,e,3.0,0.08,7390000000.0,0.798
1.041962e-07,o,4.0,e,4.0,-4.55,174000.0,0.001
1.0420219999999999e-07,e,2.0,o,1.0,-3.14,4420000.0,-0.132
1.0420550000000001e-07,e,2.0,o,3.0,-5.79,9870.0,-0.001
1.0420609999999999e-07,o,3.0,e,4.0,-1.13,453000000.0,-0.158
1.0422539999999999e-07,o,4.0,e,5.0,0.43,16400000000.0,-0.51
1.042307e-07,e,2.0,o,1.0,-3.2,3860000.0,0.232
1.042364e-07,o,1.0,e,2.0,-1.51,191000000.0,-0.026
1.0424590000000001e-07,o,6.0,e,5.0,-0.23,3630000000.0,-0.709
1.042513e-07,o,2.0,e,3.0,-0.56,1690000000.0,0.178
1.042548e-07,e,3.0,o,2.0,-4.02,589000.0,0.008
1.042575e-07,o,3.0,e,3.0,-2.69,12600000.0,0.413
1.042653e-07,e,2.0,o,2.0,-1.83,90500000.0,0.262
1.0427200000000001e-07,o,2.0,e,2.0,-0.32,2920000000.0,-0.294
1.042768e-07,o,2.0,e,2.0,-0.67,1300000000.0,0.209
1.042836e-07,e,4.0,o,4.0,-2.6,15400000.0,-0.123
1.0429000000000002e-07,o,1.0,e,1.0,-1.49,200000000.0,0.037
1.042993e-07,o,4.0,e,3.0,-0.59,1600000000.0,0.56
1.0429960000000002e-07,o,3.0,e,3.0,-1.59,159000000.0,0.191
1.0430129999999999e-07,o,2.0,e,2.0,-2.14,44700000.0,0.081
1.043057e-07,o,5.0,e,4.0,-1.78,103000000.0,0.187
1.04326e-07,o,2.0,e,2.0,-1.03,573000000.0,0.371
1.0433599999999999e-07,o,7.0,e,7.0,-0.86,833000000.0,0.877
1.043512e-07,o,4.0,e,3.0,-0.53,1810000000.0,0.439
1.043542e-07,o,3.0,e,4.0,-1.35,279000000.0,0.014
1.043564e-07,o,3.0,e,4.0,0.59,23700000000.0,-0.799
1.0435650000000001e-07,o,2.0,e,3.0,-2.76,10600000.0,-0.001
1.043595e-07,o,6.0,e,5.0,-4.33,285000.0,0.002
1.043675e-07,o,5.0,e,4.0,0.14,8590000000.0,0.786
1.043693e-07,o,4.0,e,3.0,-1.5,196000000.0,0.013
1.043706e-07,o,4.0,e,3.0,-2.68,13000000.0,-0.011
1.0437249999999999e-07,e,4.0,o,5.0,-3.86,852000.0,0.006
1.0437470000000002e-07,o,4.0,e,5.0,0.02,6380000000.0,-0.828
1.0438499999999999e-07,o,2.0,e,3.0,-1.19,399000000.0,0.054
1.043857e-07,e,3.0,o,3.0,-2.62,14500000.0,-0.162
1.0439870000000002e-07,o,7.0,e,8.0,1.0,61200000000.0,-0.898
1.044059e-07,o,2.0,e,3.0,0.25,11000000000.0,0.779
1.0441230000000001e-07,o,2.0,e,1.0,-2.52,18600000.0,-0.422
1.04426e-07,o,6.0,e,6.0,0.03,6480000000.0,-0.536
1.044336e-07,o,3.0,e,3.0,-0.02,5930000000.0,-0.414
1.044454e-07,o,2.0,e,1.0,-2.18,40400000.0,0.022
1.044491e-07,o,6.0,e,7.0,0.95,54000000000.0,-0.898
1.0445619999999999e-07,o,3.0,e,4.0,-2.66,13600000.0,0.085
1.0447159999999999e-07,e,3.0,o,2.0,-2.74,11300000.0,0.13
1.044758e-07,o,5.0,e,6.0,-1.31,297000000.0,0.013
1.044834e-07,o,3.0,e,3.0,-2.87,8300000.0,0.038
1.0449169999999999e-07,o,3.0,e,3.0,-1.07,512000000.0,-0.07
1.0449770000000001e-07,o,4.0,e,5.0,-2.28,31800000.0,-0.135
1.045027e-07,e,3.0,o,3.0,-2.65,13700000.0,-0.277
1.0450670000000001e-07,o,2.0,e,2.0,-1.33,287000000.0,-0.021
1.0451820000000001e-07,o,4.0,e,5.0,-0.93,730000000.0,0.748
1.04522e-07,o,3.0,e,2.0,-1.34,282000000.0,-0.107
1.045242e-07,o,6.0,e,6.0,-0.29,3160000000.0,0.843
1.0452880000000001e-07,o,4.0,e,4.0,0.1,7680000000.0,0.549
1.0452880000000001e-07,o,4.0,e,3.0,0.38,14900000000.0,-0.853
1.0452880000000001e-07,o,3.0,e,3.0,-1.64,140000000.0,0.031
1.045529e-07,o,3.0,e,3.0,-1.01,583000000.0,0.192
1.045532e-07,o,2.0,e,2.0,-0.24,3480000000.0,0.403
1.0455470000000001e-07,o,1.0,e,1.0,-1.02,582000000.0,0.216
1.045566e-07,o,6.0,e,6.0,-2.75,10900000.0,0.013
1.0456010000000001e-07,o,0.0,e,1.0,-1.17,419000000.0,-0.081
1.045605e-07,o,5.0,e,6.0,-0.3,3010000000.0,0.295
1.045632e-07,o,3.0,e,3.0,-3.56,1720000.0,0.008
1.045751e-07,o,6.0,e,5.0,-1.36,267000000.0,0.116
1.045944e-07,o,2.0,e,3.0,-1.67,130000000.0,0.27
1.0460619999999999e-07,o,2.0,e,3.0,-2.69,12300000.0,-0.006
1.046174e-07,e,1.0,o,2.0,-4.09,493000.0,-0.107
1.0461880000000001e-07,o,3.0,e,4.0,-1.33,285000000.0,-0.069
1.0463489999999999e-07,o,2.0,e,1.0,-0.02,5860000000.0,-0.59
1.046399e-07,o,4.0,e,4.0,-1.65,137000000.0,0.056
1.0464880000000002e-07,o,3.0,e,2.0,-3.04,5570000.0,-0.464
1.0464990000000001e-07,o,6.0,e,7.0,0.94,53700000000.0,-0.896
1.046502e-07,e,4.0,o,3.0,-4.25,341000.0,-0.002
1.046514e-07,o,4.0,e,5.0,-0.56,1670000000.0,0.632
1.0465650000000001e-07,o,3.0,e,4.0,-0.82,923000000.0,0.247
1.046787e-07,o,2.0,e,2.0,-1.87,82100000.0,0.031
1.046876e-07,o,3.0,e,2.0,-0.75,1080000000.0,0.462
1.046972e-07,e,2.0,o,3.0,-1.63,141000000.0,0.292
1.0469870000000001e-07,o,4.0,e,3.0,-1.97,66000000.0,-0.238
1.047021e-07,o,3.0,e,4.0,-0.51,1900000000.0,-0.171
1.0470450000000001e-07,e,2.0,o,1.0,-3.73,1130000.0,0.311
1.047116e-07,e,5.0,o,4.0,-2.46,20800000.0,-0.041
1.0471430000000001e-07,o,4.0,e,4.0,0.21,9810000000.0,-0.457
1.047206e-07,o,1.0,e,2.0,-0.86,838000000.0,0.159
1.047216e-07,e,1.0,o,1.0,-3.02,5760000.0,0.384
1.0472249999999999e-07,o,5.0,e,5.0,0.33,13200000000.0,-0.771
1.047408e-07,e,2.0,o,3.0,-4.32,288000.0,-0.072
1.047431e-07,o,2.0,e,3.0,-0.51,1880000000.0,-0.224
1.047655e-07,o,1.0,e,2.0,-0.66,1330000000.0,-0.263
1.047685e-07,o,1.0,e,2.0,-4.61,147000.0,0.0
1.047694e-07,o,5.0,e,5.0,0.37,14200000000.0,-0.721
1.047745e-07,o,4.0,e,4.0,-1.58,161000000.0,0.412
1.047913e-07,o,3.0,e,4.0,-1.56,168000000.0,-0.138
1.048077e-07,o,4.0,e,3.0,-0.1,4830000000.0,0.626
1.0481210000000002e-07,o,4.0,e,5.0,0.3,12200000000.0,-0.696
1.048128e-07,e,3.0,o,4.0,-3.98,633000.0,0.004
1.048248e-07,o,3.0,e,3.0,-1.35,272000000.0,-0.017
1.0482750000000002e-07,o,4.0,e,5.0,0.79,37200000000.0,-0.886
1.048355e-07,o,3.0,e,4.0,-0.14,4440000000.0,-0.396
1.048442e-07,o,2.0,e,3.0,-0.49,1950000000.0,0.706
1.0485809999999999e-07,o,3.0,e,3.0,-0.53,1790000000.0,-0.185
1.048617e-07,e,2.0,o,2.0,-2.78,10000000.0,-0.18
1.0486300000000002e-07,o,3.0,e,2.0,0.22,10100000000.0,-0.546
1.048674e-07,o,2.0,e,2.0,-1.28,317000000.0,0.167
1.0488040000000002e-07,o,3.0,e,4.0,0.34,13500000000.0,-0.83
1.048867e-07,o,3.0,e,3.0,-1.05,547000000.0,-0.05
1.048884e-07,e,2.0,o,1.0,-2.86,8490000.0,-0.144
1.048925e-07,o,3.0,e,3.0,-0.39,2520000000.0,0.245
1.0489390000000001e-07,o,4.0,e,3.0,-1.16,419000000.0,-0.614
1.0489400000000001e-07,o,4.0,e,3.0,-2.43,22300000.0,-0.031
1.0490250000000001e-07,e,3.0,o,4.0,-3.31,2960000.0,0.018
1.0490860000000001e-07,o,2.0,e,3.0,0.08,7240000000.0,-0.523
1.0490940000000001e-07,o,2.0,e,2.0,-3.36,2660000.0,-0.072
1.049126e-07,o,4.0,e,5.0,0.42,16100000000.0,0.839
1.049239e-07,o,2.0,e,3.0,0.21,9810000000.0,-0.69
1.049292e-07,o,5.0,e,4.0,-0.48,2030000000.0,-0.569
1.0493420000000002e-07,o,0.0,e,1.0,-1.55,171000000.0,-0.08
1.049434e-07,o,2.0,e,1.0,-1.73,113000000.0,0.194
1.049542e-07,e,4.0,o,3.0,-4.97,64200.0,-0.002
1.0495550000000002e-07,o,2.0,e,3.0,-0.98,639000000.0,0.107
1.0495730000000001e-07,o,4.0,e,3.0,-1.57,165000000.0,-0.189
1.0495840000000001e-07,e,1.0,o,1.0,-2.13,44100000.0,0.172
1.0495920000000002e-07,o,5.0,e,6.0,-2.75,10700000.0,-0.002
1.0496790000000001e-07,o,2.0,e,2.0,-1.05,536000000.0,-0.143
1.049735e-07,o,4.0,e,4.0,-0.97,646000000.0,0.148
1.049827e-07,o,5.0,e,5.0,-0.9,763000000.0,-0.154
1.0499400000000001e-07,o,3.0,e,4.0,0.24,10400000000.0,-0.852
1.0500029999999999e-07,o,3.0,e,2.0,-2.18,40200000.0,0.005
1.050047e-07,o,5.0,e,5.0,0.36,13800000000.0,-0.607
1.0500950000000001e-07,o,2.0,e,3.0,-2.42,23300000.0,0.052
1.050096e-07,o,3.0,e,2.0,-2.95,6900000.0,-0.002
1.0502000000000001e-07,o,4.0,e,5.0,-3.88,802000.0,0.0
1.0503320000000001e-07,o,2.0,e,3.0,-1.14,438000000.0,-0.039
1.050444e-07,o,2.0,e,3.0,-0.24,3450000000.0,0.4
1.0504890000000001e-07,o,2.0,e,2.0,-1.57,163000000.0,-0.032
1.0505820000000001e-07,o,4.0,e,4.0,-0.73,1130000000.0,0.486
1.0506120000000001e-07,o,6.0,e,7.0,0.94,51700000000.0,-0.902
1.050733e-07,o,4.0,e,4.0,-0.06,5250000000.0,0.809
1.050773e-07,e,2.0,o,2.0,-2.7,12000000.0,0.208
1.050894e-07,o,3.0,e,2.0,-2.07,52000000.0,0.02
1.0509790000000001e-07,e,3.0,o,3.0,-5.79,9660.0,0.0
1.051021e-07,e,1.0,o,2.0,-2.67,13000000.0,0.03
1.0511150000000001e-07,o,5.0,e,5.0,-1.28,315000000.0,0.743
1.051144e-07,o,2.0,e,3.0,0.32,12300000000.0,-0.648
1.051259e-07,o,1.0,e,2.0,-0.11,4760000000.0,-0.575
1.05131e-07,o,3.0,e,3.0,-2.36,26300000.0,-0.053
1.0513589999999999e-07,o,5.0,e,4.0,-1.43,226000000.0,0.456
1.051578e-07,o,4.0,e,5.0,0.76,35100000000.0,-0.853
1.0515930000000001e-07,o,3.0,e,4.0,0.47,17900000000.0,-0.867
1.0516089999999999e-07,o,5.0,e,4.0,-1.58,160000000.0,0.106
1.0516440000000001e-07,o,1.0,e,2.0,-1.07,512000000.0,0.064
1.0517200000000001e-07,o,3.0,e,4.0,0.51,19600000000.0,-0.853
1.051897e-07,o,4.0,e,3.0,-0.5,1910000000.0,0.675
1.051988e-07,o,2.0,e,3.0,-1.75,107000000.0,-0.017
1.052e-07,o,5.0,e,4.0,-2.23,36000000.0,-0.043
1.0520180000000001e-07,o,4.0,e,5.0,-0.08,5010000000.0,0.259
1.0520480000000001e-07,e,2.0,o,2.0,-2.47,20200000.0,-0.227
1.052289e-07,e,1.0,o,1.0,-4.32,287000.0,-0.186
1.052368e-07,o,2.0,e,1.0,-1.09,486000000.0,-0.228
1.052387e-07,o,4.0,e,4.0,-0.39,2470000000.0,-0.311
1.052513e-07,o,4.0,e,4.0,-0.3,3020000000.0,-0.243
1.0525340000000002e-07,o,3.0,e,4.0,0.37,14300000000.0,-0.805
1.0525350000000001e-07,o,3.0,e,4.0,-0.42,2270000000.0,-0.129
1.052595e-07,o,3.0,e,3.0,-1.73,112000000.0,-0.045
1.052742e-07,o,4.0,e,4.0,-1.19,383000000.0,-0.29
1.0527890000000001e-07,e,2.0,o,2.0,-2.9,7570000.0,-0.144
1.052829e-07,o,3.0,e,2.0,-0.08,5070000000.0,0.715
1.052849e-07,o,3.0,e,2.0,-2.41,23600000.0,0.013
1.0529020000000001e-07,o,3.0,e,3.0,-1.81,94300000.0,-0.018
1.052945e-07,o,5.0,e,4.0,-0.82,913000000.0,0.562
1.052954e-07,o,4.0,e,5.0,0.15,8560000000.0,0.77
1.0531020000000002e-07,o,4.0,e,5.0,0.23,10200000000.0,-0.858
1.0531050000000001e-07,e,2.0,o,3.0,-3.58,1570000.0,0.137
1.053163e-07,o,1.0,e,2.0,-1.3,300000000.0,-0.144
1.053165e-07,o,2.0,e,2.0,-1.23,357000000.0,0.057
1.0531890000000001e-07,o,4.0,e,4.0,-2.6,15300000.0,-0.234
1.053225e-07,o,2.0,e,2.0,-2.87,8120000.0,-0.003
1.053416e-07,o,2.0,e,3.0,-1.58,159000000.0,0.03
1.053444e-07,o,4.0,e,4.0,-0.63,1420000000.0,-0.142
1.053518e-07,o,1.0,e,2.0,-5.54,17300.0,0.0
1.053731e-07,o,5.0,e,6.0,0.87,44100000000.0,-0.914
1.053799e-07,o,3.0,e,4.0,-1.22,364000000.0,-0.126
1.053873e-07,o,2.0,e,1.0,-3.85,848000.0,0.0
1.053877e-07,e,1.0,o,2.0,-3.7,1190000.0,0.054
1.0541230000000001e-07,o,3.0,e,4.0,-3.07,5150000.0,0.001
1.054134e-07,e,4.0,o,3.0,-2.89,7820000.0,-0.043
1.054345e-07,o,3.0,e,4.0,-0.27,3240000000.0,-0.704
1.054446e-07,o,4.0,e,4.0,-2.54,17600000.0,-0.001
1.0545250000000001e-07,o,3.0,e,2.0,-1.5,188000000.0,0.349
1.0545719999999999e-07,o,3.0,e,3.0,-3.56,1650000.0,0.153
1.0546110000000001e-07,e,2.0,o,3.0,-1.84,86700000.0,0.115
1.0546389999999999e-07,o,3.0,e,3.0,-0.84,878000000.0,0.129
1.054735e-07,o,3.0,e,3.0,-1.65,134000000.0,0.069
1.0549280000000002e-07,e,2.0,o,3.0,-3.91,746000.0,0.072
1.0549469999999999e-07,o,1.0,e,1.0,-0.26,3300000000.0,-0.794
1.0551520000000001e-07,e,3.0,o,2.0,-3.32,2910000.0,0.167
1.0554090000000001e-07,o,6.0,e,6.0,0.49,18600000000.0,-0.879
1.055469e-07,o,6.0,e,6.0,-1.21,370000000.0,-0.717
1.055586e-07,o,4.0,e,3.0,-4.88,78300.0,0.001
1.055693e-07,o,2.0,e,2.0,-3.24,3460000.0,0.001
1.055884e-07,o,5.0,e,6.0,0.85,42200000000.0,-0.851
1.055972e-07,o,3.0,e,4.0,0.23,10200000000.0,-0.802
1.056119e-07,e,5.0,o,4.0,-0.87,800000000.0,0.43
1.056173e-07,o,5.0,e,4.0,-0.97,637000000.0,-0.297
1.0562380000000001e-07,o,5.0,e,4.0,-2.65,13500000.0,0.038
1.056338e-07,o,3.0,e,2.0,-1.44,216000000.0,-0.164
1.056372e-07,o,1.0,e,2.0,-1.05,539000000.0,0.184
1.0564490000000001e-07,e,4.0,o,3.0,-1.92,71200000.0,0.424
1.0564670000000002e-07,o,5.0,e,4.0,-3.39,2440000.0,-0.121
1.05654e-07,o,2.0,e,2.0,-2.82,9140000.0,-0.071
1.0566320000000001e-07,e,2.0,o,3.0,-3.21,3660000.0,0.058
1.0566400000000001e-07,o,4.0,e,3.0,-1.58,157000000.0,0.14
1.0566590000000001e-07,o,4.0,e,3.0,0.06,6920000000.0,-0.685
1.056743e-07,o,5.0,e,4.0,-3.06,5160000.0,-0.008
1.056758e-07,o,3.0,e,3.0,0.04,6590000000.0,-0.514
1.056867e-07,o,4.0,e,3.0,-1.39,241000000.0,0.343
1.0568879999999999e-07,o,1.0,e,1.0,-2.71,11500000.0,-0.003
1.057018e-07,o,4.0,e,3.0,-1.13,438000000.0,-0.327
1.0570360000000001e-07,o,4.0,e,5.0,0.55,21400000000.0,-0.782
1.057219e-07,o,2.0,e,3.0,-3.56,1630000.0,0.066
1.057232e-07,o,4.0,e,4.0,-2.88,7950000.0,-0.001
1.057307e-07,o,2.0,e,3.0,-1.9,76000000.0,-0.124
1.057322e-07,o,5.0,e,5.0,-3.43,2230000.0,0.16
1.057369e-07,o,1.0,e,2.0,-0.65,1310000000.0,-0.461
1.057373e-07,o,2.0,e,2.0,-1.8,95300000.0,0.021
1.057405e-07,o,2.0,e,2.0,-0.88,782000000.0,0.288
1.057435e-07,o,2.0,e,2.0,-2.88,7930000.0,0.012
1.057455e-07,o,4.0,e,5.0,0.04,6570000000.0,-0.311
1.0575350000000001e-07,o,4.0,e,4.0,-2.5,19000000.0,0.009
1.0575999999999999e-07,o,4.0,e,5.0,-2.71,11800000.0,-0.001
1.0576060000000001e-07,o,3.0,e,4.0,-4.19,384000.0,-0.004
1.0576220000000002e-07,o,2.0,e,3.0,0.11,7660000000.0,-0.8
1.057734e-07,o,3.0,e,2.0,-2.78,9810000.0,0.02
1.057753e-07,o,5.0,e,6.0,0.85,42400000000.0,-0.9
1.0578560000000001e-07,o,6.0,e,5.0,-2.35,26600000.0,-0.079
1.0578560000000001e-07,o,2.0,e,3.0,-0.11,4680000000.0,-0.668
1.0579320000000001e-07,o,4.0,e,5.0,-2.13,44300000.0,0.134
1.057974e-07,o,4.0,e,3.0,-2.04,55100000.0,0.367
1.0580000000000001e-07,o,4.0,e,5.0,-0.57,1620000000.0,-0.078
1.058029e-07,o,5.0,e,6.0,0.7,29500000000.0,-0.868
1.058091e-07,e,1.0,o,2.0,-3.73,1120000.0,0.115
1.058098e-07,o,4.0,e,4.0,-0.19,3930000000.0,-0.654
1.058251e-07,o,4.0,e,4.0,-2.19,37900000.0,0.06
1.0582870000000001e-07,o,3.0,e,4.0,0.02,6280000000.0,-0.506
1.058551e-07,o,3.0,e,4.0,0.11,7670000000.0,0.807
1.0585680000000001e-07,o,5.0,e,4.0,-1.22,357000000.0,0.152
1.0586050000000001e-07,o,3.0,e,2.0,-0.73,1110000000.0,-0.495
1.058633e-07,o,3.0,e,3.0,-2.0,60600000.0,0.048
1.058725e-07,o,2.0,e,2.0,-2.92,7180000.0,-0.004
1.0588119999999999e-07,e,2.0,o,1.0,-3.92,715000.0,0.037
1.0588309999999999e-07,o,2.0,e,3.0,-1.02,563000000.0,0.088
1.0588699999999999e-07,o,3.0,e,2.0,-2.92,7230000.0,0.018
1.058887e-07,o,5.0,e,5.0,-1.1,471000000.0,-0.04
1.058941e-07,o,3.0,e,3.0,-1.3,302000000.0,0.014
1.058953e-07,o,2.0,e,3.0,-0.82,894000000.0,-0.239
1.0589770000000001e-07,o,1.0,e,2.0,-2.33,28200000.0,-0.004
1.0591430000000001e-07,o,5.0,e,5.0,0.22,9950000000.0,0.611
1.0591489999999999e-07,e,2.0,o,3.0,-4.06,519000.0,-0.031
1.059155e-07,o,1.0,e,2.0,-0.09,4800000000.0,-0.797
1.0591590000000001e-07,o,2.0,e,3.0,-0.76,1020000000.0,0.103
1.0591900000000001e-07,o,2.0,e,2.0,-1.56,164000000.0,-0.069
1.059273e-07,e,1.0,o,2.0,-2.79,9560000.0,0.105
1.059319e-07,o,3.0,e,4.0,-5.17,40200.0,0.0
1.0595080000000001e-07,o,4.0,e,5.0,-2.1,47100000.0,-0.06
1.0595609999999999e-07,o,2.0,e,3.0,-1.9,74900000.0,0.133
1.059786e-07,o,5.0,e,6.0,-0.7,1180000000.0,-0.073
1.059798e-07,o,4.0,e,4.0,-1.66,130000000.0,-0.291
1.0600560000000001e-07,o,4.0,e,4.0,-2.64,13700000.0,-0.004
1.060118e-07,o,3.0,e,4.0,-0.87,800000000.0,-0.179
1.0601220000000001e-07,o,3.0,e,3.0,-3.61,1480000.0,0.001
1.060173e-07,o,6.0,e,5.0,-2.26,32800000.0,0.09
1.0603080000000001e-07,o,4.0,e,3.0,-0.96,649000000.0,0.18
1.060319e-07,o,4.0,e,3.0,-0.85,835000000.0,0.656
1.06035e-07,o,4.0,e,5.0,0.17,8670000000.0,-0.41
1.060358e-07,o,2.0,e,3.0,-0.19,3790000000.0,-0.697
1.060407e-07,o,5.0,e,5.0,-0.67,1280000000.0,0.765
1.060561e-07,o,1.0,e,1.0,-0.95,672000000.0,0.166
1.0606220000000001e-07,o,2.0,e,2.0,-0.93,706000000.0,0.066
1.060658e-07,o,4.0,e,5.0,-0.76,1040000000.0,0.606
1.0608710000000001e-07,o,3.0,e,3.0,-2.16,40600000.0,-0.022
1.060886e-07,o,4.0,e,4.0,-0.88,787000000.0,0.444
1.0611590000000002e-07,o,5.0,e,5.0,-0.94,684000000.0,-0.126
1.0612260000000002e-07,o,2.0,e,3.0,-2.95,6670000.0,-0.034
1.061327e-07,o,4.0,e,5.0,0.44,16400000000.0,-0.832
1.0614120000000001e-07,e,4.0,o,4.0,-3.9,746000.0,0.004
1.061427e-07,o,2.0,e,2.0,-0.12,4430000000.0,-0.685
1.0615160000000001e-07,o,5.0,e,4.0,-3.62,1450000.0,0.066
1.0615730000000002e-07,o,4.0,e,4.0,-0.13,4390000000.0,0.765
1.061606e-07,o,4.0,e,5.0,0.8,37100000000.0,-0.907
1.061616e-07,o,3.0,e,2.0,-2.16,39700000.0,-0.049
1.0616300000000001e-07,o,3.0,e,2.0,-0.03,5540000000.0,-0.707
1.061702e-07,o,4.0,e,3.0,-1.69,120000000.0,-0.272
1.061712e-07,o,3.0,e,3.0,-1.6,147000000.0,0.056
1.0617500000000001e-07,e,4.0,o,5.0,-5.47,20100.0,-0.001
1.061868e-07,o,2.0,e,3.0,-0.36,2540000000.0,-0.576
1.0619300000000002e-07,e,4.0,o,4.0,-3.18,3920000.0,-0.028
1.061969e-07,o,1.0,e,2.0,-1.19,380000000.0,-0.115
1.0621690000000001e-07,o,2.0,e,1.0,-1.13,442000000.0,-0.147
1.062318e-07,o,3.0,e,3.0,-1.1,467000000.0,-0.112
1.06232e-07,o,2.0,e,1.0,-3.67,1260000.0,0.017
1.0624169999999999e-07,e,3.0,o,3.0,-3.15,4220000.0,-0.142
1.062493e-07,e,2.0,o,2.0,-3.85,840000.0,0.016
1.062502e-07,o,4.0,e,4.0,-0.11,4620000000.0,0.691
1.062615e-07,o,2.0,e,2.0,-1.29,297000000.0,-0.086
1.062724e-07,o,3.0,e,4.0,-1.1,473000000.0,-0.447
1.0627290000000001e-07,o,3.0,e,4.0,-2.94,6850000.0,-0.001
1.06273e-07,o,2.0,e,3.0,-1.14,430000000.0,-0.248
1.062734e-07,o,3.0,e,3.0,-1.92,70800000.0,-0.409
1.0627919999999999e-07,o,2.0,e,3.0,-0.49,1920000000.0,-0.2
1.062798e-07,o,4.0,e,4.0,-2.08,49400000.0,0.241
1.062839e-07,o,3.0,e,2.0,-2.5,19000000.0,0.092
1.0629580000000002e-07,o,2.0,e,1.0,-1.61,144000000.0,0.073
1.063029e-07,o,5.0,e,4.0,-0.41,2330000000.0,0.471
1.063127e-07,o,2.0,e,1.0,-2.85,8240000.0,-0.238
1.063173e-07,o,5.0,e,4.0,-5.49,18800.0,0.0
1.0632080000000002e-07,o,2.0,e,3.0,-0.84,863000000.0,-0.292
1.063214e-07,e,4.0,o,4.0,-2.43,21900000.0,0.268
1.063329e-07,o,5.0,e,5.0,-1.76,102000000.0,0.021
1.063355e-07,o,0.0,e,1.0,-0.8,943000000.0,-0.364
1.063387e-07,e,2.0,o,2.0,-4.1,469000.0,-0.034
1.0634090000000002e-07,o,3.0,e,4.0,-0.99,603000000.0,-0.043
1.063446e-07,o,2.0,e,2.0,-0.74,1080000000.0,-0.472
1.063484e-07,o,2.0,e,2.0,-1.65,131000000.0,-0.197
1.063637e-07,o,3.0,e,3.0,-0.12,4490000000.0,0.633
1.063694e-07,o,4.0,e,3.0,-2.05,53100000.0,0.291
1.063713e-07,e,3.0,o,2.0,-1.61,145000000.0,0.402
1.0638080000000001e-07,o,3.0,e,4.0,-2.94,6860000.0,0.002
1.0638430000000001e-07,o,5.0,e,5.0,0.28,11400000000.0,-0.484
1.063993e-07,o,3.0,e,3.0,-3.43,2190000.0,0.001
1.064024e-07,o,2.0,e,3.0,-1.44,215000000.0,0.199
1.0640360000000001e-07,o,3.0,e,4.0,0.7,29500000000.0,-0.898
1.0641300000000001e-07,o,3.0,e,2.0,-1.36,258000000.0,0.198
1.064165e-07,o,1.0,e,2.0,-2.1,47000000.0,0.024
1.0641749999999999e-07,e,1.0,o,1.0,-4.8,94100.0,-0.006
1.0644130000000001e-07,o,3.0,e,4.0,-0.91,722000000.0,-0.39
1.0644539999999999e-07,o,3.0,e,3.0,-2.22,35600000.0,-0.011
1.0646060000000001e-07,o,3.0,e,3.0,-1.41,228000000.0,-0.095
1.0646780000000001e-07,e,1.0,o,2.0,-5.09,47600.0,-0.001
1.064693e-07,o,3.0,e,2.0,-1.87,80500000.0,-0.098
1.0647449999999999e-07,o,4.0,e,3.0,-2.68,12200000.0,-0.395
1.0647739999999999e-07,e,4.0,o,5.0,-4.16,409000.0,-0.002
1.064796e-07,o,3.0,e,3.0,-0.27,3180000000.0,0.586
1.0650530000000002e-07,o,3.0,e,2.0,-1.97,63000000.0,-0.054
1.065068e-07,o,1.0,e,2.0,-0.72,1120000000.0,-0.557
1.065173e-07,o,4.0,e,3.0,-2.24,33600000.0,-0.184
1.065243e-07,o,2.0,e,2.0,-1.95,67100000.0,0.1
1.065464e-07,o,1.0,e,2.0,-2.17,39400000.0,0.013
1.065481e-07,o,3.0,e,3.0,-0.38,2460000000.0,0.234
1.065503e-07,o,3.0,e,3.0,-1.87,78800000.0,0.037
1.0656579999999999e-07,o,3.0,e,4.0,-0.68,1230000000.0,-0.152
1.0656700000000002e-07,o,5.0,e,5.0,-3.15,4180000.0,0.001
1.0658019999999999e-07,o,3.0,e,2.0,-1.11,458000000.0,-0.078
1.0658450000000001e-07,o,5.0,e,5.0,0.39,14400000000.0,-0.88
1.0659230000000001e-07,o,5.0,e,4.0,-2.38,24600000.0,-0.033
1.066023e-07,o,1.0,e,2.0,-1.3,296000000.0,0.206
1.066051e-07,e,3.0,o,4.0,-5.96,6480.0,0.0
1.066098e-07,o,3.0,e,3.0,-1.04,514000000.0,0.349
1.0662460000000001e-07,o,6.0,e,5.0,-2.43,21800000.0,0.119
1.066386e-07,o,4.0,e,3.0,0.05,6590000000.0,-0.736
1.066433e-07,o,4.0,e,5.0,-0.58,1560000000.0,0.568
1.066593e-07,o,4.0,e,4.0,-2.76,10200000.0,0.234
1.066742e-07,o,5.0,e,6.0,-0.6,1480000000.0,-0.147
1.066782e-07,o,2.0,e,3.0,-2.72,11200000.0,0.001
1.066867e-07,o,4.0,e,4.0,-1.06,510000000.0,-0.494
1.066868e-07,o,3.0,e,4.0,-1.28,314000000.0,0.024
1.0669190000000001e-07,o,3.0,e,4.0,-4.08,488000.0,0.0
1.066992e-07,o,2.0,e,3.0,-1.23,348000000.0,-0.09
1.066997e-07,o,3.0,e,3.0,-0.9,738000000.0,-0.241
1.0671050000000001e-07,o,2.0,e,3.0,-0.45,2040000000.0,-0.204
1.0671110000000001e-07,o,4.0,e,3.0,-2.4,23200000.0,-0.119
1.0672049999999999e-07,o,2.0,e,3.0,-2.07,50600000.0,0.035
1.067231e-07,o,5.0,e,6.0,-0.69,1200000000.0,-0.059
1.067245e-07,o,2.0,e,1.0,-2.26,32800000.0,-0.016
1.0673959999999999e-07,o,1.0,e,2.0,-0.57,1580000000.0,-0.194
1.067406e-07,o,4.0,e,4.0,-0.57,1560000000.0,0.334
1.0674500000000001e-07,o,5.0,e,4.0,-1.82,88100000.0,-0.335
1.067464e-07,o,4.0,e,5.0,-2.05,52200000.0,-0.466
1.0674670000000002e-07,o,2.0,e,2.0,-2.97,6270000.0,0.032
1.0675850000000001e-07,o,3.0,e,4.0,-1.41,226000000.0,0.814
1.067588e-07,e,4.0,o,3.0,-2.2,37200000.0,0.213
1.067773e-07,o,3.0,e,2.0,-2.47,20100000.0,0.038
1.067781e-07,o,5.0,e,4.0,-2.06,51000000.0,0.018
1.0680050000000002e-07,o,2.0,e,2.0,-2.27,31700000.0,-0.029
1.0680540000000002e-07,o,0.0,e,1.0,-4.45,208000.0,0.0
1.0680770000000001e-07,e,2.0,o,3.0,-3.62,1380000.0,-0.06
1.068098e-07,o,2.0,e,2.0,-0.94,666000000.0,-0.264
1.0681240000000001e-07,o,1.0,e,1.0,-1.26,318000000.0,-0.358
1.068365e-07,o,5.0,e,5.0,-1.38,244000000.0,-0.019
1.068499e-07,o,2.0,e,2.0,-2.29,30000000.0,0.018
1.068588e-07,o,1.0,e,2.0,-3.53,1740000.0,0.029
1.068763e-07,o,4.0,e,3.0,-0.48,1940000000.0,-0.429
1.068802e-07,e,3.0,o,3.0,-2.38,24400000.0,0.274
1.0688789999999999e-07,o,1.0,e,1.0,-1.91,72200000.0,-0.018
1.0688800000000001e-07,o,3.0,e,4.0,0.13,7970000000.0,0.625
1.0688920000000001e-07,o,2.0,e,1.0,-2.57,15900000.0,0.033
1.0689000000000001e-07,o,3.0,e,3.0,-3.04,5380000.0,-0.008
1.0689369999999999e-07,o,6.0,e,7.0,-0.95,653000000.0,-0.014
1.06896e-07,o,6.0,e,6.0,-1.87,79400000.0,0.033
1.0690250000000001e-07,o,2.0,e,2.0,-2.34,26700000.0,-0.005
1.069268e-07,o,4.0,e,4.0,0.03,6210000000.0,-0.331
1.0693530000000001e-07,o,4.0,e,3.0,-0.8,914000000.0,0.184
1.069387e-07,o,4.0,e,3.0,-1.06,514000000.0,-0.07
1.069403e-07,o,1.0,e,2.0,-3.59,1490000.0,-0.001
1.0694949999999999e-07,o,3.0,e,2.0,-0.97,624000000.0,-0.355
1.069742e-07,o,2.0,e,3.0,-0.5,1840000000.0,-0.136
1.0698540000000001e-07,o,4.0,e,5.0,-1.46,202000000.0,0.012
1.0699760000000002e-07,o,4.0,e,5.0,0.12,7600000000.0,-0.518
1.070012e-07,o,3.0,e,4.0,-0.25,3280000000.0,-0.179
1.070039e-07,o,3.0,e,3.0,-0.38,2430000000.0,-0.305
1.0701140000000001e-07,o,2.0,e,1.0,-1.24,338000000.0,-0.382
1.0702750000000001e-07,o,1.0,e,2.0,-1.82,88300000.0,-0.07
1.070281e-07,o,3.0,e,2.0,-1.9,73900000.0,0.036
1.070317e-07,o,1.0,e,2.0,0.02,6130000000.0,-0.634
1.0704010000000002e-07,o,3.0,e,2.0,0.08,7010000000.0,-0.852
1.0705550000000002e-07,o,3.0,e,3.0,-3.58,1520000.0,-0.001
1.0706640000000001e-07,e,4.0,o,4.0,-1.59,149000000.0,-0.467
1.070733e-07,o,3.0,e,3.0,-3.26,3220000.0,-0.006
1.0707829999999999e-07,o,3.0,e,3.0,-1.01,571000000.0,-0.304
1.070866e-07,o,4.0,e,5.0,-2.58,15300000.0,-0.004
1.0709880000000001e-07,o,6.0,e,5.0,-0.16,4060000000.0,-0.799
1.07111e-07,o,2.0,e,3.0,-0.17,3930000000.0,0.51
1.0711320000000001e-07,o,4.0,e,5.0,-0.77,1010000000.0,-0.74
1.071165e-07,o,2.0,e,3.0,-1.94,66800000.0,0.128
1.071172e-07,o,3.0,e,2.0,-2.13,43500000.0,-0.296
1.0711730000000001e-07,o,4.0,e,3.0,-0.42,2220000000.0,-0.222
1.0711830000000001e-07,o,1.0,e,1.0,-2.67,12500000.0,-0.263
1.0711890000000002e-07,o,2.0,e,1.0,-2.58,15100000.0,0.097
1.0712919999999999e-07,o,5.0,e,5.0,-2.99,5950000.0,-0.023
1.071322e-07,o,6.0,e,5.0,-3.47,1990000.0,-0.078
1.071377e-07,o,3.0,e,4.0,-0.39,2340000000.0,0.363
1.0714069999999999e-07,o,2.0,e,2.0,-3.57,1590000.0,0.001
1.071645e-07,o,3.0,e,3.0,-1.37,246000000.0,-0.408
1.0717000000000001e-07,o,2.0,e,3.0,-3.7,1150000.0,0.0
1.071734e-07,e,4.0,o,3.0,-1.46,205000000.0,0.477
1.071865e-07,o,2.0,e,1.0,-0.16,4050000000.0,-0.881
1.071937e-07,e,1.0,o,0.0,-3.25,3310000.0,0.4
1.072077e-07,o,3.0,e,2.0,-4.15,415000.0,-0.027
1.072108e-07,o,4.0,e,3.0,-3.34,2620000.0,0.5
1.072346e-07,o,3.0,e,4.0,-1.72,110000000.0,-0.126
1.072347e-07,o,4.0,e,5.0,0.35,12900000000.0,-0.881
1.072384e-07,o,5.0,e,4.0,-0.91,728000000.0,-0.113
1.072426e-07,o,2.0,e,2.0,-2.75,10400000.0,-0.003
1.0724610000000001e-07,o,2.0,e,2.0,-3.89,739000.0,0.0
1.072528e-07,o,4.0,e,4.0,-0.5,1840000000.0,-0.33
1.072641e-07,o,5.0,e,4.0,-5.09,46800.0,0.0
1.0726479999999999e-07,o,3.0,e,4.0,-2.27,31200000.0,-0.01
1.0729269999999999e-07,e,3.0,o,4.0,-3.89,747000.0,-0.02
1.072934e-07,o,1.0,e,2.0,-1.54,168000000.0,-0.095
1.072952e-07,o,4.0,e,4.0,-2.38,24200000.0,-0.014
1.072975e-07,o,3.0,e,2.0,-3.53,1710000.0,0.001
1.0729770000000001e-07,o,4.0,e,3.0,-1.15,413000000.0,-0.233
1.073057e-07,o,3.0,e,2.0,-2.51,18400000.0,-0.076
1.073148e-07,o,5.0,e,5.0,-0.92,706000000.0,0.065
1.0732020000000001e-07,o,3.0,e,3.0,-1.6,146000000.0,-0.188
1.0732200000000001e-07,o,5.0,e,4.0,-0.85,810000000.0,-0.642
1.0732529999999999e-07,e,3.0,o,2.0,-2.93,6930000.0,-0.337
1.0734010000000001e-07,o,2.0,e,2.0,-3.02,5540000.0,-0.008
1.07353e-07,o,2.0,e,3.0,-0.98,607000000.0,0.415
1.0736310000000001e-07,o,6.0,e,7.0,0.72,30100000000.0,-0.916
1.0736790000000001e-07,o,4.0,e,3.0,-0.79,942000000.0,0.312
1.073694e-07,o,3.0,e,2.0,-3.42,2220000.0,0.002
1.0738789999999999e-07,o,5.0,e,6.0,-0.42,2220000000.0,-0.06
1.0738889999999999e-07,o,4.0,e,3.0,-0.95,650000000.0,-0.272
1.0740070000000001e-07,o,3.0,e,4.0,-2.56,16200000.0,0.021
1.0740760000000001e-07,o,1.0,e,2.0,-2.0,58500000.0,-0.027
1.074165e-07,o,1.0,e,1.0,-4.27,314000.0,0.0
1.0741780000000002e-07,o,4.0,e,4.0,0.06,6640000000.0,-0.447
1.0742670000000001e-07,e,2.0,o,3.0,-2.25,32900000.0,0.251
1.0744469999999999e-07,o,5.0,e,4.0,-4.61,143000.0,0.0
1.0744510000000001e-07,o,6.0,e,5.0,-1.93,67200000.0,0.042
1.074529e-07,o,3.0,e,4.0,-2.23,34400000.0,-0.005
1.0745480000000001e-07,o,5.0,e,6.0,0.62,23800000000.0,-0.908
1.0746510000000001e-07,o,4.0,e,5.0,-3.06,5070000.0,0.0
1.074664e-07,o,4.0,e,3.0,-2.97,6000000.0,-0.034
1.074686e-07,o,0.0,e,1.0,-2.49,18800000.0,-0.084
1.0747059999999999e-07,e,6.0,o,5.0,-0.81,900000000.0,0.439
1.0747670000000001e-07,o,2.0,e,3.0,-2.9,7240000.0,-0.349
1.0748130000000001e-07,o,3.0,e,4.0,0.41,14800000000.0,-0.807
1.074912e-07,o,3.0,e,3.0,0.07,6780000000.0,-0.639
1.075011e-07,o,3.0,e,3.0,-1.78,95900000.0,-0.011
1.075263e-07,o,2.0,e,1.0,-0.43,2190000000.0,-0.671
1.075302e-07,o,2.0,e,3.0,-1.06,498000000.0,0.152
1.075416e-07,o,4.0,e,3.0,-1.89,74300000.0,-0.525
1.075463e-07,o,2.0,e,3.0,-0.14,4160000000.0,0.535
1.0754949999999999e-07,o,5.0,e,5.0,-0.79,932000000.0,-0.105
1.075511e-07,o,2.0,e,2.0,-0.7,1160000000.0,0.186
1.0755860000000001e-07,e,3.0,o,4.0,-1.95,64900000.0,0.313
1.075638e-07,o,4.0,e,5.0,0.5,18100000000.0,-0.751
1.0757950000000001e-07,o,5.0,e,4.0,-2.55,16200000.0,-0.179
1.0758320000000002e-07,e,2.0,o,2.0,-2.9,7290000.0,-0.075
1.075845e-07,o,2.0,e,3.0,-1.76,99100000.0,-0.06
1.0758730000000001e-07,o,1.0,e,1.0,-3.46,1960000.0,-0.003
1.0758800000000001e-07,o,2.0,e,3.0,-3.18,3790000.0,-0.058
1.0758889999999999e-07,o,2.0,e,3.0,-2.08,47200000.0,-0.007
1.0759469999999999e-07,o,2.0,e,3.0,-1.52,177000000.0,-0.675
1.07595e-07,o,3.0,e,4.0,-3.33,2700000.0,-0.074
1.075966e-07,e,3.0,o,3.0,-5.83,8380.0,0.0
1.076097e-07,o,5.0,e,6.0,-2.24,33500000.0,-0.001
1.076202e-07,o,4.0,e,4.0,-0.77,984000000.0,-0.565
1.0762650000000001e-07,o,2.0,e,2.0,-2.98,6070000.0,0.034
1.0762850000000002e-07,o,3.0,e,3.0,-2.78,9610000.0,-0.008
1.076396e-07,e,5.0,o,4.0,-3.1,4600000.0,0.196
1.076738e-07,o,3.0,e,3.0,-0.33,2700000000.0,0.735
1.0769829999999999e-07,e,2.0,o,2.0,-3.27,3100000.0,-0.016
1.0770350000000001e-07,o,2.0,e,3.0,-4.66,122000.0,0.0
1.077052e-07,o,3.0,e,2.0,-2.67,12100000.0,-0.025
1.0771079999999999e-07,o,3.0,e,4.0,-0.89,743000000.0,-0.113
1.0773050000000001e-07,o,3.0,e,4.0,0.48,17300000000.0,0.862
1.0776050000000001e-07,o,5.0,e,6.0,-2.24,32900000.0,-0.073
1.0776620000000001e-07,o,2.0,e,3.0,0.23,9720000000.0,-0.625
1.0777200000000001e-07,o,6.0,e,5.0,-1.14,415000000.0,0.577
1.0777550000000001e-07,o,3.0,e,2.0,-2.1,45700000.0,0.433
1.077903e-07,o,2.0,e,3.0,-2.57,15500000.0,-0.009
1.078104e-07,o,1.0,e,2.0,-3.44,2040000.0,-0.002
1.078125e-07,o,1.0,e,2.0,-1.08,471000000.0,-0.353
1.078149e-07,o,4.0,e,3.0,-2.44,21000000.0,-0.028
1.078211e-07,e,4.0,o,3.0,-0.96,628000000.0,0.441
1.07829e-07,o,2.0,e,3.0,-1.42,219000000.0,-0.062
1.0786800000000001e-07,o,4.0,e,3.0,-1.22,345000000.0,0.177
1.0786959999999999e-07,o,2.0,e,2.0,-3.02,5430000.0,-0.114
1.078773e-07,o,3.0,e,4.0,0.34,12600000000.0,-0.659
1.078984e-07,o,3.0,e,3.0,-0.03,5340000000.0,-0.646
1.079184e-07,o,3.0,e,3.0,-1.3,290000000.0,0.197
1.0792070000000001e-07,o,6.0,e,5.0,-3.69,1170000.0,0.006
1.0792290000000001e-07,o,3.0,e,2.0,-1.49,185000000.0,-0.106
1.079377e-07,o,3.0,e,2.0,-0.53,1720000000.0,-0.727
1.079401e-07,o,2.0,e,3.0,-1.9,72600000.0,0.159
1.0794140000000001e-07,o,1.0,e,2.0,-0.25,3260000000.0,-0.453
1.079433e-07,o,2.0,e,3.0,-3.63,1350000.0,0.0
1.0796189999999999e-07,o,2.0,e,1.0,-3.68,1190000.0,0.298
1.079821e-07,o,6.0,e,6.0,0.51,18400000000.0,-0.799
1.080029e-07,o,4.0,e,4.0,-3.06,5010000.0,-0.001
1.080097e-07,o,5.0,e,5.0,0.43,15300000000.0,-0.752
1.0801340000000001e-07,e,3.0,o,2.0,-2.41,22200000.0,0.113
1.0802180000000002e-07,o,3.0,e,3.0,-2.63,13300000.0,-0.056
1.0802200000000001e-07,e,4.0,o,5.0,-1.88,75500000.0,0.329
1.0802739999999999e-07,o,1.0,e,1.0,-1.99,57800000.0,0.085
1.080279e-07,o,3.0,e,2.0,-0.83,860000000.0,0.179
1.080509e-07,o,3.0,e,4.0,-0.74,1040000000.0,-0.55
1.080523e-07,o,2.0,e,2.0,-0.68,1210000000.0,-0.697
1.08055e-07,e,2.0,o,1.0,-1.84,82600000.0,0.373
1.0805809999999999e-07,e,1.0,o,1.0,-2.31,27900000.0,0.091
1.080588e-07,e,3.0,o,2.0,-2.85,8050000.0,0.139
1.080624e-07,o,3.0,e,2.0,-1.82,86000000.0,-0.169
1.080679e-07,o,4.0,e,4.0,-1.36,255000000.0,-0.025
1.080749e-07,o,1.0,e,2.0,-2.94,6620000.0,-0.106
1.080831e-07,e,3.0,o,4.0,-1.84,82300000.0,0.217
1.081397e-07,o,5.0,e,4.0,-2.03,53200000.0,0.337
1.0815440000000001e-07,o,5.0,e,4.0,-2.99,5800000.0,0.034
1.081649e-07,e,5.0,o,4.0,-1.44,207000000.0,0.298
1.081666e-07,o,3.0,e,3.0,-1.76,97400000.0,0.086
1.0818920000000001e-07,o,3.0,e,3.0,-1.77,97700000.0,0.081
1.0819280000000001e-07,o,1.0,e,2.0,-0.71,1110000000.0,0.361
1.081975e-07,o,4.0,e,3.0,-2.61,13900000.0,0.067
1.0821040000000001e-07,e,1.0,o,2.0,-1.8,89400000.0,-0.303
1.0821199999999999e-07,o,3.0,e,4.0,-2.07,48900000.0,0.11
1.0821630000000001e-07,o,2.0,e,1.0,-2.39,23000000.0,-0.089
1.0822000000000001e-07,e,2.0,o,3.0,-2.24,33100000.0,0.168
1.082271e-07,o,3.0,e,2.0,-1.4,226000000.0,-0.2
1.0823810000000001e-07,e,3.0,o,4.0,-2.71,11100000.0,0.303
1.082433e-07,o,4.0,e,3.0,-3.96,629000.0,-0.004
1.082454e-07,o,3.0,e,3.0,-0.68,1210000000.0,-0.254
1.082531e-07,e,2.0,o,1.0,-4.63,133000.0,0.002
1.08256e-07,o,4.0,e,4.0,-1.1,449000000.0,0.234
1.082606e-07,e,5.0,o,5.0,-1.81,87600000.0,-0.494
1.0826900000000001e-07,o,5.0,e,4.0,-1.85,80100000.0,0.394
1.0827280000000001e-07,o,4.0,e,5.0,-1.21,351000000.0,-0.021
1.0827539999999999e-07,o,2.0,e,3.0,-0.38,2400000000.0,-0.389
1.0827770000000001e-07,o,3.0,e,3.0,-0.89,741000000.0,0.125
1.082985e-07,e,3.0,o,4.0,-2.04,51500000.0,0.253
1.0829980000000001e-07,o,5.0,e,5.0,-3.04,5170000.0,0.032
1.0831710000000001e-07,o,2.0,e,3.0,-3.58,1500000.0,0.005
1.0832300000000001e-07,o,5.0,e,4.0,-2.16,39900000.0,0.104
1.083393e-07,o,3.0,e,3.0,-1.42,215000000.0,0.15
1.0834000000000002e-07,o,5.0,e,5.0,-1.59,144000000.0,-0.194
1.083404e-07,o,2.0,e,2.0,-2.87,7690000.0,0.003
1.0835499999999999e-07,o,3.0,e,3.0,-2.05,50500000.0,-0.016
1.0835630000000001e-07,o,4.0,e,5.0,-0.06,4980000000.0,-0.709
1.0835889999999999e-07,o,2.0,e,2.0,-0.22,3440000000.0,-0.589
1.083606e-07,o,2.0,e,3.0,-2.99,5870000.0,0.011
1.083694e-07,o,3.0,e,2.0,-5.49,18300.0,0.0
1.083839e-07,o,4.0,e,5.0,-1.37,244000000.0,-0.056
1.0840360000000001e-07,o,5.0,e,5.0,-2.21,35400000.0,-0.003
1.084086e-07,o,3.0,e,2.0,-2.38,24100000.0,-0.08
1.08422e-07,o,4.0,e,4.0,-2.12,43200000.0,-0.127
1.084328e-07,o,3.0,e,2.0,-2.36,24600000.0,-0.009
1.0843460000000001e-07,o,3.0,e,4.0,-5.8,9020.0,0.0
1.084421e-07,o,2.0,e,2.0,-1.89,72500000.0,0.051
1.084499e-07,o,4.0,e,3.0,-4.74,102000.0,-0.002
1.0846780000000002e-07,o,2.0,e,3.0,-0.51,1770000000.0,0.778
1.0847030000000001e-07,o,3.0,e,3.0,-3.48,1910000.0,-0.016
1.084743e-07,e,1.0,o,2.0,-3.71,1100000.0,0.01
1.08477e-07,e,3.0,o,3.0,-1.47,195000000.0,0.377
1.084926e-07,o,3.0,e,3.0,-2.23,33500000.0,0.021
1.084935e-07,o,2.0,e,2.0,-3.18,3770000.0,-0.283
1.085067e-07,o,3.0,e,2.0,-1.18,372000000.0,-0.599
1.085205e-07,o,6.0,e,7.0,-1.36,247000000.0,-0.137
1.0854090000000001e-07,o,3.0,e,2.0,-3.39,2310000.0,0.013
1.0855239999999999e-07,o,5.0,e,6.0,-1.26,308000000.0,-0.119
1.0855280000000001e-07,o,2.0,e,2.0,-1.33,265000000.0,-0.159
1.0856140000000001e-07,o,6.0,e,6.0,-2.72,10800000.0,-0.028
1.0857490000000001e-07,o,4.0,e,3.0,-2.28,29500000.0,-0.614
1.085819e-07,o,4.0,e,3.0,-2.92,6790000.0,-0.009
1.08599e-07,o,1.0,e,2.0,-0.94,645000000.0,0.276
1.085994e-07,o,4.0,e,5.0,-0.93,665000000.0,0.123
1.0860830000000002e-07,o,2.0,e,3.0,-2.63,13400000.0,-0.046
1.0861780000000002e-07,o,4.0,e,3.0,-1.83,83300000.0,0.036
1.0864159999999999e-07,o,4.0,e,4.0,-2.82,8490000.0,-0.177
1.086423e-07,o,3.0,e,4.0,-1.34,263000000.0,-0.053
1.0865640000000001e-07,o,2.0,e,3.0,-0.26,3060000000.0,0.47
1.0865699999999999e-07,o,1.0,e,1.0,-3.67,1220000.0,0.001
1.086579e-07,o,3.0,e,3.0,-1.6,144000000.0,0.072
1.086607e-07,o,2.0,e,1.0,-2.84,8220000.0,-0.024
1.086684e-07,o,1.0,e,2.0,-2.02,54300000.0,0.012
1.0868730000000002e-07,o,3.0,e,3.0,-1.64,131000000.0,0.426
1.0868840000000001e-07,e,4.0,o,4.0,-4.1,444000.0,-0.028
1.086915e-07,o,2.0,e,3.0,-2.22,33800000.0,-0.009
1.0869570000000002e-07,o,4.0,e,5.0,-3.25,3200000.0,-0.001
1.0871010000000002e-07,o,3.0,e,4.0,-1.94,65100000.0,-0.017
1.08723e-07,o,1.0,e,2.0,-2.25,32000000.0,0.047
1.0872460000000001e-07,o,3.0,e,4.0,-2.38,23500000.0,0.018
1.087319e-07,o,4.0,e,5.0,-2.42,21500000.0,0.23
1.0874600000000001e-07,o,3.0,e,4.0,-1.8,88600000.0,-0.017
1.087529e-07,o,3.0,e,3.0,-1.33,262000000.0,-0.076
1.087607e-07,o,4.0,e,5.0,-2.84,8110000.0,-0.001
1.087816e-07,o,5.0,e,4.0,-2.86,7690000.0,0.03
1.087913e-07,o,2.0,e,1.0,-2.81,8770000.0,-0.088
1.0882729999999999e-07,o,4.0,e,4.0,-3.33,2650000.0,-0.018
1.0883e-07,o,1.0,e,1.0,-4.76,98800.0,0.0
1.0883550000000001e-07,o,2.0,e,2.0,-1.28,289000000.0,0.172
1.088479e-07,o,3.0,e,2.0,-2.63,13400000.0,0.006
1.088503e-07,o,3.0,e,4.0,-1.05,500000000.0,-0.083
1.0885599999999999e-07,o,4.0,e,5.0,-1.81,87900000.0,0.107
1.0886210000000002e-07,o,0.0,e,1.0,-1.75,100000000.0,-0.056
1.088668e-07,o,4.0,e,3.0,-1.24,321000000.0,-0.235
1.0888309999999999e-07,o,2.0,e,3.0,-1.21,341000000.0,0.073
1.0888510000000002e-07,e,3.0,o,2.0,-3.19,3700000.0,0.064
1.088883e-07,o,2.0,e,2.0,-2.02,54000000.0,0.027
1.089004e-07,o,3.0,e,3.0,-4.37,232000.0,0.001
1.0891420000000002e-07,o,4.0,e,3.0,-0.83,831000000.0,0.632
1.0891569999999999e-07,o,3.0,e,4.0,-3.07,4820000.0,-0.001
1.0891600000000001e-07,o,2.0,e,2.0,-1.49,181000000.0,0.445
1.0891959999999999e-07,o,3.0,e,2.0,-0.43,2100000000.0,0.271
1.0895219999999999e-07,o,4.0,e,3.0,-3.96,623000.0,0.041
1.0895450000000001e-07,e,2.0,o,3.0,-4.42,213000.0,-0.004
1.089617e-07,o,2.0,e,2.0,-2.04,50900000.0,-0.036
1.0896300000000002e-07,o,3.0,e,4.0,-1.17,377000000.0,-0.285
1.0897180000000001e-07,o,2.0,e,3.0,-1.12,423000000.0,-0.467
1.0898520000000002e-07,o,1.0,e,1.0,-1.37,242000000.0,0.894
1.089923e-07,e,2.0,o,1.0,-1.85,78800000.0,0.452
1.0899680000000001e-07,o,2.0,e,2.0,-1.81,87100000.0,0.055
1.0900950000000001e-07,e,3.0,o,3.0,-1.42,211000000.0,-0.476
1.090099e-07,o,5.0,e,5.0,-2.64,12900000.0,0.01
1.09019e-07,o,3.0,e,2.0,-2.36,24900000.0,0.155
1.090272e-07,o,3.0,e,3.0,-0.17,3800000000.0,-0.611
1.0903019999999999e-07,o,4.0,e,5.0,-3.96,617000.0,-0.007
1.0903589999999999e-07,o,5.0,e,4.0,-2.4,22200000.0,0.166
1.0903879999999999e-07,o,6.0,e,6.0,-3.09,4550000.0,0.178
1.0904839999999999e-07,o,3.0,e,3.0,-2.11,43800000.0,-0.233
1.090514e-07,o,3.0,e,3.0,-1.26,306000000.0,0.121
1.090584e-07,o,1.0,e,2.0,-2.6,14200000.0,-0.02
1.0907170000000001e-07,o,4.0,e,3.0,-2.71,10900000.0,-0.026
1.090772e-07,e,3.0,o,2.0,-4.68,116000.0,-0.002
1.0908530000000002e-07,e,1.0,o,2.0,-3.79,902000.0,0.004
1.091052e-07,o,2.0,e,1.0,-0.54,1630000000.0,0.403
1.091087e-07,o,6.0,e,5.0,-3.37,2360000.0,-0.019
1.091171e-07,o,3.0,e,2.0,-2.13,41200000.0,-0.047
1.0913440000000001e-07,o,4.0,e,3.0,-1.42,215000000.0,0.261
1.091398e-07,o,2.0,e,3.0,-2.61,13700000.0,-0.003
1.091608e-07,o,3.0,e,3.0,-0.75,988000000.0,-0.21
1.09162e-07,o,3.0,e,3.0,-2.65,12400000.0,0.063
1.091647e-07,e,3.0,o,2.0,-1.09,455000000.0,0.468
1.0917280000000001e-07,o,5.0,e,6.0,-2.0,55500000.0,-0.093
1.0918260000000001e-07,e,3.0,o,3.0,-2.44,20400000.0,-0.171
1.091924e-07,o,2.0,e,1.0,-2.1,45000000.0,-0.835
1.0920930000000001e-07,e,2.0,o,1.0,-2.36,24400000.0,0.118
1.092225e-07,o,2.0,e,2.0,-1.38,233000000.0,0.088
1.092241e-07,e,4.0,o,4.0,-2.46,19500000.0,-0.274
1.0923030000000001e-07,o,5.0,e,4.0,-3.01,5530000.0,-0.021
1.0924280000000001e-07,o,2.0,e,3.0,-2.92,6770000.0,0.001
1.092451e-07,o,4.0,e,3.0,-3.46,1950000.0,-0.068
1.0924680000000001e-07,o,4.0,e,5.0,-1.33,260000000.0,0.433
1.092675e-07,o,2.0,e,3.0,-2.21,34900000.0,0.096
1.092711e-07,o,3.0,e,3.0,-2.14,40400000.0,-0.04
1.092723e-07,o,3.0,e,2.0,-3.34,2550000.0,-0.042
1.092914e-07,o,5.0,e,5.0,-4.43,210000.0,0.001
1.092973e-07,e,3.0,o,3.0,-1.62,135000000.0,0.149
1.0930050000000002e-07,o,5.0,e,4.0,-3.46,1940000.0,0.109
1.0932090000000001e-07,o,4.0,e,4.0,-3.67,1190000.0,0.002
1.093216e-07,e,4.0,o,5.0,-3.49,1800000.0,0.108
1.093239e-07,o,3.0,e,3.0,-2.24,32000000.0,0.042
1.0932739999999999e-07,o,3.0,e,2.0,-4.03,517000.0,-0.001
1.093347e-07,o,4.0,e,4.0,-1.5,177000000.0,-0.113
1.093359e-07,o,5.0,e,5.0,-2.13,40900000.0,0.044
1.093626e-07,o,2.0,e,3.0,-3.04,5150000.0,0.309
1.0936479999999999e-07,e,2.0,o,2.0,-1.7,112000000.0,0.17
1.0936990000000001e-07,o,5.0,e,4.0,-2.46,19200000.0,-0.084
1.093781e-07,o,1.0,e,1.0,-2.24,31900000.0,-0.044
1.093807e-07,o,0.0,e,1.0,-1.19,363000000.0,0.655
1.093896e-07,o,5.0,e,4.0,-0.09,4510000000.0,-0.675
1.0939200000000002e-07,o,5.0,e,5.0,-2.55,15800000.0,-0.306
1.093959e-07,o,2.0,e,1.0,-0.7,1120000000.0,0.584
1.0941220000000001e-07,o,3.0,e,3.0,-0.9,706000000.0,0.463
1.0941669999999999e-07,o,4.0,e,5.0,-0.3,2770000000.0,-0.289
1.0941900000000001e-07,o,1.0,e,2.0,-2.44,20100000.0,0.118
1.094285e-07,e,2.0,o,2.0,-3.91,682000.0,-0.013
1.094339e-07,o,2.0,e,3.0,-1.81,83600000.0,0.049
1.094418e-07,o,5.0,e,6.0,-1.66,122000000.0,-0.077
1.094509e-07,e,3.0,o,2.0,-3.55,1570000.0,0.017
1.094513e-07,o,3.0,e,4.0,-3.62,1350000.0,-0.001
1.094685e-07,o,4.0,e,4.0,-3.62,1350000.0,0.0
1.094685e-07,o,4.0,e,3.0,-1.05,501000000.0,-0.409
1.0947460000000001e-07,o,4.0,e,4.0,-0.92,689000000.0,-0.223
1.094761e-07,o,5.0,e,4.0,-4.36,243000.0,-0.002
1.0948240000000001e-07,o,3.0,e,4.0,-0.61,1370000000.0,-0.879
1.0949200000000001e-07,o,2.0,e,1.0,-2.13,41000000.0,0.518
1.0949320000000001e-07,o,1.0,e,2.0,-1.8,88000000.0,-0.025
1.095042e-07,o,5.0,e,5.0,-0.43,2030000000.0,-0.655
1.095183e-07,o,2.0,e,3.0,-1.26,300000000.0,0.091
1.0952090000000001e-07,o,3.0,e,3.0,-3.81,856000.0,-0.001
1.0954549999999999e-07,o,3.0,e,3.0,-2.11,43500000.0,0.024
1.095565e-07,o,2.0,e,2.0,-3.63,1310000.0,0.004
1.095607e-07,e,1.0,o,1.0,-2.14,40300000.0,-0.443
1.095922e-07,o,3.0,e,2.0,-2.48,18500000.0,-0.206
1.096019e-07,o,1.0,e,2.0,-1.11,428000000.0,-0.838
1.09605e-07,o,3.0,e,2.0,-2.79,9110000.0,0.27
1.096084e-07,o,2.0,e,3.0,-2.92,6770000.0,-0.008
1.0960870000000001e-07,o,1.0,e,2.0,-4.17,376000.0,0.0
1.0961410000000001e-07,o,3.0,e,4.0,-4.27,294000.0,0.0
1.096203e-07,o,5.0,e,6.0,-1.73,104000000.0,-0.159
1.096264e-07,e,4.0,o,3.0,-1.96,60500000.0,0.34
1.096271e-07,o,2.0,e,3.0,-2.46,19200000.0,0.009
1.096408e-07,o,3.0,e,2.0,-4.51,170000.0,0.001
1.096636e-07,o,5.0,e,6.0,-3.13,4100000.0,0.001
1.096685e-07,o,0.0,e,1.0,-1.26,307000000.0,-0.898
1.0967950000000001e-07,o,3.0,e,2.0,-2.58,14500000.0,-0.026
1.096995e-07,o,3.0,e,3.0,-0.83,828000000.0,0.141
1.097058e-07,o,2.0,e,3.0,-2.74,9930000.0,-0.007
1.0970830000000001e-07,o,2.0,e,3.0,-3.12,4150000.0,0.068
1.097085e-07,e,2.0,o,1.0,-4.38,233000.0,-0.002
1.097231e-07,o,2.0,e,2.0,-4.09,455000.0,0.007
1.0974860000000002e-07,e,2.0,o,1.0,-2.48,18200000.0,-0.233
1.0975719999999999e-07,e,1.0,o,0.0,-4.09,448000.0,-0.013
1.0976110000000002e-07,o,5.0,e,4.0,0.0,5560000000.0,-0.771
1.0978660000000001e-07,o,3.0,e,4.0,-1.4,219000000.0,-0.067
1.0979200000000001e-07,o,5.0,e,5.0,-1.85,78100000.0,-0.158
1.0980239999999999e-07,o,2.0,e,2.0,-2.07,47400000.0,0.066
1.0981140000000001e-07,o,2.0,e,2.0,-1.13,415000000.0,0.902
1.098184e-07,e,4.0,o,3.0,-2.88,7230000.0,0.07
1.098302e-07,o,7.0,e,6.0,-3.22,3330000.0,0.131
1.098598e-07,o,3.0,e,3.0,-2.34,25500000.0,-0.159
1.09878e-07,o,2.0,e,2.0,-1.92,66700000.0,0.189
1.098888e-07,e,2.0,o,3.0,-2.39,22300000.0,0.394
1.0991440000000001e-07,o,3.0,e,4.0,-4.51,171000.0,0.0
1.099399e-07,o,1.0,e,2.0,-1.98,57600000.0,-0.025
1.099404e-07,o,2.0,e,2.0,-0.74,1010000000.0,-0.456
1.0994570000000002e-07,o,3.0,e,4.0,-0.77,940000000.0,-0.215
1.0994870000000001e-07,o,3.0,e,2.0,-1.71,107000000.0,0.095
1.099596e-07,o,1.0,e,2.0,-2.33,25800000.0,0.156
1.0996890000000002e-07,o,3.0,e,2.0,-2.11,42900000.0,-0.718
1.099763e-07,o,4.0,e,3.0,-0.78,914000000.0,-0.786
1.0997850000000001e-07,o,2.0,e,3.0,-3.23,3280000.0,0.04
1.0999490000000001e-07,o,6.0,e,6.0,-2.01,53600000.0,0.035
1.100403e-07,o,1.0,e,1.0,-0.19,3530000000.0,-0.582
1.1004320000000001e-07,o,3.0,e,4.0,-3.68,1180000.0,0.0
1.1004549999999999e-07,o,3.0,e,4.0,-3.44,2020000.0,0.043
1.1004649999999999e-07,e,2.0,o,2.0,-1.41,212000000.0,-0.512
1.100558e-07,o,2.0,e,2.0,-1.1,442000000.0,-0.158
1.1006030000000001e-07,o,4.0,e,3.0,-3.89,708000.0,-0.002
1.1006479999999999e-07,o,4.0,e,5.0,-2.95,6230000.0,-0.01
1.100839e-07,o,4.0,e,4.0,-1.87,75000000.0,0.484
1.100932e-07,o,4.0,e,4.0,-1.73,102000000.0,-0.064
1.100981e-07,o,4.0,e,5.0,-0.68,1150000000.0,-0.561
1.101008e-07,o,5.0,e,6.0,-2.09,44500000.0,0.12
1.1010850000000001e-07,o,5.0,e,6.0,0.33,11500000000.0,-0.838
1.101119e-07,o,3.0,e,4.0,-3.0,5530000.0,-0.003
1.101126e-07,o,3.0,e,3.0,-2.97,5930000.0,0.005
1.101147e-07,o,2.0,e,3.0,-0.49,1760000000.0,-0.509
1.1011530000000001e-07,o,6.0,e,5.0,-2.79,8960000.0,-0.029
1.101234e-07,o,1.0,e,1.0,-1.23,322000000.0,0.51
1.101356e-07,e,3.0,o,4.0,-2.0,55300000.0,-0.324
1.101415e-07,e,1.0,o,0.0,-1.54,160000000.0,0.52
1.101445e-07,o,1.0,e,2.0,-1.42,210000000.0,0.103
1.1014890000000001e-07,o,3.0,e,2.0,-2.05,49400000.0,0.096
1.1018930000000001e-07,o,6.0,e,5.0,0.38,13100000000.0,-0.889
1.101981e-07,o,2.0,e,3.0,-2.6,13900000.0,-0.004
1.102013e-07,o,3.0,e,3.0,0.28,10400000000.0,-0.733
1.1022049999999999e-07,e,5.0,o,4.0,-0.94,632000000.0,0.45
1.102221e-07,o,5.0,e,5.0,-1.53,160000000.0,0.176
1.1022539999999999e-07,o,4.0,e,3.0,-1.59,143000000.0,-0.726
1.1023320000000002e-07,o,4.0,e,4.0,-1.0,541000000.0,0.33
1.102435e-07,o,4.0,e,3.0,-2.83,8140000.0,0.282
1.1025039999999999e-07,o,1.0,e,1.0,-1.86,75000000.0,0.696
1.102577e-07,e,2.0,o,1.0,-1.39,223000000.0,0.468
1.102586e-07,e,2.0,o,2.0,-2.39,22200000.0,0.106
1.1025950000000001e-07,o,2.0,e,3.0,-1.17,369000000.0,0.173
1.1026310000000002e-07,o,2.0,e,2.0,-2.38,22500000.0,0.015
1.1030090000000001e-07,o,2.0,e,2.0,-0.04,5060000000.0,-0.469
1.1030889999999999e-07,o,2.0,e,3.0,-2.81,8520000.0,-0.032
1.1033170000000001e-07,e,3.0,o,3.0,-4.56,152000.0,0.009
1.10349e-07,o,3.0,e,4.0,-0.02,5280000000.0,-0.239
1.103734e-07,e,4.0,o,4.0,-2.65,12300000.0,-0.087
1.1037600000000001e-07,o,5.0,e,5.0,-3.61,1350000.0,0.166
1.1039960000000001e-07,o,3.0,e,4.0,-2.08,46000000.0,0.082
1.104012e-07,o,2.0,e,3.0,-1.58,146000000.0,-0.102
1.104251e-07,o,4.0,e,3.0,-2.19,35700000.0,0.574
1.1043180000000001e-07,o,0.0,e,1.0,-3.95,608000.0,-0.007
1.104329e-07,o,2.0,e,3.0,-2.16,37400000.0,0.174
1.104413e-07,o,4.0,e,5.0,-3.08,4580000.0,-0.12
1.104416e-07,o,4.0,e,4.0,-2.93,6470000.0,-0.18
1.1046420000000001e-07,e,4.0,o,3.0,-2.14,39400000.0,-0.254
1.104664e-07,o,4.0,e,3.0,-2.36,24100000.0,-0.113
1.104695e-07,o,4.0,e,4.0,-1.41,213000000.0,-0.165
1.1047290000000001e-07,e,2.0,o,2.0,-2.77,9240000.0,0.088
1.1047390000000001e-07,o,3.0,e,2.0,-3.3,2720000.0,-0.036
1.1047670000000001e-07,o,6.0,e,7.0,-0.87,736000000.0,-0.536
1.1049570000000001e-07,e,1.0,o,1.0,-3.88,728000.0,-0.008
1.1051600000000001e-07,o,2.0,e,3.0,-1.25,308000000.0,0.261
1.105267e-07,o,3.0,e,3.0,-3.4,2170000.0,0.069
1.1053240000000001e-07,e,4.0,o,5.0,-3.61,1340000.0,-0.005
1.1053499999999999e-07,o,4.0,e,5.0,-4.79,89100.0,0.008
1.1054110000000002e-07,o,2.0,e,2.0,-1.59,140000000.0,-0.144
1.105437e-07,o,3.0,e,2.0,-3.41,2110000.0,-0.077
1.105507e-07,o,5.0,e,6.0,0.32,11300000000.0,-0.824
1.105521e-07,o,1.0,e,1.0,-0.74,1010000000.0,-0.356
1.1057149999999999e-07,o,4.0,e,4.0,-2.73,10200000.0,-0.01
1.1057290000000001e-07,o,3.0,e,3.0,-2.41,21100000.0,-0.255
1.1057970000000001e-07,o,3.0,e,3.0,-4.18,357000.0,0.0
1.105811e-07,e,2.0,o,3.0,-3.28,2870000.0,0.087
1.106055e-07,o,3.0,e,2.0,-1.95,60400000.0,-0.166
1.106164e-07,o,3.0,e,3.0,-3.63,1290000.0,-0.001
1.106235e-07,o,6.0,e,5.0,-3.2,3410000.0,0.008
1.10626e-07,e,1.0,o,2.0,-2.38,22400000.0,0.486
1.1063510000000002e-07,o,4.0,e,3.0,-2.96,6030000.0,-0.005
1.1065550000000001e-07,o,4.0,e,5.0,-1.95,61200000.0,-0.014
1.106754e-07,o,2.0,e,3.0,-2.38,22600000.0,-0.012
1.106812e-07,e,2.0,o,3.0,-1.33,255000000.0,-0.333
1.1068800000000002e-07,o,2.0,e,3.0,-0.86,743000000.0,0.31
1.1070180000000001e-07,o,3.0,e,2.0,-2.16,38300000.0,0.038
1.1070840000000001e-07,o,4.0,e,3.0,-2.02,52300000.0,-0.233
1.1071389999999999e-07,o,2.0,e,2.0,-1.08,455000000.0,0.215
1.1074380000000002e-07,o,2.0,e,3.0,-0.86,745000000.0,-0.151
1.107443e-07,e,3.0,o,3.0,-3.66,1190000.0,-0.026
1.107485e-07,o,3.0,e,2.0,-1.84,79700000.0,-0.103
1.107531e-07,o,3.0,e,2.0,-3.28,2870000.0,-0.054
1.107607e-07,e,4.0,o,3.0,-4.01,526000.0,0.004
1.1076700000000002e-07,o,2.0,e,1.0,-0.75,969000000.0,0.548
1.107683e-07,o,2.0,e,1.0,-3.1,4290000.0,0.028
1.1078320000000002e-07,o,5.0,e,5.0,-0.88,717000000.0,-0.298
1.1078420000000002e-07,o,1.0,e,2.0,-2.12,41100000.0,0.019
1.107844e-07,e,2.0,o,3.0,-4.36,239000.0,-0.003
1.107858e-07,o,5.0,e,4.0,-1.17,367000000.0,0.388
1.1078630000000001e-07,o,2.0,e,3.0,-0.81,845000000.0,-0.856
1.1079100000000002e-07,o,5.0,e,4.0,-0.75,955000000.0,-0.632
1.1079469999999999e-07,o,3.0,e,3.0,-3.94,630000.0,-0.008
1.1079680000000001e-07,e,3.0,o,2.0,-3.85,768000.0,-0.051
1.108028e-07,o,3.0,e,3.0,-2.95,6090000.0,-0.05
1.1080519999999999e-07,o,3.0,e,4.0,-1.47,184000000.0,-0.146
1.10817e-07,o,2.0,e,2.0,-2.34,24800000.0,0.414
1.108252e-07,o,4.0,e,4.0,-2.27,29100000.0,0.087
1.108394e-07,e,1.0,o,1.0,-1.65,121000000.0,-0.504
1.1085050000000002e-07,o,4.0,e,4.0,-1.7,109000000.0,-0.297
1.1085930000000002e-07,o,4.0,e,3.0,-0.65,1200000000.0,0.585
1.1087739999999999e-07,o,0.0,e,1.0,-1.9,68000000.0,0.194
1.108816e-07,o,1.0,e,2.0,-1.57,146000000.0,-0.708
1.109062e-07,o,1.0,e,2.0,-3.52,1650000.0,-0.019
1.109077e-07,o,2.0,e,3.0,-1.83,81400000.0,-0.082
1.109307e-07,o,2.0,e,1.0,-3.2,3430000.0,0.46
1.1093440000000001e-07,o,3.0,e,4.0,-1.76,93900000.0,0.577
1.1093689999999999e-07,o,6.0,e,6.0,-1.64,123000000.0,0.185
1.109465e-07,o,3.0,e,3.0,-1.15,384000000.0,0.87
1.109606e-07,o,4.0,e,3.0,-2.97,5810000.0,0.074
1.1098470000000001e-07,o,5.0,e,4.0,-3.97,581000.0,-0.006
1.1100280000000001e-07,o,3.0,e,3.0,-0.79,871000000.0,-0.296
1.1100280000000001e-07,o,3.0,e,2.0,-3.13,4030000.0,0.068
1.110029e-07,o,3.0,e,4.0,-3.29,2770000.0,-0.018
1.110214e-07,o,4.0,e,3.0,-3.52,1630000.0,-0.061
1.1102449999999999e-07,o,3.0,e,4.0,-2.7,10900000.0,-0.008
1.11026e-07,o,4.0,e,4.0,-1.67,116000000.0,-0.087
1.1103330000000002e-07,o,4.0,e,3.0,-4.35,236000.0,-0.002
1.1103989999999999e-07,o,1.0,e,2.0,-1.13,401000000.0,0.24
1.110451e-07,o,2.0,e,2.0,-4.78,90000.0,-0.001
1.110453e-07,o,3.0,e,3.0,-1.25,305000000.0,0.17
1.1104570000000001e-07,e,2.0,o,1.0,-4.3,270000.0,-0.034
1.1105840000000001e-07,o,3.0,e,4.0,-2.24,31300000.0,0.029
1.1107850000000001e-07,o,6.0,e,7.0,-1.95,60900000.0,0.014
1.1108910000000002e-07,o,4.0,e,5.0,-2.61,13300000.0,0.01
1.11097e-07,o,3.0,e,2.0,-1.69,108000000.0,0.181
1.111081e-07,o,1.0,e,2.0,-1.67,116000000.0,0.04
1.1111230000000001e-07,o,2.0,e,2.0,-3.84,787000.0,0.001
1.1111250000000001e-07,e,3.0,o,2.0,-3.5,1690000.0,0.021
1.1111790000000001e-07,o,5.0,e,5.0,-1.59,139000000.0,-0.197
1.1112570000000001e-07,o,2.0,e,1.0,-2.56,15000000.0,0.011
1.1112650000000001e-07,o,5.0,e,6.0,-2.15,37900000.0,0.022
1.11127e-07,o,3.0,e,2.0,-1.12,402000000.0,0.198
1.1113979999999999e-07,o,4.0,e,3.0,-1.85,76300000.0,0.532
1.111645e-07,o,3.0,e,3.0,-2.26,30200000.0,0.03
1.1118610000000002e-07,o,5.0,e,4.0,-3.61,1320000.0,0.003
1.111965e-07,o,3.0,e,3.0,-4.12,406000.0,-0.001
1.112023e-07,o,4.0,e,4.0,-3.46,1900000.0,-0.01
1.112095e-07,o,2.0,e,2.0,-1.48,183000000.0,0.159
1.112394e-07,o,3.0,e,3.0,-0.05,4820000000.0,-0.759
1.1124290000000001e-07,o,5.0,e,5.0,-2.07,46100000.0,-0.749
1.112494e-07,o,5.0,e,5.0,-4.79,88100.0,0.0
1.112567e-07,o,1.0,e,2.0,-0.95,608000000.0,-0.24
1.1126790000000001e-07,o,1.0,e,1.0,-1.62,127000000.0,-0.24
1.112747e-07,o,2.0,e,3.0,-0.59,1390000000.0,-0.28
1.11281e-07,o,3.0,e,2.0,-1.51,166000000.0,-0.738
1.1128830000000001e-07,o,5.0,e,4.0,-0.97,578000000.0,-0.702
1.112954e-07,o,2.0,e,3.0,-1.72,104000000.0,0.014
1.1131830000000001e-07,o,1.0,e,2.0,-2.43,19700000.0,-0.23
1.113205e-07,e,4.0,o,4.0,-1.89,70100000.0,-0.474
1.113266e-07,o,4.0,e,5.0,-0.81,841000000.0,-0.756
1.1134410000000001e-07,o,4.0,e,5.0,-1.72,103000000.0,0.229
1.113656e-07,e,4.0,o,3.0,-1.41,207000000.0,0.342
1.113941e-07,o,3.0,e,2.0,-2.31,26600000.0,0.038
1.1141220000000002e-07,o,4.0,e,3.0,-0.1,4250000000.0,0.787
1.114312e-07,o,2.0,e,1.0,-2.98,5630000.0,-0.056
1.114335e-07,o,3.0,e,4.0,-1.8,86200000.0,0.035
1.11451e-07,o,1.0,e,2.0,-1.39,218000000.0,0.078
1.115016e-07,o,4.0,e,3.0,-1.01,525000000.0,0.676
1.11505e-07,o,4.0,e,5.0,-2.9,6820000.0,-0.084
1.1151479999999999e-07,o,3.0,e,3.0,-0.8,853000000.0,0.377
1.1151790000000001e-07,o,3.0,e,2.0,-2.55,15300000.0,0.062
1.115261e-07,o,2.0,e,2.0,-1.16,363000000.0,-0.374
1.1153050000000001e-07,o,3.0,e,3.0,-3.27,2850000.0,-0.004
1.1153219999999999e-07,o,4.0,e,4.0,-2.46,18600000.0,-0.044
1.1153720000000001e-07,e,4.0,o,5.0,-3.69,1090000.0,0.005
1.1155160000000001e-07,o,2.0,e,3.0,-4.43,201000.0,0.128
1.115562e-07,o,2.0,e,3.0,-3.77,916000.0,0.0
1.115617e-07,o,2.0,e,2.0,-1.45,189000000.0,-0.21
1.115648e-07,o,3.0,e,3.0,-1.72,103000000.0,-0.053
1.115652e-07,o,1.0,e,2.0,-2.31,26100000.0,0.021
1.1156990000000001e-07,o,3.0,e,4.0,-2.09,44400000.0,-0.022
1.1157170000000001e-07,e,2.0,o,2.0,-3.24,3050000.0,-0.022
1.115773e-07,o,3.0,e,2.0,-1.78,87800000.0,0.121
1.115783e-07,e,3.0,o,2.0,-3.31,2640000.0,-0.028
1.1160530000000002e-07,o,3.0,e,2.0,-2.15,38400000.0,0.045
1.11606e-07,o,4.0,e,4.0,-1.06,468000000.0,0.469
1.1160640000000001e-07,o,4.0,e,5.0,-2.07,45800000.0,0.027
1.116155e-07,o,2.0,e,3.0,-0.98,564000000.0,-0.195
1.1161820000000001e-07,o,3.0,e,3.0,-2.48,17200000.0,-0.038
1.116387e-07,o,2.0,e,2.0,-2.08,44100000.0,0.034
1.116393e-07,o,2.0,e,3.0,-1.82,80000000.0,-0.042
1.1165080000000001e-07,o,3.0,e,4.0,-1.28,286000000.0,-0.102
1.1165370000000001e-07,o,3.0,e,2.0,-1.73,99800000.0,-0.208
1.116706e-07,o,2.0,e,2.0,-4.47,183000.0,0.0
1.1167460000000002e-07,o,3.0,e,2.0,-0.5,1700000000.0,0.524
1.116875e-07,o,2.0,e,2.0,-2.78,8950000.0,0.003
1.1169369999999999e-07,o,1.0,e,2.0,-3.85,758000.0,-0.001
1.116981e-07,o,3.0,e,4.0,-0.9,662000000.0,0.276
1.1171010000000002e-07,o,2.0,e,2.0,-1.21,331000000.0,-0.188
1.1173230000000001e-07,o,1.0,e,1.0,-2.86,7400000.0,-0.065
1.1174459999999999e-07,o,2.0,e,3.0,-1.75,95200000.0,0.047
1.117568e-07,o,2.0,e,3.0,-1.49,170000000.0,-0.151
1.117572e-07,o,4.0,e,3.0,-2.37,23000000.0,-0.637
1.1176820000000001e-07,o,5.0,e,5.0,-2.62,12800000.0,0.011
1.117734e-07,o,3.0,e,4.0,-4.46,188000.0,0.0
1.1177390000000001e-07,e,1.0,o,1.0,-1.95,59300000.0,-0.321
1.1178320000000001e-07,o,2.0,e,2.0,-2.23,31700000.0,-0.031
1.117884e-07,e,1.0,o,2.0,-1.66,116000000.0,0.434
1.117923e-07,o,3.0,e,4.0,-1.71,105000000.0,-0.583
1.118442e-07,o,4.0,e,4.0,-1.8,84600000.0,0.048
1.1184480000000001e-07,o,5.0,e,4.0,-3.18,3560000.0,-0.027
1.1186830000000001e-07,o,1.0,e,1.0,-2.41,20900000.0,0.008
1.1188219999999999e-07,o,3.0,e,3.0,-0.31,2610000000.0,-0.69
1.118951e-07,o,2.0,e,2.0,-2.98,5600000.0,0.026
1.1190180000000001e-07,o,4.0,e,3.0,-1.81,83400000.0,0.153
1.11906e-07,o,3.0,e,3.0,-1.62,127000000.0,-0.113
1.1190630000000001e-07,o,4.0,e,5.0,-2.62,12900000.0,-0.05
1.119184e-07,o,4.0,e,4.0,-1.64,123000000.0,-0.425
1.119289e-07,e,3.0,o,3.0,-2.3,27000000.0,0.418
1.1192960000000002e-07,o,3.0,e,4.0,-4.16,364000.0,0.001
1.1193510000000002e-07,o,2.0,e,3.0,-1.89,68200000.0,0.086
1.119368e-07,e,1.0,o,2.0,-2.18,34900000.0,0.23
1.1193969999999999e-07,o,3.0,e,3.0,-5.19,34500.0,0.001
1.119408e-07,o,2.0,e,1.0,-0.66,1170000000.0,0.375
1.119425e-07,e,4.0,o,3.0,-0.89,680000000.0,0.5
1.1195609999999999e-07,o,3.0,e,2.0,-3.9,681000.0,0.048
1.1195750000000002e-07,o,3.0,e,2.0,-2.98,5450000.0,-0.012
1.119782e-07,o,6.0,e,5.0,-3.25,2980000.0,0.011
1.1199190000000001e-07,o,2.0,e,2.0,-2.24,30700000.0,-0.47
1.119971e-07,o,1.0,e,2.0,-0.96,562000000.0,0.22
1.120067e-07,o,3.0,e,3.0,-1.37,224000000.0,-0.317
1.120099e-07,e,4.0,o,3.0,-1.85,74800000.0,-0.408
1.1201700000000002e-07,o,2.0,e,3.0,-1.12,406000000.0,-0.061
1.120378e-07,o,3.0,e,4.0,-1.09,439000000.0,0.155
1.1203979999999999e-07,o,2.0,e,1.0,-2.33,24700000.0,0.121
1.120665e-07,e,5.0,o,5.0,-3.45,1900000.0,0.002
1.1207570000000001e-07,o,5.0,e,5.0,0.29,10500000000.0,-0.682
1.120773e-07,o,2.0,e,2.0,-4.26,289000.0,0.0
1.1208810000000001e-07,o,5.0,e,6.0,-2.77,8950000.0,0.001
1.1209480000000001e-07,o,2.0,e,1.0,-2.1,42200000.0,0.164
1.1211099999999999e-07,o,5.0,e,4.0,-3.38,2230000.0,-0.345
1.12124e-07,o,2.0,e,1.0,-2.0,53500000.0,-0.653
1.1212470000000002e-07,o,2.0,e,3.0,-2.72,10100000.0,0.041
1.1213440000000001e-07,o,2.0,e,3.0,-2.12,38900000.0,-0.036
1.1215930000000001e-07,o,3.0,e,4.0,-4.13,394000.0,0.002
1.121653e-07,e,2.0,o,3.0,-2.3,26900000.0,-0.201
1.1216659999999999e-07,o,2.0,e,3.0,-1.74,95600000.0,-0.473
1.1216700000000001e-07,o,2.0,e,2.0,-2.82,7970000.0,-0.25
1.121702e-07,o,3.0,e,3.0,-2.06,45400000.0,-0.052
1.1218180000000001e-07,o,3.0,e,4.0,-4.46,185000.0,0.001
1.121827e-07,o,4.0,e,5.0,-1.5,169000000.0,-0.195
1.121837e-07,o,2.0,e,2.0,-2.32,25700000.0,0.024
1.121971e-07,o,3.0,e,4.0,-3.41,2080000.0,-0.001
1.12203e-07,o,2.0,e,1.0,-5.35,23800.0,0.0
1.1221379999999999e-07,o,4.0,e,4.0,-1.97,56600000.0,0.665
1.122182e-07,o,4.0,e,4.0,-1.06,467000000.0,0.553
1.122318e-07,e,4.0,o,4.0,-1.68,109000000.0,-0.466
1.1223720000000001e-07,e,2.0,o,2.0,-3.96,584000.0,-0.053
1.1225550000000001e-07,o,3.0,e,3.0,-2.9,6680000.0,-0.011
1.122623e-07,o,7.0,e,6.0,-3.15,3730000.0,-0.205
1.1228170000000001e-07,o,2.0,e,3.0,-5.63,12300.0,0.0
1.1228209999999999e-07,o,3.0,e,2.0,-3.87,729000.0,0.003
1.1228699999999999e-07,o,2.0,e,3.0,-0.77,896000000.0,0.184
1.123001e-07,o,3.0,e,3.0,-3.8,839000.0,0.009
1.123185e-07,o,4.0,e,3.0,0.14,7190000000.0,-0.809
1.1231900000000001e-07,o,1.0,e,2.0,-3.84,767000.0,0.001
1.123224e-07,o,3.0,e,2.0,-0.6,1330000000.0,0.725
1.123358e-07,o,5.0,e,5.0,0.24,9240000000.0,0.761
1.123376e-07,o,3.0,e,4.0,-0.71,1050000000.0,-0.846
1.1235070000000001e-07,o,4.0,e,4.0,-1.17,362000000.0,-0.474
1.1235080000000001e-07,o,3.0,e,4.0,-3.07,4490000.0,-0.01
1.1236420000000001e-07,o,1.0,e,2.0,-0.5,1690000000.0,-0.53
1.123867e-07,o,3.0,e,2.0,-5.18,34800.0,0.0
1.1240050000000001e-07,o,3.0,e,3.0,-4.57,143000.0,0.0
1.1240730000000001e-07,o,7.0,e,7.0,-1.38,221000000.0,0.569
1.124164e-07,o,2.0,e,1.0,-1.54,153000000.0,-0.19
1.1243779999999999e-07,o,2.0,e,3.0,-2.89,6730000.0,-0.007
1.1243779999999999e-07,o,1.0,e,2.0,-2.53,15600000.0,-0.004
1.124388e-07,o,3.0,e,3.0,-0.87,707000000.0,-0.446
1.1244280000000001e-07,o,2.0,e,3.0,-2.86,7250000.0,-0.201
1.1245570000000001e-07,o,2.0,e,2.0,-3.46,1810000.0,-0.002
1.1246780000000001e-07,o,2.0,e,2.0,-2.74,9700000.0,-0.114
1.124995e-07,o,3.0,e,3.0,-1.78,87500000.0,-0.471
1.1250160000000002e-07,o,3.0,e,2.0,-2.16,36700000.0,0.205
1.1250340000000002e-07,o,2.0,e,3.0,-3.03,4980000.0,-0.005
1.125056e-07,e,3.0,o,4.0,-3.77,890000.0,0.012
1.1251720000000001e-07,o,4.0,e,5.0,-3.74,972000.0,0.019
1.125396e-07,o,1.0,e,2.0,-2.66,11700000.0,-0.05
1.1255719999999999e-07,o,3.0,e,4.0,-2.3,26500000.0,0.019
1.1256520000000001e-07,o,1.0,e,2.0,-2.45,18700000.0,-0.021
1.1259770000000001e-07,o,1.0,e,1.0,-1.0,523000000.0,0.478
1.1260029999999999e-07,o,2.0,e,3.0,-4.29,273000.0,-0.002
1.1260730000000001e-07,o,3.0,e,2.0,-2.91,6530000.0,0.142
1.1262059999999999e-07,o,1.0,e,2.0,-2.46,18000000.0,-0.07
1.1262390000000001e-07,o,2.0,e,3.0,-4.02,505000.0,-0.015
1.12631e-07,o,1.0,e,1.0,-3.26,2900000.0,-0.007
1.1263889999999999e-07,o,4.0,e,4.0,-2.35,23300000.0,-0.05
1.1264200000000001e-07,o,3.0,e,3.0,-1.11,410000000.0,0.528
1.126493e-07,o,1.0,e,2.0,-2.4,21100000.0,-0.556
1.1265039999999999e-07,o,2.0,e,1.0,-3.55,1490000.0,-0.032
1.1265080000000001e-07,o,3.0,e,3.0,-1.05,476000000.0,-0.262
1.126681e-07,o,6.0,e,6.0,-1.72,99900000.0,0.185
1.1268050000000001e-07,o,4.0,e,3.0,-2.82,7980000.0,0.018
1.1268160000000001e-07,e,5.0,o,4.0,-1.65,119000000.0,0.411
1.12694e-07,e,4.0,o,3.0,-2.62,12500000.0,-0.053
1.12756e-07,o,0.0,e,1.0,-3.05,4610000.0,-0.234
1.127569e-07,o,1.0,e,2.0,-2.03,48300000.0,-0.022
1.127758e-07,o,2.0,e,2.0,-2.79,8410000.0,0.005
1.1278289999999999e-07,e,3.0,o,2.0,-2.05,47000000.0,-0.171
1.1278330000000001e-07,o,4.0,e,3.0,-3.27,2800000.0,-0.066
1.127848e-07,o,4.0,e,4.0,-2.97,5590000.0,-0.212
1.128029e-07,o,2.0,e,2.0,-4.04,480000.0,0.001
1.128037e-07,o,5.0,e,4.0,-3.86,718000.0,0.206
1.128503e-07,o,4.0,e,3.0,-1.4,210000000.0,-0.221
1.128733e-07,e,1.0,o,2.0,-1.95,58800000.0,-0.279
1.1287560000000002e-07,o,1.0,e,2.0,-1.77,88100000.0,0.11
1.1287890000000001e-07,o,1.0,e,2.0,-1.74,95800000.0,0.455
1.1288130000000002e-07,o,3.0,e,3.0,-1.18,345000000.0,-0.761
1.1290070000000001e-07,o,5.0,e,4.0,-3.17,3500000.0,-0.26
1.1290190000000001e-07,o,4.0,e,3.0,-4.18,343000.0,-0.12
1.12908e-07,e,3.0,o,3.0,-2.02,49600000.0,-0.259
1.129311e-07,e,4.0,o,5.0,-4.0,524000.0,-0.004
1.129446e-07,o,3.0,e,2.0,-2.13,38600000.0,0.401
1.129485e-07,o,1.0,e,2.0,-2.25,29200000.0,0.122
1.129549e-07,o,2.0,e,2.0,-3.87,708000.0,0.001
1.1296310000000001e-07,o,2.0,e,3.0,-1.59,136000000.0,0.182
1.1298030000000001e-07,o,4.0,e,4.0,-1.89,67800000.0,-0.497
1.1298130000000001e-07,o,4.0,e,5.0,-3.17,3510000.0,-0.117
1.129983e-07,o,5.0,e,5.0,-5.79,8390.0,-0.01
1.1301400000000001e-07,o,4.0,e,4.0,-4.02,504000.0,-0.02
1.1302090000000001e-07,e,2.0,o,2.0,-4.21,321000.0,0.001
1.1304610000000001e-07,o,3.0,e,3.0,-1.88,68400000.0,0.049
1.1307e-07,o,2.0,e,2.0,-3.31,2590000.0,-0.096
1.130731e-07,o,3.0,e,2.0,-1.15,368000000.0,-0.582
1.130821e-07,o,1.0,e,1.0,-3.38,2200000.0,0.013
1.13083e-07,o,3.0,e,4.0,-3.21,3210000.0,-0.01
1.1310540000000001e-07,o,2.0,e,1.0,-5.24,30000.0,-0.01
1.131057e-07,o,2.0,e,2.0,-2.76,9070000.0,-0.026
1.131076e-07,o,4.0,e,3.0,-2.66,11400000.0,-0.148
1.131117e-07,o,2.0,e,3.0,-4.29,268000.0,0.0
1.131388e-07,o,4.0,e,4.0,-4.14,385000.0,-0.001
1.1316880000000001e-07,o,4.0,e,4.0,-1.31,256000000.0,0.82
1.1318440000000001e-07,o,1.0,e,1.0,-3.17,3540000.0,-0.03
1.132262e-07,o,3.0,e,3.0,-1.49,167000000.0,-0.35
1.1322639999999999e-07,o,2.0,e,1.0,-3.29,2660000.0,0.029
1.1323260000000001e-07,o,3.0,e,2.0,-3.26,2840000.0,-0.017
1.132366e-07,o,1.0,e,2.0,-1.5,165000000.0,-0.705
1.132367e-07,o,3.0,e,4.0,-2.97,5640000.0,0.018
1.1325370000000001e-07,o,1.0,e,2.0,-1.27,276000000.0,0.093
1.1325750000000001e-07,e,5.0,o,4.0,-1.98,54600000.0,-0.328
1.132577e-07,o,6.0,e,5.0,-3.29,2670000.0,0.017
1.132836e-07,o,3.0,e,2.0,-2.35,23400000.0,-0.047
1.1329620000000001e-07,e,3.0,o,2.0,-3.61,1280000.0,-0.027
1.1330640000000002e-07,o,2.0,e,1.0,-4.05,462000.0,0.033
1.1331110000000002e-07,o,4.0,e,3.0,-1.61,127000000.0,-0.486
1.1331110000000002e-07,o,5.0,e,4.0,-1.7,106000000.0,-0.098
1.133228e-07,o,5.0,e,6.0,-0.72,993000000.0,-0.14
1.133338e-07,o,3.0,e,3.0,-3.18,3450000.0,-0.057
1.1333730000000001e-07,o,2.0,e,2.0,-1.64,120000000.0,-0.155
1.1335860000000001e-07,o,2.0,e,2.0,-1.11,404000000.0,0.631
1.133598e-07,o,3.0,e,2.0,-3.12,3870000.0,-0.024
1.133624e-07,e,5.0,o,5.0,-3.09,4200000.0,0.347
1.133705e-07,o,2.0,e,3.0,-1.82,78600000.0,0.405
1.1338160000000001e-07,o,2.0,e,3.0,-1.39,212000000.0,0.323
1.133878e-07,o,2.0,e,3.0,-2.02,49800000.0,-0.362
1.133991e-07,e,2.0,o,3.0,-3.7,1030000.0,0.009
1.134002e-07,o,5.0,e,5.0,-1.85,73400000.0,0.818
1.1340830000000001e-07,o,3.0,e,4.0,-1.25,295000000.0,0.133
1.13431e-07,o,3.0,e,2.0,-1.92,61700000.0,-0.166
1.134711e-07,o,2.0,e,2.0,-3.63,1210000.0,0.023
1.1347360000000002e-07,o,2.0,e,2.0,-3.03,4880000.0,-0.012
1.1348520000000001e-07,o,4.0,e,5.0,-2.88,6770000.0,-0.048
1.1348640000000001e-07,o,2.0,e,3.0,-2.53,15500000.0,0.004
1.134886e-07,o,3.0,e,3.0,-2.19,33100000.0,-0.274
1.1350530000000001e-07,o,4.0,e,5.0,-1.21,324000000.0,-0.55
1.135267e-07,o,2.0,e,3.0,-4.14,381000.0,-0.013
1.135283e-07,o,3.0,e,3.0,-3.84,746000.0,-0.004
1.135366e-07,e,3.0,o,3.0,-3.53,1520000.0,-0.01
1.135531e-07,o,4.0,e,3.0,-4.52,156000.0,0.005
1.136201e-07,o,3.0,e,4.0,-2.55,14700000.0,-0.103
1.1362100000000001e-07,o,2.0,e,3.0,-3.43,1940000.0,0.002
1.136225e-07,o,3.0,e,3.0,-2.49,16800000.0,-0.022
1.1362770000000001e-07,o,1.0,e,1.0,-4.66,111000.0,0.007
1.1363240000000002e-07,o,3.0,e,3.0,-3.8,818000.0,0.001
1.136482e-07,o,2.0,e,2.0,-3.49,1670000.0,-0.002
1.1364860000000002e-07,o,3.0,e,4.0,-3.81,800000.0,-0.001
1.136787e-07,e,3.0,o,2.0,-1.97,55900000.0,-0.31
1.136847e-07,o,1.0,e,1.0,-2.14,37500000.0,0.03
1.1369710000000001e-07,o,4.0,e,3.0,-5.61,12500.0,-0.001
1.1369749999999999e-07,o,2.0,e,3.0,-4.75,91600.0,0.0
1.1374670000000002e-07,o,2.0,e,3.0,-3.17,3450000.0,0.003
1.1376980000000001e-07,o,2.0,e,2.0,-3.4,2040000.0,0.113
1.1377370000000001e-07,e,2.0,o,2.0,-3.55,1470000.0,0.02
1.137831e-07,o,2.0,e,2.0,-0.79,820000000.0,-0.386
1.137924e-07,o,0.0,e,1.0,-2.71,10100000.0,-0.012
1.1380440000000001e-07,o,4.0,e,3.0,-5.51,16100.0,-0.001
1.1380909999999999e-07,o,4.0,e,5.0,-3.78,853000.0,0.045
1.1381600000000002e-07,o,2.0,e,2.0,-4.63,120000.0,-0.03
1.1383430000000002e-07,o,5.0,e,4.0,-4.45,183000.0,-0.001
1.1383510000000002e-07,o,2.0,e,3.0,-5.67,10900.0,0.0
1.1384280000000001e-07,o,3.0,e,4.0,-5.29,26000.0,0.0
1.1385830000000002e-07,o,2.0,e,3.0,-1.8,81700000.0,0.445
1.138934e-07,o,4.0,e,3.0,-1.72,97700000.0,-0.581
1.1389500000000002e-07,o,3.0,e,3.0,-1.67,112000000.0,0.147
1.139239e-07,o,2.0,e,1.0,-2.51,16000000.0,-0.146
1.139401e-07,o,5.0,e,5.0,-0.53,1510000000.0,-0.215
1.1394059999999999e-07,o,5.0,e,6.0,-0.55,1460000000.0,-0.889
1.139415e-07,o,3.0,e,2.0,-2.35,23000000.0,0.395
1.139975e-07,o,1.0,e,1.0,-2.45,18000000.0,0.06
1.140012e-07,o,3.0,e,3.0,-4.16,357000.0,0.003
1.1402260000000002e-07,o,2.0,e,1.0,-4.21,315000.0,0.013
1.140663e-07,o,4.0,e,4.0,-2.64,12000000.0,-0.107
1.140822e-07,o,2.0,e,1.0,-2.1,41000000.0,0.056
1.140848e-07,o,5.0,e,4.0,-1.02,491000000.0,0.657
1.140888e-07,o,3.0,e,2.0,-1.91,63900000.0,-0.043
1.140896e-07,o,4.0,e,5.0,-3.06,4470000.0,-0.067
1.14111e-07,o,1.0,e,2.0,-3.82,783000.0,0.009
1.1413080000000001e-07,o,3.0,e,4.0,-2.21,32000000.0,0.139
1.141378e-07,o,2.0,e,1.0,-2.11,39400000.0,-0.258
1.141692e-07,e,3.0,o,2.0,-1.73,96500000.0,-0.37
1.1418840000000001e-07,o,4.0,e,3.0,-0.82,764000000.0,-0.631
1.141945e-07,o,4.0,e,3.0,-4.25,291000.0,-0.005
1.142064e-07,e,3.0,o,3.0,-3.52,1540000.0,0.027
1.142129e-07,o,6.0,e,6.0,-3.61,1250000.0,0.001
1.142152e-07,o,3.0,e,4.0,-4.5,162000.0,-0.002
1.142211e-07,o,4.0,e,4.0,-2.15,36200000.0,0.106
1.142347e-07,o,3.0,e,2.0,-2.31,24900000.0,-0.152
1.142481e-07,o,1.0,e,2.0,-3.11,4000000.0,-0.006
1.142589e-07,o,3.0,e,2.0,-3.84,744000.0,-0.043
1.1427280000000001e-07,o,1.0,e,2.0,-1.25,284000000.0,0.102
1.1427580000000001e-07,e,2.0,o,2.0,-1.29,261000000.0,-0.448
1.142981e-07,o,2.0,e,3.0,-1.03,463000000.0,0.248
1.142983e-07,o,1.0,e,2.0,-3.4,2030000.0,-0.075
1.1430360000000001e-07,o,2.0,e,2.0,-2.92,6170000.0,0.067
1.143078e-07,o,5.0,e,5.0,-2.95,5690000.0,-0.043
1.143126e-07,o,3.0,e,3.0,-0.79,835000000.0,-0.313
1.1432960000000001e-07,o,2.0,e,1.0,-3.43,1880000.0,-0.237
1.1434269999999999e-07,o,6.0,e,5.0,-5.46,17800.0,0.0
1.1434500000000001e-07,o,2.0,e,1.0,-3.84,729000.0,0.006
1.1436959999999999e-07,o,3.0,e,2.0,-3.53,1500000.0,0.003
1.1437750000000002e-07,o,2.0,e,3.0,-3.93,594000.0,-0.034
1.144001e-07,e,2.0,o,1.0,-1.52,156000000.0,0.49
1.144042e-07,e,2.0,o,3.0,-2.48,16800000.0,0.157
1.1440740000000001e-07,e,2.0,o,1.0,-3.91,635000.0,-0.009
1.1441900000000001e-07,o,3.0,e,3.0,-4.24,293000.0,-0.001
1.144288e-07,e,4.0,o,4.0,-1.99,52500000.0,0.251
1.1443260000000001e-07,o,3.0,e,3.0,-3.38,2110000.0,0.002
1.14437e-07,e,3.0,o,4.0,-2.49,16600000.0,0.472
1.1446300000000001e-07,o,5.0,e,4.0,-4.41,201000.0,0.006
1.1447480000000001e-07,o,3.0,e,3.0,-1.39,207000000.0,0.256
1.1451240000000001e-07,o,2.0,e,2.0,-1.33,239000000.0,-0.264
1.145176e-07,o,2.0,e,3.0,-1.41,197000000.0,-0.033
1.145301e-07,o,4.0,e,5.0,-0.6,1280000000.0,-0.887
1.145443e-07,o,5.0,e,6.0,-2.11,39400000.0,-0.171
1.145701e-07,o,4.0,e,4.0,-0.92,617000000.0,0.48
1.145781e-07,e,2.0,o,2.0,-3.66,1130000.0,-0.006
1.145972e-07,o,2.0,e,2.0,-3.76,874000.0,-0.002
1.1460609999999999e-07,o,4.0,e,3.0,-3.12,3880000.0,-0.187
1.146204e-07,e,1.0,o,2.0,-4.58,133000.0,-0.002
1.146224e-07,o,4.0,e,4.0,-4.57,137000.0,0.001
1.1464210000000001e-07,o,3.0,e,3.0,-1.85,71400000.0,0.44
1.146744e-07,o,2.0,e,2.0,-2.31,24700000.0,-0.018
1.1467670000000001e-07,o,2.0,e,3.0,-1.78,85100000.0,0.148
1.1470889999999999e-07,o,3.0,e,3.0,-3.01,5000000.0,-0.011
1.1471959999999999e-07,o,2.0,e,3.0,-3.49,1630000.0,-0.008
1.14724e-07,o,3.0,e,4.0,-2.46,17500000.0,0.133
1.147713e-07,o,2.0,e,3.0,-1.89,66200000.0,0.399
1.147858e-07,o,5.0,e,4.0,-1.52,152000000.0,-0.249
1.147907e-07,o,0.0,e,1.0,-5.66,11000.0,-0.001
1.1481330000000001e-07,o,3.0,e,3.0,-2.41,20000000.0,0.032
1.148165e-07,o,2.0,e,3.0,-2.59,12900000.0,-0.299
1.148186e-07,e,2.0,o,1.0,-3.13,3820000.0,0.014
1.148202e-07,o,4.0,e,4.0,-4.58,132000.0,-0.014
1.1482570000000001e-07,o,2.0,e,1.0,-3.5,1610000.0,-0.107
1.1483720000000001e-07,o,4.0,e,4.0,-4.0,517000.0,0.005
1.1487570000000001e-07,o,2.0,e,3.0,-3.83,749000.0,-0.001
1.148908e-07,o,6.0,e,5.0,-3.29,2570000.0,-0.005
1.149048e-07,o,4.0,e,5.0,-4.01,491000.0,0.005
1.1491160000000001e-07,o,2.0,e,2.0,-2.78,8430000.0,0.015
1.149176e-07,e,3.0,o,3.0,-1.23,295000000.0,-0.384
1.149211e-07,o,4.0,e,5.0,-4.07,434000.0,-0.059
1.149211e-07,o,2.0,e,3.0,-3.4,2010000.0,0.09
1.149298e-07,o,2.0,e,2.0,-1.55,143000000.0,0.232
1.149614e-07,o,2.0,e,3.0,-3.76,879000.0,0.004
1.1497080000000001e-07,o,3.0,e,2.0,-3.22,3040000.0,-0.29
1.149818e-07,o,2.0,e,1.0,-2.87,6910000.0,0.121
1.1500580000000001e-07,e,2.0,o,1.0,-2.62,12100000.0,0.394
1.1500850000000001e-07,o,2.0,e,2.0,-2.74,9170000.0,0.178
1.1501070000000001e-07,o,4.0,e,4.0,-2.79,8160000.0,-0.13
1.1501479999999999e-07,o,1.0,e,1.0,-4.06,438000.0,0.13
1.1502170000000002e-07,o,2.0,e,3.0,-1.14,368000000.0,0.14
1.1504960000000002e-07,e,2.0,o,3.0,-3.7,1010000.0,-0.023
1.1506e-07,o,4.0,e,3.0,-2.33,23700000.0,0.226
1.1506869999999999e-07,o,2.0,e,2.0,-3.84,732000.0,0.014
1.150927e-07,o,5.0,e,5.0,-5.93,5860.0,0.058
1.151e-07,e,2.0,o,3.0,-3.57,1350000.0,0.013
1.15121e-07,o,2.0,e,3.0,-2.48,16600000.0,-0.05
1.151216e-07,o,3.0,e,2.0,-5.13,37400.0,0.001
1.1513920000000001e-07,o,2.0,e,2.0,-2.06,43600000.0,0.174
1.151434e-07,o,4.0,e,3.0,-1.74,91500000.0,-0.109
1.151616e-07,o,1.0,e,1.0,-1.82,76800000.0,0.347
1.1516540000000001e-07,o,4.0,e,4.0,-0.51,1560000000.0,-0.542
1.151922e-07,o,3.0,e,2.0,-2.66,11000000.0,0.27
1.151956e-07,e,2.0,o,2.0,-2.71,9860000.0,0.117
1.15207e-07,o,4.0,e,4.0,-1.6,128000000.0,0.657
1.152118e-07,o,5.0,e,5.0,-4.63,119000.0,-0.004
1.152213e-07,e,4.0,o,4.0,-1.18,333000000.0,-0.318
1.152289e-07,o,6.0,e,6.0,-4.87,68000.0,0.0
1.1523250000000001e-07,o,4.0,e,3.0,-2.09,41100000.0,0.55
1.152459e-07,o,3.0,e,4.0,-3.13,3710000.0,-0.002
1.1528360000000001e-07,o,3.0,e,2.0,-2.72,9630000.0,-0.016
1.152915e-07,o,1.0,e,2.0,-3.62,1200000.0,0.001
1.153009e-07,o,2.0,e,3.0,-3.03,4730000.0,0.011
1.153147e-07,o,3.0,e,3.0,-2.51,15400000.0,0.121
1.1534610000000001e-07,o,4.0,e,3.0,-5.21,31000.0,0.0
1.15359e-07,o,3.0,e,3.0,-1.36,220000000.0,0.112
1.1535950000000001e-07,o,2.0,e,3.0,-4.05,452000.0,-0.001
1.1538160000000001e-07,o,6.0,e,7.0,-2.67,10800000.0,0.002
1.1538430000000001e-07,o,2.0,e,1.0,-1.45,178000000.0,-0.467
1.1540270000000001e-07,o,3.0,e,3.0,-4.69,104000.0,0.0
1.154043e-07,o,3.0,e,2.0,-0.91,618000000.0,-0.4
1.1541669999999999e-07,e,3.0,o,2.0,-1.67,108000000.0,0.373
1.154385e-07,o,2.0,e,2.0,-3.51,1550000.0,0.121
1.1544169999999999e-07,o,3.0,e,4.0,-1.92,61100000.0,0.345
1.1545820000000001e-07,o,4.0,e,5.0,-2.77,8590000.0,-0.05
1.1546300000000002e-07,o,3.0,e,4.0,-3.2,3170000.0,0.003
1.1547680000000001e-07,o,5.0,e,4.0,-1.26,276000000.0,0.728
1.1550550000000001e-07,e,3.0,o,2.0,-4.1,399000.0,-0.018
1.1551050000000001e-07,o,2.0,e,2.0,-2.65,11100000.0,0.17
1.1551320000000001e-07,e,5.0,o,4.0,-5.54,14500.0,0.0
1.1555950000000001e-07,e,2.0,o,2.0,-2.54,14700000.0,-0.112
1.155608e-07,o,4.0,e,4.0,-2.19,32200000.0,-0.036
1.155961e-07,o,5.0,e,4.0,-1.38,210000000.0,-0.124
1.15608e-07,o,4.0,e,5.0,-2.14,36000000.0,0.168
1.1561030000000002e-07,o,2.0,e,2.0,-2.02,48000000.0,-0.111
1.156117e-07,o,4.0,e,4.0,-2.75,9070000.0,-0.111
1.156172e-07,e,2.0,o,1.0,-3.87,680000.0,0.004
1.156176e-07,e,4.0,o,5.0,-4.27,267000.0,0.001
1.1561980000000001e-07,o,3.0,e,4.0,-4.2,315000.0,0.0
1.156271e-07,o,1.0,e,1.0,-2.87,6670000.0,-0.337
1.1565760000000001e-07,o,3.0,e,2.0,-3.96,544000.0,0.091
1.156694e-07,o,3.0,e,3.0,-2.04,45300000.0,-0.562
1.15681e-07,e,1.0,o,1.0,-3.93,586000.0,-0.004
1.1569920000000001e-07,e,2.0,o,2.0,-2.34,22800000.0,0.38
1.1570190000000001e-07,o,1.0,e,2.0,-3.39,2050000.0,-0.217
1.157339e-07,o,5.0,e,6.0,-1.32,235000000.0,0.625
1.1573740000000001e-07,e,2.0,o,3.0,-5.09,40300.0,0.006
1.1573910000000001e-07,o,3.0,e,4.0,-1.8,80200000.0,0.025
1.1575440000000001e-07,o,2.0,e,1.0,-4.13,371000.0,0.158
1.1575950000000001e-07,o,4.0,e,3.0,-4.22,289000.0,0.013
1.157697e-07,o,3.0,e,4.0,-2.34,23000000.0,-0.06
1.1577000000000001e-07,e,1.0,o,2.0,-3.31,2400000.0,-0.011
1.158027e-07,o,4.0,e,3.0,-4.13,366000.0,-0.041
1.158343e-07,o,2.0,e,2.0,-3.35,2260000.0,-0.004
1.1588430000000001e-07,o,1.0,e,1.0,-4.08,411000.0,0.003
1.1589079999999999e-07,o,5.0,e,4.0,-1.72,94000000.0,0.287
1.159165e-07,o,6.0,e,5.0,-3.23,2920000.0,0.071
1.159482e-07,o,5.0,e,4.0,-2.2,31100000.0,0.218
1.1595319999999999e-07,o,3.0,e,2.0,-3.19,3200000.0,-0.261
1.1596800000000001e-07,o,1.0,e,2.0,-3.05,4460000.0,0.016
1.159701e-07,o,2.0,e,1.0,-1.97,54200000.0,0.408
1.1597750000000001e-07,o,3.0,e,3.0,-0.86,683000000.0,0.351
1.1598510000000002e-07,o,2.0,e,3.0,-2.8,7890000.0,-0.008
1.159962e-07,o,0.0,e,1.0,-2.66,10700000.0,0.197
1.1600150000000001e-07,o,2.0,e,3.0,-5.99,5020.0,0.0
1.160017e-07,e,2.0,o,2.0,-4.3,246000.0,-0.005
1.160059e-07,o,3.0,e,2.0,-3.34,2290000.0,-0.009
1.1602249999999999e-07,o,3.0,e,3.0,-3.85,710000.0,-0.001
1.1602380000000001e-07,e,2.0,o,3.0,-1.85,70300000.0,0.479
1.160398e-07,o,3.0,e,3.0,-2.35,22200000.0,0.396
1.1604970000000001e-07,e,5.0,o,4.0,-2.69,10200000.0,-0.045
1.1605830000000001e-07,e,3.0,o,3.0,-2.96,5470000.0,-0.022
1.160742e-07,o,2.0,e,2.0,-1.51,150000000.0,-0.086
1.160782e-07,o,2.0,e,3.0,-2.82,7520000.0,-0.069
1.1609670000000001e-07,o,1.0,e,2.0,-4.06,424000.0,0.0
1.1613420000000001e-07,o,3.0,e,4.0,-1.49,160000000.0,-0.497
1.1613710000000001e-07,o,2.0,e,1.0,-5.16,34600.0,-0.042
1.1614320000000001e-07,o,1.0,e,2.0,-4.96,54200.0,0.0
1.161455e-07,o,1.0,e,1.0,-3.9,640000.0,0.008
1.1622030000000001e-07,o,1.0,e,2.0,-3.56,1360000.0,0.001
1.1623840000000001e-07,o,3.0,e,3.0,-5.43,18400.0,0.001
1.162973e-07,o,2.0,e,1.0,-3.69,1020000.0,-0.009
1.163123e-07,e,4.0,o,4.0,-2.43,18100000.0,-0.227
1.163215e-07,o,1.0,e,2.0,-3.38,2040000.0,0.032
1.1638219999999999e-07,o,4.0,e,4.0,-2.15,34600000.0,-0.062
1.1641700000000002e-07,o,4.0,e,5.0,-3.39,2040000.0,-0.093
1.1642070000000002e-07,o,1.0,e,2.0,-2.29,25200000.0,0.12
1.16427e-07,e,2.0,o,1.0,-2.27,27000000.0,0.285
1.164504e-07,o,2.0,e,2.0,-2.79,8020000.0,0.295
1.164586e-07,o,3.0,e,4.0,-5.96,5380.0,0.0
1.164588e-07,o,3.0,e,3.0,-1.85,69400000.0,0.074
1.1646790000000002e-07,e,2.0,o,3.0,-2.04,44800000.0,0.398
1.1646790000000002e-07,o,3.0,e,2.0,-1.44,179000000.0,0.218
1.1649169999999999e-07,e,1.0,o,1.0,-3.49,1630000.0,-0.013
1.165349e-07,o,2.0,e,3.0,-1.76,85800000.0,0.229
1.165581e-07,o,2.0,e,2.0,-3.4,1940000.0,0.004
1.1655940000000001e-07,e,2.0,o,3.0,-2.9,6150000.0,0.014
1.165636e-07,o,4.0,e,4.0,-2.27,26200000.0,-0.156
1.165636e-07,o,2.0,e,2.0,-2.31,24100000.0,-0.051
1.165739e-07,o,5.0,e,5.0,-3.45,1730000.0,0.004
1.1657890000000001e-07,o,2.0,e,3.0,-3.01,4780000.0,-0.015
1.165897e-07,o,2.0,e,3.0,-2.67,10600000.0,-0.084
1.1661020000000001e-07,o,2.0,e,3.0,-1.08,399000000.0,-0.136
1.166559e-07,o,6.0,e,6.0,-2.26,26900000.0,0.18
1.166713e-07,o,1.0,e,1.0,-2.56,13600000.0,-0.142
1.1669760000000002e-07,e,3.0,o,4.0,-3.9,623000.0,0.003
1.166982e-07,o,4.0,e,3.0,-0.92,593000000.0,-0.396
1.167184e-07,o,4.0,e,3.0,-1.65,108000000.0,0.322
1.1672210000000001e-07,e,3.0,o,4.0,-3.32,2310000.0,-0.02
1.1672670000000001e-07,o,1.0,e,2.0,-3.39,2010000.0,-0.089
1.167395e-07,o,2.0,e,3.0,-3.38,2030000.0,-0.028
1.167395e-07,o,3.0,e,3.0,-3.23,2890000.0,-0.091
1.1679000000000002e-07,o,4.0,e,3.0,-3.49,1590000.0,0.028
1.167994e-07,o,3.0,e,4.0,-4.68,102000.0,0.002
1.1680070000000001e-07,o,3.0,e,2.0,-2.23,29100000.0,-0.077
1.168182e-07,o,3.0,e,4.0,-2.5,15700000.0,0.125
1.168463e-07,o,2.0,e,3.0,-3.58,1280000.0,0.001
1.1684690000000001e-07,e,4.0,o,3.0,-1.96,54000000.0,-0.33
1.168482e-07,o,3.0,e,3.0,-2.3,24400000.0,0.03
1.168754e-07,o,2.0,e,1.0,-2.87,6600000.0,-0.076
1.168761e-07,o,6.0,e,5.0,-4.25,276000.0,0.002
1.1688209999999999e-07,e,1.0,o,2.0,-3.82,735000.0,0.016
1.169038e-07,o,2.0,e,3.0,-3.37,2070000.0,-0.104
1.169358e-07,o,3.0,e,2.0,-2.22,29200000.0,-0.074
1.169387e-07,o,3.0,e,2.0,-0.76,831000000.0,0.309
1.1695440000000001e-07,o,1.0,e,2.0,-2.79,7860000.0,-0.006
1.1695730000000001e-07,o,2.0,e,2.0,-4.66,107000.0,0.019
1.16977e-07,e,4.0,o,4.0,-1.95,55200000.0,0.165
1.169805e-07,e,2.0,o,2.0,-2.28,25700000.0,-0.449
1.170187e-07,o,3.0,e,2.0,-3.08,4070000.0,0.009
1.170201e-07,o,2.0,e,1.0,-2.68,10200000.0,0.023
1.170309e-07,o,5.0,e,5.0,-2.05,43500000.0,-0.208
1.170386e-07,o,1.0,e,2.0,-2.66,10700000.0,0.004
1.1705440000000002e-07,o,5.0,e,4.0,-3.65,1090000.0,-0.012
1.170753e-07,o,3.0,e,2.0,-2.34,22600000.0,0.034
1.170778e-07,o,4.0,e,3.0,-1.88,64100000.0,0.263
1.1710730000000001e-07,o,5.0,e,4.0,-3.52,1460000.0,0.015
1.171473e-07,o,4.0,e,4.0,-1.17,328000000.0,0.031
1.171849e-07,o,2.0,e,2.0,-3.32,2350000.0,-0.003
1.1720070000000002e-07,o,2.0,e,3.0,-4.68,102000.0,-0.003
1.1720360000000001e-07,e,4.0,o,3.0,-2.1,38500000.0,0.196
1.1720840000000001e-07,o,3.0,e,4.0,-2.85,6930000.0,-0.014
1.1723320000000001e-07,o,4.0,e,4.0,-2.45,17100000.0,0.291
1.172367e-07,o,2.0,e,3.0,-3.82,737000.0,0.004
1.172446e-07,o,3.0,e,2.0,-3.28,2500000.0,-0.088
1.172751e-07,o,2.0,e,2.0,-2.9,6170000.0,-0.102
1.172781e-07,o,3.0,e,4.0,-1.72,93300000.0,0.031
1.172846e-07,o,3.0,e,2.0,-1.61,120000000.0,-0.593
1.1728820000000001e-07,o,6.0,e,5.0,-3.8,769000.0,0.033
1.17304e-07,o,0.0,e,1.0,-3.16,3290000.0,0.366
1.1731030000000001e-07,o,2.0,e,1.0,-3.67,1040000.0,0.013
1.17319e-07,o,4.0,e,4.0,-2.37,20800000.0,0.277
1.1732170000000002e-07,o,5.0,e,6.0,-3.37,2040000.0,0.004
1.1735150000000002e-07,o,4.0,e,3.0,-3.6,1170000.0,-0.016
1.1736630000000001e-07,o,2.0,e,2.0,-2.78,7940000.0,-0.112
1.173734e-07,o,4.0,e,5.0,-1.95,54200000.0,-0.139
1.17375e-07,o,3.0,e,2.0,-3.78,806000.0,-0.109
1.174117e-07,o,3.0,e,3.0,-3.08,4030000.0,0.124
1.1741400000000001e-07,o,1.0,e,1.0,-3.37,2030000.0,-0.001
1.1743730000000001e-07,o,3.0,e,3.0,-1.76,84800000.0,0.06
1.1748180000000001e-07,o,4.0,e,3.0,-4.51,149000.0,0.045
1.174827e-07,o,3.0,e,3.0,-3.17,3190000.0,-0.022
1.1749490000000002e-07,o,2.0,e,2.0,-2.06,42500000.0,-0.047
1.1754680000000002e-07,e,3.0,o,4.0,-2.11,37600000.0,0.351
1.175472e-07,o,2.0,e,3.0,-2.87,6520000.0,0.186
1.1756240000000001e-07,o,3.0,e,4.0,-2.23,28600000.0,-0.188
1.176433e-07,o,2.0,e,2.0,-2.97,5160000.0,0.008
1.1764970000000001e-07,e,5.0,o,4.0,-3.84,694000.0,-0.005
1.176508e-07,o,2.0,e,3.0,-2.19,31200000.0,0.08
1.1765440000000001e-07,o,3.0,e,3.0,-1.54,140000000.0,0.147
1.1765580000000001e-07,e,2.0,o,3.0,-2.57,13000000.0,0.156
1.176811e-07,o,1.0,e,2.0,-1.97,52200000.0,-0.081
1.1772840000000002e-07,o,3.0,e,3.0,-2.84,6930000.0,0.011
1.1775219999999999e-07,o,3.0,e,2.0,-1.77,82700000.0,-0.322
1.1776510000000001e-07,o,2.0,e,3.0,-3.17,3270000.0,-0.006
1.177831e-07,o,1.0,e,2.0,-2.57,12900000.0,0.012
1.1785e-07,o,4.0,e,3.0,-3.49,1550000.0,0.075
1.1786590000000001e-07,o,3.0,e,4.0,-3.18,3200000.0,-0.083
1.1788130000000001e-07,o,1.0,e,2.0,-5.85,6800.0,0.0
1.1788710000000001e-07,o,3.0,e,4.0,-3.62,1140000.0,0.016
1.1789670000000001e-07,o,2.0,e,1.0,-3.09,3920000.0,-0.022
1.1791410000000001e-07,o,4.0,e,4.0,-2.36,20900000.0,-0.044
1.17924e-07,o,2.0,e,1.0,-4.27,260000.0,0.054
1.1796130000000001e-07,o,5.0,e,5.0,-2.22,29100000.0,-0.088
1.1797380000000001e-07,o,3.0,e,2.0,-2.34,22100000.0,-0.049
1.179915e-07,o,4.0,e,4.0,-1.73,90300000.0,0.039
1.179924e-07,e,3.0,o,3.0,-2.62,11500000.0,-0.428
1.180089e-07,o,2.0,e,3.0,-3.4,1900000.0,0.002
1.180415e-07,o,1.0,e,2.0,-3.65,1050000.0,0.001
1.1805650000000001e-07,e,2.0,o,1.0,-3.28,2500000.0,0.007
1.1807800000000001e-07,o,1.0,e,1.0,-1.89,63100000.0,-0.474
1.180877e-07,o,5.0,e,4.0,-3.02,4600000.0,0.08
1.181241e-07,o,3.0,e,4.0,-3.49,1560000.0,0.001
1.181251e-07,e,3.0,o,4.0,-2.54,14000000.0,0.725
1.181357e-07,o,2.0,e,3.0,-2.55,13600000.0,-0.049
1.181382e-07,o,1.0,e,1.0,-5.35,21500.0,-0.001
1.181618e-07,o,1.0,e,2.0,-1.07,397000000.0,-0.227
1.1819510000000001e-07,o,1.0,e,2.0,-3.06,4150000.0,0.048
1.182444e-07,o,1.0,e,1.0,-2.71,9400000.0,0.04
1.1824929999999999e-07,o,1.0,e,1.0,-4.28,252000.0,0.0
1.182529e-07,o,2.0,e,2.0,-3.45,1680000.0,-0.006
1.182806e-07,o,3.0,e,4.0,-3.09,3920000.0,-0.033
1.1830270000000001e-07,o,2.0,e,3.0,-3.38,2010000.0,0.008
1.1830340000000002e-07,o,2.0,e,2.0,-1.76,83500000.0,-0.421
1.183128e-07,o,6.0,e,6.0,-1.97,50400000.0,-0.098
1.1831900000000002e-07,o,3.0,e,3.0,-2.35,21700000.0,-0.037
1.1832639999999999e-07,e,1.0,o,1.0,-2.95,5350000.0,0.016
1.184133e-07,o,3.0,e,4.0,-2.45,16800000.0,-0.206
1.1843019999999999e-07,e,4.0,o,5.0,-1.89,61800000.0,0.125
1.184521e-07,o,6.0,e,5.0,-4.06,415000.0,0.004
1.1846400000000001e-07,e,5.0,o,5.0,-2.87,6470000.0,-0.006
1.184859e-07,o,1.0,e,2.0,-2.72,9270000.0,-0.175
1.1848830000000001e-07,o,2.0,e,1.0,-2.43,17700000.0,-0.086
1.184894e-07,o,3.0,e,3.0,-3.24,2740000.0,-0.147
1.1849380000000002e-07,o,2.0,e,3.0,-2.69,9580000.0,-0.192
1.1851150000000001e-07,o,2.0,e,1.0,-2.66,10500000.0,0.053
1.1851810000000001e-07,e,3.0,o,2.0,-4.45,170000.0,0.007
1.185271e-07,o,2.0,e,2.0,-3.25,2670000.0,-0.006
1.1856869999999999e-07,o,2.0,e,2.0,-4.06,411000.0,0.008
1.185849e-07,o,4.0,e,4.0,-2.92,5740000.0,0.009
1.185975e-07,e,2.0,o,2.0,-2.26,26300000.0,0.13
1.186029e-07,e,4.0,o,4.0,-2.32,22800000.0,-0.022
1.1861990000000001e-07,o,3.0,e,3.0,-1.6,120000000.0,-0.126
1.186463e-07,o,2.0,e,2.0,-3.45,1680000.0,-0.114
1.1867149999999999e-07,o,4.0,e,3.0,-4.72,90900.0,0.003
1.186825e-07,e,3.0,o,4.0,-3.48,1550000.0,0.111
1.1871030000000001e-07,o,1.0,e,2.0,-2.99,4870000.0,-0.005
1.1875360000000001e-07,e,0.0,o,1.0,-4.61,116000.0,0.001
1.1875640000000002e-07,o,3.0,e,3.0,-2.34,21400000.0,0.196
1.187733e-07,o,1.0,e,2.0,-3.43,1760000.0,-0.021
1.1877470000000001e-07,o,4.0,e,3.0,-2.61,11500000.0,0.024
1.187799e-07,o,4.0,e,5.0,-1.93,55600000.0,-0.079
1.187826e-07,o,4.0,e,5.0,-3.6,1190000.0,0.031
1.1881140000000001e-07,o,3.0,e,2.0,-2.61,11800000.0,0.045
1.1883510000000001e-07,o,5.0,e,4.0,-3.26,2570000.0,0.033
1.1887360000000001e-07,o,2.0,e,3.0,-4.7,94800.0,0.0
1.1888130000000002e-07,o,2.0,e,3.0,-2.7,9420000.0,0.172
1.1888570000000001e-07,o,1.0,e,2.0,-3.54,1370000.0,-0.001
1.188858e-07,e,3.0,o,2.0,-3.72,907000.0,0.226
1.189011e-07,o,4.0,e,4.0,-3.07,4030000.0,-0.028
1.1890340000000001e-07,o,2.0,e,2.0,-3.08,3910000.0,0.007
1.1897070000000001e-07,o,3.0,e,4.0,-3.69,970000.0,0.029
1.1899780000000001e-07,o,5.0,e,6.0,-2.41,18100000.0,-0.013
1.1900940000000001e-07,o,4.0,e,5.0,-4.62,113000.0,0.0
1.1901040000000001e-07,o,4.0,e,5.0,-0.11,3610000000.0,0.781
1.190194e-07,o,2.0,e,2.0,-3.45,1660000.0,-0.014
1.190394e-07,o,3.0,e,2.0,-4.73,87900.0,0.001
1.1904040000000001e-07,o,6.0,e,5.0,-2.72,8930000.0,-0.053
1.190407e-07,e,2.0,o,2.0,-3.71,919000.0,0.004
1.1904920000000001e-07,o,0.0,e,1.0,-5.1,37300.0,0.003
1.1906600000000002e-07,o,5.0,e,4.0,-3.1,3740000.0,-0.01
1.190945e-07,o,4.0,e,3.0,-1.53,138000000.0,-0.175
1.191172e-07,o,4.0,e,4.0,-3.19,3020000.0,0.018
1.1913019999999999e-07,o,3.0,e,2.0,-5.51,14800.0,-0.001
1.191387e-07,o,5.0,e,5.0,-2.36,20500000.0,0.022
1.191502e-07,e,3.0,o,3.0,-4.34,214000.0,0.073
1.1915070000000002e-07,e,5.0,o,6.0,-1.43,176000000.0,0.397
1.1917929999999999e-07,o,2.0,e,3.0,-3.8,751000.0,-0.001
1.19196e-07,e,1.0,o,0.0,-1.87,63100000.0,-0.143
1.1919760000000001e-07,o,3.0,e,3.0,-4.81,73500.0,0.011
1.191997e-07,o,4.0,e,3.0,-4.39,193000.0,0.036
1.1920440000000001e-07,o,3.0,e,2.0,-4.41,182000.0,-0.004
1.192353e-07,o,5.0,e,4.0,-4.26,259000.0,-0.004
1.192685e-07,o,1.0,e,1.0,-3.25,2660000.0,-0.141
1.1934e-07,o,3.0,e,3.0,-3.32,2260000.0,-0.006
1.19352e-07,o,2.0,e,1.0,-5.92,5640.0,0.0
1.193785e-07,o,2.0,e,1.0,-5.14,34400.0,0.0
1.194031e-07,o,1.0,e,2.0,-1.94,54200000.0,-0.168
1.1940340000000002e-07,o,6.0,e,6.0,-2.8,7310000.0,0.085
1.194208e-07,o,4.0,e,4.0,-2.98,4890000.0,0.079
1.1943050000000002e-07,e,4.0,o,5.0,-1.6,118000000.0,0.281
1.194491e-07,o,3.0,e,3.0,-1.79,76100000.0,-0.515
1.195663e-07,o,4.0,e,4.0,-3.45,1640000.0,-0.044
1.195675e-07,o,6.0,e,7.0,-2.7,9350000.0,-0.008
1.195707e-07,o,5.0,e,5.0,-3.63,1100000.0,0.012
1.195722e-07,o,3.0,e,4.0,-4.61,116000.0,0.0
1.195723e-07,o,3.0,e,4.0,-2.52,14100000.0,0.011
1.196106e-07,e,3.0,o,3.0,-2.6,11600000.0,-0.27
1.196165e-07,o,2.0,e,2.0,-2.67,10100000.0,-0.008
1.1962670000000001e-07,o,2.0,e,2.0,-3.38,1970000.0,-0.023
1.19666e-07,o,4.0,e,4.0,-3.47,1590000.0,0.006
1.196705e-07,o,2.0,e,3.0,-3.06,4130000.0,-0.036
1.1967840000000002e-07,e,2.0,o,3.0,-4.62,113000.0,-0.059
1.1969739999999998e-07,o,3.0,e,2.0,-5.06,40500.0,0.011
1.197026e-07,o,3.0,e,4.0,-2.68,9720000.0,-0.145
1.197057e-07,e,2.0,o,1.0,-2.29,23600000.0,0.023
1.197338e-07,o,5.0,e,5.0,-3.41,1830000.0,0.001
1.1973520000000002e-07,o,1.0,e,1.0,-1.57,125000000.0,-0.205
1.19738e-07,o,4.0,e,3.0,-2.94,5390000.0,0.085
1.197401e-07,o,2.0,e,3.0,-2.82,7020000.0,0.167
1.197618e-07,o,1.0,e,1.0,-3.9,583000.0,-0.004
1.197833e-07,e,3.0,o,4.0,-1.84,67700000.0,0.254
1.1978520000000002e-07,o,2.0,e,3.0,-3.14,3350000.0,0.159
1.197896e-07,e,2.0,o,1.0,-1.9,58400000.0,-0.054
1.1979749999999998e-07,e,3.0,o,2.0,-2.24,26900000.0,0.217
1.198203e-07,o,4.0,e,3.0,-1.8,73000000.0,-0.362
1.19837e-07,o,2.0,e,3.0,-3.45,1660000.0,0.011
1.1985560000000002e-07,o,5.0,e,4.0,-3.07,4010000.0,0.033
1.19898e-07,o,1.0,e,2.0,-1.08,377000000.0,-0.277
1.199002e-07,o,4.0,e,4.0,-2.92,5570000.0,-0.005
1.199302e-07,o,2.0,e,3.0,-4.83,69200.0,0.0
1.19936e-07,o,2.0,e,3.0,-3.12,3560000.0,-0.015
1.1993640000000002e-07,o,2.0,e,1.0,-5.52,14100.0,0.001
1.1996790000000001e-07,e,1.0,o,2.0,-5.02,44300.0,0.0
1.199738e-07,o,4.0,e,5.0,-2.01,45300000.0,0.024
1.200075e-07,o,1.0,e,2.0,-3.0,4660000.0,0.164
1.2000780000000001e-07,o,5.0,e,4.0,-1.66,102000000.0,-0.633
1.2002090000000002e-07,o,3.0,e,2.0,-1.96,51100000.0,-0.256
1.200271e-07,o,2.0,e,2.0,-2.63,10900000.0,-0.015
1.200384e-07,o,1.0,e,2.0,-3.66,992000.0,0.003
1.2004120000000002e-07,e,3.0,o,3.0,-2.34,21100000.0,-0.043
1.200675e-07,e,1.0,o,1.0,-2.17,31000000.0,-0.027
1.200774e-07,o,3.0,e,4.0,-3.49,1510000.0,-0.063
1.201011e-07,o,5.0,e,6.0,-3.37,1960000.0,-0.002
1.201019e-07,o,2.0,e,3.0,-2.22,27800000.0,-0.061
1.201136e-07,o,3.0,e,4.0,-2.83,6790000.0,-0.029
1.201151e-07,o,2.0,e,3.0,-3.82,695000.0,-0.008
1.201239e-07,o,3.0,e,3.0,-3.35,2090000.0,-0.013
1.20126e-07,o,3.0,e,4.0,-3.57,1270000.0,0.018
1.201654e-07,o,4.0,e,3.0,-2.96,5000000.0,0.106
1.201657e-07,o,1.0,e,1.0,-4.74,84500.0,0.005
1.201735e-07,o,1.0,e,2.0,-2.35,20800000.0,-0.061
1.2019980000000002e-07,e,2.0,o,1.0,-2.67,9880000.0,0.269
1.202245e-07,o,1.0,e,2.0,-1.62,110000000.0,-0.599
1.2027760000000002e-07,o,1.0,e,2.0,-3.86,629000.0,0.005
1.2028610000000001e-07,o,0.0,e,1.0,-4.78,75600.0,-0.037
1.2028800000000002e-07,o,1.0,e,1.0,-3.08,3820000.0,-0.026
1.2029e-07,e,1.0,o,0.0,-3.21,2910000.0,-0.335
1.203168e-07,o,3.0,e,2.0,-1.35,206000000.0,0.335
1.204077e-07,o,2.0,e,3.0,-4.79,75800.0,0.0
1.204107e-07,e,1.0,o,1.0,-3.25,2600000.0,0.048
1.204255e-07,o,2.0,e,2.0,-2.61,11200000.0,-0.041
1.204513e-07,o,4.0,e,3.0,-3.4,1820000.0,-0.006
1.204551e-07,o,4.0,e,3.0,-3.77,772000.0,-0.002
1.204567e-07,o,4.0,e,5.0,-0.81,713000000.0,0.398
1.205073e-07,e,0.0,o,1.0,-1.65,103000000.0,0.173
1.205348e-07,o,3.0,e,2.0,-1.99,47300000.0,0.221
1.205405e-07,o,2.0,e,1.0,-3.42,1770000.0,0.004
1.205509e-07,o,3.0,e,4.0,-2.82,6950000.0,0.157
1.20555e-07,o,3.0,e,2.0,-4.77,76400.0,0.004
1.205697e-07,o,3.0,e,4.0,-2.64,10600000.0,-0.011
1.205774e-07,e,2.0,o,3.0,-2.03,42500000.0,0.096
1.205774e-07,o,4.0,e,5.0,-2.61,11300000.0,0.01
1.205896e-07,o,3.0,e,3.0,-3.52,1420000.0,0.005
1.206099e-07,o,2.0,e,1.0,-4.55,128000.0,-0.003
1.206149e-07,o,3.0,e,2.0,-2.35,20400000.0,-0.047
1.206166e-07,o,2.0,e,2.0,-2.49,14800000.0,0.008
1.206168e-07,e,3.0,o,2.0,-2.73,8660000.0,-0.051
1.206309e-07,o,1.0,e,1.0,-4.79,73800.0,0.001
1.2066920000000002e-07,o,2.0,e,2.0,-2.65,10300000.0,0.079
1.206837e-07,o,2.0,e,2.0,-3.68,964000.0,-0.049
1.206913e-07,o,3.0,e,3.0,-4.04,421000.0,0.003
1.207136e-07,o,2.0,e,3.0,-2.93,5380000.0,-0.012
1.2074739999999998e-07,o,5.0,e,5.0,-4.43,173000.0,-0.011
1.20802e-07,o,1.0,e,1.0,-4.21,282000.0,0.016
1.2081e-07,e,1.0,o,1.0,-5.42,17200.0,0.0
1.208884e-07,o,4.0,e,3.0,-3.23,2670000.0,0.123
1.209115e-07,o,1.0,e,2.0,-4.57,123000.0,-0.001
1.209155e-07,e,3.0,o,4.0,-4.29,235000.0,0.228
1.209229e-07,o,5.0,e,4.0,-2.53,13500000.0,-0.143
1.209247e-07,o,3.0,e,4.0,-2.37,19300000.0,-0.087
1.209377e-07,o,4.0,e,5.0,-4.54,132000.0,0.015
1.209405e-07,o,5.0,e,4.0,-0.78,758000000.0,-0.449
1.209484e-07,o,1.0,e,2.0,-2.07,38900000.0,0.079
1.2102770000000001e-07,o,3.0,e,3.0,-3.09,3690000.0,0.034
1.2106010000000002e-07,o,4.0,e,4.0,-1.35,206000000.0,-0.282
1.210729e-07,o,3.0,e,4.0,-1.2,287000000.0,-0.819
1.210734e-07,e,2.0,o,3.0,-2.92,5470000.0,-0.018
1.210748e-07,o,4.0,e,3.0,-3.69,928000.0,-0.015
1.2111830000000002e-07,o,3.0,e,3.0,-1.42,173000000.0,0.608
1.211185e-07,o,2.0,e,2.0,-3.54,1310000.0,-0.024
1.211201e-07,o,3.0,e,4.0,-2.55,12800000.0,0.066
1.2112100000000002e-07,o,0.0,e,1.0,-2.97,4950000.0,0.021
1.211581e-07,e,2.0,o,2.0,-4.51,142000.0,0.0
1.2117950000000002e-07,o,3.0,e,3.0,-3.57,1220000.0,0.057
1.211923e-07,o,2.0,e,1.0,-5.02,43200.0,-0.003
1.212036e-07,o,2.0,e,2.0,-3.88,600000.0,0.001
1.2129110000000002e-07,e,2.0,o,3.0,-3.82,689000.0,0.179
1.213681e-07,o,4.0,e,4.0,-2.92,5420000.0,-0.02
1.213765e-07,o,2.0,e,3.0,-4.05,407000.0,-0.002
1.2138440000000002e-07,o,3.0,e,3.0,-3.05,4050000.0,-0.147
1.213893e-07,e,3.0,o,2.0,-3.26,2510000.0,0.277
1.213955e-07,o,3.0,e,2.0,-2.76,7860000.0,0.014
1.214076e-07,o,2.0,e,2.0,-3.53,1350000.0,0.004
1.2148320000000001e-07,e,2.0,o,2.0,-2.77,7660000.0,-0.244
1.214879e-07,e,2.0,o,1.0,-1.44,163000000.0,-0.085
1.214943e-07,o,5.0,e,4.0,-2.86,6180000.0,0.047
1.215068e-07,o,5.0,e,4.0,-0.53,1330000000.0,-0.581
1.2150850000000002e-07,o,3.0,e,4.0,-4.31,223000.0,-0.001
1.215504e-07,o,3.0,e,2.0,-2.0,46200000.0,-0.202
1.215507e-07,e,2.0,o,1.0,-3.66,994000.0,0.015
1.2156020000000002e-07,o,1.0,e,2.0,-5.33,21000.0,-0.001
1.215872e-07,o,3.0,e,4.0,-2.82,6800000.0,-0.021
1.216057e-07,o,3.0,e,3.0,-2.3,22700000.0,-0.318
1.216089e-07,o,4.0,e,4.0,-2.66,9950000.0,0.01
1.2161500000000002e-07,o,4.0,e,4.0,-1.92,53900000.0,0.361
1.216521e-07,o,3.0,e,4.0,-1.81,69600000.0,-0.037
1.216589e-07,o,4.0,e,4.0,-1.82,68200000.0,-0.298
1.216847e-07,o,4.0,e,5.0,-0.69,912000000.0,-0.507
1.216902e-07,o,2.0,e,3.0,-2.68,9430000.0,-0.251
1.217137e-07,o,1.0,e,2.0,-1.59,117000000.0,0.155
1.217167e-07,e,1.0,o,0.0,-4.5,141000.0,0.0
1.21725e-07,o,4.0,e,4.0,-2.0,45100000.0,-0.117
1.217309e-07,o,3.0,e,3.0,-4.65,99900.0,-0.002
1.217407e-07,e,2.0,o,1.0,-3.23,2680000.0,0.184
1.217499e-07,o,3.0,e,4.0,-2.43,16800000.0,0.04
1.217576e-07,o,4.0,e,3.0,-3.88,590000.0,0.018
1.2178340000000002e-07,o,4.0,e,4.0,-4.55,126000.0,-0.007
1.2180619999999998e-07,o,2.0,e,1.0,-4.64,103000.0,-0.004
1.2183119999999999e-07,o,1.0,e,1.0,-2.34,20500000.0,0.217
1.218347e-07,o,1.0,e,2.0,-1.7,89600000.0,-0.091
1.2186220000000002e-07,o,2.0,e,3.0,-3.22,2730000.0,0.159
1.2188699999999998e-07,e,3.0,o,2.0,-3.4,1810000.0,-0.042
1.219029e-07,o,2.0,e,1.0,-3.5,1430000.0,-0.002
1.219554e-07,o,2.0,e,2.0,-3.86,613000.0,0.016
1.220143e-07,e,2.0,o,2.0,-2.72,8510000.0,-0.005
1.220186e-07,e,3.0,o,3.0,-1.92,54200000.0,0.078
1.220305e-07,o,4.0,e,3.0,-3.22,2710000.0,-0.01
1.220924e-07,o,2.0,e,2.0,-3.53,1320000.0,0.013
1.221167e-07,o,3.0,e,2.0,-4.14,328000.0,0.059
1.2211880000000003e-07,e,1.0,o,2.0,-2.4,18100000.0,0.042
1.221789e-07,o,4.0,e,4.0,-2.29,23200000.0,-0.427
1.2217980000000002e-07,o,4.0,e,3.0,-1.57,121000000.0,0.033
1.22204e-07,o,3.0,e,3.0,-3.61,1080000.0,-0.037
1.222712e-07,o,2.0,e,3.0,-1.42,171000000.0,-0.615
1.2228e-07,o,4.0,e,3.0,-1.73,82900000.0,-0.076
1.22286e-07,o,4.0,e,4.0,-2.93,5200000.0,-0.032
1.2228930000000002e-07,o,2.0,e,3.0,-2.14,32700000.0,0.053
1.223013e-07,o,5.0,e,4.0,-2.37,19200000.0,-0.537
1.223026e-07,e,1.0,o,2.0,-1.73,82800000.0,0.09
1.2230560000000001e-07,o,4.0,e,5.0,-1.68,94300000.0,-0.114
1.223221e-07,o,3.0,e,3.0,-0.82,679000000.0,0.306
1.2234480000000002e-07,o,4.0,e,3.0,-4.41,174000.0,-0.001
1.2235260000000002e-07,o,4.0,e,5.0,-4.03,413000.0,-0.002
1.223953e-07,o,4.0,e,4.0,-2.79,7250000.0,0.024
1.224086e-07,o,2.0,e,3.0,-3.23,2650000.0,-0.01
1.224152e-07,o,5.0,e,4.0,-1.51,136000000.0,-0.208
1.2243510000000002e-07,e,6.0,o,5.0,-1.85,63400000.0,0.77
1.224398e-07,e,2.0,o,2.0,-2.26,24600000.0,-0.137
1.22445e-07,o,4.0,e,4.0,-1.26,247000000.0,0.811
1.224614e-07,o,3.0,e,3.0,-3.23,2640000.0,-0.01
1.224846e-07,o,3.0,e,3.0,-3.77,769000.0,0.001
1.225086e-07,o,1.0,e,2.0,-2.65,9920000.0,-0.035
1.225176e-07,e,1.0,o,1.0,-2.67,9580000.0,0.105
1.2254949999999998e-07,o,3.0,e,2.0,-4.95,50200.0,-0.002
1.225615e-07,o,4.0,e,4.0,-5.55,12500.0,0.0
1.225634e-07,o,4.0,e,5.0,-2.07,37100000.0,-0.019
1.2257260000000003e-07,e,2.0,o,3.0,-2.24,25800000.0,-0.018
1.2257940000000002e-07,o,2.0,e,2.0,-2.19,29100000.0,-0.045
1.2262550000000002e-07,e,1.0,o,1.0,-2.11,34300000.0,-0.027
1.226962e-07,o,0.0,e,1.0,-2.73,8070000.0,0.094
1.226985e-07,o,3.0,e,4.0,-3.23,2620000.0,0.016
1.227078e-07,o,4.0,e,3.0,-3.56,1220000.0,0.081
1.22744e-07,e,4.0,o,3.0,-0.56,1200000000.0,-0.574
1.227978e-07,o,2.0,e,3.0,-4.58,117000.0,0.008
1.228086e-07,e,2.0,o,3.0,-2.77,7380000.0,-0.005
1.2283040000000002e-07,o,3.0,e,4.0,-0.42,1680000000.0,-0.502
1.228491e-07,o,4.0,e,3.0,-2.91,5440000.0,-0.283
1.22859e-07,o,2.0,e,1.0,-2.55,12500000.0,0.188
1.228725e-07,o,1.0,e,2.0,-2.15,31200000.0,0.021
1.228876e-07,e,4.0,o,4.0,-0.19,2850000000.0,0.613
1.229228e-07,o,1.0,e,1.0,-5.08,37200.0,-0.002
1.229695e-07,e,5.0,o,4.0,-2.5,14000000.0,-0.16
1.229763e-07,o,2.0,e,3.0,-4.14,323000.0,-0.001
1.2298900000000002e-07,o,3.0,e,2.0,-3.09,3590000.0,0.031
1.230304e-07,o,4.0,e,3.0,-2.55,12500000.0,-0.107
1.2304880000000002e-07,o,0.0,e,1.0,-3.99,448000.0,0.532
1.23083e-07,o,2.0,e,3.0,-4.28,235000.0,-0.003
1.230846e-07,o,3.0,e,4.0,-2.11,34800000.0,-0.234
1.2311010000000001e-07,o,2.0,e,1.0,-1.67,93400000.0,-0.172
1.2314380000000002e-07,e,2.0,o,1.0,-2.42,16700000.0,0.084
1.23145e-07,e,2.0,o,2.0,-4.78,72900.0,0.158
1.231589e-07,o,2.0,e,3.0,-3.29,2270000.0,-0.054
1.2318550000000001e-07,o,4.0,e,3.0,-3.22,2680000.0,-0.013
1.232895e-07,e,4.0,o,3.0,-2.04,40300000.0,-0.212
1.232954e-07,o,2.0,e,3.0,-2.71,8720000.0,0.018
1.233306e-07,o,3.0,e,2.0,-4.12,338000.0,-0.008
1.2334240000000002e-07,o,5.0,e,4.0,-1.9,55400000.0,-0.209
1.233876e-07,o,2.0,e,1.0,-4.91,54100.0,0.003
1.2339100000000002e-07,o,4.0,e,3.0,-5.31,21400.0,-0.001
1.234076e-07,o,3.0,e,4.0,-2.32,20800000.0,-0.147
1.23421e-07,e,1.0,o,2.0,-3.12,3350000.0,-0.017
1.234405e-07,o,5.0,e,4.0,-5.02,41700.0,-0.032
1.234475e-07,o,3.0,e,4.0,-2.15,30400000.0,0.101
1.234615e-07,e,5.0,o,5.0,-3.07,3690000.0,-0.002
1.234734e-07,o,4.0,e,3.0,-3.04,4050000.0,0.011
1.234923e-07,o,3.0,e,2.0,-3.52,1320000.0,-0.141
1.235123e-07,o,5.0,e,5.0,-1.36,189000000.0,-0.298
1.2354390000000002e-07,o,3.0,e,2.0,-2.19,28300000.0,0.111
1.235466e-07,o,4.0,e,4.0,-3.78,723000.0,-0.031
1.2355719999999998e-07,o,5.0,e,5.0,-5.94,4990.0,0.005
1.236198e-07,e,5.0,o,6.0,-2.49,14200000.0,0.008
1.236814e-07,o,1.0,e,2.0,-3.24,2530000.0,-0.007
1.236835e-07,o,2.0,e,2.0,-3.87,587000.0,-0.003
1.236921e-07,o,3.0,e,4.0,-2.89,5650000.0,0.028
1.236933e-07,o,1.0,e,2.0,-3.64,1010000.0,-0.001
1.237079e-07,o,1.0,e,2.0,-3.28,2310000.0,-0.089
1.237291e-07,o,1.0,e,1.0,-2.94,4890000.0,0.013
1.237489e-07,o,3.0,e,4.0,-2.48,14500000.0,-0.082
1.237631e-07,o,3.0,e,4.0,-4.88,57200.0,0.003
1.2376479999999999e-07,o,3.0,e,3.0,-4.0,440000.0,0.009
1.237768e-07,e,2.0,o,2.0,-0.76,749000000.0,-0.316
1.237967e-07,o,4.0,e,4.0,-1.98,45300000.0,0.014
1.23801e-07,o,4.0,e,3.0,-4.06,376000.0,0.0
1.238341e-07,o,2.0,e,2.0,-4.42,164000.0,0.046
1.238711e-07,e,1.0,o,2.0,-5.2,27700.0,-0.368
1.238927e-07,o,5.0,e,5.0,-4.44,160000.0,0.305
1.238985e-07,o,2.0,e,1.0,-4.06,377000.0,0.014
1.239259e-07,o,3.0,e,2.0,-4.45,155000.0,-0.001
1.239289e-07,e,3.0,o,2.0,-3.26,2370000.0,-0.12
1.239471e-07,o,3.0,e,3.0,-1.32,209000000.0,0.145
1.2396110000000003e-07,o,2.0,e,2.0,-2.99,4470000.0,0.076
1.23985e-07,o,1.0,e,1.0,-3.24,2520000.0,-0.056
1.2401120000000002e-07,e,4.0,o,4.0,-2.74,7840000.0,0.316
1.240302e-07,o,3.0,e,4.0,-1.99,44700000.0,0.132
1.240358e-07,o,3.0,e,4.0,-5.55,12300.0,0.001
1.240382e-07,e,3.0,o,2.0,-1.42,166000000.0,0.461
1.2405560000000001e-07,o,1.0,e,2.0,-4.16,294000.0,-0.002
1.241112e-07,o,5.0,e,4.0,-5.28,22800.0,-0.002
1.241245e-07,o,4.0,e,3.0,-2.14,31200000.0,0.032
1.241363e-07,e,1.0,o,1.0,-1.77,73600000.0,-0.304
1.241368e-07,e,2.0,o,3.0,-1.97,46700000.0,-0.4
1.241396e-07,o,5.0,e,4.0,-2.79,7030000.0,0.125
1.2417870000000001e-07,o,2.0,e,2.0,-4.5,136000.0,-0.003
1.242076e-07,o,1.0,e,1.0,-3.14,3140000.0,-0.003
1.242435e-07,o,3.0,e,4.0,-2.17,29900000.0,0.059
1.2424939999999998e-07,o,2.0,e,3.0,-3.11,3310000.0,-0.11
1.242532e-07,o,2.0,e,1.0,-3.02,4170000.0,0.052
1.2426110000000002e-07,e,2.0,o,1.0,-2.21,26900000.0,0.362
1.2426189999999999e-07,o,3.0,e,2.0,-1.86,60300000.0,-0.06
1.242656e-07,o,4.0,e,4.0,-3.02,4070000.0,-0.035
1.242713e-07,o,4.0,e,3.0,-5.77,7460.0,0.0
1.242713e-07,o,3.0,e,3.0,-2.09,35100000.0,-0.13
1.243084e-07,o,1.0,e,2.0,-2.93,4980000.0,-0.023
1.2433050000000002e-07,e,3.0,o,2.0,-2.01,42600000.0,0.247
1.243402e-07,o,1.0,e,1.0,-4.75,75500.0,-0.001
1.243521e-07,o,5.0,e,6.0,-2.0,42600000.0,-0.055
1.244032e-07,o,1.0,e,2.0,-2.56,11600000.0,0.311
1.244355e-07,o,2.0,e,1.0,-4.34,198000.0,0.007
1.2446e-07,o,2.0,e,2.0,-4.77,73000.0,0.002
1.244631e-07,e,3.0,o,3.0,-3.3,2160000.0,-0.007
1.245108e-07,o,3.0,e,4.0,-2.02,40500000.0,-0.123
1.245451e-07,e,4.0,o,3.0,-1.87,58200000.0,0.269
1.245569e-07,o,4.0,e,4.0,-3.16,3000000.0,-0.17
1.245619e-07,o,2.0,e,1.0,-2.13,32000000.0,0.075
1.245656e-07,e,3.0,o,3.0,-2.92,5150000.0,-0.163
1.246107e-07,e,2.0,o,2.0,-4.39,177000.0,0.001
1.2465270000000002e-07,e,2.0,o,2.0,-4.16,298000.0,0.0
1.2467370000000002e-07,o,2.0,e,3.0,-2.69,8600000.0,-0.02
1.246831e-07,e,4.0,o,4.0,-1.01,425000000.0,-0.394
1.246939e-07,o,2.0,e,3.0,-1.69,86800000.0,0.124
1.2472480000000002e-07,o,4.0,e,4.0,-2.49,14000000.0,-0.026
1.2472650000000002e-07,o,3.0,e,3.0,-3.51,1330000.0,-0.134
1.247272e-07,o,4.0,e,3.0,-3.19,2760000.0,-0.038
1.2473420000000002e-07,o,2.0,e,2.0,-3.53,1270000.0,-0.012
1.24751e-07,o,1.0,e,2.0,-2.75,7610000.0,0.013
1.2477280000000002e-07,o,4.0,e,4.0,-4.27,232000.0,0.009
1.248028e-07,o,4.0,e,4.0,-2.27,22900000.0,0.054
1.248433e-07,e,4.0,o,5.0,-1.36,186000000.0,-0.647
1.248619e-07,o,5.0,e,5.0,-1.71,82300000.0,-0.523
1.248701e-07,o,0.0,e,1.0,-3.29,2220000.0,0.176
1.248778e-07,o,3.0,e,2.0,-5.45,15200.0,-0.018
1.248981e-07,o,0.0,e,1.0,-4.3,214000.0,0.02
1.2490630000000002e-07,o,5.0,e,4.0,-4.23,253000.0,-0.013
1.249099e-07,o,1.0,e,2.0,-3.37,1840000.0,0.001
1.24935e-07,e,1.0,o,1.0,-1.44,152000000.0,0.404
1.249536e-07,e,1.0,o,2.0,-1.39,175000000.0,-0.147
1.249578e-07,e,1.0,o,2.0,-1.57,114000000.0,0.172
1.249663e-07,o,4.0,e,4.0,-3.74,773000.0,0.012
1.249884e-07,o,1.0,e,2.0,-5.81,6530.0,0.0
1.249894e-07,o,4.0,e,5.0,-2.14,31000000.0,-0.24
1.249941e-07,e,4.0,o,3.0,-1.58,111000000.0,0.52
1.249975e-07,o,3.0,e,2.0,-3.61,1040000.0,-0.007
1.250005e-07,e,1.0,o,1.0,-2.11,33100000.0,0.588
1.250045e-07,o,3.0,e,3.0,-3.9,536000.0,0.007
1.250328e-07,o,2.0,e,3.0,-3.85,607000.0,-0.022
1.250339e-07,o,4.0,e,4.0,-3.37,1820000.0,0.011
1.250466e-07,e,2.0,o,3.0,-0.66,936000000.0,0.642
1.2506430000000002e-07,o,2.0,e,3.0,-3.24,2490000.0,0.015
1.250708e-07,o,5.0,e,5.0,-1.81,66000000.0,-0.208
1.2508150000000002e-07,o,5.0,e,5.0,-2.67,9120000.0,0.028
1.2510429999999998e-07,o,3.0,e,2.0,-4.69,87000.0,0.002
1.251489e-07,o,2.0,e,2.0,-3.3,2130000.0,0.009
1.25151e-07,o,2.0,e,1.0,-2.03,40200000.0,0.101
1.251541e-07,o,0.0,e,1.0,-2.71,8450000.0,0.011
1.252027e-07,o,2.0,e,2.0,-2.97,4490000.0,-0.008
1.2520940000000001e-07,o,4.0,e,5.0,-1.47,144000000.0,-0.132
1.25237e-07,o,3.0,e,3.0,-3.66,934000.0,0.045
1.25261e-07,o,4.0,e,4.0,-3.02,4090000.0,0.004
1.252613e-07,o,3.0,e,3.0,-2.19,27200000.0,0.009
1.252773e-07,o,1.0,e,1.0,-5.53,12500.0,0.0
1.253001e-07,o,3.0,e,3.0,-3.2,2660000.0,0.226
1.253023e-07,e,3.0,o,4.0,-3.97,460000.0,-0.235
1.253269e-07,o,2.0,e,1.0,-2.42,15900000.0,-0.28
1.2534120000000002e-07,o,1.0,e,2.0,-2.92,5120000.0,-0.424
1.2537570000000002e-07,o,1.0,e,1.0,-1.93,50600000.0,0.149
1.2542680000000002e-07,o,2.0,e,3.0,-2.92,5120000.0,-0.081
1.254589e-07,e,3.0,o,3.0,-2.09,35000000.0,-0.483
1.254756e-07,e,2.0,o,2.0,-2.41,16600000.0,0.133
1.254825e-07,e,1.0,o,2.0,-1.99,43600000.0,0.096
1.254984e-07,o,3.0,e,4.0,-2.51,13300000.0,-0.226
1.255315e-07,o,1.0,e,2.0,-2.36,18400000.0,0.134
1.255822e-07,o,5.0,e,4.0,-4.74,77300.0,0.004
1.255972e-07,o,1.0,e,2.0,-3.45,1500000.0,0.009
1.255982e-07,e,4.0,o,5.0,-2.68,8810000.0,0.05
1.2561880000000002e-07,o,2.0,e,2.0,-4.06,368000.0,0.003
1.256251e-07,o,1.0,e,1.0,-3.26,2360000.0,-0.028
1.256272e-07,e,1.0,o,2.0,-1.33,197000000.0,-0.376
1.256523e-07,o,2.0,e,3.0,-2.75,7580000.0,-0.147
1.2566930000000001e-07,o,4.0,e,3.0,-4.09,347000.0,0.048
1.2567570000000002e-07,e,5.0,o,4.0,-4.82,63700.0,-0.002
1.2568510000000002e-07,e,4.0,o,3.0,-3.14,3070000.0,-0.139
1.256948e-07,o,2.0,e,3.0,-3.78,699000.0,0.005
1.256983e-07,o,4.0,e,5.0,-2.87,5660000.0,-0.122
1.257433e-07,o,4.0,e,4.0,-5.86,5780.0,0.0
1.257436e-07,o,2.0,e,2.0,-3.52,1280000.0,0.005
1.257522e-07,o,3.0,e,3.0,-1.77,72200000.0,-0.274
1.257939e-07,o,4.0,e,5.0,-2.36,18500000.0,0.069
1.257953e-07,o,3.0,e,2.0,-2.35,18900000.0,-0.068
1.258064e-07,o,2.0,e,2.0,-3.54,1220000.0,-0.004
1.258246e-07,o,1.0,e,2.0,-3.69,862000.0,0.038
1.2583730000000002e-07,o,4.0,e,3.0,-1.72,80500000.0,0.16
1.2584300000000002e-07,o,1.0,e,2.0,-2.54,12100000.0,-0.034
1.258666e-07,e,3.0,o,3.0,0.2,6590000000.0,-0.703
1.258706e-07,o,5.0,e,6.0,-1.73,77100000.0,-0.054
1.25897e-07,o,3.0,e,4.0,-0.98,444000000.0,0.353
1.259049e-07,e,1.0,o,0.0,-0.88,543000000.0,0.46
1.2590809999999998e-07,e,2.0,o,1.0,-3.69,870000.0,0.001
1.259173e-07,o,4.0,e,3.0,-4.0,415000.0,-0.029
1.259179e-07,o,3.0,e,2.0,-2.89,5460000.0,-0.035
1.2592080000000002e-07,o,4.0,e,5.0,-4.08,345000.0,-0.003
1.259328e-07,e,2.0,o,2.0,-0.82,641000000.0,-0.369
1.259685e-07,o,1.0,e,1.0,-2.25,23200000.0,-0.343
1.259704e-07,o,1.0,e,2.0,-2.87,5720000.0,-0.06
1.259782e-07,o,2.0,e,3.0,-4.93,49600.0,-0.006
1.2601310000000002e-07,o,3.0,e,2.0,-2.82,6370000.0,0.027
1.2604400000000001e-07,o,2.0,e,2.0,-1.82,63600000.0,0.359
1.260446e-07,e,2.0,o,3.0,-2.39,17200000.0,0.256
1.260532e-07,o,4.0,e,4.0,-4.39,170000.0,0.002
1.260537e-07,o,5.0,e,4.0,-2.37,17900000.0,0.266
1.260684e-07,o,3.0,e,3.0,-4.3,212000.0,0.002
1.260769e-07,o,5.0,e,4.0,-4.8,66400.0,-0.012
1.260886e-07,o,4.0,e,3.0,-3.94,479000.0,0.025
1.261036e-07,o,1.0,e,1.0,-1.49,135000000.0,-0.317
1.261174e-07,o,3.0,e,3.0,-3.61,1040000.0,0.006
1.2612170000000002e-07,o,4.0,e,5.0,-1.82,63900000.0,-0.251
1.261274e-07,o,1.0,e,1.0,-4.95,47300.0,0.0
1.261335e-07,e,3.0,o,3.0,-3.1,3350000.0,0.018
1.2613730000000002e-07,o,1.0,e,1.0,-1.18,279000000.0,-0.482
1.261627e-07,o,2.0,e,3.0,-2.51,13000000.0,0.031
1.2617580000000002e-07,o,4.0,e,4.0,-4.59,108000.0,-0.098
1.261838e-07,e,3.0,o,4.0,-4.2,266000.0,-0.497
1.261855e-07,o,3.0,e,3.0,-4.54,121000.0,-0.021
1.2621510000000001e-07,e,1.0,o,1.0,-1.27,225000000.0,-0.133
1.262295e-07,e,1.0,o,2.0,-2.14,30500000.0,-0.663
1.262366e-07,o,5.0,e,6.0,-3.71,816000.0,0.001
1.262507e-07,o,2.0,e,2.0,-4.16,292000.0,-0.004
1.26255e-07,o,2.0,e,1.0,-3.17,2830000.0,-0.03
1.2627090000000001e-07,o,4.0,e,3.0,-5.4,16900.0,0.003
1.262977e-07,o,4.0,e,5.0,-5.71,8130.0,0.027
1.262987e-07,o,2.0,e,1.0,-4.64,95400.0,-0.002
1.2631350000000001e-07,o,5.0,e,4.0,-1.84,61100000.0,-0.228
1.263275e-07,o,3.0,e,4.0,-3.83,619000.0,0.004
1.263386e-07,e,1.0,o,0.0,-2.45,15000000.0,-0.255
1.263952e-07,o,5.0,e,5.0,-2.67,8970000.0,0.017
1.263954e-07,e,1.0,o,2.0,-0.61,1030000000.0,0.762
1.264149e-07,o,2.0,e,1.0,-1.92,50900000.0,-0.064
1.264488e-07,o,5.0,e,6.0,-1.62,99600000.0,0.102
1.2645340000000002e-07,o,4.0,e,5.0,-3.12,3170000.0,-0.164
1.2647650000000001e-07,e,2.0,o,1.0,-2.83,6120000.0,0.006
1.2648730000000002e-07,o,3.0,e,4.0,-5.23,24500.0,0.005
1.264928e-07,e,2.0,o,2.0,-0.7,813000000.0,0.538
1.265328e-07,e,3.0,o,2.0,-3.55,1170000.0,-0.174
1.265454e-07,o,2.0,e,1.0,-3.55,1180000.0,0.03
1.265464e-07,o,4.0,e,3.0,-2.42,15700000.0,-0.048
1.2655150000000002e-07,o,4.0,e,4.0,-5.44,15300.0,0.0
1.266106e-07,o,2.0,e,2.0,-5.15,29800.0,0.001
1.266382e-07,o,3.0,e,4.0,-2.87,5680000.0,-0.407
1.2664459999999999e-07,o,3.0,e,2.0,-3.94,475000.0,-0.02
1.266588e-07,o,3.0,e,2.0,-2.24,24400000.0,0.07
1.2669020000000002e-07,e,3.0,o,3.0,-1.64,95600000.0,-0.698
1.2669290000000002e-07,o,1.0,e,2.0,-2.28,21700000.0,0.261
1.267003e-07,o,3.0,e,2.0,-1.36,182000000.0,0.268
1.267013e-07,e,0.0,o,1.0,-1.46,144000000.0,0.218
1.267045e-07,o,2.0,e,2.0,-1.76,72500000.0,0.162
1.2670530000000002e-07,o,1.0,e,2.0,-2.45,14800000.0,-0.027
1.267646e-07,e,3.0,o,2.0,-1.98,44100000.0,-0.091
1.267671e-07,o,2.0,e,3.0,-3.3,2080000.0,0.004
1.267703e-07,o,3.0,e,2.0,-2.88,5520000.0,-0.208
1.2678450000000002e-07,e,4.0,o,3.0,-2.32,19800000.0,-0.018
1.2681020000000002e-07,o,4.0,e,4.0,-3.37,1790000.0,0.034
1.268318e-07,o,2.0,e,1.0,-2.28,21800000.0,-0.182
1.268379e-07,o,1.0,e,1.0,-3.44,1510000.0,-0.012
1.268517e-07,o,1.0,e,2.0,-2.33,19700000.0,-0.083
1.268524e-07,e,2.0,o,2.0,-0.1,3260000000.0,-0.636
1.268533e-07,o,3.0,e,4.0,-2.59,10600000.0,-0.016
1.2685820000000002e-07,o,2.0,e,2.0,-2.18,27400000.0,0.013
1.2686910000000001e-07,e,2.0,o,1.0,-2.63,9820000.0,-0.011
1.268723e-07,e,1.0,o,1.0,-0.23,2460000000.0,-0.745
1.268776e-07,e,1.0,o,1.0,-2.28,21800000.0,-0.01
1.269193e-07,e,3.0,o,2.0,-3.92,494000.0,0.005
1.269437e-07,o,3.0,e,4.0,-3.57,1120000.0,-0.081
1.269443e-07,o,3.0,e,3.0,-2.71,8160000.0,-0.018
1.26999e-07,o,3.0,e,2.0,-4.77,71200.0,-0.002
1.270032e-07,o,3.0,e,4.0,-2.1,33000000.0,0.037
1.270156e-07,o,4.0,e,4.0,-5.12,31400.0,0.001
1.2703510000000002e-07,o,3.0,e,2.0,-3.63,993000.0,-0.066
1.270535e-07,o,0.0,e,1.0,-1.14,302000000.0,-0.603
1.270653e-07,o,5.0,e,5.0,-1.99,42500000.0,0.047
1.270969e-07,e,4.0,o,3.0,-2.3,20700000.0,0.078
1.271286e-07,e,2.0,o,2.0,-3.77,695000.0,-0.05
1.271482e-07,o,1.0,e,2.0,-3.17,2790000.0,0.014
1.271671e-07,o,1.0,e,2.0,-1.19,265000000.0,-0.366
1.27175e-07,o,3.0,e,4.0,-4.04,382000.0,-0.005
1.271808e-07,e,1.0,o,1.0,-1.0,418000000.0,-0.246
1.272056e-07,o,3.0,e,3.0,-3.34,1880000.0,0.037
1.2721300000000002e-07,o,1.0,e,2.0,-3.12,3170000.0,-0.019
1.272185e-07,o,2.0,e,3.0,-1.65,92000000.0,-0.465
1.272645e-07,o,3.0,e,3.0,-3.22,2490000.0,-0.106
1.272825e-07,e,2.0,o,1.0,-3.39,1700000.0,0.007
1.272849e-07,o,5.0,e,5.0,-4.9,51900.0,0.001
1.272875e-07,e,2.0,o,3.0,-2.45,14600000.0,0.15
1.27293e-07,o,3.0,e,2.0,-2.62,10100000.0,-0.078
1.272945e-07,o,1.0,e,1.0,-5.52,12100.0,0.001
1.273029e-07,e,3.0,o,3.0,-1.85,58400000.0,-0.373
1.2731210000000001e-07,e,2.0,o,3.0,-1.96,45100000.0,-0.526
1.273126e-07,e,5.0,o,4.0,-1.35,182000000.0,0.551
1.2731410000000002e-07,o,2.0,e,2.0,-2.13,30300000.0,0.069
1.273293e-07,o,2.0,e,2.0,-4.8,64500.0,-0.036
1.273322e-07,e,2.0,o,2.0,-2.85,5740000.0,-0.01
1.2733270000000002e-07,e,2.0,o,1.0,-0.85,581000000.0,-0.448
1.274036e-07,e,3.0,o,2.0,-3.0,4130000.0,-0.342
1.274147e-07,o,5.0,e,4.0,-3.26,2250000.0,-0.025
1.274426e-07,o,2.0,e,1.0,-3.54,1200000.0,0.022
1.274441e-07,o,4.0,e,4.0,-1.81,64300000.0,0.066
1.274493e-07,o,2.0,e,2.0,-0.92,495000000.0,-0.425
1.27451e-07,e,5.0,o,5.0,-3.0,4140000.0,0.05
1.27479e-07,o,5.0,e,6.0,-2.57,11100000.0,-0.027
1.274822e-07,e,3.0,o,3.0,-0.24,2350000000.0,-0.749
1.274922e-07,o,2.0,e,1.0,-3.05,3650000.0,-0.043
1.274928e-07,o,3.0,e,2.0,-1.68,85600000.0,-0.102
1.275138e-07,o,3.0,e,4.0,-2.47,14000000.0,0.036
1.275195e-07,o,2.0,e,3.0,-2.16,28500000.0,0.111
1.275198e-07,o,3.0,e,2.0,-2.46,14300000.0,-0.103
1.275216e-07,o,4.0,e,4.0,-5.78,6870.0,0.0
1.275323e-07,o,4.0,e,3.0,-5.76,7210.0,0.0
1.275466e-07,o,1.0,e,2.0,-1.65,93000000.0,-0.232
1.275474e-07,o,4.0,e,4.0,-2.4,16600000.0,0.035
1.275662e-07,o,2.0,e,2.0,-1.73,75800000.0,0.263
1.2757380000000002e-07,o,3.0,e,4.0,-3.75,742000.0,0.01
1.275824e-07,o,4.0,e,3.0,-3.16,2850000.0,0.044
1.2760050000000002e-07,o,1.0,e,2.0,-3.11,3200000.0,0.045
1.276463e-07,e,1.0,o,2.0,-2.36,17600000.0,0.02
1.2766140000000002e-07,e,3.0,o,2.0,-1.43,151000000.0,0.266
1.2766140000000002e-07,o,3.0,e,2.0,-2.04,38100000.0,-0.03
1.2766210000000001e-07,e,5.0,o,4.0,-2.11,31700000.0,-0.025
1.276676e-07,o,2.0,e,2.0,-4.35,183000.0,0.006
1.276715e-07,o,3.0,e,3.0,-2.46,14200000.0,-0.022
1.276745e-07,e,0.0,o,1.0,-1.29,214000000.0,0.349
1.2767560000000002e-07,o,1.0,e,1.0,-1.69,84900000.0,0.591
1.276963e-07,e,3.0,o,2.0,-0.92,491000000.0,-0.401
1.277041e-07,o,1.0,e,1.0,-2.91,5060000.0,-0.063
1.277263e-07,o,3.0,e,4.0,-2.58,10900000.0,-0.187
1.277265e-07,e,1.0,o,2.0,-1.49,131000000.0,-0.179
1.2773140000000002e-07,o,3.0,e,4.0,-2.37,17700000.0,0.058
1.277319e-07,o,3.0,e,3.0,-2.62,9830000.0,0.014
1.277395e-07,o,3.0,e,3.0,-1.86,56600000.0,0.065
1.277407e-07,e,4.0,o,4.0,-1.43,153000000.0,-0.385
1.2776869999999998e-07,o,4.0,e,5.0,-1.88,54100000.0,-0.529
1.277857e-07,e,2.0,o,1.0,-0.65,909000000.0,0.403
1.2779390000000002e-07,e,4.0,o,3.0,-4.15,285000.0,0.016
1.2782510000000001e-07,o,0.0,e,1.0,-3.36,1790000.0,0.014
1.2783050000000001e-07,o,3.0,e,3.0,-5.2,25700.0,-0.001
1.2783520000000002e-07,o,1.0,e,1.0,-1.56,113000000.0,-0.472
1.2786020000000002e-07,o,1.0,e,1.0,-2.13,30800000.0,0.064
1.2788460000000001e-07,o,2.0,e,2.0,-2.14,29800000.0,0.265
1.2789200000000002e-07,o,3.0,e,2.0,-3.0,4050000.0,-0.254
1.279e-07,o,2.0,e,3.0,-3.73,756000.0,-0.001
1.2795630000000001e-07,o,3.0,e,2.0,-2.42,15700000.0,-0.026
1.27979e-07,o,2.0,e,3.0,-1.9,51000000.0,-0.13
1.280044e-07,e,2.0,o,3.0,-2.85,5760000.0,0.005
1.280061e-07,o,4.0,e,4.0,-4.51,127000.0,0.012
1.280328e-07,e,2.0,o,1.0,-0.44,1460000000.0,-0.607
1.28042e-07,e,3.0,o,3.0,-1.64,93000000.0,-0.695
1.2804559999999999e-07,o,3.0,e,3.0,-5.29,20800.0,-0.001
1.2808710000000002e-07,e,2.0,o,3.0,-0.85,577000000.0,0.245
1.280982e-07,o,3.0,e,2.0,-2.5,12800000.0,0.167
1.2810070000000001e-07,o,0.0,e,1.0,-2.33,18700000.0,0.188
1.281128e-07,e,2.0,o,2.0,-2.1,32100000.0,-0.161
1.281343e-07,e,3.0,o,3.0,-1.46,140000000.0,-0.287
1.281366e-07,o,1.0,e,2.0,-4.49,131000.0,0.009
1.281455e-07,o,2.0,e,1.0,-1.02,388000000.0,0.457
1.281475e-07,o,4.0,e,5.0,-2.03,38100000.0,-0.035
1.281841e-07,o,2.0,e,2.0,-2.8,6420000.0,-0.064
1.281867e-07,e,1.0,o,2.0,-4.76,69600.0,0.006
1.281982e-07,e,3.0,o,4.0,-4.36,177000.0,-0.27
1.282385e-07,o,2.0,e,3.0,-4.91,49500.0,0.0
1.282413e-07,o,4.0,e,4.0,-3.39,1680000.0,0.035
1.2825860000000002e-07,o,4.0,e,3.0,-1.33,188000000.0,0.245
1.282679e-07,e,2.0,o,2.0,-1.39,166000000.0,0.127
1.282803e-07,e,3.0,o,2.0,-0.75,729000000.0,-0.277
1.282857e-07,o,4.0,e,4.0,-1.59,104000000.0,-0.317
1.282949e-07,o,3.0,e,2.0,-2.13,30000000.0,-0.157
1.283e-07,o,1.0,e,2.0,-3.67,871000.0,-0.004
1.2830460000000001e-07,o,3.0,e,3.0,-3.73,766000.0,0.02
1.2831340000000001e-07,e,5.0,o,4.0,-1.31,200000000.0,0.458
1.283272e-07,e,3.0,o,3.0,-0.43,1510000000.0,-0.258
1.283305e-07,o,4.0,e,4.0,-1.92,48200000.0,0.191
1.283349e-07,o,3.0,e,3.0,-4.41,158000.0,-0.005
1.283432e-07,e,1.0,o,1.0,-1.64,92200000.0,-0.231
1.283517e-07,o,5.0,e,4.0,-0.99,414000000.0,0.523
1.283653e-07,o,3.0,e,2.0,-3.48,1340000.0,-0.016
1.2837550000000002e-07,o,2.0,e,3.0,-3.2,2560000.0,0.095
1.2840530000000002e-07,o,5.0,e,4.0,-3.15,2830000.0,-0.108
1.2841980000000002e-07,o,1.0,e,2.0,-1.97,43500000.0,-0.26
1.2843040000000001e-07,o,4.0,e,3.0,-3.67,862000.0,-0.069
1.284305e-07,o,1.0,e,1.0,-3.18,2660000.0,-0.144
1.2844790000000002e-07,o,5.0,e,5.0,-3.34,1850000.0,0.073
1.284568e-07,o,2.0,e,2.0,-3.13,2990000.0,-0.013
1.284677e-07,e,2.0,o,1.0,-0.4,1630000000.0,0.536
1.284966e-07,o,2.0,e,3.0,-4.11,312000.0,-0.001
1.2850370000000002e-07,e,2.0,o,3.0,-1.45,143000000.0,-0.324
1.285425e-07,o,2.0,e,2.0,-3.41,1590000.0,-0.149
1.2856690000000002e-07,o,4.0,e,3.0,-4.29,208000.0,-0.046
1.285684e-07,o,4.0,e,3.0,-3.41,1560000.0,-0.035
1.285704e-07,e,4.0,o,5.0,-2.67,8710000.0,-0.006
1.285797e-07,o,3.0,e,4.0,-2.59,10500000.0,-0.016
1.285828e-07,o,4.0,e,5.0,-2.31,19800000.0,-0.074
1.285876e-07,o,2.0,e,1.0,-3.77,698000.0,-0.118
1.285939e-07,o,2.0,e,3.0,-1.41,158000000.0,-0.196
1.286127e-07,o,4.0,e,5.0,-1.83,59300000.0,0.104
1.286185e-07,e,3.0,o,4.0,-2.64,9250000.0,-0.681
1.2871240000000002e-07,e,5.0,o,5.0,-1.15,287000000.0,-0.874
1.287222e-07,o,3.0,e,3.0,-1.66,89700000.0,0.262
1.2875150000000003e-07,e,3.0,o,3.0,-2.13,30200000.0,-0.066
1.287576e-07,o,4.0,e,5.0,-2.93,4760000.0,0.039
1.28758e-07,o,1.0,e,2.0,-4.32,193000.0,-0.109
1.287694e-07,o,2.0,e,3.0,-1.59,103000000.0,-0.283
1.287757e-07,e,2.0,o,1.0,-1.03,378000000.0,0.195
1.287852e-07,e,4.0,o,4.0,-1.62,97700000.0,-0.142
1.287896e-07,o,5.0,e,5.0,-3.58,1060000.0,-0.04
1.2880170000000001e-07,o,0.0,e,1.0,-2.67,8650000.0,-0.015
1.288076e-07,o,4.0,e,3.0,-4.65,90500.0,0.0
1.288092e-07,o,3.0,e,3.0,-2.26,22200000.0,0.044
1.288099e-07,o,3.0,e,3.0,-1.24,234000000.0,-0.233
1.288404e-07,o,2.0,e,1.0,-2.17,27100000.0,-0.112
1.288406e-07,o,1.0,e,1.0,-4.7,80900.0,0.003
1.288582e-07,o,5.0,e,4.0,-5.84,5830.0,0.0
1.288886e-07,o,0.0,e,1.0,-4.24,229000.0,0.014
1.288907e-07,o,4.0,e,3.0,-4.31,197000.0,0.011
1.2889269999999999e-07,e,2.0,o,2.0,-2.36,17500000.0,-0.012
1.288931e-07,o,1.0,e,2.0,-1.7,80700000.0,-0.267
1.288989e-07,e,1.0,o,2.0,-1.51,126000000.0,-0.714
1.289253e-07,o,4.0,e,5.0,-4.96,44500.0,0.0
1.289401e-07,e,2.0,o,3.0,-0.06,3450000000.0,0.757
1.2897280000000002e-07,e,5.0,o,6.0,-2.49,13100000.0,-0.012
1.289872e-07,o,2.0,e,3.0,-3.66,891000.0,-0.052
1.2899000000000002e-07,o,2.0,e,3.0,-2.82,6000000.0,0.172
1.290163e-07,o,3.0,e,3.0,-2.85,5720000.0,-0.01
1.290449e-07,e,1.0,o,1.0,-1.26,221000000.0,-0.131
1.2907760000000002e-07,o,2.0,e,2.0,-4.56,110000.0,0.001
1.290941e-07,o,3.0,e,3.0,-3.29,2050000.0,-0.009
1.290947e-07,e,3.0,o,2.0,-0.32,1930000000.0,0.711
1.2910609999999998e-07,e,1.0,o,1.0,-0.77,673000000.0,0.667
1.2913209999999999e-07,o,1.0,e,2.0,-4.37,168000.0,-0.066
1.291608e-07,o,1.0,e,2.0,-4.91,49200.0,-0.001
1.291654e-07,e,3.0,o,3.0,-5.13,29300.0,-0.01
1.2917639999999999e-07,o,2.0,e,3.0,-2.95,4420000.0,-0.012
1.291771e-07,o,1.0,e,2.0,-3.23,2340000.0,0.003
1.2917840000000002e-07,o,3.0,e,2.0,-4.2,254000.0,-0.023
1.291836e-07,o,1.0,e,2.0,-4.15,286000.0,0.007
1.2922370000000002e-07,o,3.0,e,4.0,-1.93,47400000.0,-0.393
1.292258e-07,e,3.0,o,3.0,-1.99,41400000.0,-0.668
1.292529e-07,e,2.0,o,2.0,-2.75,7010000.0,-0.006
1.2925519999999999e-07,o,3.0,e,4.0,-1.98,42200000.0,-0.091
1.2928150000000002e-07,o,2.0,e,3.0,-1.53,119000000.0,0.363
1.293194e-07,o,6.0,e,5.0,-4.14,292000.0,-0.043
1.293331e-07,o,4.0,e,5.0,-2.08,33400000.0,0.08
1.2933830000000002e-07,o,1.0,e,2.0,-3.52,1200000.0,0.035
1.293452e-07,e,1.0,o,2.0,-2.55,11400000.0,-0.009
1.293454e-07,o,2.0,e,1.0,-2.21,24400000.0,0.212
1.293541e-07,o,4.0,e,4.0,-3.66,869000.0,0.01
1.2936910000000002e-07,o,4.0,e,3.0,-3.3,2000000.0,-0.007
1.2937380000000002e-07,o,4.0,e,4.0,-3.51,1240000.0,0.043
1.293761e-07,e,1.0,o,2.0,-1.27,212000000.0,-0.21
1.2938570000000001e-07,o,2.0,e,1.0,-3.52,1200000.0,-0.021
1.293956e-07,o,3.0,e,4.0,-3.33,1890000.0,-0.009
1.2939720000000001e-07,o,4.0,e,3.0,-5.28,20700.0,0.019
1.293991e-07,o,2.0,e,3.0,-2.45,14200000.0,0.13
1.294121e-07,e,3.0,o,4.0,-0.89,509000000.0,-0.356
1.294322e-07,e,4.0,o,4.0,-2.76,6960000.0,-0.01
1.294539e-07,o,2.0,e,2.0,-4.12,304000.0,0.013
1.294617e-07,o,4.0,e,5.0,-3.06,3520000.0,-0.201
1.294683e-07,o,2.0,e,2.0,-1.7,81100000.0,-0.067
1.2946859999999998e-07,o,2.0,e,2.0,-3.81,622000.0,0.008
1.294691e-07,o,2.0,e,3.0,-1.5,127000000.0,-0.185
1.294877e-07,o,3.0,e,4.0,-2.0,39900000.0,0.06
1.294998e-07,o,3.0,e,3.0,-1.1,322000000.0,0.468
1.2955680000000002e-07,o,3.0,e,3.0,-4.36,174000.0,0.006
1.2956830000000002e-07,o,4.0,e,3.0,-4.36,173000.0,0.049
1.295829e-07,o,3.0,e,2.0,-3.3,1970000.0,0.013
1.295837e-07,o,3.0,e,3.0,-2.03,37300000.0,0.219
1.295943e-07,o,4.0,e,4.0,-2.89,5090000.0,0.015
1.2960519999999999e-07,o,1.0,e,1.0,-2.8,6390000.0,0.029
1.296447e-07,o,4.0,e,3.0,-5.18,26000.0,-0.002
1.296464e-07,e,4.0,o,3.0,-1.27,213000000.0,0.747
1.296797e-07,o,4.0,e,5.0,-2.33,18400000.0,-0.074
1.296872e-07,o,3.0,e,2.0,-0.76,697000000.0,-0.51
1.2970860000000002e-07,o,5.0,e,4.0,-1.89,51100000.0,-0.288
1.297475e-07,o,3.0,e,4.0,-4.12,306000.0,-0.013
1.297742e-07,o,3.0,e,4.0,-1.94,45200000.0,-0.094
1.2979659999999999e-07,e,2.0,o,1.0,-1.12,304000000.0,0.291
1.298066e-07,e,4.0,o,4.0,-0.87,530000000.0,-0.74
1.298201e-07,o,5.0,e,6.0,-5.11,30600.0,0.0
1.29832e-07,e,3.0,o,2.0,-3.34,1810000.0,0.177
1.298367e-07,o,4.0,e,4.0,-3.98,416000.0,0.013
1.298474e-07,e,2.0,o,3.0,-2.85,5590000.0,-0.072
1.298546e-07,o,4.0,e,4.0,-4.79,64100.0,0.001
1.2985730000000003e-07,e,3.0,o,2.0,-0.74,736000000.0,-0.548
1.298732e-07,e,4.0,o,3.0,-0.98,416000000.0,-0.436
1.299039e-07,o,4.0,e,3.0,-2.91,4960000.0,-0.012
1.299282e-07,o,4.0,e,4.0,-2.25,22400000.0,0.066
1.29929e-07,e,1.0,o,1.0,-2.33,18400000.0,0.069
1.2993119999999998e-07,o,4.0,e,3.0,-2.68,8130000.0,0.034
1.299454e-07,e,2.0,o,3.0,-2.1,31000000.0,-0.011
1.299456e-07,e,2.0,o,3.0,-1.77,67000000.0,-0.021
1.299799e-07,e,2.0,o,3.0,-1.54,115000000.0,-0.455
1.2998050000000002e-07,e,1.0,o,2.0,-0.3,1990000000.0,0.646
1.3002890000000001e-07,o,1.0,e,1.0,-2.24,22500000.0,-0.176
1.3003730000000002e-07,e,4.0,o,3.0,-2.68,8290000.0,-0.09
1.3005460000000001e-07,e,1.0,o,1.0,-0.84,574000000.0,-0.328
1.300595e-07,o,3.0,e,4.0,-1.92,48200000.0,-0.098
1.300886e-07,o,5.0,e,6.0,-2.52,12000000.0,-0.419
1.300945e-07,o,4.0,e,4.0,-2.16,27500000.0,-0.02
1.301118e-07,e,6.0,o,5.0,-1.89,50700000.0,-0.044
1.3012180000000002e-07,e,5.0,o,5.0,-1.72,75000000.0,-0.3
1.301287e-07,o,4.0,e,3.0,-3.25,2200000.0,0.012
1.30135e-07,o,3.0,e,4.0,-2.94,4570000.0,-0.169
1.301407e-07,e,5.0,o,5.0,0.46,11400000000.0,-0.76
1.301475e-07,o,3.0,e,2.0,-5.31,19500.0,-0.002
1.3015360000000002e-07,e,3.0,o,4.0,-5.28,20800.0,0.212
1.301599e-07,o,4.0,e,5.0,-2.29,20400000.0,-0.093
1.301687e-07,o,3.0,e,4.0,-3.64,902000.0,-0.022
1.3017260000000002e-07,o,4.0,e,3.0,-1.43,149000000.0,-0.216
1.301782e-07,e,3.0,o,4.0,-4.86,55200.0,-0.001
1.301904e-07,o,2.0,e,3.0,-4.02,369000.0,-0.011
1.3022190000000002e-07,o,4.0,e,3.0,-4.01,382000.0,-0.094
1.302723e-07,e,5.0,o,4.0,-1.4,156000000.0,-0.14
1.303125e-07,o,3.0,e,3.0,-2.94,4470000.0,0.013
1.303205e-07,o,3.0,e,4.0,-3.65,876000.0,0.016
1.303655e-07,o,4.0,e,4.0,-5.35,17800.0,0.001
1.303677e-07,o,4.0,e,4.0,-4.18,263000.0,-0.007
1.304124e-07,o,3.0,e,3.0,-3.63,932000.0,0.049
1.304471e-07,o,1.0,e,1.0,-3.2,2500000.0,0.013
1.304798e-07,o,2.0,e,2.0,-5.57,10500.0,0.001
1.3048430000000002e-07,o,3.0,e,2.0,-4.83,58300.0,-0.007
1.304849e-07,e,2.0,o,2.0,-1.26,219000000.0,-0.306
1.305251e-07,o,1.0,e,1.0,-2.85,5610000.0,0.018
1.305301e-07,o,3.0,e,2.0,-4.67,83600.0,0.001
1.305413e-07,e,1.0,o,2.0,-2.01,38000000.0,0.026
1.305539e-07,o,2.0,e,3.0,-2.87,5270000.0,0.068
1.3057970000000002e-07,o,2.0,e,3.0,-4.6,100000.0,-0.019
1.306056e-07,o,4.0,e,3.0,-2.24,22900000.0,0.048
1.306117e-07,o,4.0,e,4.0,-3.47,1320000.0,-0.009
1.306203e-07,o,4.0,e,4.0,-1.22,237000000.0,-0.147
1.3065820000000002e-07,o,3.0,e,4.0,-4.88,52100.0,0.0
1.306662e-07,o,3.0,e,4.0,-1.23,234000000.0,-0.442
1.306742e-07,e,4.0,o,4.0,-5.09,31500.0,0.009
1.307058e-07,o,3.0,e,4.0,-3.56,1070000.0,-0.008
1.30779e-07,o,5.0,e,4.0,-3.11,3020000.0,-0.213
1.308224e-07,o,2.0,e,1.0,-2.44,14200000.0,-0.107
1.3083130000000002e-07,o,3.0,e,3.0,-2.49,12700000.0,0.044
1.308407e-07,o,4.0,e,5.0,-2.14,28100000.0,-0.236
1.308793e-07,e,4.0,o,5.0,-0.49,1260000000.0,-0.408
1.308998e-07,e,1.0,o,1.0,-1.48,130000000.0,-0.268
1.3090270000000001e-07,o,5.0,e,5.0,-2.48,13000000.0,-0.093
1.309406e-07,e,6.0,o,6.0,0.51,12600000000.0,-0.758
1.309488e-07,o,2.0,e,1.0,-2.4,15500000.0,-0.141
1.309535e-07,o,4.0,e,3.0,-4.63,91100.0,-0.013
1.3095840000000002e-07,o,1.0,e,2.0,-3.44,1410000.0,0.004
1.309638e-07,o,3.0,e,4.0,-1.71,75400000.0,-0.469
1.309783e-07,e,1.0,o,0.0,-0.89,497000000.0,-0.662
1.310032e-07,e,2.0,o,2.0,-1.6,97500000.0,-0.101
1.310156e-07,o,3.0,e,4.0,-3.62,927000.0,0.011
1.310293e-07,o,2.0,e,2.0,-1.72,73700000.0,-0.18
1.310298e-07,e,2.0,o,2.0,-0.91,483000000.0,-0.258
1.3104100000000002e-07,o,5.0,e,5.0,-4.99,40200.0,0.0
1.3104290000000003e-07,o,4.0,e,5.0,-2.21,23900000.0,-0.034
1.310912e-07,o,1.0,e,2.0,-2.64,8820000.0,0.066
1.310937e-07,o,5.0,e,4.0,-2.97,4140000.0,-0.153
1.311176e-07,o,3.0,e,3.0,-2.16,26400000.0,0.034
1.311341e-07,o,2.0,e,2.0,-1.99,39300000.0,0.084
1.311486e-07,e,3.0,o,4.0,-1.67,82900000.0,-0.354
1.3115599999999999e-07,o,4.0,e,5.0,-3.36,1710000.0,-0.158
1.311656e-07,o,4.0,e,3.0,-1.73,71400000.0,-0.232
1.3117490000000002e-07,o,4.0,e,4.0,-1.87,52800000.0,-0.148
1.311992e-07,o,4.0,e,3.0,-2.22,23700000.0,0.234
1.312157e-07,o,2.0,e,3.0,-4.97,41600.0,0.011
1.31216e-07,o,0.0,e,1.0,-2.79,6200000.0,-0.375
1.3123430000000003e-07,o,4.0,e,4.0,-3.23,2300000.0,-0.008
1.312465e-07,o,2.0,e,1.0,-3.55,1090000.0,-0.006
1.312477e-07,o,5.0,e,4.0,-4.67,83300.0,-0.122
1.312705e-07,o,2.0,e,1.0,-3.17,2610000.0,0.114
1.312715e-07,e,5.0,o,5.0,0.44,10700000000.0,-0.759
1.312839e-07,o,3.0,e,4.0,-1.81,59700000.0,0.043
1.312887e-07,e,4.0,o,5.0,-2.35,17400000.0,-0.138
1.312923e-07,o,4.0,e,3.0,-2.4,15600000.0,-0.07
1.3129939999999999e-07,o,2.0,e,3.0,-4.32,188000.0,-0.014
1.313049e-07,e,3.0,o,2.0,-3.66,855000.0,-0.143
1.313155e-07,o,5.0,e,4.0,-3.91,475000.0,0.018
1.313356e-07,e,1.0,o,2.0,-1.99,39400000.0,-0.02
1.3138830000000001e-07,o,5.0,e,5.0,-1.62,93300000.0,0.314
1.314577e-07,e,3.0,o,3.0,-2.77,6590000.0,0.514
1.314598e-07,o,4.0,e,3.0,-4.4,153000.0,-0.008
1.315064e-07,o,0.0,e,1.0,-3.36,1700000.0,-0.004
1.315122e-07,e,3.0,o,4.0,-2.39,15800000.0,0.765
1.315295e-07,o,4.0,e,5.0,-1.95,43700000.0,-0.054
1.315314e-07,e,2.0,o,1.0,-5.95,4360.0,0.0
1.315538e-07,o,4.0,e,5.0,-1.03,359000000.0,-0.408
1.31554e-07,o,3.0,e,4.0,-1.38,163000000.0,-0.547
1.31562e-07,o,1.0,e,2.0,-4.21,237000.0,0.0
1.315873e-07,o,2.0,e,3.0,-3.99,401000.0,0.001
1.315999e-07,e,1.0,o,2.0,-0.49,1270000000.0,0.774
1.316001e-07,o,2.0,e,1.0,-2.41,15000000.0,-0.154
1.316195e-07,o,3.0,e,4.0,-1.45,137000000.0,-0.201
1.316559e-07,o,2.0,e,3.0,-2.67,8200000.0,-0.017
1.316576e-07,o,4.0,e,5.0,-2.53,11400000.0,-0.275
1.316786e-07,o,3.0,e,2.0,-1.53,115000000.0,-0.294
1.316895e-07,o,2.0,e,1.0,-5.08,31800.0,0.001
1.317008e-07,o,5.0,e,6.0,-1.84,55200000.0,-0.045
1.317157e-07,o,2.0,e,3.0,-2.0,38300000.0,0.153
1.317218e-07,e,1.0,o,0.0,-1.65,87900000.0,-0.099
1.317308e-07,o,1.0,e,2.0,-3.56,1050000.0,-0.009
1.317435e-07,o,3.0,e,3.0,-3.52,1160000.0,0.098
1.317447e-07,o,3.0,e,2.0,-4.47,130000.0,0.001
1.317655e-07,o,3.0,e,3.0,-4.23,226000.0,-0.012
1.317759e-07,e,2.0,o,3.0,-2.95,4280000.0,0.231
1.318117e-07,e,4.0,o,4.0,0.35,8620000000.0,-0.808
1.318134e-07,o,3.0,e,3.0,-1.57,104000000.0,-0.086
1.3181500000000002e-07,o,2.0,e,3.0,-4.94,44000.0,0.001
1.318193e-07,o,3.0,e,4.0,-1.2,245000000.0,-0.177
1.318223e-07,o,4.0,e,5.0,-2.4,15500000.0,0.087
1.318485e-07,o,1.0,e,1.0,-2.37,16600000.0,-0.274
1.318585e-07,o,2.0,e,3.0,-4.55,110000.0,0.01
1.318628e-07,o,3.0,e,4.0,-2.69,7910000.0,-0.053
1.3186400000000002e-07,o,2.0,e,2.0,-2.44,14000000.0,0.018
1.318665e-07,e,1.0,o,1.0,-1.62,91800000.0,-0.059
1.318668e-07,o,3.0,e,3.0,-3.55,1080000.0,-0.058
1.318779e-07,o,4.0,e,5.0,-3.16,2680000.0,0.02
1.318985e-07,o,2.0,e,2.0,-3.93,448000.0,0.002
1.3191710000000002e-07,e,2.0,o,3.0,-0.87,515000000.0,-0.825
1.3193710000000002e-07,o,6.0,e,6.0,-4.45,136000.0,0.006
1.319409e-07,e,3.0,o,3.0,0.26,7040000000.0,-0.798
1.31985e-07,o,1.0,e,1.0,-4.29,198000.0,-0.004
1.319867e-07,o,5.0,e,4.0,-3.6,957000.0,-0.191
1.320092e-07,o,4.0,e,3.0,-2.63,9070000.0,0.042
1.32016e-07,o,4.0,e,4.0,-2.18,25100000.0,0.122
1.320313e-07,e,1.0,o,1.0,-0.5,1210000000.0,0.736
1.320519e-07,e,3.0,o,2.0,-0.6,968000000.0,-0.499
1.320559e-07,o,1.0,e,2.0,-3.36,1680000.0,-0.115
1.320573e-07,o,2.0,e,2.0,-2.3,19100000.0,-0.245
1.320699e-07,o,5.0,e,4.0,-4.66,85000.0,-0.003
1.320704e-07,o,4.0,e,5.0,-1.56,106000000.0,-0.24
1.320761e-07,e,1.0,o,0.0,-2.8,6200000.0,0.041
1.320911e-07,o,3.0,e,2.0,-1.88,51000000.0,-0.18
1.321152e-07,e,5.0,o,6.0,-0.61,950000000.0,0.734
1.321879e-07,o,5.0,e,4.0,-3.75,675000.0,0.079
1.322319e-07,o,3.0,e,3.0,-4.81,58600.0,0.004
1.3224000000000002e-07,o,4.0,e,3.0,-4.29,194000.0,-0.076
1.322575e-07,o,5.0,e,6.0,-4.68,80300.0,0.0
1.322837e-07,o,1.0,e,1.0,-3.79,615000.0,0.003
1.323147e-07,o,4.0,e,5.0,-1.96,42100000.0,-0.119
1.3231780000000002e-07,o,3.0,e,3.0,-2.35,16700000.0,-0.031
1.323367e-07,o,4.0,e,3.0,-3.28,2040000.0,0.051
1.323441e-07,o,1.0,e,1.0,-3.12,2930000.0,0.023
1.323464e-07,e,1.0,o,2.0,-1.44,137000000.0,-0.071
1.323628e-07,o,2.0,e,3.0,-1.44,136000000.0,0.796
1.323748e-07,o,3.0,e,3.0,-2.76,6580000.0,-0.02
1.323972e-07,e,0.0,o,1.0,-2.38,15800000.0,-0.015
1.323981e-07,o,1.0,e,1.0,-4.37,161000.0,-0.003
1.324067e-07,o,3.0,e,3.0,-4.55,107000.0,-0.006
1.3240820000000001e-07,o,3.0,e,4.0,-2.9,4850000.0,-0.201
1.32416e-07,o,4.0,e,4.0,-4.31,185000.0,-0.007
1.324523e-07,e,1.0,o,1.0,-1.29,193000000.0,-0.756
1.324674e-07,o,6.0,e,5.0,-4.52,116000.0,-0.02
1.324749e-07,o,2.0,e,3.0,-4.89,48900.0,-0.001
1.3248720000000002e-07,o,3.0,e,4.0,-1.12,288000000.0,0.273
1.325601e-07,e,3.0,o,4.0,-1.14,277000000.0,-0.803
1.3258640000000002e-07,e,5.0,o,4.0,-1.8,59900000.0,0.057
1.325908e-07,o,4.0,e,4.0,-2.86,5320000.0,0.035
1.3260239999999998e-07,o,4.0,e,5.0,-1.9,47800000.0,0.255
1.3262490000000002e-07,o,3.0,e,2.0,-2.25,21600000.0,-0.163
1.3262650000000003e-07,o,5.0,e,5.0,-5.43,14200.0,0.001
1.326538e-07,o,1.0,e,1.0,-1.76,65700000.0,-0.208
1.326684e-07,o,3.0,e,3.0,-3.43,1420000.0,0.021
1.326751e-07,o,2.0,e,2.0,-1.86,51900000.0,0.135
1.32695e-07,o,3.0,e,4.0,-1.69,77300000.0,-0.381
1.327357e-07,e,2.0,o,3.0,-1.15,269000000.0,0.84
1.32736e-07,o,5.0,e,4.0,-4.8,60700.0,-0.018
1.327519e-07,o,2.0,e,1.0,-3.6,946000.0,0.006
1.327619e-07,o,4.0,e,4.0,-0.91,474000000.0,-0.396
1.32799e-07,o,1.0,e,2.0,-1.85,53000000.0,0.213
1.328124e-07,o,2.0,e,2.0,-2.35,16800000.0,-0.144
1.3281590000000002e-07,o,3.0,e,3.0,-5.19,24400.0,0.008
1.328214e-07,o,2.0,e,1.0,-1.43,141000000.0,-0.616
1.3283e-07,e,3.0,o,3.0,-1.77,63900000.0,0.178
1.328348e-07,e,4.0,o,5.0,-0.72,728000000.0,0.739
1.3283620000000002e-07,o,3.0,e,3.0,-2.03,34900000.0,0.107
1.328662e-07,o,2.0,e,3.0,-5.0,38100.0,-0.007
1.328667e-07,e,2.0,o,3.0,-3.97,405000.0,0.0
1.328686e-07,o,3.0,e,3.0,-2.68,7820000.0,-0.02
1.328829e-07,o,4.0,e,5.0,-2.3,19100000.0,-0.081
1.328886e-07,o,2.0,e,3.0,-2.63,8770000.0,-0.046
1.329087e-07,o,4.0,e,3.0,-1.75,67200000.0,-0.239
1.329351e-07,o,5.0,e,4.0,-3.32,1830000.0,0.005
1.3293879999999999e-07,o,1.0,e,1.0,-3.16,2620000.0,-0.163
1.32946e-07,o,1.0,e,2.0,-3.68,790000.0,0.002
1.3294780000000002e-07,o,3.0,e,4.0,-1.09,309000000.0,-0.439
1.329541e-07,e,2.0,o,1.0,-2.66,8320000.0,-0.023
1.3295930000000002e-07,o,4.0,e,3.0,-0.61,944000000.0,-0.631
1.32966e-07,o,4.0,e,4.0,-4.96,41600.0,0.006
1.3298440000000002e-07,o,2.0,e,3.0,-3.05,3300000.0,-0.012
1.3301250000000001e-07,o,4.0,e,4.0,-4.58,99700.0,-0.064
1.330143e-07,o,2.0,e,3.0,-1.85,53500000.0,0.127
1.330251e-07,o,2.0,e,3.0,-2.79,6050000.0,-0.02
1.330325e-07,o,3.0,e,4.0,-2.85,5330000.0,-0.005
1.3303710000000002e-07,e,2.0,o,2.0,-1.49,123000000.0,0.058
1.330458e-07,o,2.0,e,3.0,-3.04,3400000.0,-0.022
1.330543e-07,o,0.0,e,1.0,-4.74,68200.0,-0.003
1.330651e-07,o,4.0,e,3.0,-3.26,2120000.0,-0.056
1.330796e-07,o,4.0,e,4.0,-1.31,187000000.0,-0.193
1.330815e-07,o,0.0,e,1.0,-4.11,294000.0,-0.019
1.331984e-07,o,6.0,e,5.0,-3.31,1840000.0,-0.055
1.3322370000000003e-07,o,3.0,e,4.0,-2.51,11700000.0,-0.074
1.3327590000000002e-07,o,5.0,e,6.0,-5.01,36700.0,-0.013
1.3327660000000001e-07,o,2.0,e,3.0,-4.87,51600.0,0.0
1.332852e-07,o,2.0,e,2.0,-3.95,422000.0,0.042
1.333415e-07,o,4.0,e,4.0,-4.66,82400.0,0.003
1.3334359999999998e-07,o,2.0,e,2.0,-2.03,35500000.0,0.12
1.333451e-07,o,5.0,e,4.0,-0.75,662000000.0,0.501
1.333472e-07,o,2.0,e,3.0,-2.36,16500000.0,0.25
1.3335200000000002e-07,o,2.0,e,1.0,-3.76,656000.0,-0.004
1.33379e-07,o,2.0,e,3.0,-2.99,3860000.0,0.038
1.334102e-07,o,1.0,e,2.0,-5.04,34600.0,0.0
1.3341890000000002e-07,o,2.0,e,2.0,-3.33,1730000.0,-0.009
1.33464e-07,e,3.0,o,4.0,-1.57,102000000.0,0.167
1.334697e-07,o,3.0,e,2.0,-1.6,93500000.0,-0.177
1.3347940000000002e-07,o,3.0,e,2.0,-2.9,4770000.0,-0.044
1.334841e-07,o,5.0,e,4.0,-1.55,107000000.0,-0.15
1.335012e-07,e,2.0,o,1.0,-0.11,2930000000.0,0.842
1.335087e-07,o,3.0,e,3.0,-2.24,21700000.0,0.019
1.335331e-07,o,1.0,e,2.0,-3.08,3130000.0,-0.047
1.335367e-07,o,2.0,e,3.0,-5.09,30600.0,-0.001
1.3353720000000002e-07,o,3.0,e,3.0,-4.33,176000.0,0.001
1.335397e-07,o,3.0,e,2.0,-1.7,75400000.0,0.256
1.33549e-07,e,5.0,o,4.0,-2.0,37900000.0,-0.032
1.335533e-07,e,2.0,o,1.0,-0.12,2820000000.0,0.832
1.3355650000000002e-07,o,3.0,e,3.0,-2.16,26200000.0,-0.072
1.335686e-07,o,2.0,e,1.0,-2.77,6320000.0,0.113
1.335722e-07,e,2.0,o,2.0,-3.62,913000.0,0.001
1.335818e-07,e,2.0,o,1.0,-2.93,4360000.0,0.011
1.3359820000000001e-07,o,3.0,e,3.0,-2.73,6920000.0,-0.025
1.335987e-07,o,1.0,e,2.0,-3.49,1230000.0,0.014
1.3362750000000002e-07,o,2.0,e,2.0,-2.21,22800000.0,0.081
1.336298e-07,o,4.0,e,4.0,-5.17,25300.0,0.0
1.336561e-07,o,4.0,e,4.0,-3.85,528000.0,-0.008
1.336561e-07,o,3.0,e,4.0,-3.56,1030000.0,-0.07
1.336897e-07,o,3.0,e,4.0,-1.31,184000000.0,0.746
1.337106e-07,o,4.0,e,3.0,-2.96,4010000.0,0.015
1.3371250000000001e-07,o,2.0,e,3.0,-1.0,373000000.0,-0.555
1.337227e-07,o,4.0,e,3.0,-1.36,161000000.0,0.262
1.337333e-07,o,3.0,e,3.0,-4.48,125000.0,-0.025
1.337347e-07,e,2.0,o,2.0,0.05,4250000000.0,-0.798
1.337458e-07,o,1.0,e,2.0,-4.43,139000.0,0.004
1.3375730000000003e-07,e,4.0,o,3.0,-1.81,58100000.0,0.048
1.337624e-07,e,1.0,o,1.0,-0.96,406000000.0,0.262
1.337691e-07,o,2.0,e,1.0,-4.78,61900.0,-0.013
1.337805e-07,o,3.0,e,4.0,-3.29,1910000.0,-0.112
1.3378180000000002e-07,e,5.0,o,5.0,-1.09,303000000.0,0.148
1.3378589999999999e-07,e,2.0,o,2.0,-1.03,348000000.0,-0.448
1.338015e-07,o,5.0,e,5.0,-5.64,8550.0,0.0
1.338049e-07,e,3.0,o,2.0,-4.16,261000.0,0.257
1.3380719999999999e-07,o,4.0,e,3.0,-4.89,47400.0,-0.074
1.338341e-07,e,2.0,o,3.0,-3.1,2900000.0,-0.048
1.338568e-07,e,5.0,o,5.0,-3.68,772000.0,0.0
1.338835e-07,o,4.0,e,4.0,-1.8,59100000.0,-0.284
1.339125e-07,o,3.0,e,4.0,-3.18,2460000.0,-0.047
1.339178e-07,e,1.0,o,2.0,-1.32,180000000.0,-0.103
1.339518e-07,e,4.0,o,3.0,-3.32,1770000.0,0.001
1.3395699999999999e-07,o,3.0,e,2.0,-4.61,90900.0,0.01
1.3400260000000002e-07,e,4.0,o,3.0,-1.52,113000000.0,0.074
1.340062e-07,e,3.0,o,4.0,0.35,8220000000.0,0.858
1.3401110000000001e-07,o,1.0,e,2.0,-4.12,280000.0,0.018
1.3402739999999998e-07,o,2.0,e,1.0,-3.24,2130000.0,-0.024
1.340427e-07,o,3.0,e,4.0,-2.51,11500000.0,-0.232
1.340495e-07,e,2.0,o,1.0,-1.56,102000000.0,0.089
1.340558e-07,o,2.0,e,3.0,-4.3,186000.0,-0.002
1.340747e-07,e,4.0,o,4.0,-0.12,2840000000.0,-0.814
1.340758e-07,o,5.0,e,5.0,-5.39,15100.0,-0.001
1.3407739999999999e-07,e,2.0,o,2.0,-1.63,86900000.0,0.041
1.341045e-07,o,4.0,e,3.0,-2.82,5650000.0,-0.184
1.341302e-07,o,3.0,e,2.0,-3.25,2120000.0,0.024
1.341549e-07,o,1.0,e,1.0,-5.21,22800.0,0.002
1.34165e-07,e,3.0,o,2.0,-0.02,3540000000.0,0.741
1.342006e-07,o,4.0,e,3.0,-3.15,2550000.0,-0.01
1.342019e-07,o,4.0,e,3.0,-0.84,536000000.0,0.438
1.342114e-07,o,4.0,e,3.0,-1.75,66100000.0,-0.428
1.342125e-07,o,4.0,e,4.0,-2.44,13600000.0,0.047
1.342282e-07,o,1.0,e,2.0,-4.8,58700.0,-0.002
1.342513e-07,o,3.0,e,3.0,-3.27,2000000.0,0.025
1.342725e-07,e,3.0,o,4.0,0.12,4920000000.0,0.838
1.342851e-07,o,1.0,e,1.0,-2.98,3950000.0,-0.075
1.342976e-07,o,1.0,e,1.0,-3.64,850000.0,0.016
1.3430820000000002e-07,o,2.0,e,3.0,-1.82,55400000.0,0.157
1.343104e-07,o,4.0,e,5.0,-3.11,2890000.0,0.057
1.343355e-07,o,5.0,e,4.0,-3.09,3010000.0,-0.259
1.343362e-07,o,4.0,e,5.0,-1.69,76200000.0,-0.175
1.343878e-07,o,3.0,e,3.0,-2.58,9700000.0,-0.108
1.3439760000000001e-07,e,1.0,o,1.0,-1.12,281000000.0,0.157
1.344025e-07,e,1.0,o,2.0,-0.69,742000000.0,0.239
1.344142e-07,o,4.0,e,3.0,-2.55,10500000.0,0.026
1.3442e-07,o,3.0,e,2.0,-2.24,21200000.0,-0.141
1.3442560000000002e-07,o,1.0,e,2.0,-2.08,30500000.0,-0.154
1.344261e-07,o,3.0,e,2.0,-2.87,4890000.0,0.102
1.344404e-07,o,4.0,e,4.0,-2.82,5540000.0,0.026
1.34452e-07,o,3.0,e,2.0,-3.15,2640000.0,-0.013
1.3445540000000002e-07,o,6.0,e,6.0,-4.58,98100.0,0.002
1.344979e-07,e,2.0,o,3.0,-0.33,1710000000.0,0.825
1.345032e-07,e,2.0,o,1.0,-2.67,8000000.0,-0.007
1.345035e-07,o,2.0,e,2.0,-2.48,12400000.0,-0.049
1.345229e-07,o,2.0,e,2.0,-4.49,121000.0,-0.001
1.345301e-07,o,3.0,e,3.0,-1.72,71000000.0,0.204
1.3456160000000002e-07,e,5.0,o,6.0,0.56,13200000000.0,0.893
1.345718e-07,o,2.0,e,3.0,-4.02,347000.0,-0.001
1.3458040000000003e-07,o,3.0,e,4.0,-1.02,357000000.0,-0.526
1.345817e-07,o,2.0,e,3.0,-2.22,22500000.0,0.101
1.3458520000000002e-07,o,3.0,e,4.0,-3.0,3700000.0,0.118
1.3458620000000002e-07,o,2.0,e,2.0,-5.57,9830.0,-0.001
1.345946e-07,o,5.0,e,4.0,-2.49,11800000.0,-0.27
1.3459770000000002e-07,o,2.0,e,2.0,-2.46,12900000.0,-0.049
1.346161e-07,o,3.0,e,3.0,-5.31,18000.0,-0.002
1.346464e-07,o,3.0,e,2.0,-5.64,8440.0,0.001
1.3466130000000002e-07,o,3.0,e,4.0,-2.28,19300000.0,0.023
1.3468430000000002e-07,o,4.0,e,3.0,-1.47,126000000.0,-0.3
1.347028e-07,o,1.0,e,2.0,-2.23,21400000.0,-0.102
1.347355e-07,o,3.0,e,3.0,-5.05,33100.0,0.0
1.3473910000000002e-07,e,1.0,o,2.0,-0.83,535000000.0,-0.654
1.3476620000000001e-07,o,5.0,e,4.0,-4.11,284000.0,-0.136
1.347663e-07,o,3.0,e,4.0,-4.63,87600.0,0.001
1.347722e-07,e,2.0,o,2.0,-0.79,604000000.0,0.435
1.347785e-07,e,4.0,o,4.0,0.07,4280000000.0,-0.464
1.347943e-07,o,2.0,e,3.0,-2.26,20600000.0,0.449
1.348032e-07,o,2.0,e,3.0,-4.47,122000.0,0.001
1.348069e-07,e,1.0,o,0.0,-1.45,131000000.0,0.757
1.34831e-07,o,1.0,e,1.0,-2.11,28400000.0,-0.132
1.348452e-07,o,3.0,e,4.0,-2.51,11500000.0,0.108
1.3484670000000001e-07,o,1.0,e,1.0,-5.25,20600.0,0.003
1.3484760000000002e-07,e,1.0,o,1.0,-1.87,49900000.0,-0.017
1.348656e-07,o,0.0,e,1.0,-3.0,3640000.0,0.152
1.34881e-07,e,3.0,o,3.0,0.0,3680000000.0,-0.568
1.3488119999999999e-07,e,4.0,o,3.0,-2.54,10400000.0,0.386
1.348869e-07,e,4.0,o,4.0,-2.34,16800000.0,0.003
1.348907e-07,e,4.0,o,4.0,-0.26,2030000000.0,-0.336
1.349218e-07,o,4.0,e,5.0,-2.75,6610000.0,-0.351
1.349331e-07,o,3.0,e,3.0,-2.38,15100000.0,-0.136
1.349366e-07,o,3.0,e,2.0,-3.65,835000.0,0.065
1.349371e-07,o,3.0,e,4.0,-4.04,335000.0,0.008
1.349489e-07,e,0.0,o,1.0,-2.25,20500000.0,-0.011
1.349584e-07,e,1.0,o,1.0,-1.86,50000000.0,0.034
1.3495930000000001e-07,e,2.0,o,3.0,-0.57,969000000.0,-0.385
1.349797e-07,o,3.0,e,3.0,-3.26,2000000.0,0.005
1.3498260000000002e-07,o,0.0,e,1.0,-2.31,17700000.0,0.338
1.349885e-07,o,2.0,e,2.0,-3.77,626000.0,0.026
1.349989e-07,o,5.0,e,5.0,-1.16,255000000.0,-0.137
1.3500630000000001e-07,o,2.0,e,2.0,-3.32,1750000.0,0.026
1.350156e-07,e,4.0,o,5.0,-0.31,1810000000.0,-0.29
1.350182e-07,o,4.0,e,3.0,-1.9,45500000.0,-0.207
1.3503060000000002e-07,o,2.0,e,3.0,-5.61,8950.0,0.0
1.350395e-07,e,4.0,o,5.0,0.45,10200000000.0,0.852
1.350629e-07,e,3.0,o,2.0,-5.52,11000.0,0.0
1.351187e-07,o,4.0,e,4.0,-4.6,91200.0,-0.004
1.351205e-07,o,1.0,e,1.0,-2.86,5020000.0,0.12
1.351258e-07,e,2.0,o,2.0,-0.04,3340000000.0,-0.844
1.3513170000000002e-07,e,2.0,o,2.0,-1.8,58500000.0,-0.017
1.3514790000000002e-07,o,4.0,e,5.0,-1.82,56100000.0,0.12
1.3515139999999999e-07,o,2.0,e,2.0,-2.3,17800000.0,0.093
1.351569e-07,o,4.0,e,3.0,-3.56,1010000.0,-0.006
1.351883e-07,o,2.0,e,2.0,-4.69,73500.0,-0.001
1.351907e-07,e,3.0,o,3.0,-0.08,3000000000.0,0.833
1.351907e-07,o,2.0,e,2.0,-2.78,6070000.0,-0.039
1.351927e-07,o,4.0,e,3.0,-4.33,170000.0,0.111
1.3525650000000002e-07,e,5.0,o,5.0,0.34,7990000000.0,-0.749
1.352605e-07,o,3.0,e,2.0,-0.98,383000000.0,0.421
1.352697e-07,o,2.0,e,3.0,-2.65,8300000.0,0.062
1.352733e-07,o,3.0,e,4.0,-5.48,12300.0,0.0
1.352792e-07,o,2.0,e,1.0,-2.32,17400000.0,0.119
1.352927e-07,o,3.0,e,4.0,-3.54,1050000.0,-0.032
1.352935e-07,e,2.0,o,3.0,-0.18,2410000000.0,-0.856
1.352944e-07,o,2.0,e,1.0,-3.92,440000.0,-0.047
1.352955e-07,o,3.0,e,3.0,-2.43,13700000.0,-0.031
1.353041e-07,o,4.0,e,4.0,-3.77,626000.0,-0.012
1.353145e-07,e,2.0,o,1.0,-1.26,202000000.0,-0.741
1.353185e-07,o,1.0,e,1.0,-5.71,7180.0,-0.001
1.353231e-07,e,3.0,o,2.0,-1.4,145000000.0,0.122
1.3533320000000002e-07,o,2.0,e,1.0,-3.92,434000.0,-0.023
1.353565e-07,e,4.0,o,3.0,-0.97,386000000.0,0.151
1.353709e-07,e,1.0,o,2.0,-0.45,1290000000.0,0.335
1.353812e-07,o,5.0,e,6.0,-3.15,2560000.0,0.022
1.353867e-07,o,5.0,e,6.0,-4.18,243000.0,0.003
1.353905e-07,o,2.0,e,1.0,-2.1,28900000.0,-0.097
1.353922e-07,o,3.0,e,2.0,-2.85,5220000.0,0.059
1.354021e-07,o,4.0,e,3.0,-2.74,6700000.0,-0.158
1.354294e-07,e,3.0,o,2.0,-0.8,577000000.0,0.807
1.354298e-07,o,4.0,e,5.0,-2.47,12300000.0,0.107
1.354529e-07,o,1.0,e,2.0,-5.03,34800.0,0.001
1.354595e-07,e,3.0,o,3.0,-0.11,2830000000.0,0.837
1.354714e-07,o,3.0,e,3.0,-1.55,105000000.0,-0.166
1.354793e-07,o,3.0,e,4.0,-2.62,8850000.0,-0.14
1.3548540000000002e-07,e,1.0,o,2.0,-1.4,145000000.0,0.032
1.354856e-07,e,3.0,o,2.0,-2.82,5580000.0,0.543
1.354905e-07,o,3.0,e,3.0,-3.85,522000.0,0.004
1.355048e-07,e,4.0,o,3.0,-0.48,1200000000.0,0.231
1.355089e-07,o,3.0,e,2.0,-5.23,21300.0,0.002
1.355091e-07,o,4.0,e,3.0,-4.35,162000.0,-0.003
1.355126e-07,e,3.0,o,2.0,-3.68,767000.0,-0.001
1.355192e-07,o,1.0,e,2.0,-4.21,225000.0,0.0
1.355309e-07,e,2.0,o,1.0,-0.99,380000000.0,-0.574
1.355432e-07,e,5.0,o,4.0,0.22,5990000000.0,0.815
1.356136e-07,o,2.0,e,3.0,-5.12,27200.0,0.0
1.356771e-07,o,1.0,e,2.0,-3.95,407000.0,0.036
1.35679e-07,o,4.0,e,4.0,-2.29,18800000.0,0.043
1.356802e-07,o,4.0,e,5.0,-1.62,86800000.0,-0.525
1.3568060000000001e-07,o,2.0,e,2.0,-3.8,581000.0,0.023
1.356858e-07,o,2.0,e,1.0,-3.73,685000.0,0.026
1.356872e-07,e,2.0,o,2.0,-1.25,205000000.0,-0.078
1.356882e-07,e,1.0,o,1.0,-0.6,920000000.0,0.65
1.3569570000000002e-07,o,3.0,e,2.0,-3.16,2550000.0,0.026
1.3572170000000003e-07,e,2.0,o,1.0,-3.42,1390000.0,-0.002
1.3572650000000002e-07,o,3.0,e,3.0,-2.79,5960000.0,-0.025
1.357429e-07,o,3.0,e,4.0,-2.01,35300000.0,-0.186
1.357465e-07,e,4.0,o,5.0,-2.02,34400000.0,0.016
1.357512e-07,o,1.0,e,2.0,-4.05,322000.0,0.006
1.357554e-07,o,3.0,e,2.0,-1.39,147000000.0,0.274
1.357611e-07,e,2.0,o,3.0,-0.56,995000000.0,-0.586
1.357629e-07,o,3.0,e,3.0,-2.69,7330000.0,-0.134
1.3577900000000001e-07,o,2.0,e,3.0,-3.93,425000.0,0.002
1.35798e-07,o,6.0,e,5.0,-5.17,24700.0,-0.037
1.358194e-07,e,3.0,o,3.0,-2.64,8230000.0,-0.003
1.358225e-07,o,5.0,e,4.0,-3.8,570000.0,0.067
1.358345e-07,o,3.0,e,2.0,-2.43,13400000.0,0.165
1.358358e-07,o,4.0,e,4.0,-5.25,20300.0,-0.02
1.358384e-07,o,6.0,e,7.0,-4.79,58900.0,0.0
1.3584320000000002e-07,e,3.0,o,3.0,-1.88,47700000.0,0.01
1.35871e-07,e,2.0,o,3.0,-0.11,2800000000.0,0.49
1.358786e-07,o,2.0,e,3.0,-3.77,600000.0,0.011
1.358836e-07,o,3.0,e,2.0,-4.07,308000.0,-0.051
1.3591869999999998e-07,o,3.0,e,2.0,-3.16,2540000.0,-0.009
1.359388e-07,o,4.0,e,3.0,-5.3,18200.0,-0.089
1.359396e-07,o,5.0,e,5.0,-4.5,114000.0,0.008
1.359447e-07,o,1.0,e,2.0,-4.84,52700.0,0.012
1.3596669999999999e-07,o,5.0,e,4.0,-3.06,3120000.0,-0.198
1.3597100000000002e-07,o,0.0,e,1.0,-5.5,11300.0,-0.001
1.359743e-07,o,2.0,e,1.0,-2.59,9450000.0,0.112
1.359771e-07,o,4.0,e,5.0,-1.67,78000000.0,0.407
1.3598599999999998e-07,e,4.0,o,4.0,-2.64,8260000.0,0.038
1.3598969999999999e-07,e,2.0,o,1.0,-0.72,693000000.0,-0.436
1.360309e-07,o,4.0,e,4.0,-2.65,8000000.0,0.022
1.360348e-07,o,3.0,e,3.0,-3.77,612000.0,0.101
1.3605150000000002e-07,o,6.0,e,5.0,-3.85,517000.0,-0.019
1.3606330000000002e-07,o,4.0,e,4.0,-4.08,296000.0,0.013
1.360844e-07,o,2.0,e,2.0,-2.24,20600000.0,-0.049
1.3608740000000001e-07,o,5.0,e,4.0,-3.21,2250000.0,0.077
1.361033e-07,o,3.0,e,4.0,-2.08,30500000.0,-0.151
1.361122e-07,e,2.0,o,2.0,-0.12,2700000000.0,0.837
1.3611500000000002e-07,o,3.0,e,3.0,-4.63,85600.0,-0.016
1.3615150000000003e-07,e,3.0,o,3.0,-0.93,423000000.0,0.077
1.361647e-07,o,4.0,e,3.0,-2.91,4510000.0,0.114
1.361697e-07,o,2.0,e,2.0,-3.51,1120000.0,0.03
1.3617739999999998e-07,o,4.0,e,3.0,-2.84,5290000.0,0.026
1.361799e-07,e,2.0,o,1.0,-3.33,1670000.0,0.001
1.362019e-07,e,4.0,o,5.0,0.43,9690000000.0,0.895
1.362396e-07,o,1.0,e,1.0,-2.75,6430000.0,-0.092
1.36252e-07,o,3.0,e,3.0,-4.12,274000.0,-0.001
1.3626089999999999e-07,e,4.0,o,3.0,-1.36,156000000.0,-0.71
1.362706e-07,o,1.0,e,2.0,-5.8,5760.0,0.0
1.362713e-07,o,5.0,e,4.0,-4.24,207000.0,-0.047
1.362725e-07,o,3.0,e,3.0,-2.64,8270000.0,0.025
1.362793e-07,e,5.0,o,4.0,-0.42,1370000000.0,0.374
1.362972e-07,o,3.0,e,2.0,-3.7,716000.0,-0.026
1.363029e-07,o,1.0,e,2.0,-3.26,1980000.0,0.032
1.36305e-07,e,3.0,o,4.0,-0.26,1960000000.0,0.863
1.363291e-07,o,4.0,e,4.0,-3.43,1320000.0,0.014
1.363479e-07,e,1.0,o,1.0,-1.01,348000000.0,-0.216
1.363579e-07,e,6.0,o,6.0,-2.58,9320000.0,-0.027
1.3637750000000002e-07,o,3.0,e,3.0,-2.35,16000000.0,-0.096
1.3639549999999999e-07,o,3.0,e,2.0,-1.9,43900000.0,-0.276
1.364355e-07,e,2.0,o,1.0,-0.47,1210000000.0,0.793
1.3644110000000002e-07,o,3.0,e,3.0,-1.89,46200000.0,-0.07
1.364456e-07,o,3.0,e,3.0,-2.51,11100000.0,0.027
1.364793e-07,o,2.0,e,3.0,-2.85,5040000.0,-0.038
1.364795e-07,o,2.0,e,1.0,-3.65,795000.0,-0.095
1.364798e-07,o,2.0,e,2.0,-4.24,210000.0,-0.006
1.364804e-07,o,4.0,e,4.0,-1.69,75000000.0,0.094
1.364927e-07,o,3.0,e,3.0,-2.46,12500000.0,0.063
1.3651780000000002e-07,e,4.0,o,5.0,-0.35,1620000000.0,0.853
1.3654580000000003e-07,o,2.0,e,3.0,-3.4,1440000.0,-0.009
1.365467e-07,o,5.0,e,4.0,-4.21,223000.0,0.149
1.365603e-07,o,2.0,e,3.0,-2.97,3890000.0,-0.056
1.365801e-07,e,1.0,o,0.0,-0.63,833000000.0,0.838
1.3658650000000002e-07,e,4.0,o,3.0,-0.38,1480000000.0,0.214
1.3661590000000002e-07,o,2.0,e,3.0,-3.26,1950000.0,-0.105
1.366191e-07,o,2.0,e,3.0,-4.63,84500.0,-0.013
1.366451e-07,e,2.0,o,1.0,-0.88,478000000.0,0.328
1.366807e-07,e,2.0,o,2.0,-1.81,55300000.0,0.018
1.366847e-07,o,3.0,e,3.0,-2.69,7390000.0,-0.039
1.3669400000000002e-07,e,3.0,o,2.0,-0.47,1210000000.0,0.262
1.3669570000000002e-07,e,3.0,o,4.0,0.38,8640000000.0,0.889
1.367009e-07,o,3.0,e,2.0,-1.95,40600000.0,-0.203
1.367095e-07,o,5.0,e,5.0,-3.79,577000.0,0.004
1.3671230000000002e-07,e,3.0,o,2.0,0.11,4590000000.0,0.879
1.3675190000000001e-07,e,3.0,o,4.0,0.36,8160000000.0,0.894
1.367542e-07,o,2.0,e,2.0,-4.58,95100.0,0.001
1.367607e-07,e,5.0,o,4.0,-0.32,1710000000.0,0.212
1.367836e-07,o,4.0,e,4.0,-3.94,411000.0,0.013
1.367871e-07,e,4.0,o,3.0,0.12,4650000000.0,0.803
1.36801e-07,o,1.0,e,2.0,-4.08,295000.0,0.029
1.3682660000000002e-07,e,5.0,o,4.0,-3.03,3280000.0,-0.271
1.368575e-07,o,3.0,e,4.0,-2.82,5410000.0,-0.054
1.3687870000000001e-07,o,4.0,e,3.0,-1.45,125000000.0,0.332
1.368916e-07,o,5.0,e,6.0,-5.22,21500.0,0.0
1.368961e-07,e,3.0,o,3.0,0.0,3600000000.0,-0.853
1.369154e-07,e,0.0,o,1.0,-0.73,663000000.0,0.393
1.369163e-07,o,3.0,e,4.0,-3.44,1290000.0,0.045
1.369478e-07,e,2.0,o,1.0,-0.5,1130000000.0,0.43
1.369692e-07,o,4.0,e,3.0,-2.48,11900000.0,-0.167
1.369732e-07,o,3.0,e,4.0,-2.49,11700000.0,-0.011
1.369792e-07,o,2.0,e,2.0,-5.38,14900.0,0.003
1.369848e-07,o,4.0,e,5.0,-2.35,16200000.0,-0.011
1.369906e-07,o,2.0,e,3.0,-3.91,436000.0,0.001
1.3707940000000003e-07,o,3.0,e,2.0,-2.75,6240000.0,-0.087
1.370888e-07,o,2.0,e,3.0,-4.2,224000.0,0.003
1.370995e-07,o,1.0,e,1.0,-4.03,335000.0,-0.008
1.371078e-07,e,1.0,o,2.0,-0.67,765000000.0,-0.287
1.371146e-07,o,3.0,e,4.0,-3.6,895000.0,-0.009
1.371362e-07,o,3.0,e,3.0,-3.5,1090000.0,-0.057
1.3715460000000002e-07,o,3.0,e,4.0,-3.94,409000.0,0.001
1.371552e-07,o,4.0,e,3.0,-4.6,88800.0,-0.024
1.371825e-07,e,2.0,o,2.0,-2.44,12800000.0,0.004
1.371855e-07,o,3.0,e,4.0,-2.2,22200000.0,0.265
1.372056e-07,o,4.0,e,3.0,-1.46,122000000.0,0.238
1.372113e-07,e,2.0,o,3.0,0.25,6320000000.0,0.894
1.372267e-07,e,4.0,o,3.0,-2.58,9280000.0,0.58
1.372352e-07,e,4.0,o,3.0,0.12,4700000000.0,0.627
1.372407e-07,o,1.0,e,1.0,-4.69,72300.0,0.003
1.37254e-07,o,2.0,e,3.0,-3.09,2910000.0,0.037
1.372785e-07,o,2.0,e,1.0,-3.81,558000.0,-0.032
1.37284e-07,o,2.0,e,3.0,-3.62,843000.0,0.001
1.372968e-07,e,2.0,o,2.0,-1.88,46100000.0,-0.016
1.373013e-07,o,4.0,e,3.0,-3.8,561000.0,-0.016
1.3731210000000002e-07,o,2.0,e,3.0,-3.35,1570000.0,-0.029
1.373259e-07,e,1.0,o,2.0,-0.63,823000000.0,0.328
1.3733550000000002e-07,o,3.0,e,4.0,-3.74,638000.0,-0.01
1.373451e-07,o,1.0,e,2.0,-2.57,9610000.0,-0.07
1.373721e-07,e,2.0,o,3.0,0.18,5300000000.0,0.846
1.373774e-07,e,1.0,o,0.0,-0.62,858000000.0,0.86
1.373828e-07,e,4.0,o,3.0,-1.81,56000000.0,0.562
1.374161e-07,o,0.0,e,1.0,-3.07,2990000.0,0.27
1.374495e-07,o,5.0,e,4.0,-4.73,66800.0,-0.002
1.374548e-07,e,3.0,o,4.0,-0.05,3180000000.0,0.396
1.374618e-07,o,3.0,e,3.0,-2.89,4600000.0,0.027
1.374638e-07,e,2.0,o,3.0,-0.01,3460000000.0,0.587
1.374646e-07,o,2.0,e,2.0,-2.9,4530000.0,-0.039
1.374689e-07,o,1.0,e,1.0,-2.78,5890000.0,-0.122
1.374947e-07,o,1.0,e,1.0,-4.72,67200.0,-0.01
1.3754000000000003e-07,o,2.0,e,2.0,-2.3,17700000.0,-0.14
1.375416e-07,o,2.0,e,3.0,-3.3,1780000.0,-0.054
1.375599e-07,e,4.0,o,4.0,-0.15,2490000000.0,-0.85
1.375758e-07,e,1.0,o,2.0,0.1,4440000000.0,0.893
1.37607e-07,o,3.0,e,3.0,-3.67,757000.0,-0.011
1.376108e-07,e,1.0,o,1.0,-1.06,304000000.0,0.138
1.3761350000000002e-07,o,2.0,e,2.0,-2.93,4090000.0,0.095
1.37626e-07,e,4.0,o,3.0,-1.18,233000000.0,0.825
1.3763219999999998e-07,e,5.0,o,6.0,-0.24,2040000000.0,-0.323
1.376457e-07,e,2.0,o,2.0,-3.67,760000.0,-0.521
1.37655e-07,e,1.0,o,1.0,-0.6,881000000.0,0.375
1.3767300000000002e-07,o,3.0,e,2.0,-3.46,1220000.0,0.013
1.376908e-07,o,6.0,e,6.0,-4.11,278000.0,0.001
1.3770920000000002e-07,o,4.0,e,5.0,-4.56,96000.0,0.003
1.377293e-07,o,4.0,e,3.0,-4.76,60300.0,-0.001
1.37731e-07,e,5.0,o,4.0,-1.35,158000000.0,-0.42
1.377357e-07,o,1.0,e,2.0,-2.97,3820000.0,-0.05
1.377412e-07,o,3.0,e,3.0,-1.77,59500000.0,-0.124
1.377454e-07,o,2.0,e,3.0,-4.26,192000.0,0.021
1.377517e-07,o,3.0,e,2.0,-3.8,562000.0,0.035
1.37779e-07,e,3.0,o,4.0,0.37,8310000000.0,0.858
1.377809e-07,e,2.0,o,2.0,-0.08,2940000000.0,-0.76
1.377932e-07,o,2.0,e,3.0,-2.66,7790000.0,-0.126
1.3779870000000003e-07,o,4.0,e,4.0,-2.41,13700000.0,-0.039
1.378126e-07,o,3.0,e,4.0,-2.65,8050000.0,0.083
1.378213e-07,e,3.0,o,3.0,-2.4,14100000.0,0.648
1.378297e-07,o,5.0,e,4.0,-4.25,197000.0,-0.011
1.378337e-07,o,3.0,e,3.0,-5.39,14300.0,0.0
1.378464e-07,e,1.0,o,1.0,-0.38,1470000000.0,-0.872
1.378692e-07,o,3.0,e,4.0,-3.07,3020000.0,-0.012
1.379257e-07,o,2.0,e,2.0,-1.84,50800000.0,-0.202
1.379272e-07,o,3.0,e,4.0,-2.8,5550000.0,0.106
1.3796110000000002e-07,o,5.0,e,5.0,-4.72,66600.0,0.001
1.3796300000000003e-07,e,2.0,o,3.0,0.21,5700000000.0,0.87
1.379638e-07,e,1.0,o,2.0,-0.61,848000000.0,-0.483
1.3796489999999999e-07,o,5.0,e,5.0,-3.96,386000.0,-0.012
1.37995e-07,o,3.0,e,2.0,-2.42,13300000.0,-0.078
1.380009e-07,e,2.0,o,3.0,-0.02,3390000000.0,0.498
1.38011e-07,o,3.0,e,4.0,-3.04,3190000.0,-0.029
1.380138e-07,o,4.0,e,4.0,-3.36,1540000.0,-0.005
1.380253e-07,o,3.0,e,3.0,-5.46,12100.0,0.0
1.3803080000000002e-07,e,3.0,o,2.0,-2.55,9810000.0,0.532
1.380331e-07,o,4.0,e,4.0,-5.32,16800.0,-0.004
1.38034e-07,o,5.0,e,6.0,-3.53,1020000.0,0.011
1.380765e-07,o,2.0,e,1.0,-4.25,198000.0,0.019
1.3807940000000002e-07,e,2.0,o,2.0,-0.04,3160000000.0,-0.87
1.380813e-07,o,4.0,e,3.0,-4.11,263000.0,-0.009
1.380926e-07,o,3.0,e,4.0,-2.8,5630000.0,0.109
1.381027e-07,e,4.0,o,4.0,0.0,3500000000.0,0.851
1.381486e-07,e,1.0,o,2.0,-0.87,467000000.0,0.177
1.3818260000000002e-07,e,2.0,o,1.0,-1.82,52600000.0,-0.059
1.382096e-07,o,4.0,e,3.0,-3.44,1260000.0,-0.044
1.3824990000000002e-07,o,5.0,e,5.0,-4.06,306000.0,0.003
1.382548e-07,e,4.0,o,3.0,0.21,5700000000.0,0.838
1.3826040000000002e-07,o,3.0,e,2.0,-4.92,41800.0,-0.025
1.382659e-07,o,2.0,e,1.0,-4.19,227000.0,-0.011
1.382676e-07,o,2.0,e,1.0,-4.86,48200.0,0.001
1.382835e-07,o,3.0,e,4.0,-2.58,9420000.0,-0.013
1.382977e-07,o,3.0,e,3.0,-3.7,701000.0,0.016
1.38312e-07,e,3.0,o,2.0,-0.02,3360000000.0,0.671
1.383298e-07,o,3.0,e,2.0,-3.56,975000.0,0.014
1.38357e-07,o,2.0,e,1.0,-3.93,415000.0,0.007
1.383581e-07,o,1.0,e,2.0,-4.88,45600.0,-0.006
1.383817e-07,o,4.0,e,3.0,-2.03,32300000.0,0.216
1.383874e-07,o,1.0,e,2.0,-4.15,242000.0,0.007
1.3839469999999999e-07,o,3.0,e,3.0,-3.5,1120000.0,0.019
1.384043e-07,e,3.0,o,3.0,-0.17,2340000000.0,0.812
1.3849610000000002e-07,o,2.0,e,3.0,-2.72,6570000.0,0.019
1.384992e-07,e,3.0,o,3.0,0.13,4680000000.0,-0.872
1.384994e-07,o,4.0,e,5.0,-2.74,6320000.0,-0.077
1.385101e-07,o,4.0,e,4.0,-3.97,374000.0,0.007
1.3852929999999999e-07,o,3.0,e,3.0,-3.19,2240000.0,0.007
1.38583e-07,o,2.0,e,3.0,-2.79,5740000.0,-0.127
1.385846e-07,e,2.0,o,2.0,-0.48,1150000000.0,-0.524
1.386088e-07,o,3.0,e,2.0,-5.13,26100.0,0.001
1.386147e-07,o,1.0,e,2.0,-4.32,166000.0,0.004
1.386207e-07,e,4.0,o,3.0,-1.78,58200000.0,-0.279
1.386418e-07,o,4.0,e,5.0,-2.18,22800000.0,-0.286
1.3865640000000002e-07,o,3.0,e,2.0,-1.93,40200000.0,0.264
1.386576e-07,o,2.0,e,2.0,-2.5,11100000.0,-0.05
1.387249e-07,o,4.0,e,3.0,-4.04,321000.0,-0.004
1.387515e-07,e,1.0,o,2.0,-0.08,2850000000.0,-0.857
1.387546e-07,e,3.0,o,2.0,-2.26,19200000.0,-0.635
1.387603e-07,o,4.0,e,4.0,-4.26,192000.0,-0.004
1.387715e-07,o,5.0,e,4.0,-1.02,338000000.0,0.503
1.3878040000000002e-07,e,4.0,o,5.0,-2.67,7510000.0,0.146
1.3879770000000002e-07,o,2.0,e,2.0,-5.29,17900.0,0.001
1.388095e-07,e,3.0,o,3.0,-5.33,16200.0,-0.007
1.388484e-07,e,5.0,o,5.0,-3.16,2380000.0,-0.002
1.388495e-07,o,3.0,e,4.0,-3.24,2020000.0,0.009
1.3887850000000002e-07,e,5.0,o,6.0,0.55,12100000000.0,0.906
1.389173e-07,o,3.0,e,2.0,-4.47,117000.0,-0.152
1.38929e-07,o,4.0,e,4.0,-3.42,1350000.0,-0.004
1.389474e-07,o,2.0,e,2.0,-4.92,41400.0,0.002
1.3896820000000001e-07,o,4.0,e,4.0,-2.81,5400000.0,0.01
1.3899220000000002e-07,o,2.0,e,1.0,-4.56,96200.0,-0.005
1.3899290000000001e-07,e,1.0,o,2.0,-3.94,400000.0,0.0
1.390041e-07,o,4.0,e,3.0,-4.04,315000.0,0.014
1.3900940000000002e-07,e,1.0,o,0.0,-0.9,447000000.0,-0.447
1.390341e-07,o,3.0,e,4.0,-2.93,4050000.0,-0.063
1.390416e-07,e,2.0,o,1.0,-0.13,2590000000.0,0.851
1.3906120000000001e-07,e,4.0,o,3.0,-1.31,168000000.0,0.809
1.390654e-07,o,3.0,e,3.0,-3.71,684000.0,-0.003
1.390898e-07,o,3.0,e,3.0,-3.73,652000.0,-0.014
1.391206e-07,o,2.0,e,3.0,-3.65,781000.0,-0.005
1.391339e-07,o,3.0,e,4.0,-3.53,1020000.0,-0.004
1.391504e-07,e,3.0,o,4.0,-1.73,64000000.0,0.744
1.391527e-07,o,3.0,e,3.0,-3.56,943000.0,0.02
1.391527e-07,o,2.0,e,3.0,-3.43,1270000.0,-0.021
1.3916840000000001e-07,o,4.0,e,4.0,-4.55,97800.0,0.002
1.3919710000000002e-07,o,2.0,e,3.0,-3.67,724000.0,0.006
1.392003e-07,e,3.0,o,2.0,-0.98,364000000.0,-0.789
1.392097e-07,e,4.0,o,4.0,0.26,6230000000.0,-0.88
1.392412e-07,e,2.0,o,3.0,0.17,5080000000.0,0.767
1.392511e-07,o,4.0,e,3.0,-2.15,24100000.0,0.336
1.392694e-07,o,1.0,e,1.0,-3.5,1100000.0,0.131
1.392983e-07,e,2.0,o,2.0,-0.54,983000000.0,-0.478
1.393243e-07,o,2.0,e,3.0,-2.99,3470000.0,0.031
1.393251e-07,o,3.0,e,2.0,-2.03,32300000.0,0.176
1.393254e-07,o,2.0,e,2.0,-4.49,109000.0,0.001
1.3937260000000002e-07,o,1.0,e,2.0,-3.01,3360000.0,0.032
1.3937460000000002e-07,o,3.0,e,2.0,-3.21,2130000.0,-0.055
1.393956e-07,o,5.0,e,4.0,-4.64,78200.0,0.007
1.3942200000000002e-07,o,3.0,e,3.0,-2.37,14100000.0,-0.136
1.3943e-07,o,2.0,e,2.0,-4.05,305000.0,0.003
1.394401e-07,o,3.0,e,3.0,-3.34,1580000.0,0.215
1.394634e-07,o,0.0,e,1.0,-5.3,17100.0,0.001
1.3947880000000002e-07,o,3.0,e,2.0,-3.38,1420000.0,0.013
1.395033e-07,e,1.0,o,1.0,-0.83,504000000.0,0.488
1.39506e-07,o,2.0,e,2.0,-3.31,1700000.0,0.028
1.3951010000000003e-07,o,1.0,e,1.0,-2.3,17400000.0,0.176
1.395276e-07,e,1.0,o,2.0,-0.57,908000000.0,-0.246
1.395323e-07,e,5.0,o,4.0,-0.89,438000000.0,-0.407
1.3953599999999999e-07,e,2.0,o,3.0,-1.41,132000000.0,0.563
1.395484e-07,o,2.0,e,1.0,-3.06,2970000.0,-0.037
1.395829e-07,o,5.0,e,4.0,-4.04,314000.0,0.007
1.3959010000000001e-07,o,2.0,e,3.0,-2.43,12800000.0,0.12
1.396492e-07,o,4.0,e,4.0,-3.75,611000.0,0.013
1.396562e-07,e,1.0,o,1.0,-0.59,866000000.0,0.672
1.3969290000000001e-07,o,4.0,e,5.0,-5.77,5880.0,0.0
1.397093e-07,e,3.0,o,2.0,-0.55,954000000.0,-0.826
1.397167e-07,o,5.0,e,5.0,-3.89,441000.0,0.005
1.3979269999999998e-07,e,5.0,o,6.0,-1.57,92200000.0,0.248
1.3980540000000002e-07,o,4.0,e,4.0,-2.54,10100000.0,-0.098
1.3981050000000002e-07,o,4.0,e,3.0,-2.71,6760000.0,-0.094
1.3981520000000002e-07,o,5.0,e,4.0,-3.57,927000.0,-0.06
1.3985250000000001e-07,o,3.0,e,4.0,-2.69,7130000.0,0.056
1.398558e-07,o,2.0,e,3.0,-4.6,85500.0,0.001
1.398615e-07,e,3.0,o,3.0,-1.26,188000000.0,0.069
1.398697e-07,o,3.0,e,3.0,-2.8,5410000.0,-0.014
1.3988520000000002e-07,o,3.0,e,3.0,-4.97,36600.0,0.0
1.398946e-07,o,3.0,e,3.0,-4.59,87900.0,-0.002
1.399216e-07,e,2.0,o,3.0,-3.2,2140000.0,0.001
1.399635e-07,e,1.0,o,0.0,-1.06,301000000.0,0.746
1.39978e-07,o,2.0,e,2.0,-3.16,2330000.0,0.047
1.399994e-07,o,3.0,e,2.0,-2.64,7580000.0,0.056
1.400001e-07,o,3.0,e,3.0,-1.92,41500000.0,-0.244
1.400278e-07,o,2.0,e,2.0,-4.6,85200.0,-0.01
1.400309e-07,o,2.0,e,1.0,-3.54,982000.0,0.029
1.400325e-07,e,2.0,o,2.0,-0.95,377000000.0,-0.218
1.400519e-07,o,2.0,e,3.0,-2.55,9560000.0,-0.078
1.400715e-07,o,3.0,e,3.0,-3.86,474000.0,0.004
1.400731e-07,e,3.0,o,3.0,-2.46,11900000.0,0.101
1.400821e-07,o,2.0,e,3.0,-3.23,1990000.0,-0.002
1.4009590000000002e-07,o,5.0,e,4.0,-3.06,2960000.0,-0.049
1.400974e-07,o,2.0,e,2.0,-4.11,265000.0,-0.001
1.400984e-07,o,2.0,e,3.0,-4.5,103000.0,-0.003
1.40109e-07,o,1.0,e,1.0,-3.4,1330000.0,-0.007
1.401116e-07,o,3.0,e,2.0,-1.8,53100000.0,0.309
1.401133e-07,o,3.0,e,2.0,-4.31,168000.0,-0.011
1.401198e-07,o,1.0,e,1.0,-3.08,2810000.0,0.094
1.401269e-07,e,1.0,o,1.0,-0.33,1590000000.0,-0.71
1.401681e-07,o,1.0,e,1.0,-4.48,113000.0,0.004
1.401685e-07,o,2.0,e,2.0,-4.53,101000.0,-0.001
1.401705e-07,o,3.0,e,4.0,-2.41,13100000.0,0.027
1.402587e-07,e,3.0,o,3.0,-0.6,858000000.0,0.833
1.402855e-07,o,2.0,e,2.0,-4.33,158000.0,0.001
1.402857e-07,o,2.0,e,2.0,-2.98,3550000.0,0.014
1.403247e-07,o,3.0,e,3.0,-4.34,154000.0,-0.013
1.4032629999999999e-07,o,3.0,e,4.0,-3.54,972000.0,0.002
1.4034000000000002e-07,e,4.0,o,3.0,-0.33,1580000000.0,-0.869
1.403406e-07,o,2.0,e,1.0,-3.29,1760000.0,-0.047
1.403534e-07,o,1.0,e,2.0,-4.02,328000.0,0.001
1.403544e-07,o,6.0,e,5.0,-4.43,125000.0,0.003
1.403552e-07,o,2.0,e,1.0,-3.89,436000.0,0.046
1.403761e-07,o,2.0,e,3.0,-4.25,189000.0,-0.015
1.403838e-07,o,4.0,e,5.0,-2.75,6060000.0,-0.017
1.403852e-07,o,3.0,e,2.0,-4.1,275000.0,-0.012
1.4045039999999999e-07,o,1.0,e,2.0,-3.55,972000.0,-0.045
1.4048610000000002e-07,o,3.0,e,4.0,-3.11,2610000.0,0.012
1.404992e-07,o,2.0,e,3.0,-4.12,259000.0,-0.004
1.405033e-07,e,2.0,o,3.0,0.24,5820000000.0,0.83
1.4053019999999999e-07,o,4.0,e,3.0,-1.83,49700000.0,0.186
1.405432e-07,e,1.0,o,2.0,0.01,3490000000.0,0.816
1.405442e-07,o,3.0,e,4.0,-2.81,5300000.0,-0.145
1.4054700000000002e-07,e,3.0,o,3.0,-0.39,1380000000.0,-0.709
1.405479e-07,o,3.0,e,4.0,-3.17,2310000.0,0.068
1.405639e-07,e,2.0,o,2.0,-0.54,990000000.0,-0.832
1.4060150000000002e-07,e,3.0,o,2.0,-2.28,18100000.0,0.629
1.4060390000000001e-07,o,4.0,e,3.0,-3.32,1640000.0,0.034
1.406157e-07,o,4.0,e,3.0,-3.87,456000.0,-0.009
1.406432e-07,o,2.0,e,3.0,-3.96,369000.0,0.023
1.4064820000000001e-07,o,2.0,e,3.0,-3.99,346000.0,0.001
1.40684e-07,e,1.0,o,1.0,-0.57,907000000.0,-0.411
1.407125e-07,e,5.0,o,4.0,0.23,5720000000.0,0.876
1.407392e-07,o,3.0,e,3.0,-2.65,7520000.0,0.021
1.407596e-07,e,6.0,o,7.0,0.61,13800000000.0,0.919
1.407792e-07,o,2.0,e,2.0,-3.53,981000.0,-0.008
1.407798e-07,o,3.0,e,3.0,-2.73,6100000.0,-0.071
1.4081830000000001e-07,o,3.0,e,4.0,-3.29,1750000.0,0.048
1.408421e-07,o,4.0,e,5.0,-1.73,61900000.0,-0.311
1.408522e-07,o,1.0,e,2.0,-3.31,1610000.0,0.013
1.408657e-07,e,2.0,o,2.0,-2.38,14100000.0,-0.515
1.40875e-07,e,4.0,o,4.0,-0.5,1060000000.0,0.584
1.408786e-07,o,2.0,e,3.0,-3.12,2590000.0,0.042
1.409483e-07,o,5.0,e,6.0,-1.73,62900000.0,-0.393
1.409517e-07,o,5.0,e,4.0,-4.07,288000.0,-0.106
1.409537e-07,o,3.0,e,3.0,-3.31,1670000.0,0.01
1.4098979999999998e-07,o,5.0,e,4.0,-1.8,53600000.0,-0.256
1.410016e-07,e,5.0,o,4.0,0.24,5760000000.0,-0.875
1.4101030000000002e-07,o,2.0,e,3.0,-3.16,2330000.0,-0.013
1.4102180000000002e-07,o,2.0,e,3.0,-4.33,155000.0,0.003
1.410344e-07,e,6.0,o,5.0,-2.98,3510000.0,0.169
1.410378e-07,o,1.0,e,2.0,-2.86,4590000.0,-0.063
1.410403e-07,o,3.0,e,3.0,-5.15,23800.0,-0.001
1.4104250000000001e-07,o,2.0,e,1.0,-5.33,15800.0,0.002
1.410531e-07,e,5.0,o,5.0,0.47,9760000000.0,-0.909
1.410547e-07,e,2.0,o,1.0,-1.51,103000000.0,0.22
1.410608e-07,e,2.0,o,3.0,-1.41,131000000.0,0.483
1.410998e-07,o,5.0,e,5.0,-4.84,47900.0,-0.011
1.4110840000000002e-07,e,2.0,o,2.0,-0.64,761000000.0,0.795
1.411253e-07,e,4.0,o,4.0,-1.88,44100000.0,0.029
1.411524e-07,o,4.0,e,4.0,-2.34,15300000.0,-0.047
1.41157e-07,e,4.0,o,3.0,0.11,4350000000.0,-0.874
1.41158e-07,o,4.0,e,4.0,-2.99,3420000.0,0.02
1.411604e-07,o,3.0,e,4.0,-1.82,50800000.0,-0.238
1.411891e-07,o,5.0,e,4.0,-4.6,84600.0,-0.008
1.411971e-07,e,3.0,o,4.0,-2.68,6950000.0,0.002
1.412206e-07,e,3.0,o,2.0,-0.06,2910000000.0,-0.874
1.41228e-07,o,3.0,e,4.0,-2.84,4910000.0,-0.004
1.41236e-07,o,2.0,e,3.0,-4.22,202000.0,-0.015
1.412501e-07,e,1.0,o,2.0,-2.68,6930000.0,-0.228
1.412537e-07,e,1.0,o,2.0,-0.11,2560000000.0,-0.878
1.412629e-07,o,3.0,e,4.0,-4.87,44700.0,-0.001
1.413e-07,o,1.0,e,1.0,-1.7,65600000.0,-0.336
1.413016e-07,e,2.0,o,1.0,-0.36,1450000000.0,-0.879
1.41304e-07,e,5.0,o,5.0,-0.17,2250000000.0,0.855
1.413062e-07,e,3.0,o,3.0,0.17,4860000000.0,-0.858
1.4131300000000002e-07,o,3.0,e,2.0,-3.65,742000.0,-0.036
1.413495e-07,o,2.0,e,2.0,-3.52,1000000.0,-0.02
1.4135830000000002e-07,o,3.0,e,2.0,-3.64,772000.0,0.034
1.413645e-07,o,1.0,e,2.0,-4.25,189000.0,0.003
1.413883e-07,o,3.0,e,3.0,-1.79,55000000.0,0.153
1.413917e-07,o,1.0,e,2.0,-2.87,4570000.0,0.096
1.414137e-07,o,3.0,e,2.0,-4.02,318000.0,0.003
1.414269e-07,o,4.0,e,3.0,-3.29,1720000.0,0.028
1.4144010000000002e-07,e,1.0,o,1.0,-0.58,875000000.0,0.5
1.414461e-07,o,5.0,e,6.0,-3.7,670000.0,-0.004
1.4144890000000002e-07,o,4.0,e,3.0,-3.07,2750000.0,-0.119
1.414493e-07,o,4.0,e,4.0,-4.92,40500.0,-0.001
1.414529e-07,e,2.0,o,2.0,-0.28,1770000000.0,-0.664
1.414711e-07,o,1.0,e,2.0,-4.22,200000.0,0.002
1.4152339999999998e-07,e,3.0,o,2.0,-0.52,1010000000.0,-0.871
1.4154600000000002e-07,e,1.0,o,2.0,-1.92,39900000.0,0.032
1.415494e-07,o,3.0,e,4.0,-4.06,283000.0,-0.003
1.415536e-07,o,5.0,e,5.0,-3.2,2080000.0,-0.124
1.4155480000000001e-07,o,2.0,e,2.0,-4.8,52800.0,0.001
1.415608e-07,o,2.0,e,3.0,-4.7,67300.0,0.0
1.415685e-07,o,2.0,e,3.0,-2.4,12900000.0,-0.194
1.415867e-07,o,4.0,e,5.0,-3.12,2540000.0,-0.022
1.416734e-07,o,4.0,e,3.0,-3.99,343000.0,-0.02
1.416804e-07,e,2.0,o,1.0,-0.13,2450000000.0,0.822
1.4170190000000002e-07,o,3.0,e,4.0,-2.45,11900000.0,0.03
1.4170429999999999e-07,o,2.0,e,3.0,-3.11,2610000.0,-0.058
1.417595e-07,e,4.0,o,3.0,-0.09,2680000000.0,0.736
1.417657e-07,o,2.0,e,3.0,-4.14,245000.0,0.002
1.417856e-07,o,3.0,e,4.0,-3.72,638000.0,0.212
1.417967e-07,o,4.0,e,4.0,-2.25,18600000.0,0.077
1.418168e-07,o,3.0,e,3.0,-4.38,141000.0,0.002
1.418237e-07,o,3.0,e,4.0,-4.88,44900.0,0.0
1.418458e-07,e,2.0,o,3.0,-3.21,2030000.0,-0.008
1.4192770000000002e-07,o,1.0,e,2.0,-4.33,157000.0,-0.01
1.419287e-07,o,2.0,e,2.0,-3.81,521000.0,0.01
1.41972e-07,o,3.0,e,3.0,-3.35,1490000.0,-0.006
1.419767e-07,e,2.0,o,1.0,-0.89,425000000.0,-0.413
1.419874e-07,o,3.0,e,3.0,-3.13,2490000.0,0.028
1.4199100000000002e-07,o,3.0,e,3.0,-4.76,58100.0,0.008
1.419954e-07,e,4.0,o,3.0,0.21,5330000000.0,0.899
1.419983e-07,e,2.0,o,2.0,-0.28,1720000000.0,-0.649
1.4200050000000001e-07,e,3.0,o,3.0,-1.11,258000000.0,0.22
1.420067e-07,o,2.0,e,2.0,-2.88,4380000.0,-0.05
1.420434e-07,e,2.0,o,3.0,-0.24,1900000000.0,0.491
1.4205090000000001e-07,e,0.0,o,1.0,-0.52,987000000.0,0.505
1.420559e-07,o,1.0,e,2.0,-3.2,2060000.0,0.035
1.420572e-07,o,4.0,e,4.0,-2.57,8940000.0,0.022
1.420689e-07,e,2.0,o,1.0,-1.34,153000000.0,-0.268
1.420781e-07,e,4.0,o,4.0,-0.69,669000000.0,0.189
1.421e-07,e,3.0,o,4.0,0.2,5310000000.0,0.9
1.421044e-07,e,3.0,o,2.0,-1.19,218000000.0,-0.453
1.421523e-07,o,3.0,e,2.0,-3.17,2220000.0,0.041
1.421535e-07,e,3.0,o,2.0,-1.95,36700000.0,0.78
1.42187e-07,o,3.0,e,4.0,-3.07,2830000.0,0.015
1.422143e-07,o,5.0,e,4.0,-1.24,190000000.0,0.382
1.4222570000000002e-07,o,2.0,e,3.0,-5.13,24500.0,-0.001
1.4223960000000001e-07,o,3.0,e,3.0,-1.31,163000000.0,-0.476
1.4224330000000001e-07,o,2.0,e,2.0,-3.51,1030000.0,-0.012
1.422491e-07,o,1.0,e,1.0,-4.23,196000.0,-0.006
1.4225840000000002e-07,e,1.0,o,1.0,-0.44,1200000000.0,-0.483
1.4226590000000002e-07,e,2.0,o,2.0,-1.33,155000000.0,0.084
1.423216e-07,o,6.0,e,6.0,-4.6,82500.0,-0.036
1.423313e-07,o,2.0,e,2.0,-3.84,481000.0,0.022
1.423431e-07,e,5.0,o,4.0,-1.14,235000000.0,0.627
1.423463e-07,o,1.0,e,1.0,-1.85,46700000.0,-0.27
1.423542e-07,e,2.0,o,3.0,-1.2,208000000.0,-0.751
1.4235750000000002e-07,o,4.0,e,3.0,-4.37,137000.0,-0.01
1.423672e-07,e,1.0,o,1.0,-1.31,161000000.0,0.174
1.4237149999999999e-07,o,3.0,e,4.0,-4.26,184000.0,-0.008
1.423798e-07,o,4.0,e,4.0,-2.05,29400000.0,-0.064
1.423887e-07,o,5.0,e,5.0,-1.71,64500000.0,-0.542
1.4239310000000002e-07,o,4.0,e,3.0,-2.63,7770000.0,-0.1
1.423942e-07,o,2.0,e,3.0,-2.27,17800000.0,0.16
1.42398e-07,e,5.0,o,5.0,-0.75,592000000.0,0.712
1.424006e-07,o,4.0,e,5.0,-2.9,4140000.0,0.027
1.424037e-07,o,2.0,e,1.0,-5.2,21100.0,-0.004
1.424189e-07,o,2.0,e,3.0,-2.42,12500000.0,0.203
1.42437e-07,o,2.0,e,2.0,-3.35,1460000.0,0.015
1.424455e-07,e,1.0,o,2.0,-0.56,912000000.0,0.355
1.424497e-07,e,1.0,o,0.0,-1.14,239000000.0,0.557
1.424879e-07,o,3.0,e,2.0,-4.23,197000.0,-0.01
1.425153e-07,o,0.0,e,1.0,-3.31,1610000.0,0.122
1.4251920000000002e-07,e,3.0,o,4.0,-2.83,4880000.0,0.441
1.425435e-07,e,3.0,o,4.0,0.23,5620000000.0,0.761
1.4255940000000002e-07,o,3.0,e,4.0,-3.87,443000.0,0.007
1.425624e-07,o,4.0,e,4.0,-5.44,12000.0,0.0
1.4257200000000001e-07,o,3.0,e,4.0,-3.23,1920000.0,-0.017
1.426399e-07,o,0.0,e,1.0,-5.38,13400.0,-0.002
1.426531e-07,o,3.0,e,4.0,-3.23,1930000.0,-0.03
1.42658e-07,e,1.0,o,2.0,-0.5,1020000000.0,-0.374
1.426615e-07,e,5.0,o,4.0,0.33,7010000000.0,0.873
1.426812e-07,e,4.0,o,5.0,0.3,6520000000.0,0.684
1.426857e-07,e,4.0,o,4.0,-0.26,1790000000.0,0.773
1.426941e-07,o,3.0,e,2.0,-4.19,209000.0,-0.028
1.4269980000000002e-07,e,2.0,o,2.0,-0.41,1270000000.0,-0.316
1.4271099999999999e-07,o,3.0,e,2.0,-3.16,2260000.0,0.079
1.427521e-07,o,3.0,e,4.0,-4.54,94000.0,0.0
1.427709e-07,o,4.0,e,4.0,-2.42,12400000.0,-0.279
1.427825e-07,o,2.0,e,1.0,-5.16,22700.0,-0.001
1.428129e-07,o,3.0,e,2.0,-2.36,14400000.0,0.099
1.428257e-07,o,1.0,e,2.0,-1.68,66500000.0,0.351
1.4287290000000002e-07,e,2.0,o,3.0,-1.24,191000000.0,0.819
1.428745e-07,o,2.0,e,2.0,-4.9,41300.0,-0.002
1.4289490000000002e-07,e,3.0,o,2.0,-0.68,688000000.0,0.876
1.429002e-07,e,6.0,o,6.0,-0.6,812000000.0,0.857
1.429153e-07,o,2.0,e,1.0,-2.3,16600000.0,0.164
1.429221e-07,o,3.0,e,4.0,-3.21,2050000.0,-0.01
1.429235e-07,o,3.0,e,2.0,-4.01,317000.0,-0.02
1.429388e-07,o,6.0,e,5.0,-5.64,7420.0,0.003
1.429515e-07,e,4.0,o,5.0,0.37,7640000000.0,0.908
1.429701e-07,o,2.0,e,1.0,-1.92,39600000.0,0.327
1.42983e-07,o,3.0,e,3.0,-4.0,327000.0,0.006
1.42986e-07,e,0.0,o,1.0,-1.69,66400000.0,0.117
1.42986e-07,o,3.0,e,4.0,-2.55,9290000.0,0.041
1.429875e-07,o,1.0,e,1.0,-4.74,58500.0,0.006
1.429885e-07,e,1.0,o,1.0,-1.08,270000000.0,0.173
1.4300440000000002e-07,o,4.0,e,3.0,-4.18,217000.0,0.022
1.4301569999999999e-07,o,4.0,e,5.0,-3.26,1820000.0,-0.001
1.4301690000000002e-07,e,3.0,o,4.0,-0.34,1510000000.0,-0.566
1.430175e-07,e,1.0,o,0.0,-0.56,887000000.0,0.891
1.430188e-07,o,4.0,e,3.0,-5.87,4430.0,-0.001
1.430343e-07,o,3.0,e,3.0,-5.4,13300.0,-0.001
1.430349e-07,e,2.0,o,2.0,-0.53,971000000.0,-0.722
1.430357e-07,o,5.0,e,4.0,-5.0,32900.0,0.02
1.430636e-07,o,4.0,e,4.0,-1.71,63600000.0,-0.406
1.43081e-07,o,3.0,e,3.0,-1.74,58500000.0,-0.374
1.430932e-07,e,2.0,o,3.0,-0.31,1590000000.0,-0.594
1.4309570000000002e-07,o,5.0,e,6.0,-4.87,44600.0,0.001
1.431129e-07,o,4.0,e,5.0,-5.04,29700.0,-0.001
1.431193e-07,o,2.0,e,1.0,-3.64,759000.0,-0.008
1.43184e-07,o,2.0,e,3.0,-4.53,97900.0,0.003
1.4319280000000002e-07,e,4.0,o,4.0,0.35,7320000000.0,-0.866
1.432002e-07,o,2.0,e,1.0,-4.61,80300.0,-0.009
1.432008e-07,e,3.0,o,3.0,-0.32,1560000000.0,-0.26
1.432201e-07,e,2.0,o,2.0,-2.37,13800000.0,0.225
1.432628e-07,e,4.0,o,3.0,-4.35,142000.0,-0.05
1.433004e-07,o,4.0,e,4.0,-4.72,61600.0,0.0
1.433295e-07,o,5.0,e,4.0,-4.39,133000.0,0.031
1.433301e-07,o,2.0,e,2.0,-5.75,5890.0,0.001
1.433336e-07,e,4.0,o,3.0,-0.28,1710000000.0,0.585
1.434154e-07,e,2.0,o,1.0,-1.18,215000000.0,0.534
1.4342180000000001e-07,e,2.0,o,3.0,-2.08,26800000.0,0.132
1.434313e-07,e,1.0,o,2.0,-0.56,885000000.0,-0.464
1.434947e-07,o,2.0,e,2.0,-2.94,3730000.0,-0.02
1.435519e-07,o,1.0,e,2.0,-4.31,160000.0,-0.008
1.4355770000000002e-07,o,2.0,e,1.0,-4.63,75700.0,0.015
1.4357770000000001e-07,o,3.0,e,3.0,-2.59,8330000.0,-0.057
1.436043e-07,o,5.0,e,4.0,-4.43,121000.0,0.047
1.436062e-07,e,4.0,o,4.0,-0.25,1830000000.0,-0.259
1.43628e-07,e,2.0,o,3.0,-1.79,51800000.0,-0.014
1.4362970000000002e-07,e,2.0,o,1.0,-1.88,43200000.0,-0.062
1.436336e-07,o,4.0,e,3.0,-3.49,1050000.0,0.023
1.436596e-07,e,4.0,o,5.0,-2.16,22300000.0,0.007
1.436629e-07,e,1.0,o,1.0,-0.82,492000000.0,-0.532
1.4367570000000002e-07,e,1.0,o,2.0,-1.22,194000000.0,0.111
1.4367610000000001e-07,o,4.0,e,4.0,-2.57,8790000.0,-0.106
1.436972e-07,o,5.0,e,5.0,-3.24,1880000.0,-0.016
1.436992e-07,o,5.0,e,4.0,-3.3,1650000.0,0.025
1.4370750000000002e-07,e,3.0,o,3.0,-2.87,4390000.0,0.026
1.437407e-07,e,4.0,o,4.0,-3.18,2110000.0,0.026
1.437414e-07,o,3.0,e,2.0,-2.32,15300000.0,-0.083
1.437422e-07,o,4.0,e,5.0,-3.91,395000.0,-0.003
1.437604e-07,o,2.0,e,3.0,-3.12,2460000.0,0.059
1.437686e-07,o,4.0,e,3.0,-3.2,2050000.0,-0.031
1.4377550000000002e-07,e,3.0,o,4.0,-0.91,396000000.0,0.313
1.437759e-07,o,3.0,e,3.0,-3.44,1190000.0,-0.013
1.437903e-07,o,6.0,e,5.0,-4.35,142000.0,0.04
1.438052e-07,e,3.0,o,3.0,0.11,4150000000.0,-0.652
1.438193e-07,o,3.0,e,3.0,-2.41,12600000.0,-0.165
1.4381949999999999e-07,o,3.0,e,2.0,-3.58,841000.0,-0.01
1.438261e-07,o,5.0,e,6.0,-1.99,33000000.0,-0.33
1.438346e-07,o,4.0,e,4.0,-2.58,8560000.0,-0.028
1.4386610000000002e-07,o,4.0,e,5.0,-4.81,50000.0,0.0
1.4387080000000002e-07,e,3.0,o,2.0,-2.37,13900000.0,0.14
1.43881e-07,o,1.0,e,2.0,-4.26,179000.0,0.005
1.43882e-07,e,2.0,o,2.0,-0.02,3070000000.0,-0.696
1.439215e-07,o,1.0,e,2.0,-3.41,1240000.0,-0.08
1.4397940000000002e-07,o,3.0,e,4.0,-3.53,964000.0,-0.012
1.43985e-07,o,3.0,e,4.0,-3.03,3070000.0,-0.036
1.439908e-07,o,3.0,e,3.0,-4.09,264000.0,0.011
1.440032e-07,o,2.0,e,3.0,-2.94,3670000.0,0.028
1.4400920000000001e-07,o,3.0,e,4.0,-3.91,403000.0,0.004
1.440138e-07,o,4.0,e,4.0,-2.08,27200000.0,0.09
1.440412e-07,o,1.0,e,2.0,-3.13,2370000.0,-0.008
1.440526e-07,o,2.0,e,2.0,-4.59,82100.0,0.001
1.4405419999999999e-07,e,3.0,o,3.0,-0.68,688000000.0,-0.342
1.440636e-07,o,1.0,e,2.0,-1.71,61600000.0,0.261
1.440949e-07,o,3.0,e,2.0,-3.3,1610000.0,-0.034
1.4410340000000002e-07,o,2.0,e,2.0,-3.15,2300000.0,-0.038
1.4412000000000002e-07,o,4.0,e,5.0,-2.61,7820000.0,-0.029
1.441261e-07,o,5.0,e,4.0,-4.81,49400.0,-0.06
1.441489e-07,e,2.0,o,1.0,-2.27,17700000.0,0.017
1.441547e-07,o,3.0,e,3.0,-2.42,12000000.0,-0.112
1.441932e-07,o,2.0,e,3.0,-4.48,106000.0,-0.002
1.442107e-07,e,1.0,o,2.0,-2.3,15900000.0,0.166
1.442115e-07,e,2.0,o,3.0,-2.42,12200000.0,0.161
1.442204e-07,e,1.0,o,2.0,-0.62,773000000.0,-0.27
1.442281e-07,o,1.0,e,1.0,-4.8,50100.0,0.007
1.442394e-07,e,4.0,o,5.0,0.43,8670000000.0,0.86
1.442535e-07,e,2.0,o,1.0,-0.18,2100000000.0,0.886
1.442585e-07,o,5.0,e,5.0,-4.05,289000.0,-0.002
1.4430039999999998e-07,e,5.0,o,6.0,0.43,8580000000.0,0.833
1.44307e-07,o,3.0,e,4.0,-3.02,3080000.0,0.016
1.44312e-07,e,6.0,o,5.0,0.44,8780000000.0,0.899
1.4432030000000001e-07,o,3.0,e,3.0,-3.08,2670000.0,0.281
1.443483e-07,e,4.0,o,3.0,-1.22,192000000.0,-0.56
1.4435580000000001e-07,o,3.0,e,4.0,-3.3,1630000.0,0.026
1.4436869999999998e-07,e,2.0,o,1.0,-1.71,61100000.0,-0.077
1.443751e-07,e,2.0,o,3.0,0.23,5440000000.0,0.88
1.443885e-07,o,1.0,e,2.0,-2.21,19900000.0,-0.188
1.444246e-07,e,3.0,o,2.0,-0.42,1240000000.0,-0.792
1.444354e-07,o,3.0,e,3.0,-2.87,4270000.0,0.04
1.444358e-07,o,1.0,e,1.0,-4.55,90400.0,0.006
1.444377e-07,e,2.0,o,3.0,-0.42,1200000000.0,0.506
1.4444290000000003e-07,o,3.0,e,3.0,-3.49,1050000.0,-0.025
1.444527e-07,e,2.0,o,2.0,-0.28,1700000000.0,-0.555
1.444604e-07,o,2.0,e,2.0,-3.86,437000.0,-0.013
1.444792e-07,o,2.0,e,3.0,-3.8,513000.0,0.018
1.445085e-07,o,5.0,e,4.0,-3.17,2150000.0,-0.147
1.445097e-07,e,4.0,o,4.0,-1.68,66500000.0,-0.084
1.4451030000000002e-07,o,7.0,e,6.0,-4.93,37800.0,-0.004
1.445392e-07,o,2.0,e,3.0,-2.08,27000000.0,-0.264
1.4455150000000002e-07,e,1.0,o,1.0,-2.49,10400000.0,0.012
1.4458409999999999e-07,o,4.0,e,5.0,-2.63,7430000.0,-0.146
1.445845e-07,o,3.0,e,3.0,-4.57,85400.0,0.002
1.44601e-07,o,2.0,e,3.0,-2.2,20300000.0,0.125
1.446065e-07,o,4.0,e,3.0,-4.32,155000.0,-0.008
1.446203e-07,o,2.0,e,3.0,-3.52,966000.0,-0.031
1.446299e-07,e,3.0,o,4.0,0.34,7010000000.0,0.897
1.446366e-07,e,4.0,o,5.0,-0.49,1040000000.0,0.475
1.446602e-07,o,2.0,e,2.0,-4.45,113000.0,0.004
1.4466780000000002e-07,e,2.0,o,2.0,-0.23,1870000000.0,-0.604
1.446686e-07,o,3.0,e,2.0,-3.35,1400000.0,0.029
1.446793e-07,o,4.0,e,4.0,-2.89,4110000.0,0.072
1.4472200000000002e-07,e,2.0,o,3.0,-1.3,158000000.0,0.063
1.447649e-07,o,4.0,e,4.0,-4.67,67600.0,-0.003
1.448037e-07,e,1.0,o,2.0,-4.87,42400.0,-0.001
1.448058e-07,e,2.0,o,2.0,-0.83,467000000.0,-0.462
1.44806e-07,o,4.0,e,5.0,-4.51,97900.0,0.001
1.448129e-07,o,2.0,e,2.0,-5.25,18000.0,-0.001
1.4481500000000002e-07,o,4.0,e,3.0,-2.89,4110000.0,0.045
1.4483520000000002e-07,o,5.0,e,6.0,-3.49,1030000.0,-0.006
1.448509e-07,o,2.0,e,3.0,-4.5,102000.0,-0.017
1.448541e-07,o,2.0,e,2.0,-3.96,354000.0,0.025
1.4488160000000002e-07,e,2.0,o,1.0,-3.43,1210000.0,0.003
1.449336e-07,o,3.0,e,2.0,-3.93,385000.0,0.006
1.44966e-07,e,4.0,o,5.0,0.4,7980000000.0,0.897
1.449918e-07,o,4.0,e,5.0,-2.61,7860000.0,0.023
1.449941e-07,o,2.0,e,1.0,-3.44,1150000.0,0.041
1.449984e-07,e,2.0,o,2.0,-1.02,307000000.0,0.189
1.450034e-07,e,1.0,o,1.0,-2.45,11300000.0,0.009
1.450034e-07,o,3.0,e,4.0,-3.27,1730000.0,-0.032
1.450089e-07,o,3.0,e,4.0,-4.98,33500.0,-0.001
1.450112e-07,e,2.0,o,1.0,-1.28,168000000.0,0.28
1.4502439999999998e-07,o,3.0,e,3.0,-2.08,26600000.0,-0.132
1.4502670000000002e-07,o,2.0,e,3.0,-4.58,83700.0,-0.001
1.4503030000000003e-07,o,2.0,e,2.0,-1.82,48000000.0,-0.183
1.450425e-07,o,2.0,e,3.0,-3.0,3150000.0,-0.083
1.450785e-07,e,5.0,o,4.0,-4.2,196000.0,0.087
1.4510440000000002e-07,e,4.0,o,3.0,-2.44,11400000.0,0.294
1.4512819999999999e-07,o,3.0,e,4.0,-2.42,12100000.0,-0.113
1.45132e-07,o,3.0,e,4.0,-3.88,409000.0,0.007
1.451358e-07,o,4.0,e,3.0,-5.53,9410.0,0.001
1.451505e-07,e,3.0,o,3.0,-1.53,93700000.0,0.411
1.451691e-07,o,2.0,e,3.0,-3.87,425000.0,-0.041
1.4517850000000002e-07,o,1.0,e,2.0,-3.25,1780000.0,-0.183
1.451851e-07,o,3.0,e,2.0,-2.01,31100000.0,-0.207
1.4518800000000002e-07,o,3.0,e,2.0,-2.15,22300000.0,0.093
1.451895e-07,e,0.0,o,1.0,-1.16,221000000.0,0.288
1.451906e-07,o,1.0,e,1.0,-4.41,125000.0,-0.01
1.451982e-07,e,1.0,o,1.0,-1.81,48500000.0,0.071
1.452564e-07,o,6.0,e,6.0,-5.79,5170.0,-0.002
1.4525870000000001e-07,o,2.0,e,3.0,-4.09,255000.0,-0.005
1.452646e-07,o,3.0,e,3.0,-2.46,11100000.0,0.122
1.453129e-07,o,3.0,e,4.0,-3.81,494000.0,-0.012
1.453664e-07,o,0.0,e,1.0,-3.85,441000.0,0.489
1.454021e-07,o,5.0,e,4.0,-3.99,327000.0,-0.018
1.454057e-07,e,1.0,o,2.0,-0.47,1070000000.0,0.633
1.4542260000000002e-07,o,4.0,e,4.0,-5.06,28100.0,0.003
1.4543250000000002e-07,e,4.0,o,3.0,-3.25,1760000.0,0.257
1.4545540000000002e-07,o,4.0,e,5.0,-2.52,9590000.0,0.124
1.45463e-07,e,2.0,o,2.0,-2.65,7100000.0,0.006
1.454668e-07,o,3.0,e,2.0,-2.31,15500000.0,-0.119
1.4547270000000002e-07,o,3.0,e,4.0,-2.92,3790000.0,0.027
1.4547819999999999e-07,e,3.0,o,4.0,-3.61,763000.0,0.093
1.454857e-07,o,4.0,e,5.0,-4.2,198000.0,-0.001
1.454859e-07,e,2.0,o,2.0,-0.81,488000000.0,0.37
1.4550850000000002e-07,o,5.0,e,4.0,-3.64,724000.0,0.128
1.455233e-07,e,2.0,o,3.0,-1.07,264000000.0,-0.134
1.455553e-07,o,1.0,e,1.0,-4.97,33600.0,-0.002
1.455685e-07,o,2.0,e,3.0,-4.3,159000.0,-0.002
1.456162e-07,o,3.0,e,4.0,-2.68,6630000.0,0.07
1.456299e-07,o,4.0,e,4.0,-4.55,89400.0,0.003
1.456539e-07,o,5.0,e,5.0,-2.32,15100000.0,-0.413
1.456724e-07,o,3.0,e,4.0,-3.65,706000.0,-0.066
1.456758e-07,o,3.0,e,3.0,-2.01,30400000.0,0.215
1.456781e-07,o,4.0,e,4.0,-5.28,16500.0,0.0
1.45722e-07,e,3.0,o,4.0,-1.59,81200000.0,0.037
1.4573030000000002e-07,o,5.0,e,5.0,-5.37,13500.0,0.002
1.457401e-07,e,5.0,o,5.0,-1.92,37800000.0,-0.045
1.457431e-07,o,2.0,e,2.0,-1.98,33100000.0,-0.264
1.4576089999999999e-07,o,3.0,e,4.0,-3.57,846000.0,-0.01
1.457856e-07,e,1.0,o,2.0,-1.42,119000000.0,-0.052
1.458068e-07,e,4.0,o,4.0,-0.08,2610000000.0,-0.528
1.4581110000000003e-07,o,5.0,e,5.0,-3.4,1250000.0,0.036
1.458396e-07,o,2.0,e,1.0,-4.09,256000.0,0.016
1.4590080000000002e-07,o,3.0,e,3.0,-4.62,76100.0,0.002
1.4590660000000002e-07,e,3.0,o,2.0,0.08,3720000000.0,0.887
1.459115e-07,o,2.0,e,1.0,-4.57,85300.0,-0.014
1.4592170000000002e-07,o,2.0,e,2.0,-3.86,439000.0,0.014
1.459747e-07,o,5.0,e,5.0,-4.73,58200.0,0.002
1.459771e-07,o,4.0,e,3.0,-2.82,4820000.0,-0.138
1.459779e-07,e,1.0,o,1.0,-1.41,120000000.0,-0.212
1.459845e-07,e,5.0,o,6.0,0.46,9070000000.0,0.923
1.45985e-07,o,4.0,e,5.0,-4.63,74100.0,0.002
1.459873e-07,e,1.0,o,0.0,-0.96,344000000.0,-0.869
1.460123e-07,o,4.0,e,3.0,-5.28,16300.0,-0.002
1.46024e-07,o,2.0,e,2.0,-2.65,7030000.0,-0.062
1.460261e-07,o,3.0,e,3.0,-2.97,3340000.0,-0.036
1.4608820000000002e-07,e,4.0,o,3.0,-2.27,16800000.0,0.296
1.4610440000000002e-07,o,2.0,e,3.0,-3.86,439000.0,0.012
1.4611320000000002e-07,o,6.0,e,5.0,-5.36,13500.0,0.003
1.461185e-07,o,1.0,e,2.0,-4.4,124000.0,-0.01
1.462412e-07,e,2.0,o,3.0,-1.71,60400000.0,0.05
1.462615e-07,e,1.0,o,0.0,-0.91,393000000.0,0.766
1.462784e-07,e,2.0,o,2.0,-5.99,3180.0,0.0
1.462837e-07,e,1.0,o,2.0,-1.98,32100000.0,0.012
1.4629040000000002e-07,o,3.0,e,3.0,-2.59,8010000.0,0.057
1.463021e-07,o,1.0,e,2.0,-3.26,1720000.0,-0.041
1.463355e-07,o,3.0,e,2.0,-3.08,2600000.0,-0.019
1.463467e-07,o,3.0,e,3.0,-4.89,40400.0,0.001
1.4636400000000003e-07,e,2.0,o,3.0,-2.01,30700000.0,-0.021
1.464157e-07,o,3.0,e,3.0,-2.69,6400000.0,-0.048
1.4642770000000002e-07,o,3.0,e,4.0,-3.62,752000.0,-0.043
1.464399e-07,e,1.0,o,1.0,-2.03,28900000.0,0.017
1.464502e-07,o,2.0,e,3.0,-4.41,120000.0,0.002
1.46468e-07,e,2.0,o,3.0,-1.79,51700000.0,0.02
1.464764e-07,o,3.0,e,3.0,-3.65,703000.0,-0.017
1.465184e-07,o,2.0,e,3.0,-5.61,7640.0,0.0
1.4654849999999998e-07,o,2.0,e,1.0,-2.03,29200000.0,-0.279
1.465567e-07,o,1.0,e,2.0,-3.75,554000.0,-0.026
1.465878e-07,e,4.0,o,3.0,-1.12,236000000.0,-0.438
1.466001e-07,o,3.0,e,4.0,-4.51,96300.0,-0.001
1.466153e-07,e,2.0,o,1.0,-0.48,1030000000.0,-0.645
1.466196e-07,o,4.0,e,3.0,-4.6,78600.0,-0.012
1.4662280000000002e-07,o,2.0,e,1.0,-5.13,23200.0,-0.005
1.466327e-07,e,3.0,o,4.0,-0.49,1020000000.0,0.78
1.466564e-07,o,3.0,e,4.0,-4.44,114000.0,-0.006
1.466611e-07,o,3.0,e,2.0,-1.8,49900000.0,0.249
1.4668000000000001e-07,e,2.0,o,3.0,-1.97,32800000.0,0.429
1.467242e-07,o,4.0,e,4.0,-2.68,6440000.0,-0.255
1.467392e-07,o,4.0,e,4.0,-2.91,3790000.0,-0.053
1.467481e-07,o,2.0,e,3.0,-3.48,1040000.0,-0.022
1.4678550000000001e-07,o,4.0,e,3.0,-4.55,87200.0,0.01
1.468021e-07,e,3.0,o,4.0,-2.34,14300000.0,0.009
1.468278e-07,o,3.0,e,2.0,-4.71,60300.0,-0.049
1.4684590000000002e-07,o,1.0,e,2.0,-5.6,7810.0,0.0
1.468718e-07,o,6.0,e,7.0,-5.69,6320.0,0.001
1.468752e-07,e,3.0,o,3.0,-4.45,110000.0,-0.024
1.468776e-07,e,3.0,o,2.0,-0.92,372000000.0,-0.602
1.468843e-07,o,2.0,e,2.0,-3.35,1390000.0,0.095
1.469449e-07,o,4.0,e,3.0,-4.67,66900.0,-0.003
1.469516e-07,o,3.0,e,4.0,-2.37,13200000.0,-0.079
1.4695290000000001e-07,o,4.0,e,5.0,-4.06,270000.0,-0.003
1.470039e-07,o,5.0,e,4.0,-5.66,6800.0,0.01
1.470322e-07,o,4.0,e,5.0,-4.77,52700.0,0.0
1.4703530000000002e-07,o,2.0,e,3.0,-3.8,486000.0,-0.007
1.470376e-07,o,2.0,e,2.0,-5.78,5160.0,0.001
1.470772e-07,o,3.0,e,4.0,-3.81,473000.0,0.009
1.470809e-07,o,2.0,e,2.0,-3.86,428000.0,0.005
1.4709690000000002e-07,e,1.0,o,2.0,-5.52,9330.0,0.0
1.470982e-07,o,4.0,e,3.0,-3.17,2070000.0,-0.018
1.4712090000000002e-07,o,6.0,e,5.0,-5.18,20500.0,0.017
1.471326e-07,o,1.0,e,2.0,-4.26,170000.0,0.005
1.4714860000000002e-07,o,5.0,e,4.0,-3.04,2790000.0,0.148
1.471571e-07,e,3.0,o,2.0,-3.56,845000.0,0.186
1.4721790000000002e-07,o,2.0,e,2.0,-3.65,699000.0,-0.013
1.4724200000000002e-07,e,1.0,o,2.0,-2.26,16900000.0,0.023
1.4728430000000001e-07,e,2.0,o,1.0,-2.09,25000000.0,-0.068
1.473077e-07,o,3.0,e,3.0,-2.78,5250000.0,0.055
1.473116e-07,o,2.0,e,3.0,-2.29,15700000.0,-0.164
1.473194e-07,o,3.0,e,3.0,-3.88,406000.0,-0.008
1.473199e-07,o,2.0,e,2.0,-3.62,737000.0,0.005
1.473257e-07,o,4.0,e,4.0,-3.68,651000.0,-0.016
1.473618e-07,o,2.0,e,2.0,-3.51,960000.0,0.015
1.473876e-07,o,4.0,e,3.0,-3.69,624000.0,0.022
1.473981e-07,o,5.0,e,6.0,-2.9,3860000.0,0.009
1.474781e-07,o,1.0,e,1.0,-4.75,54900.0,-0.004
1.474941e-07,e,2.0,o,2.0,-0.91,382000000.0,-0.168
1.474965e-07,o,2.0,e,3.0,-3.64,701000.0,0.046
1.475029e-07,o,5.0,e,4.0,-2.67,6630000.0,-0.146
1.475118e-07,o,2.0,e,3.0,-4.1,245000.0,0.029
1.4751720000000002e-07,o,2.0,e,2.0,-2.9,3910000.0,0.032
1.475344e-07,o,5.0,e,6.0,-4.41,120000.0,-0.078
1.47537e-07,o,7.0,e,6.0,-5.26,16800.0,-0.003
1.475503e-07,o,3.0,e,2.0,-3.3,1550000.0,-0.039
1.475551e-07,o,4.0,e,3.0,-2.76,5340000.0,-0.03
1.4761430000000002e-07,o,5.0,e,5.0,-2.07,25800000.0,-0.218
1.476145e-07,o,2.0,e,1.0,-3.84,452000.0,0.012
1.4766640000000002e-07,o,3.0,e,2.0,-5.79,4920.0,0.0
1.476695e-07,e,4.0,o,5.0,-4.41,119000.0,0.004
1.476808e-07,o,4.0,e,4.0,-2.17,20600000.0,0.152
1.4771379999999998e-07,e,3.0,o,3.0,-2.41,12000000.0,-0.083
1.477635e-07,o,3.0,e,3.0,-3.78,510000.0,-0.025
1.47786e-07,o,3.0,e,3.0,-4.39,126000.0,-0.001
1.477926e-07,o,4.0,e,5.0,-3.21,1890000.0,0.015
1.477991e-07,o,2.0,e,2.0,-5.67,6580.0,0.0
1.478011e-07,o,1.0,e,2.0,-3.68,649000.0,0.024
1.478085e-07,o,2.0,e,1.0,-2.96,3370000.0,0.047
1.478096e-07,o,3.0,e,3.0,-4.77,52000.0,-0.001
1.478321e-07,o,3.0,e,2.0,-2.93,3620000.0,-0.023
1.478457e-07,o,1.0,e,1.0,-4.12,231000.0,-0.011
1.480324e-07,o,3.0,e,4.0,-3.92,369000.0,0.004
1.480413e-07,o,3.0,e,2.0,-2.67,6570000.0,0.032
1.4806e-07,o,2.0,e,2.0,-3.34,1380000.0,0.006
1.480902e-07,o,4.0,e,3.0,-5.85,4310.0,-0.002
1.481477e-07,o,2.0,e,1.0,-4.48,101000.0,-0.006
1.482202e-07,e,1.0,o,0.0,-1.28,160000000.0,-0.353
1.4824190000000002e-07,o,1.0,e,1.0,-2.72,5790000.0,0.129
1.482542e-07,o,3.0,e,4.0,-2.05,26900000.0,-0.121
1.482753e-07,e,1.0,o,1.0,-0.79,494000000.0,-0.42
1.483004e-07,o,5.0,e,4.0,-3.46,1040000.0,0.028
1.4831160000000002e-07,o,4.0,e,4.0,-4.74,54700.0,-0.002
1.484307e-07,o,2.0,e,1.0,-4.33,141000.0,-0.01
1.484818e-07,o,2.0,e,3.0,-4.44,112000.0,-0.013
1.485235e-07,o,4.0,e,3.0,-4.32,147000.0,-0.002
1.48529e-07,o,5.0,e,5.0,-1.83,44900000.0,0.231
1.4862070000000001e-07,o,3.0,e,3.0,-3.07,2570000.0,0.015
1.4864190000000002e-07,o,1.0,e,2.0,-4.35,131000.0,0.0
1.486553e-07,o,2.0,e,3.0,-2.16,20800000.0,0.166
1.486715e-07,o,4.0,e,4.0,-3.04,2740000.0,0.034
1.4867210000000001e-07,o,3.0,e,3.0,-3.34,1390000.0,-0.115
1.48702e-07,o,2.0,e,2.0,-3.41,1190000.0,-0.008
1.487095e-07,o,4.0,e,5.0,-2.75,5370000.0,-0.034
1.487126e-07,o,4.0,e,4.0,-3.63,711000.0,0.058
1.487161e-07,o,2.0,e,3.0,-3.09,2430000.0,-0.024
1.487473e-07,o,2.0,e,3.0,-4.57,80600.0,-0.001
1.487579e-07,o,3.0,e,2.0,-3.16,2080000.0,0.036
1.487695e-07,o,2.0,e,3.0,-3.86,415000.0,0.007
1.4878470000000002e-07,o,4.0,e,5.0,-2.72,5690000.0,0.039
1.488042e-07,o,2.0,e,2.0,-2.79,4900000.0,0.056
1.488078e-07,e,4.0,o,3.0,-2.98,3160000.0,-0.048
1.488277e-07,e,6.0,o,5.0,-2.33,14100000.0,-0.532
1.488368e-07,o,3.0,e,3.0,-3.03,2780000.0,0.034
1.4884210000000002e-07,e,2.0,o,3.0,-1.11,236000000.0,0.829
1.4886450000000002e-07,o,4.0,e,5.0,-3.43,1120000.0,0.041
1.488738e-07,e,3.0,o,3.0,-4.56,83800.0,-0.005
1.4889190000000002e-07,o,3.0,e,2.0,-3.32,1470000.0,-0.021
1.489192e-07,o,3.0,e,2.0,-4.99,31200.0,-0.01
1.489603e-07,o,4.0,e,3.0,-3.88,399000.0,-0.027
1.48974e-07,e,1.0,o,2.0,-1.5,95600000.0,0.064
1.489796e-07,o,3.0,e,3.0,-4.82,45400.0,-0.009
1.489904e-07,o,1.0,e,2.0,-1.93,35800000.0,-0.213
1.490871e-07,o,3.0,e,3.0,-2.51,9400000.0,0.046
1.490946e-07,o,5.0,e,6.0,-4.52,90200.0,0.001
1.491742e-07,e,1.0,o,2.0,-1.82,44900000.0,0.029
1.492012e-07,e,3.0,o,2.0,-0.16,2100000000.0,0.769
1.492038e-07,o,7.0,e,7.0,-4.69,60500.0,0.31
1.493877e-07,e,2.0,o,2.0,-1.77,50700000.0,0.125
1.493895e-07,o,2.0,e,3.0,-3.06,2600000.0,-0.023
1.4941030000000002e-07,o,3.0,e,4.0,-3.95,338000.0,0.018
1.494116e-07,o,3.0,e,2.0,-4.33,140000.0,0.0
1.494161e-07,o,2.0,e,3.0,-5.46,10300.0,0.0
1.494402e-07,o,3.0,e,3.0,-3.85,416000.0,0.006
1.4944580000000002e-07,o,2.0,e,1.0,-2.06,26000000.0,0.111
1.494549e-07,o,4.0,e,4.0,-4.79,48600.0,0.001
1.494636e-07,o,6.0,e,6.0,-5.94,3390.0,0.002
1.495233e-07,o,2.0,e,2.0,-1.79,48400000.0,0.299
1.4952560000000002e-07,o,4.0,e,3.0,-3.57,794000.0,0.007
1.495367e-07,e,4.0,o,4.0,-0.78,498000000.0,-0.67
1.49568e-07,e,1.0,o,1.0,-1.49,96300000.0,-0.106
1.495732e-07,o,3.0,e,2.0,-4.16,209000.0,-0.001
1.495759e-07,o,1.0,e,1.0,-4.06,262000.0,-0.017
1.4963810000000002e-07,o,2.0,e,3.0,-4.16,209000.0,-0.013
1.496556e-07,o,3.0,e,4.0,-4.78,50600.0,0.001
1.496681e-07,o,2.0,e,3.0,-3.57,798000.0,0.017
1.4968e-07,o,2.0,e,3.0,-5.9,3750.0,0.0
1.497006e-07,o,2.0,e,1.0,-4.5,95300.0,0.014
1.49714e-07,o,4.0,e,5.0,-2.52,9070000.0,-0.107
1.497371e-07,o,1.0,e,1.0,-2.13,22200000.0,0.137
1.49773e-07,o,2.0,e,2.0,-3.92,357000.0,0.008
1.497865e-07,e,1.0,o,0.0,-0.82,450000000.0,-0.563
1.497905e-07,o,3.0,e,4.0,-2.42,11100000.0,-0.061
1.498118e-07,o,2.0,e,2.0,-2.4,12000000.0,-0.171
1.498608e-07,o,2.0,e,3.0,-3.43,1110000.0,0.044
1.49892e-07,o,1.0,e,1.0,-2.23,17700000.0,0.177
1.4989559999999999e-07,e,3.0,o,4.0,-3.32,1420000.0,0.355
1.49899e-07,e,4.0,o,4.0,-2.03,27700000.0,-0.058
1.499185e-07,o,2.0,e,2.0,-4.39,121000.0,0.005
1.499772e-07,e,2.0,o,1.0,-0.52,892000000.0,0.637
1.4997810000000001e-07,o,4.0,e,3.0,-3.67,636000.0,0.022
1.499873e-07,o,5.0,e,4.0,-3.27,1630000.0,0.23
1.50053e-07,e,5.0,o,4.0,-1.56,81800000.0,-0.317
1.5005550000000002e-07,o,2.0,e,3.0,-4.07,254000.0,0.002
1.500566e-07,o,3.0,e,4.0,-4.99,31400.0,0.001
1.500956e-07,o,4.0,e,3.0,-4.77,50000.0,-0.008
1.501646e-07,o,3.0,e,3.0,-3.26,1630000.0,0.011
1.501925e-07,o,3.0,e,3.0,-3.12,2280000.0,-0.018
1.5019280000000002e-07,o,3.0,e,4.0,-3.76,515000.0,-0.004
1.5022460000000001e-07,o,4.0,e,3.0,-3.43,1110000.0,-0.025
1.5029800000000001e-07,e,2.0,o,2.0,-0.89,382000000.0,0.73
1.5030880000000002e-07,o,3.0,e,3.0,-4.0,298000.0,-0.007
1.5034700000000002e-07,e,5.0,o,5.0,-2.88,3850000.0,-0.025
1.503633e-07,o,5.0,e,4.0,-2.41,11500000.0,-0.094
1.503884e-07,e,3.0,o,2.0,-2.54,8570000.0,0.522
1.50413e-07,e,1.0,o,1.0,-1.04,271000000.0,-0.262
1.504581e-07,o,1.0,e,2.0,-4.61,71000.0,-0.001
1.504631e-07,o,4.0,e,4.0,-5.04,26900.0,-0.005
1.504637e-07,o,2.0,e,2.0,-2.17,20300000.0,0.1
1.5049140000000002e-07,o,3.0,e,3.0,-3.04,2740000.0,-0.04
1.505167e-07,o,3.0,e,4.0,-3.09,2390000.0,-0.022
1.505482e-07,o,4.0,e,4.0,-5.3,14600.0,0.0
1.505967e-07,o,5.0,e,5.0,-4.14,212000.0,-0.184
1.506108e-07,e,3.0,o,3.0,-2.66,6400000.0,-0.131
1.506408e-07,o,3.0,e,3.0,-2.37,12600000.0,0.069
1.50655e-07,e,6.0,o,5.0,-2.48,9790000.0,-0.204
1.5067e-07,o,3.0,e,2.0,-3.8,471000.0,-0.019
1.506755e-07,o,2.0,e,1.0,-5.97,3200.0,0.0
1.507248e-07,o,2.0,e,2.0,-3.16,2030000.0,-0.109
1.5074290000000002e-07,o,1.0,e,2.0,-3.64,670000.0,0.016
1.507591e-07,o,1.0,e,2.0,-2.84,4290000.0,-0.027
1.507704e-07,e,1.0,o,2.0,-4.07,245000.0,-0.005
1.5089310000000002e-07,e,4.0,o,4.0,-0.85,409000000.0,0.297
1.5091650000000001e-07,e,1.0,o,2.0,-1.19,187000000.0,-0.088
1.509261e-07,o,4.0,e,3.0,-3.18,1940000.0,-0.022
1.509609e-07,o,3.0,e,2.0,-3.38,1240000.0,-0.024
1.5097760000000002e-07,e,2.0,o,2.0,-2.19,19000000.0,-0.187
1.509869e-07,e,1.0,o,1.0,-1.35,131000000.0,-0.335
1.509935e-07,e,2.0,o,1.0,-1.86,41100000.0,0.306
1.510348e-07,o,1.0,e,1.0,-4.04,267000.0,0.012
1.510471e-07,e,4.0,o,3.0,-1.98,30600000.0,0.03
1.5106220000000002e-07,o,2.0,e,3.0,-2.32,13900000.0,-0.064
1.510843e-07,o,6.0,e,5.0,-5.65,6450.0,-0.002
1.51104e-07,e,0.0,o,1.0,-1.11,225000000.0,0.462
1.511152e-07,o,4.0,e,5.0,-4.62,70600.0,-0.001
1.511289e-07,o,4.0,e,3.0,-3.43,1080000.0,0.077
1.5119580000000002e-07,o,3.0,e,2.0,-4.78,48200.0,-0.005
1.511986e-07,o,3.0,e,2.0,-4.28,154000.0,-0.004
1.512251e-07,o,0.0,e,1.0,-5.81,4450.0,-0.008
1.512642e-07,o,3.0,e,4.0,-4.81,46800.0,-0.001
1.512727e-07,o,0.0,e,1.0,-2.13,21600000.0,0.386
1.512974e-07,o,3.0,e,3.0,-3.35,1310000.0,-0.014
1.513159e-07,e,2.0,o,3.0,-1.32,139000000.0,-0.391
1.513576e-07,e,5.0,o,5.0,-1.44,105000000.0,-0.783
1.5138720000000002e-07,o,2.0,e,1.0,-3.14,2160000.0,-0.057
1.514071e-07,o,4.0,e,3.0,-2.33,13700000.0,-0.081
1.514532e-07,e,2.0,o,3.0,-1.23,170000000.0,0.797
1.5147270000000002e-07,o,3.0,e,4.0,-4.91,36200.0,-0.007
1.515099e-07,e,1.0,o,0.0,-3.53,844000.0,-0.017
1.5152480000000002e-07,e,4.0,o,5.0,-0.53,849000000.0,0.431
1.5154410000000002e-07,o,2.0,e,3.0,-4.85,40900.0,-0.001
1.515484e-07,o,2.0,e,1.0,-3.99,301000.0,-0.083
1.515503e-07,o,5.0,e,4.0,-3.64,656000.0,-0.134
1.515735e-07,e,4.0,o,5.0,-0.66,628000000.0,0.183
1.515778e-07,o,4.0,e,4.0,-3.5,911000.0,0.025
1.515981e-07,o,2.0,e,3.0,-5.03,27000.0,-0.001
1.5165460000000002e-07,o,3.0,e,4.0,-5.06,25000.0,0.0
1.5165530000000002e-07,e,5.0,o,4.0,-1.04,266000000.0,-0.894
1.516799e-07,e,2.0,o,3.0,-1.1,232000000.0,0.317
1.5168109999999999e-07,o,3.0,e,3.0,-4.76,50100.0,0.002
1.5171790000000002e-07,o,4.0,e,3.0,-4.09,239000.0,-0.008
1.517296e-07,o,3.0,e,3.0,-5.55,8190.0,-0.002
1.517315e-07,e,3.0,o,3.0,-1.45,103000000.0,-0.625
1.5173720000000001e-07,o,2.0,e,1.0,-4.52,87800.0,-0.006
1.5181160000000001e-07,o,3.0,e,2.0,-5.19,18800.0,0.002
1.518324e-07,o,1.0,e,2.0,-2.67,6190000.0,-0.241
1.519805e-07,e,2.0,o,2.0,-4.8,46100.0,0.0
1.5198540000000002e-07,e,3.0,o,2.0,-1.03,271000000.0,-0.612
1.519875e-07,e,1.0,o,1.0,-2.07,24500000.0,-0.057
1.519916e-07,o,2.0,e,2.0,-4.02,278000.0,0.049
1.5200090000000002e-07,e,4.0,o,3.0,-3.18,1930000.0,0.018
1.5204380000000002e-07,e,1.0,o,1.0,-3.28,1480000.0,0.009
1.5205260000000002e-07,e,3.0,o,2.0,-2.87,3930000.0,-0.086
1.5205630000000002e-07,o,3.0,e,4.0,-3.07,2440000.0,-0.047
1.5206720000000002e-07,o,4.0,e,5.0,-2.73,5420000.0,-0.094
1.5209770000000001e-07,o,3.0,e,2.0,-3.68,609000.0,0.085
1.520991e-07,e,4.0,o,4.0,-3.72,555000.0,0.002
1.521359e-07,o,2.0,e,2.0,-3.68,593000.0,-0.002
1.521473e-07,o,2.0,e,2.0,-3.56,798000.0,-0.025
1.521857e-07,o,3.0,e,2.0,-4.78,48500.0,0.019
1.522121e-07,e,5.0,o,5.0,-1.97,30900000.0,0.063
1.522473e-07,o,2.0,e,3.0,-3.51,908000.0,-0.035
1.5226610000000001e-07,o,4.0,e,4.0,-5.01,27800.0,0.001
1.522712e-07,o,5.0,e,4.0,-5.68,5960.0,0.016
1.522942e-07,o,2.0,e,3.0,-5.64,6630.0,-0.004
1.5237560000000002e-07,e,1.0,o,2.0,-1.23,168000000.0,-0.097
1.523837e-07,e,2.0,o,1.0,-1.01,280000000.0,-0.509
1.524012e-07,e,4.0,o,5.0,-2.17,19200000.0,-0.019
1.5240740000000002e-07,o,2.0,e,3.0,-4.09,236000.0,0.022
1.524249e-07,o,1.0,e,2.0,-4.34,131000.0,0.005
1.524281e-07,e,1.0,o,2.0,-1.35,128000000.0,0.261
1.5244860000000002e-07,o,4.0,e,3.0,-4.61,70400.0,0.001
1.52482e-07,o,2.0,e,3.0,-4.09,234000.0,-0.025
1.5248710000000003e-07,o,3.0,e,4.0,-3.5,906000.0,0.013
1.525113e-07,o,3.0,e,2.0,-2.63,6880000.0,-0.134
1.525171e-07,o,3.0,e,3.0,-3.55,818000.0,0.014
1.5254600000000002e-07,o,2.0,e,3.0,-3.56,784000.0,-0.01
1.5264890000000001e-07,e,2.0,o,1.0,-1.75,50100000.0,-0.037
1.52676e-07,o,4.0,e,3.0,-4.03,271000.0,0.012
1.5269690000000002e-07,o,1.0,e,1.0,-2.68,6000000.0,-0.061
1.527095e-07,e,3.0,o,3.0,-1.78,47400000.0,-0.151
1.5271959999999999e-07,o,1.0,e,1.0,-4.74,52000.0,-0.014
1.527559e-07,e,2.0,o,3.0,-1.84,41400000.0,-0.081
1.527671e-07,o,2.0,e,3.0,-4.46,98700.0,-0.006
1.527681e-07,o,2.0,e,2.0,-4.76,50200.0,0.001
1.5276969999999998e-07,e,4.0,o,4.0,-2.45,10100000.0,0.363
1.52794e-07,o,3.0,e,2.0,-3.55,810000.0,-0.097
1.5281220000000002e-07,o,3.0,e,3.0,-3.53,859000.0,-0.009
1.528337e-07,e,1.0,o,1.0,-1.46,99800000.0,0.186
1.528356e-07,e,4.0,o,3.0,-2.29,14500000.0,-0.029
1.528634e-07,e,3.0,o,2.0,-1.41,112000000.0,0.454
1.528912e-07,o,6.0,e,5.0,-3.69,579000.0,-0.171
1.529043e-07,o,4.0,e,4.0,-2.8,4490000.0,0.202
1.5293e-07,e,3.0,o,3.0,-1.33,134000000.0,0.381
1.5300560000000002e-07,o,1.0,e,2.0,-2.47,9650000.0,0.098
1.53021e-07,e,2.0,o,2.0,-3.61,699000.0,-0.014
1.53111e-07,o,2.0,e,2.0,-4.95,32200.0,0.016
1.531403e-07,o,2.0,e,2.0,-3.99,293000.0,0.007
1.531405e-07,o,2.0,e,1.0,-4.42,109000.0,0.009
1.5316420000000002e-07,o,3.0,e,3.0,-3.97,302000.0,-0.012
1.531912e-07,o,1.0,e,1.0,-4.35,127000.0,-0.015
1.5324400000000002e-07,e,2.0,o,1.0,-4.05,256000.0,0.002
1.532513e-07,e,2.0,o,3.0,-1.35,127000000.0,0.715
1.532581e-07,e,1.0,o,2.0,-3.39,1140000.0,-0.002
1.5327010000000001e-07,o,2.0,e,1.0,-3.71,556000.0,-0.074
1.532896e-07,o,3.0,e,3.0,-3.45,1020000.0,0.053
1.533197e-07,o,3.0,e,2.0,-2.07,23500000.0,-0.209
1.533439e-07,e,3.0,o,4.0,-2.89,3700000.0,0.298
1.53394e-07,o,4.0,e,4.0,-4.54,83400.0,0.007
1.5344010000000002e-07,o,1.0,e,2.0,-5.62,6690.0,-0.001
1.535087e-07,e,5.0,o,4.0,-1.69,58000000.0,0.121
1.535087e-07,e,5.0,o,6.0,-0.29,1450000000.0,0.329
1.535471e-07,e,0.0,o,1.0,-3.01,2730000.0,-0.009
1.536382e-07,o,4.0,e,4.0,-4.86,39400.0,-0.093
1.536407e-07,o,2.0,e,2.0,-2.84,4050000.0,-0.23
1.536729e-07,o,3.0,e,4.0,-3.25,1580000.0,-0.052
1.536892e-07,e,2.0,o,2.0,-1.34,130000000.0,-0.1
1.536991e-07,o,2.0,e,2.0,-2.79,4630000.0,0.064
1.537234e-07,o,2.0,e,2.0,-3.98,295000.0,0.017
1.5378130000000002e-07,o,2.0,e,3.0,-4.0,286000.0,-0.005
1.537842e-07,o,3.0,e,3.0,-3.43,1070000.0,0.016
1.537856e-07,e,3.0,o,2.0,-3.16,1950000.0,0.036
1.5381590000000001e-07,o,1.0,e,1.0,-4.72,53200.0,0.003
1.5384690000000002e-07,o,2.0,e,3.0,-5.36,12100.0,-0.001
1.538589e-07,e,3.0,o,4.0,-0.92,339000000.0,0.38
1.539013e-07,o,3.0,e,3.0,-5.23,16900.0,-0.008
1.539037e-07,o,3.0,e,4.0,-3.75,503000.0,-0.003
1.539556e-07,o,2.0,e,3.0,-4.83,41800.0,0.003
1.539802e-07,o,3.0,e,3.0,-5.09,22800.0,0.002
1.539897e-07,e,4.0,o,3.0,-5.13,20900.0,0.0
1.540317e-07,o,1.0,e,2.0,-3.18,1870000.0,-0.103
1.540369e-07,o,5.0,e,5.0,-2.84,4040000.0,0.187
1.540485e-07,o,3.0,e,2.0,-3.46,998000.0,-0.036
1.540538e-07,o,3.0,e,4.0,-3.08,2360000.0,0.459
1.5408320000000003e-07,o,4.0,e,3.0,-4.34,128000.0,-0.027
1.542079e-07,e,3.0,o,3.0,-2.69,5760000.0,-0.151
1.542129e-07,o,2.0,e,1.0,-3.37,1210000.0,-0.038
1.542251e-07,o,2.0,e,3.0,-2.88,3680000.0,-0.081
1.5422840000000002e-07,e,1.0,o,2.0,-2.16,19300000.0,0.031
1.542317e-07,o,1.0,e,2.0,-4.55,80100.0,-0.018
1.542639e-07,o,1.0,e,2.0,-4.61,69200.0,-0.004
1.5427580000000001e-07,o,5.0,e,4.0,-4.26,153000.0,-0.045
1.5431099999999998e-07,e,4.0,o,3.0,-3.06,2450000.0,-0.497
1.5431790000000003e-07,e,4.0,o,5.0,-3.92,336000.0,-0.001
1.543215e-07,e,2.0,o,1.0,-2.12,21600000.0,-0.18
1.543329e-07,e,2.0,o,1.0,-1.94,32100000.0,-0.307
1.543677e-07,o,3.0,e,2.0,-4.3,137000.0,0.0
1.544118e-07,e,2.0,o,3.0,-2.45,9880000.0,-0.029
1.544132e-07,e,2.0,o,3.0,-1.54,78700000.0,0.094
1.544492e-07,e,1.0,o,1.0,-1.64,63400000.0,0.07
1.54458e-07,o,5.0,e,5.0,-5.19,17800.0,0.021
1.544705e-07,o,4.0,e,4.0,-4.09,228000.0,0.043
1.545378e-07,e,1.0,o,1.0,-2.09,23100000.0,0.038
1.545741e-07,o,3.0,e,4.0,-3.78,470000.0,-0.007
1.545836e-07,e,2.0,o,1.0,-2.71,5530000.0,-0.058
1.546336e-07,o,0.0,e,1.0,-5.62,6790.0,-0.001
1.5467470000000002e-07,e,2.0,o,2.0,-1.16,192000000.0,0.181
1.547097e-07,o,3.0,e,2.0,-5.66,6140.0,-0.013
1.5472480000000002e-07,e,2.0,o,2.0,-2.04,25100000.0,0.044
1.547657e-07,o,2.0,e,3.0,-5.26,15400.0,0.0
1.5477860000000002e-07,e,2.0,o,2.0,-1.56,77300000.0,-0.632
1.548244e-07,o,3.0,e,4.0,-4.19,184000.0,-0.004
1.548443e-07,o,1.0,e,1.0,-3.12,2130000.0,0.042
1.550335e-07,o,2.0,e,2.0,-5.44,10100.0,0.001
1.550489e-07,o,2.0,e,3.0,-4.94,31800.0,0.001
1.550666e-07,o,4.0,e,3.0,-4.47,93100.0,-0.067
1.55108e-07,e,3.0,o,2.0,-0.8,448000000.0,-0.811
1.551213e-07,e,2.0,o,1.0,-4.63,65200.0,0.006
1.5513910000000002e-07,e,5.0,o,5.0,-1.95,30900000.0,0.294
1.551427e-07,e,2.0,o,1.0,-2.0,27200000.0,0.036
1.551602e-07,o,4.0,e,3.0,-3.34,1270000.0,-0.106
1.551619e-07,o,4.0,e,3.0,-4.83,41000.0,-0.016
1.5516240000000002e-07,e,6.0,o,6.0,-1.46,94100000.0,0.581
1.55218e-07,e,2.0,o,2.0,-3.26,1530000.0,0.048
1.552243e-07,e,4.0,o,3.0,-5.23,16300.0,0.008
1.5525060000000002e-07,o,3.0,e,2.0,-2.48,9170000.0,-0.452
1.552525e-07,o,1.0,e,1.0,-4.52,84100.0,0.016
1.552566e-07,e,4.0,o,4.0,-1.82,42100000.0,0.339
1.553019e-07,e,1.0,o,0.0,-1.91,34500000.0,-0.081
1.553639e-07,o,3.0,e,4.0,-4.01,271000.0,0.002
1.554359e-07,o,4.0,e,5.0,-5.16,19000.0,-0.005
1.5545930000000002e-07,e,2.0,o,3.0,-1.35,122000000.0,0.39
1.554598e-07,o,4.0,e,5.0,-2.92,3330000.0,-0.586
1.5547e-07,o,2.0,e,1.0,-3.7,554000.0,0.027
1.555145e-07,e,1.0,o,2.0,-2.19,17700000.0,-0.029
1.5555460000000002e-07,o,4.0,e,4.0,-4.77,46700.0,0.012
1.555841e-07,e,2.0,o,2.0,-1.92,33400000.0,0.059
1.556011e-07,o,0.0,e,1.0,-3.5,892000.0,0.021
1.556059e-07,e,1.0,o,0.0,-2.28,14400000.0,0.157
1.556309e-07,o,4.0,e,4.0,-3.83,416000.0,-0.015
1.5565070000000002e-07,e,4.0,o,4.0,-1.8,43400000.0,0.054
1.556532e-07,e,2.0,o,3.0,-2.88,3590000.0,-0.01
1.556941e-07,o,4.0,e,4.0,-5.28,14300.0,-0.005
1.557256e-07,o,1.0,e,2.0,-4.16,186000.0,0.012
1.557574e-07,e,2.0,o,2.0,-0.94,318000000.0,0.36
1.557972e-07,o,4.0,e,5.0,-3.34,1260000.0,-0.023
1.5582729999999999e-07,e,3.0,o,2.0,-0.14,2010000000.0,0.926
1.559021e-07,o,4.0,e,3.0,-3.27,1480000.0,-0.085
1.5592940000000001e-07,o,1.0,e,2.0,-4.65,61700.0,0.001
1.559724e-07,e,2.0,o,3.0,-5.49,9080.0,0.0
1.560742e-07,e,3.0,o,3.0,-2.07,23500000.0,0.249
1.561222e-07,o,1.0,e,1.0,-5.25,15400.0,0.009
1.5612950000000002e-07,o,3.0,e,3.0,-4.09,221000.0,-0.001
1.5615830000000002e-07,o,2.0,e,2.0,-4.92,33500.0,0.001
1.5618e-07,e,1.0,o,0.0,-3.54,804000.0,-0.002
1.562473e-07,o,2.0,e,3.0,-4.11,214000.0,0.019
1.562637e-07,o,2.0,e,3.0,-4.13,205000.0,-0.008
1.5634700000000002e-07,o,5.0,e,4.0,-3.86,374000.0,-0.094
1.5654110000000002e-07,e,4.0,o,3.0,-1.97,29200000.0,0.07
1.565636e-07,o,6.0,e,6.0,-2.86,3710000.0,0.254
1.5657460000000002e-07,e,1.0,o,2.0,-2.4,10800000.0,-0.022
1.5657460000000002e-07,e,2.0,o,2.0,-2.28,14500000.0,0.429
1.5661880000000002e-07,o,4.0,e,3.0,-4.78,45300.0,0.088
1.566885e-07,o,3.0,e,4.0,-5.21,17200.0,0.005
1.566924e-07,o,2.0,e,3.0,-3.8,428000.0,-0.013
1.566981e-07,o,5.0,e,4.0,-3.49,882000.0,-0.063
1.56732e-07,e,2.0,o,2.0,-0.39,1130000000.0,-0.792
1.5675950000000002e-07,o,3.0,e,3.0,-4.07,232000.0,-0.014
1.568145e-07,e,5.0,o,6.0,-3.28,1410000.0,0.002
1.568906e-07,o,6.0,e,6.0,-5.99,2760.0,0.001
1.568984e-07,e,2.0,o,1.0,-3.72,516000.0,0.009
1.569031e-07,e,2.0,o,1.0,-1.32,133000000.0,-0.154
1.569772e-07,e,2.0,o,3.0,-5.21,16800.0,0.0
1.569792e-07,o,2.0,e,1.0,-5.15,19300.0,-0.001
1.5700260000000002e-07,e,1.0,o,1.0,-2.84,3890000.0,-0.006
1.570579e-07,o,3.0,e,3.0,-4.11,214000.0,-0.008
1.571605e-07,o,4.0,e,4.0,-4.11,212000.0,-0.327
1.571983e-07,o,1.0,e,2.0,-3.97,286000.0,0.05
1.572048e-07,o,2.0,e,1.0,-4.76,47900.0,-0.004
1.5723640000000001e-07,o,1.0,e,2.0,-5.48,8990.0,-0.003
1.573109e-07,o,6.0,e,5.0,-4.07,227000.0,-0.154
1.573983e-07,o,1.0,e,2.0,-2.28,14000000.0,0.021
1.574523e-07,o,3.0,e,2.0,-4.85,38600.0,-0.002
1.574749e-07,e,3.0,o,4.0,-3.71,531000.0,-0.116
1.57625e-07,o,3.0,e,2.0,-5.34,12100.0,0.002
1.5763840000000002e-07,o,2.0,e,1.0,-2.68,5660000.0,0.174
1.5764860000000002e-07,e,5.0,o,4.0,-2.06,23200000.0,0.444
1.57673e-07,o,2.0,e,3.0,-4.06,235000.0,0.004
1.576827e-07,e,4.0,o,3.0,-2.12,20200000.0,0.233
1.5768889999999998e-07,o,1.0,e,1.0,-4.82,39900.0,-0.003
1.577653e-07,o,5.0,e,6.0,-4.4,107000.0,-0.026
1.578801e-07,o,2.0,e,3.0,-4.62,65000.0,-0.002
1.5790930000000002e-07,o,2.0,e,2.0,-2.66,5880000.0,-0.103
1.5791e-07,e,2.0,o,2.0,-2.46,9420000.0,0.012
1.579125e-07,o,3.0,e,3.0,-4.07,227000.0,0.022
1.5807500000000002e-07,o,2.0,e,1.0,-5.25,15000.0,0.026
1.5808180000000001e-07,o,2.0,e,3.0,-5.63,6290.0,-0.001
1.58104e-07,e,1.0,o,2.0,-4.97,27900.0,-0.001
1.58106e-07,o,3.0,e,4.0,-5.91,3280.0,0.0
1.5814600000000002e-07,o,4.0,e,4.0,-3.2,1680000.0,-0.234
1.5818e-07,o,2.0,e,3.0,-5.01,26200.0,0.007
1.581963e-07,e,6.0,o,5.0,-2.05,23700000.0,0.584
1.582719e-07,o,3.0,e,3.0,-5.94,3070.0,0.0
1.582792e-07,o,4.0,e,3.0,-4.14,194000.0,-0.01
1.582982e-07,o,1.0,e,1.0,-3.22,1640000.0,-0.02
1.5831980000000002e-07,o,4.0,e,5.0,-4.2,167000.0,-0.065
1.5834210000000002e-07,e,1.0,o,1.0,-2.65,5960000.0,0.026
1.5834280000000002e-07,o,6.0,e,5.0,-3.31,1300000.0,-0.121
1.583433e-07,e,1.0,o,2.0,-0.69,545000000.0,0.566
1.583664e-07,o,2.0,e,2.0,-2.58,7150000.0,-0.038
1.584781e-07,o,3.0,e,3.0,-4.45,95400.0,-0.009
1.5848140000000002e-07,o,2.0,e,2.0,-3.99,273000.0,0.009
1.5849020000000002e-07,o,2.0,e,2.0,-5.84,3820.0,0.003
1.5852410000000002e-07,o,5.0,e,5.0,-3.73,498000.0,0.097
1.585299e-07,o,3.0,e,4.0,-3.21,1660000.0,0.027
1.585444e-07,e,2.0,o,1.0,-4.12,204000.0,-0.187
1.5863979999999999e-07,o,2.0,e,1.0,-4.34,122000.0,-0.004
1.587675e-07,o,2.0,e,2.0,-3.92,325000.0,-0.022
1.588691e-07,o,2.0,e,1.0,-5.34,12300.0,-0.001
1.588769e-07,o,3.0,e,2.0,-3.13,1950000.0,-0.002
1.589476e-07,e,2.0,o,3.0,-2.03,24600000.0,-0.461
1.58955e-07,o,2.0,e,1.0,-5.38,11000.0,0.023
1.589797e-07,e,3.0,o,4.0,-2.97,2830000.0,0.086
1.59008e-07,o,4.0,e,3.0,-5.57,7050.0,-0.003
1.5903230000000002e-07,o,1.0,e,2.0,-3.24,1540000.0,-0.01
1.590579e-07,o,2.0,e,2.0,-2.8,4180000.0,-0.19
1.5908920000000001e-07,o,0.0,e,1.0,-2.86,3670000.0,-0.047
1.591171e-07,o,2.0,e,3.0,-3.64,610000.0,0.004
1.591569e-07,e,5.0,o,4.0,-2.95,2960000.0,0.005
1.59167e-07,o,4.0,e,3.0,-2.56,7170000.0,-0.409
1.592002e-07,o,2.0,e,2.0,-4.17,181000.0,-0.013
1.592047e-07,o,1.0,e,2.0,-5.43,9640.0,0.001
1.5923820000000002e-07,o,1.0,e,1.0,-2.94,3070000.0,-0.122
1.5928770000000001e-07,e,2.0,o,2.0,-1.68,55500000.0,-0.491
1.593214e-07,o,4.0,e,3.0,-4.12,198000.0,0.0
1.5932650000000002e-07,o,4.0,e,3.0,-4.6,66400.0,0.04
1.593628e-07,o,3.0,e,2.0,-4.07,226000.0,0.047
1.593758e-07,o,2.0,e,2.0,-4.44,95500.0,-0.052
1.594706e-07,o,3.0,e,3.0,-3.93,313000.0,0.006
1.594782e-07,o,2.0,e,3.0,-5.77,4430.0,-0.001
1.595049e-07,e,1.0,o,1.0,-2.69,5300000.0,-0.056
1.595087e-07,e,3.0,o,4.0,-1.61,63800000.0,-0.486
1.595135e-07,o,3.0,e,2.0,-3.76,460000.0,0.017
1.595387e-07,e,3.0,o,2.0,-1.95,29200000.0,0.44
1.595415e-07,e,4.0,o,5.0,-5.59,6770.0,0.005
1.5956110000000003e-07,o,3.0,e,2.0,-3.01,2550000.0,-0.18
1.595721e-07,o,5.0,e,5.0,-3.09,2130000.0,-0.231
1.595779e-07,e,3.0,o,2.0,-2.82,3990000.0,-0.518
1.596039e-07,o,3.0,e,4.0,-2.98,2770000.0,0.031
1.5970560000000002e-07,o,4.0,e,5.0,-3.46,906000.0,0.313
1.597143e-07,o,5.0,e,4.0,-3.54,758000.0,0.044
1.598701e-07,e,1.0,o,2.0,-1.95,28900000.0,-0.029
1.599087e-07,e,4.0,o,4.0,-1.81,39700000.0,0.174
1.59914e-07,e,5.0,o,5.0,-1.93,30600000.0,0.087
1.599368e-07,o,3.0,e,2.0,-4.5,83200.0,-0.011
1.600061e-07,o,4.0,e,5.0,-5.8,4130.0,-0.002
1.600356e-07,e,5.0,o,4.0,-0.89,334000000.0,-0.617
1.601225e-07,o,6.0,e,6.0,-3.04,2340000.0,0.244
1.601935e-07,e,1.0,o,1.0,-3.22,1590000.0,-0.537
1.603199e-07,e,2.0,o,1.0,-4.47,87400.0,-0.007
1.6037e-07,e,5.0,o,5.0,-1.68,53900000.0,0.378
1.603741e-07,o,2.0,e,2.0,-5.47,8770.0,-0.001
1.604261e-07,o,3.0,e,3.0,-5.24,14900.0,-0.004
1.604802e-07,o,4.0,e,3.0,-4.31,128000.0,0.091
1.605062e-07,o,2.0,e,2.0,-5.16,18400.0,-0.001
1.605268e-07,e,2.0,o,2.0,-4.1,207000.0,-0.015
1.606175e-07,o,2.0,e,3.0,-3.38,1090000.0,0.042
1.606821e-07,o,4.0,e,3.0,-5.42,9890.0,-0.009
1.607097e-07,o,1.0,e,2.0,-5.94,2990.0,0.002
1.607309e-07,e,2.0,o,1.0,-1.97,27800000.0,0.865
1.607443e-07,o,1.0,e,2.0,-4.69,52900.0,0.015
1.6074510000000002e-07,e,4.0,o,4.0,-1.56,71200000.0,-0.229
1.607611e-07,o,4.0,e,4.0,-5.23,15300.0,-0.006
1.607655e-07,o,4.0,e,4.0,-4.0,266000.0,0.009
1.60812e-07,e,4.0,o,5.0,-1.28,136000000.0,-0.542
1.608418e-07,e,1.0,o,2.0,-4.08,216000.0,0.001
1.608501e-07,o,2.0,e,1.0,-4.94,29400.0,0.015
1.60951e-07,o,3.0,e,3.0,-2.43,9530000.0,0.325
1.6095540000000002e-07,o,2.0,e,2.0,-3.05,2330000.0,0.245
1.6100750000000002e-07,o,3.0,e,4.0,-4.74,47300.0,0.001
1.6106430000000002e-07,e,3.0,o,4.0,-4.19,165000.0,-0.002
1.611004e-07,o,5.0,e,4.0,-4.78,42700.0,-0.024
1.6110870000000001e-07,o,3.0,e,2.0,-4.03,239000.0,-0.083
1.6113230000000002e-07,o,4.0,e,4.0,-4.71,49300.0,-0.005
1.612526e-07,o,2.0,e,1.0,-5.69,5320.0,0.002
1.61256e-07,e,1.0,o,1.0,-2.96,2790000.0,0.009
1.612934e-07,o,1.0,e,2.0,-2.34,11800000.0,-0.527
1.613458e-07,o,3.0,e,2.0,-2.94,2940000.0,0.176
1.613796e-07,o,5.0,e,6.0,-4.46,88900.0,-0.018
1.6137990000000001e-07,o,3.0,e,4.0,-3.93,300000.0,0.008
1.6143740000000001e-07,o,2.0,e,3.0,-5.47,8790.0,0.005
1.614606e-07,e,4.0,o,4.0,-2.6,6390000.0,-0.016
1.614659e-07,o,4.0,e,5.0,-4.47,87900.0,-0.006
1.61612e-07,o,2.0,e,1.0,-4.81,40500.0,0.003
1.6163810000000003e-07,e,2.0,o,3.0,-0.81,398000000.0,0.613
1.616974e-07,o,3.0,e,4.0,-4.02,247000.0,-0.008
1.617571e-07,o,4.0,e,3.0,-5.34,11700.0,-0.022
1.6179820000000001e-07,o,1.0,e,2.0,-5.25,14400.0,0.0
1.6182170000000003e-07,o,4.0,e,4.0,-3.5,811000.0,-0.041
1.618532e-07,o,2.0,e,3.0,-2.82,3870000.0,-0.394
1.6199469999999999e-07,o,3.0,e,4.0,-5.08,21400.0,-0.001
1.620273e-07,o,4.0,e,3.0,-5.18,16900.0,-0.001
1.620349e-07,o,3.0,e,4.0,-4.92,30500.0,0.025
1.620706e-07,e,3.0,o,3.0,-1.99,25800000.0,-0.18
1.620877e-07,o,6.0,e,7.0,-5.32,12100.0,-0.006
1.621639e-07,o,3.0,e,2.0,-4.89,33000.0,0.009
1.622176e-07,e,1.0,o,2.0,-2.49,8240000.0,-0.656
1.6223989999999998e-07,e,4.0,o,5.0,-3.19,1630000.0,-0.001
1.622518e-07,e,1.0,o,1.0,-2.14,18600000.0,-0.066
1.622671e-07,o,2.0,e,1.0,-4.81,39500.0,0.0
1.6227760000000002e-07,o,3.0,e,3.0,-4.14,188000.0,-0.005
1.623258e-07,o,2.0,e,3.0,-4.46,88000.0,0.004
1.623912e-07,o,6.0,e,5.0,-4.07,213000.0,-0.075
1.6240750000000002e-07,o,1.0,e,1.0,-4.09,210000.0,0.006
1.624162e-07,o,2.0,e,3.0,-5.76,4470.0,-0.001
1.6249380000000001e-07,e,5.0,o,5.0,-3.14,1830000.0,0.006
1.625173e-07,e,1.0,o,0.0,-4.43,92400.0,-0.003
1.625424e-07,e,2.0,o,2.0,-2.49,8170000.0,-0.184
1.6256040000000002e-07,e,3.0,o,3.0,-3.09,2060000.0,-0.696
1.626312e-07,o,4.0,e,4.0,-4.19,164000.0,-0.122
1.6270820000000001e-07,o,3.0,e,3.0,-4.12,190000.0,-0.001
1.6276330000000002e-07,o,3.0,e,3.0,-3.09,2070000.0,-0.076
1.6277840000000003e-07,e,3.0,o,3.0,-2.55,7090000.0,-0.092
1.628381e-07,o,2.0,e,2.0,-5.15,18000.0,-0.002
1.6290809999999998e-07,o,1.0,e,2.0,-2.12,18600000.0,0.018
1.630385e-07,o,2.0,e,2.0,-5.49,8270.0,0.0
1.630638e-07,o,4.0,e,5.0,-5.24,14500.0,-0.01
1.6312470000000002e-07,e,3.0,o,2.0,-3.28,1320000.0,0.118
1.633288e-07,e,1.0,o,2.0,-4.4,100000.0,0.0
1.63356e-07,o,4.0,e,4.0,-3.46,871000.0,0.078
1.6342300000000002e-07,o,2.0,e,3.0,-4.34,116000.0,-0.009
1.6342510000000001e-07,e,2.0,o,2.0,-2.55,7080000.0,0.228
1.634636e-07,o,2.0,e,2.0,-2.34,11400000.0,-0.027
1.634901e-07,o,5.0,e,4.0,-5.97,2660.0,-0.004
1.635007e-07,o,5.0,e,4.0,-5.38,10600.0,0.012
1.635328e-07,e,2.0,o,1.0,-3.02,2390000.0,0.269
1.6354510000000002e-07,e,2.0,o,3.0,-2.53,7470000.0,-0.691
1.635743e-07,e,1.0,o,2.0,-3.88,327000.0,0.002
1.636112e-07,e,4.0,o,4.0,-4.08,207000.0,-0.03
1.6365840000000002e-07,o,4.0,e,3.0,-3.41,969000.0,-0.078
1.636795e-07,e,2.0,o,1.0,-5.82,3820.0,0.0
1.636843e-07,o,5.0,e,5.0,-3.67,533000.0,-0.141
1.636878e-07,e,2.0,o,3.0,-0.98,261000000.0,0.63
1.637216e-07,o,2.0,e,2.0,-4.03,238000.0,0.015
1.638152e-07,o,2.0,e,1.0,-5.63,5830.0,0.007
1.6381840000000001e-07,o,2.0,e,3.0,-2.27,13300000.0,-0.459
1.6383320000000002e-07,e,2.0,o,1.0,-3.86,347000.0,-0.001
1.6386810000000001e-07,e,3.0,o,2.0,-5.89,3200.0,0.006
1.639723e-07,e,5.0,o,4.0,-0.38,1030000000.0,0.737
1.640415e-07,e,1.0,o,1.0,-2.76,4250000.0,-0.021
1.64063e-07,e,1.0,o,0.0,-2.15,17700000.0,0.095
1.6413620000000002e-07,o,3.0,e,4.0,-3.08,2070000.0,0.378
1.641729e-07,o,4.0,e,5.0,-4.38,103000.0,0.004
1.6427270000000003e-07,o,3.0,e,2.0,-4.93,29300.0,-0.018
1.644926e-07,o,3.0,e,2.0,-2.57,6620000.0,0.006
1.645256e-07,o,1.0,e,2.0,-5.33,11600.0,0.0
1.645562e-07,o,4.0,e,3.0,-3.69,508000.0,-0.107
1.6470670000000002e-07,o,2.0,e,3.0,-3.29,1250000.0,-0.011
1.647322e-07,o,6.0,e,6.0,-5.25,13900.0,-0.015
1.648688e-07,e,2.0,o,2.0,-3.92,300000.0,-0.233
1.6487580000000002e-07,o,4.0,e,3.0,-4.07,207000.0,0.041
1.648772e-07,o,3.0,e,2.0,-3.67,533000.0,-0.034
1.649223e-07,e,2.0,o,1.0,-4.05,218000.0,0.007
1.6501240000000002e-07,e,2.0,o,3.0,-1.97,26500000.0,-0.078
1.650713e-07,o,1.0,e,2.0,-4.59,63200.0,-0.003
1.650778e-07,o,4.0,e,4.0,-5.21,15300.0,0.025
1.651413e-07,o,3.0,e,4.0,-4.07,209000.0,-0.028
1.6514190000000002e-07,o,3.0,e,3.0,-5.67,5320.0,0.0
1.651713e-07,e,2.0,o,3.0,-3.48,812000.0,-0.021
1.652125e-07,o,2.0,e,2.0,-4.94,28000.0,-0.012
1.652357e-07,o,3.0,e,4.0,-2.53,7290000.0,-0.192
1.6530760000000002e-07,e,3.0,o,4.0,-2.75,4350000.0,-0.047
1.653128e-07,e,2.0,o,2.0,-2.32,11800000.0,0.02
1.6538030000000002e-07,e,4.0,o,3.0,-4.9,30300.0,0.028
1.654468e-07,o,3.0,e,2.0,-4.95,27700.0,0.01
1.6559610000000001e-07,o,3.0,e,3.0,-3.75,430000.0,0.004
1.656043e-07,o,3.0,e,2.0,-4.94,28300.0,0.0
1.656877e-07,o,1.0,e,1.0,-4.69,50100.0,-0.003
1.65791e-07,o,4.0,e,4.0,-5.68,5040.0,-0.006
1.6582870000000002e-07,o,2.0,e,1.0,-5.09,20000.0,-0.056
1.658672e-07,e,2.0,o,3.0,-5.39,9840.0,0.0
1.659349e-07,e,2.0,o,3.0,-3.41,936000.0,-0.016
1.660429e-07,o,3.0,e,2.0,-2.97,2590000.0,0.032
1.660531e-07,o,3.0,e,4.0,-4.45,85900.0,0.009
1.660782e-07,o,1.0,e,2.0,-3.02,2300000.0,-0.014
1.661753e-07,o,3.0,e,3.0,-5.74,4400.0,0.0
1.6618750000000002e-07,o,1.0,e,1.0,-4.58,64700.0,0.082
1.6622670000000002e-07,e,2.0,o,2.0,-2.71,4690000.0,-0.053
1.662441e-07,o,3.0,e,4.0,-5.63,5660.0,0.009
1.66352e-07,e,2.0,o,2.0,-2.64,5540000.0,0.038
1.663877e-07,o,5.0,e,5.0,-4.83,35200.0,-0.03
1.664309e-07,e,2.0,o,3.0,-3.53,712000.0,0.007
1.664639e-07,o,3.0,e,3.0,-3.44,868000.0,0.156
1.664946e-07,o,3.0,e,3.0,-4.32,115000.0,-0.002
1.665185e-07,e,3.0,o,3.0,-2.34,11000000.0,-0.199
1.665251e-07,o,2.0,e,3.0,-5.49,7830.0,0.122
1.6670920000000002e-07,e,2.0,o,1.0,-3.96,267000.0,0.002
1.667829e-07,e,3.0,o,4.0,-4.84,34500.0,-0.008
1.669026e-07,o,2.0,e,2.0,-2.4,9530000.0,-0.014
1.6693520000000002e-07,e,3.0,o,3.0,-3.53,714000.0,-0.238
1.6712490000000002e-07,o,2.0,e,3.0,-5.33,11200.0,0.002
1.671464e-07,o,3.0,e,4.0,-2.25,13300000.0,-0.455
1.672607e-07,o,2.0,e,2.0,-4.02,227000.0,0.109
1.6732570000000002e-07,o,3.0,e,3.0,-2.32,11400000.0,-0.022
1.673763e-07,o,0.0,e,1.0,-4.89,31100.0,-0.002
1.67429e-07,o,2.0,e,3.0,-3.92,285000.0,-0.159
1.6747020000000001e-07,e,4.0,o,3.0,-1.94,27300000.0,-0.494
1.675716e-07,o,2.0,e,2.0,-5.05,21200.0,0.003
1.676258e-07,o,1.0,e,2.0,-4.08,197000.0,-0.08
1.67635e-07,o,4.0,e,4.0,-4.66,52200.0,0.011
1.677073e-07,e,2.0,o,2.0,-4.29,120000.0,0.012
1.677377e-07,e,4.0,o,4.0,-4.58,62800.0,0.006
1.6774980000000002e-07,e,5.0,o,6.0,-2.73,4370000.0,-0.012
1.678599e-07,o,5.0,e,4.0,-2.59,6030000.0,-0.361
1.678607e-07,e,2.0,o,1.0,-3.25,1360000.0,0.009
1.679058e-07,o,1.0,e,2.0,-4.78,39600.0,0.002
1.679112e-07,o,1.0,e,2.0,-5.95,2660.0,-0.001
1.679456e-07,e,2.0,o,3.0,-3.29,1210000.0,-0.048
1.679738e-07,e,2.0,o,3.0,-3.53,700000.0,-0.197
1.680475e-07,e,3.0,o,4.0,-4.14,171000.0,-0.085
1.680604e-07,o,4.0,e,3.0,-5.99,2420.0,0.003
1.6809040000000001e-07,o,4.0,e,4.0,-2.62,5700000.0,-0.375
1.6830340000000002e-07,e,3.0,o,2.0,-4.51,72800.0,-0.006
1.684032e-07,o,3.0,e,3.0,-4.93,28000.0,-0.005
1.685215e-07,o,2.0,e,2.0,-2.63,5460000.0,0.005
1.685289e-07,o,4.0,e,5.0,-5.12,17600.0,0.003
1.6855930000000002e-07,o,6.0,e,5.0,-5.93,2730.0,-0.01
1.686045e-07,o,3.0,e,4.0,-5.99,2440.0,0.001
1.687046e-07,e,5.0,o,4.0,-1.56,64200000.0,0.388
1.6892290000000002e-07,o,3.0,e,3.0,-5.88,3130.0,0.001
1.690137e-07,e,2.0,o,2.0,-2.22,14400000.0,-0.096
1.690863e-07,o,5.0,e,4.0,-5.44,8530.0,0.017
1.691218e-07,o,1.0,e,1.0,-5.24,13700.0,0.006
1.691773e-07,o,5.0,e,4.0,-5.69,4830.0,0.004
1.692271e-07,o,3.0,e,4.0,-1.34,107000000.0,0.122
1.6936150000000002e-07,o,4.0,e,3.0,-4.93,27200.0,-0.011
1.69375e-07,o,4.0,e,4.0,-2.77,3950000.0,-0.36
1.693793e-07,o,3.0,e,2.0,-5.53,6880.0,0.003
1.694045e-07,o,3.0,e,3.0,-5.2,14600.0,0.008
1.69497e-07,o,5.0,e,4.0,-4.67,49200.0,0.026
1.695329e-07,o,2.0,e,3.0,-3.42,891000.0,-0.155
1.6961510000000002e-07,o,3.0,e,4.0,-3.28,1220000.0,-0.111
1.6967360000000002e-07,e,1.0,o,1.0,-4.72,44200.0,0.0
1.6987270000000003e-07,o,3.0,e,4.0,-4.8,36400.0,-0.026
1.701077e-07,e,3.0,o,4.0,-2.22,14000000.0,-0.648
1.7013520000000002e-07,o,3.0,e,2.0,-4.66,50400.0,0.0
1.701905e-07,o,1.0,e,1.0,-5.86,3200.0,0.0
1.7038820000000001e-07,o,1.0,e,1.0,-2.21,14400000.0,-0.308
1.70433e-07,e,5.0,o,4.0,-1.19,146000000.0,-0.249
1.706656e-07,o,4.0,e,3.0,-4.87,30700.0,0.034
1.707464e-07,o,5.0,e,6.0,-4.41,88200.0,-0.05
1.709872e-07,e,3.0,o,4.0,-2.48,7670000.0,-0.592
1.7099720000000002e-07,o,4.0,e,3.0,-2.84,3290000.0,0.048
1.710706e-07,e,1.0,o,0.0,-4.05,199000.0,-0.035
1.7110100000000002e-07,e,4.0,o,4.0,-3.04,2070000.0,-0.528
1.712317e-07,o,3.0,e,4.0,-3.49,736000.0,-0.006
1.7130150000000002e-07,e,5.0,o,5.0,-2.45,8030000.0,0.161
1.714369e-07,o,4.0,e,3.0,-5.78,3770.0,0.005
1.71629e-07,o,3.0,e,4.0,-2.9,2840000.0,-0.301
1.716355e-07,o,5.0,e,5.0,-5.06,19800.0,-0.054
1.7169890000000002e-07,o,2.0,e,3.0,-1.72,42500000.0,-0.606
1.717172e-07,o,3.0,e,3.0,-5.69,4670.0,-0.001
1.717558e-07,o,2.0,e,2.0,-2.14,16500000.0,0.058
1.7195750000000002e-07,o,1.0,e,2.0,-5.39,9340.0,0.001
1.719726e-07,o,0.0,e,1.0,-5.67,4880.0,0.0
1.722243e-07,o,1.0,e,2.0,-3.75,390000.0,-0.001
1.722421e-07,e,1.0,o,2.0,-5.44,8090.0,0.0
1.7234400000000002e-07,o,3.0,e,4.0,-2.23,13000000.0,0.16
1.723814e-07,o,5.0,e,4.0,-3.36,979000.0,-0.164
1.725393e-07,o,1.0,e,2.0,-2.37,9550000.0,0.058
1.7262449999999999e-07,o,4.0,e,4.0,-3.31,1100000.0,-0.232
1.727325e-07,e,2.0,o,2.0,-2.78,3730000.0,0.152
1.727602e-07,e,1.0,o,1.0,-4.57,60100.0,0.001
1.728289e-07,e,4.0,o,5.0,-2.09,18400000.0,-0.717
1.72831e-07,e,5.0,o,4.0,-2.98,2300000.0,-0.134
1.728647e-07,o,5.0,e,5.0,-4.42,84200.0,-0.035
1.73111e-07,o,2.0,e,2.0,-3.41,850000.0,0.001
1.733649e-07,e,3.0,o,2.0,-2.85,3100000.0,-0.15
1.739796e-07,o,4.0,e,4.0,-3.54,640000.0,-0.193
1.7454690000000002e-07,o,3.0,e,3.0,-2.73,4060000.0,0.399
1.745798e-07,o,1.0,e,1.0,-2.53,6630000.0,-0.168
1.746597e-07,o,5.0,e,4.0,-5.35,9700.0,0.038
1.748533e-07,o,2.0,e,2.0,-2.97,2290000.0,0.001
1.7498789999999999e-07,o,5.0,e,6.0,-4.67,46500.0,-0.034
1.750786e-07,o,4.0,e,4.0,-2.26,12000000.0,-0.02
1.7515250000000002e-07,e,2.0,o,1.0,-2.86,3010000.0,0.256
1.752772e-07,o,2.0,e,1.0,-5.58,5740.0,0.0
1.7532970000000002e-07,o,2.0,e,3.0,-3.54,620000.0,0.005
1.7547310000000002e-07,o,1.0,e,2.0,-3.3,1100000.0,-0.022
1.755599e-07,o,5.0,e,5.0,-4.54,62800.0,-0.144
1.758121e-07,o,4.0,e,5.0,-4.78,35700.0,-0.114
1.758171e-07,e,2.0,o,1.0,-4.42,83100.0,0.001
1.759656e-07,o,1.0,e,2.0,-3.29,1110000.0,-0.006
1.760932e-07,o,1.0,e,1.0,-3.73,401000.0,0.007
1.761162e-07,e,3.0,o,2.0,-2.91,2650000.0,-0.441
1.7618040000000003e-07,o,3.0,e,4.0,-4.56,58800.0,0.196
1.762416e-07,o,4.0,e,4.0,-5.96,2360.0,0.0
1.7659110000000001e-07,o,3.0,e,2.0,-4.06,182000.0,-0.001
1.7701780000000002e-07,e,2.0,o,1.0,-2.49,7110000.0,-0.313
1.7707260000000002e-07,o,0.0,e,1.0,-3.55,595000.0,-0.012
1.771106e-07,e,4.0,o,3.0,-2.4,8500000.0,-0.304
1.7711720000000002e-07,o,2.0,e,3.0,-4.01,203000.0,0.004
1.7721790000000003e-07,o,4.0,e,5.0,-5.26,11700.0,-0.05
1.7726500000000002e-07,o,2.0,e,2.0,-4.86,28900.0,0.004
1.772685e-07,o,2.0,e,2.0,-4.05,188000.0,-0.031
1.773128e-07,o,3.0,e,2.0,-4.72,41100.0,0.001
1.7756e-07,o,3.0,e,2.0,-4.92,25500.0,0.026
1.77701e-07,o,5.0,e,5.0,-5.02,20200.0,-0.019
1.777159e-07,o,3.0,e,4.0,-1.77,35700000.0,-0.179
1.778157e-07,o,3.0,e,2.0,-3.36,934000.0,-0.016
1.7792070000000002e-07,e,2.0,o,2.0,-2.12,15800000.0,0.129
1.781033e-07,o,1.0,e,2.0,-4.09,170000.0,-0.037
1.781207e-07,o,2.0,e,3.0,-4.24,120000.0,-0.004
1.781505e-07,e,2.0,o,2.0,-3.38,880000.0,0.028
1.781525e-07,e,3.0,o,2.0,-3.12,1610000.0,-0.653
1.781617e-07,e,2.0,o,3.0,-5.5,6610.0,0.0
1.783291e-07,o,2.0,e,1.0,-4.16,146000.0,0.01
1.7854590000000002e-07,o,4.0,e,3.0,-4.46,71900.0,-0.183
1.785765e-07,e,2.0,o,2.0,-4.4,83200.0,-0.002
1.785918e-07,e,3.0,o,2.0,-1.57,56200000.0,0.618
1.787658e-07,e,1.0,o,2.0,-2.67,4420000.0,-0.216
1.789005e-07,o,3.0,e,3.0,-2.48,6910000.0,0.007
1.790356e-07,o,2.0,e,3.0,-2.94,2410000.0,0.019
1.790549e-07,e,3.0,o,3.0,-2.46,7170000.0,-0.71
1.791335e-07,e,2.0,o,1.0,-5.23,12300.0,0.0
1.7923589999999999e-07,e,2.0,o,3.0,-2.28,10800000.0,-0.169
1.7928760000000002e-07,o,3.0,e,3.0,-3.98,220000.0,0.009
1.792915e-07,o,3.0,e,4.0,-3.26,1130000.0,-0.052
1.793358e-07,e,2.0,o,2.0,-2.22,12500000.0,-0.85
1.79425e-07,e,4.0,o,3.0,-2.45,7360000.0,-0.391
1.7953480000000001e-07,o,2.0,e,2.0,-3.84,296000.0,0.005
1.797559e-07,e,3.0,o,3.0,-3.68,434000.0,0.091
1.79796e-07,e,2.0,o,1.0,-1.65,46800000.0,-0.874
1.79917e-07,e,3.0,o,3.0,-2.35,9220000.0,0.059
1.802503e-07,e,2.0,o,3.0,-2.22,12400000.0,-0.775
1.803023e-07,o,3.0,e,2.0,-5.66,4470.0,0.0
1.8049040000000002e-07,e,3.0,o,4.0,-1.43,76600000.0,-0.706
1.80496e-07,e,2.0,o,1.0,-2.98,2170000.0,-0.199
1.80536e-07,e,3.0,o,2.0,-2.08,17000000.0,-0.709
1.806065e-07,o,1.0,e,1.0,-2.92,2510000.0,0.065
1.8063710000000002e-07,e,3.0,o,4.0,-2.3,10200000.0,-0.68
1.810184e-07,o,2.0,e,1.0,-4.79,32800.0,0.002
1.810286e-07,e,4.0,o,3.0,-1.35,90700000.0,0.712
1.810505e-07,o,3.0,e,3.0,-4.78,33800.0,0.02
1.811036e-07,e,1.0,o,0.0,-1.53,60600000.0,-0.884
1.811276e-07,e,1.0,o,1.0,-2.13,15300000.0,-0.302
1.8135619999999998e-07,e,3.0,o,2.0,-1.33,96000000.0,-0.58
1.813684e-07,e,5.0,o,4.0,-2.23,12000000.0,-0.588
1.8144870000000002e-07,e,1.0,o,2.0,-2.49,6530000.0,-0.706
1.814579e-07,e,3.0,o,4.0,-3.06,1770000.0,-0.047
1.815818e-07,o,2.0,e,1.0,-3.17,1400000.0,0.046
1.8162860000000002e-07,o,2.0,e,3.0,-2.98,2130000.0,0.051
1.817369e-07,o,3.0,e,2.0,-3.05,1810000.0,0.02
1.817514e-07,e,2.0,o,2.0,-1.18,133000000.0,-0.877
1.818632e-07,o,4.0,e,4.0,-2.72,3800000.0,0.138
1.819197e-07,e,1.0,o,1.0,-1.22,121000000.0,-0.838
1.81933e-07,e,2.0,o,2.0,-2.66,4330000.0,0.049
1.8205920000000001e-07,o,3.0,e,4.0,-3.15,1430000.0,0.031
1.8213050000000002e-07,e,0.0,o,1.0,-1.65,44900000.0,-0.801
1.821404e-07,e,3.0,o,3.0,-4.09,163000.0,-0.014
1.822725e-07,e,3.0,o,2.0,-2.15,14300000.0,0.343
1.8231610000000002e-07,e,4.0,o,3.0,-1.26,111000000.0,-0.483
1.825887e-07,e,4.0,o,4.0,-1.48,66000000.0,0.596
1.827535e-07,o,2.0,e,2.0,-5.74,3640.0,0.0
1.830697e-07,e,2.0,o,2.0,-2.2,12600000.0,-0.196
1.8341759999999999e-07,o,4.0,e,5.0,-1.58,52400000.0,-0.701
1.8349970000000002e-07,o,2.0,e,1.0,-2.86,2820000.0,-0.135
1.836982e-07,e,3.0,o,3.0,-1.36,86100000.0,-0.808
1.837195e-07,e,1.0,o,2.0,-1.36,86600000.0,-0.753
1.837796e-07,o,3.0,e,4.0,-4.26,110000.0,-0.003
1.838827e-07,o,3.0,e,3.0,-4.23,116000.0,-0.002
1.838918e-07,o,4.0,e,5.0,-2.98,2030000.0,-0.135
1.839219e-07,e,1.0,o,2.0,-1.46,68500000.0,-0.731
1.840529e-07,o,2.0,e,3.0,-5.63,4560.0,0.0
1.843797e-07,e,2.0,o,1.0,-5.31,9510.0,0.0
1.843906e-07,e,3.0,o,4.0,-3.58,519000.0,0.195
1.844961e-07,e,1.0,o,2.0,-3.95,219000.0,-0.007
1.845052e-07,o,3.0,e,4.0,-4.12,150000.0,0.0
1.847975e-07,e,5.0,o,4.0,-1.11,152000000.0,-0.754
1.849567e-07,e,2.0,o,3.0,-1.12,148000000.0,-0.798
1.8503e-07,o,2.0,e,3.0,-4.13,143000.0,0.0
1.850358e-07,o,3.0,e,2.0,-3.96,214000.0,-0.034
1.850615e-07,o,3.0,e,4.0,-2.48,6460000.0,-0.021
1.851204e-07,e,3.0,o,3.0,-2.34,8890000.0,0.148
1.851711e-07,e,2.0,o,2.0,-2.49,6310000.0,-0.27
1.8532280000000001e-07,o,1.0,e,1.0,-3.56,539000.0,0.007
1.8558589999999999e-07,o,4.0,e,3.0,-3.09,1550000.0,0.017
1.856686e-07,o,2.0,e,1.0,-5.65,4360.0,0.0
1.857731e-07,o,3.0,e,2.0,-4.38,80500.0,-0.002
1.858867e-07,o,2.0,e,3.0,-3.1,1500000.0,0.003
1.858981e-07,e,3.0,o,2.0,-3.64,443000.0,0.017
1.862281e-07,e,2.0,o,1.0,-2.31,9420000.0,0.324
1.863297e-07,o,1.0,e,2.0,-4.25,109000.0,0.003
1.863499e-07,o,2.0,e,1.0,-4.36,85800.0,-0.002
1.864892e-07,e,3.0,o,4.0,-4.52,57900.0,-0.003
1.864903e-07,o,3.0,e,4.0,-3.68,406000.0,-0.4
1.867187e-07,e,2.0,o,3.0,-0.98,202000000.0,-0.681
1.8688510000000001e-07,o,1.0,e,2.0,-3.86,267000.0,-0.001
1.869708e-07,e,2.0,o,3.0,-4.15,135000.0,0.076
1.86976e-07,o,2.0,e,2.0,-2.92,2310000.0,0.035
1.870057e-07,e,2.0,o,3.0,-2.09,15600000.0,-0.108
1.870127e-07,e,1.0,o,1.0,-3.46,662000.0,0.012
1.870662e-07,e,2.0,o,2.0,-2.62,4530000.0,-0.054
1.871601e-07,e,4.0,o,4.0,-2.39,7850000.0,0.078
1.87334e-07,o,3.0,e,4.0,-3.97,206000.0,-0.027
1.8736800000000001e-07,o,2.0,e,2.0,-4.65,42700.0,0.0
1.8737570000000002e-07,e,2.0,o,1.0,-3.05,1710000.0,0.8
1.874579e-07,e,3.0,o,3.0,-1.79,30600000.0,-0.529
1.876039e-07,o,3.0,e,3.0,-4.65,42400.0,-0.05
1.877613e-07,e,5.0,o,5.0,-4.04,172000.0,-0.012
1.879297e-07,o,2.0,e,2.0,-5.07,16200.0,0.0
1.8801590000000002e-07,o,3.0,e,3.0,-4.23,110000.0,-0.001
1.8805619999999998e-07,o,3.0,e,3.0,-5.52,5720.0,0.027
1.881917e-07,o,3.0,e,2.0,-4.71,37000.0,0.001
1.88224e-07,e,3.0,o,2.0,-2.07,16100000.0,0.413
1.8825940000000001e-07,o,2.0,e,1.0,-4.72,36100.0,0.001
1.883417e-07,o,3.0,e,3.0,-5.52,5700.0,0.0
1.883704e-07,o,2.0,e,1.0,-3.05,1690000.0,-0.067
1.8842360000000003e-07,o,2.0,e,3.0,-3.51,569000.0,0.01
1.8847480000000001e-07,e,3.0,o,4.0,-0.99,194000000.0,-0.864
1.885167e-07,e,3.0,o,2.0,-2.99,1930000.0,0.589
1.8866500000000003e-07,e,4.0,o,3.0,-2.67,3980000.0,-0.483
1.8872200000000001e-07,o,1.0,e,1.0,-4.96,20900.0,-0.001
1.887384e-07,e,2.0,o,2.0,-3.59,483000.0,0.106
1.8881e-07,e,3.0,o,3.0,-2.74,3420000.0,-0.211
1.889163e-07,e,2.0,o,3.0,-3.15,1300000.0,0.127
1.889795e-07,o,4.0,e,4.0,-3.6,473000.0,-0.001
1.89102e-07,o,4.0,e,4.0,-3.69,381000.0,-0.007
1.892481e-07,o,2.0,e,3.0,-3.86,257000.0,-0.007
1.894108e-07,o,2.0,e,2.0,-3.71,369000.0,-0.004
1.8942910000000001e-07,e,1.0,o,2.0,-3.26,1030000.0,0.224
1.895745e-07,o,2.0,e,3.0,-3.29,957000.0,-0.003
1.895878e-07,e,2.0,o,3.0,-3.81,290000.0,0.056
1.896037e-07,o,2.0,e,2.0,-3.27,991000.0,0.028
1.896731e-07,e,3.0,o,3.0,-1.72,35100000.0,-0.464
1.896835e-07,e,1.0,o,1.0,-2.63,4340000.0,0.764
1.897771e-07,e,1.0,o,2.0,-2.39,7520000.0,-0.079
1.8984230000000002e-07,e,2.0,o,2.0,-2.09,15200000.0,0.848
1.899848e-07,o,2.0,e,2.0,-3.73,345000.0,0.002
1.9007290000000002e-07,o,1.0,e,2.0,-2.09,15100000.0,-0.252
1.901166e-07,e,3.0,o,4.0,-4.11,145000.0,-0.02
1.902009e-07,e,4.0,o,5.0,-4.15,131000.0,-0.003
1.9034570000000003e-07,e,2.0,o,2.0,-2.03,17400000.0,-0.497
1.904697e-07,o,2.0,e,2.0,-5.03,17200.0,-0.001
1.904936e-07,o,3.0,e,3.0,-2.81,2860000.0,0.027
1.9090890000000001e-07,e,4.0,o,3.0,-1.19,117000000.0,0.613
1.910212e-07,e,4.0,o,3.0,-4.17,125000.0,0.004
1.9111400000000003e-07,e,3.0,o,2.0,-1.35,82300000.0,0.635
1.911779e-07,e,2.0,o,3.0,-1.27,98200000.0,-0.755
1.912697e-07,o,3.0,e,4.0,-4.53,54000.0,0.0
1.912818e-07,o,4.0,e,3.0,-5.38,7590.0,-0.014
1.913165e-07,e,2.0,o,1.0,-1.7,36600000.0,-0.599
1.914517e-07,o,3.0,e,2.0,-3.12,1390000.0,-0.021
1.916256e-07,o,3.0,e,4.0,-2.01,17900000.0,-0.177
1.9166600000000002e-07,o,2.0,e,3.0,-4.23,106000.0,-0.001
1.917163e-07,o,2.0,e,1.0,-3.72,351000.0,0.035
1.9172070000000002e-07,o,4.0,e,3.0,-3.72,346000.0,0.006
1.917314e-07,o,3.0,e,2.0,-3.83,269000.0,0.004
1.9186489999999999e-07,e,3.0,o,4.0,-0.89,234000000.0,-0.753
1.919404e-07,o,2.0,e,3.0,-1.99,18700000.0,-0.23
1.919434e-07,o,4.0,e,3.0,-4.69,37000.0,-0.001
1.920621e-07,e,3.0,o,3.0,-1.94,21100000.0,0.782
1.920628e-07,o,1.0,e,2.0,-3.5,576000.0,-0.015
1.920879e-07,o,3.0,e,4.0,-4.38,76000.0,-0.249
1.922116e-07,e,1.0,o,2.0,-2.38,7500000.0,0.703
1.9232100000000002e-07,o,3.0,e,4.0,-3.76,310000.0,0.0
1.9235690000000001e-07,o,2.0,e,3.0,-4.95,19800.0,0.0
1.9254990000000002e-07,o,3.0,e,4.0,-2.99,1850000.0,-0.121
1.9264700000000002e-07,e,4.0,o,5.0,-4.49,58800.0,0.09
1.928187e-07,e,2.0,o,3.0,-3.05,1600000.0,0.12
1.9298910000000003e-07,e,2.0,o,2.0,-5.18,11700.0,0.001
1.9300619999999999e-07,o,4.0,e,3.0,-3.35,791000.0,0.009
1.9309600000000002e-07,o,3.0,e,4.0,-5.1,14200.0,0.001
1.9312960000000001e-07,e,4.0,o,4.0,-1.84,26100000.0,-0.711
1.931971e-07,o,2.0,e,2.0,-3.75,317000.0,-0.008
1.933937e-07,o,4.0,e,3.0,-5.76,3130.0,0.0
1.9343820000000003e-07,e,2.0,o,3.0,-1.7,36000000.0,0.809
1.935284e-07,e,2.0,o,2.0,-2.71,3460000.0,-0.189
1.9357860000000002e-07,o,2.0,e,3.0,-3.54,509000.0,0.035
1.9365880000000002e-07,e,3.0,o,2.0,-4.28,94000.0,0.007
1.936843e-07,o,1.0,e,2.0,-3.85,254000.0,0.029
1.937114e-07,o,3.0,e,2.0,-5.7,3550.0,-0.001
1.937151e-07,o,3.0,e,4.0,-5.19,11600.0,0.05
1.9371620000000002e-07,e,4.0,o,3.0,-2.89,2310000.0,-0.197
1.937459e-07,o,2.0,e,3.0,-3.14,1270000.0,0.061
1.93756e-07,o,3.0,e,3.0,-4.54,51400.0,0.001
1.938604e-07,e,2.0,o,3.0,-2.86,2470000.0,-0.252
1.938642e-07,o,3.0,e,3.0,-5.45,6340.0,-0.003
1.938774e-07,e,2.0,o,3.0,-3.38,734000.0,0.054
1.939819e-07,o,1.0,e,1.0,-5.58,4720.0,-0.008
1.942e-07,o,3.0,e,4.0,-2.34,8150000.0,-0.103
1.9426910000000002e-07,o,3.0,e,2.0,-5.57,4740.0,0.0
1.9429280000000002e-07,e,1.0,o,2.0,-4.24,101000.0,0.015
1.943227e-07,e,3.0,o,2.0,-3.13,1320000.0,-0.177
1.944012e-07,e,3.0,o,2.0,-4.45,62000.0,-0.008
1.9441830000000002e-07,o,4.0,e,4.0,-5.15,12500.0,0.003
1.9465740000000002e-07,e,3.0,o,3.0,-2.93,2090000.0,0.083
1.950748e-07,o,2.0,e,3.0,-3.55,484000.0,-0.006
1.951638e-07,o,5.0,e,4.0,-3.05,1540000.0,0.018
1.95293e-07,e,2.0,o,1.0,-2.23,10400000.0,-0.591
1.9543920000000002e-07,o,2.0,e,2.0,-3.41,682000.0,0.049
1.954755e-07,o,4.0,e,4.0,-3.17,1180000.0,0.019
1.9560630000000001e-07,o,4.0,e,4.0,-5.79,2840.0,-0.006
1.9585419999999999e-07,o,2.0,e,3.0,-5.69,3590.0,-0.001
1.958756e-07,e,1.0,o,2.0,-5.54,4990.0,-0.001
1.959386e-07,o,3.0,e,3.0,-4.65,38400.0,0.0
1.9595930000000002e-07,e,4.0,o,3.0,-3.56,487000.0,-0.024
1.959724e-07,e,3.0,o,3.0,-3.67,374000.0,-0.028
1.961207e-07,e,5.0,o,4.0,-2.81,2680000.0,-0.315
1.961411e-07,o,3.0,e,3.0,-3.14,1240000.0,-0.085
1.9631020000000003e-07,o,3.0,e,4.0,-3.76,303000.0,0.0
1.964768e-07,o,1.0,e,1.0,-3.76,302000.0,-0.005
1.9649960000000002e-07,o,3.0,e,3.0,-5.21,10700.0,-0.005
1.9662470000000003e-07,e,3.0,o,4.0,-1.21,106000000.0,0.847
1.967555e-07,o,4.0,e,5.0,-5.19,11100.0,0.0
1.96771e-07,o,2.0,e,3.0,-2.24,9770000.0,0.031
1.968694e-07,e,4.0,o,3.0,-2.91,2120000.0,-0.314
1.9691160000000001e-07,o,2.0,e,1.0,-5.58,4580.0,0.01
1.970859e-07,e,1.0,o,1.0,-1.87,23000000.0,0.509
1.970867e-07,o,3.0,e,4.0,-3.86,235000.0,0.036
1.9709050000000001e-07,e,4.0,o,3.0,-2.66,3750000.0,0.124
1.971873e-07,o,4.0,e,4.0,-5.17,11500.0,0.0
1.972149e-07,o,4.0,e,4.0,-3.31,838000.0,0.022
1.972573e-07,e,2.0,o,3.0,-2.69,3490000.0,0.195
1.9750980000000002e-07,o,3.0,e,4.0,-3.8,271000.0,0.0
1.97802e-07,e,3.0,o,4.0,-5.3,8500.0,0.001
1.978545e-07,o,4.0,e,5.0,-3.72,325000.0,0.0
1.980394e-07,o,2.0,e,3.0,-6.0,1720.0,0.001
1.980516e-07,o,3.0,e,2.0,-3.67,370000.0,-0.071
1.980802e-07,o,4.0,e,3.0,-4.69,34500.0,0.009
1.983076e-07,o,3.0,e,4.0,-5.07,14600.0,-0.014
1.984777e-07,o,3.0,e,3.0,-5.15,12000.0,0.006
1.9852970000000002e-07,o,4.0,e,5.0,-3.06,1460000.0,-0.106
1.9864290000000002e-07,e,4.0,o,4.0,-5.34,7730.0,0.001
1.9875930000000002e-07,o,3.0,e,3.0,-3.06,1450000.0,-0.025
1.987838e-07,e,4.0,o,4.0,-4.41,65700.0,0.005
1.9881510000000002e-07,e,4.0,o,5.0,-0.81,261000000.0,-0.83
1.9889730000000001e-07,o,2.0,e,3.0,-3.93,194000.0,-0.156
1.9898240000000002e-07,o,1.0,e,2.0,-5.26,9300.0,0.005
1.9900850000000002e-07,e,2.0,o,2.0,-3.5,537000.0,0.272
1.990129e-07,o,3.0,e,4.0,-3.01,1650000.0,-0.003
1.990165e-07,e,3.0,o,2.0,-3.17,1150000.0,-0.399
1.991572e-07,o,3.0,e,4.0,-5.2,10700.0,0.0
1.994328e-07,o,2.0,e,2.0,-4.58,44500.0,0.027
1.9948570000000001e-07,e,3.0,o,2.0,-2.27,9220000.0,0.203
1.996048e-07,o,2.0,e,3.0,-4.51,52500.0,0.014
1.99811e-07,o,3.0,e,4.0,-5.33,7860.0,0.001
1.998485e-07,e,3.0,o,2.0,-4.89,21300.0,-0.009
1.9995440000000001e-07,o,2.0,e,2.0,-5.53,4980.0,-0.001
2.001433e-07,e,3.0,o,3.0,-4.43,62600.0,0.021
2.0015860000000002e-07,e,1.0,o,2.0,-4.13,123000.0,0.003
2.0022550000000002e-07,o,2.0,e,1.0,-2.94,1920000.0,0.197
2.003599e-07,o,3.0,e,4.0,-3.58,433000.0,-0.047
2.0047349999999999e-07,e,5.0,o,6.0,-3.71,326000.0,0.004
2.005009e-07,o,2.0,e,2.0,-5.53,4860.0,0.004
2.0051690000000003e-07,o,3.0,e,4.0,-4.46,56800.0,0.001
2.0078510000000003e-07,o,2.0,e,3.0,-3.94,188000.0,-0.001
2.0083150000000002e-07,o,5.0,e,4.0,-5.28,8540.0,-0.008
2.008509e-07,o,3.0,e,3.0,-3.22,983000.0,0.101
2.009368e-07,o,3.0,e,4.0,-3.85,233000.0,-0.024
2.009493e-07,e,2.0,o,1.0,-2.34,7590000.0,0.274
2.010661e-07,o,3.0,e,4.0,-5.64,3810.0,-0.004
2.010826e-07,o,1.0,e,2.0,-5.35,7430.0,-0.001
2.0114290000000002e-07,o,2.0,e,1.0,-5.49,5440.0,0.011
2.011437e-07,o,2.0,e,3.0,-3.78,272000.0,-0.027
2.011615e-07,o,4.0,e,4.0,-5.62,3900.0,-0.001
2.0120080000000002e-07,o,2.0,e,3.0,-4.14,119000.0,0.056
2.013832e-07,o,4.0,e,4.0,-2.93,1950000.0,0.003
2.01412e-07,o,2.0,e,2.0,-4.22,96000.0,0.004
2.016532e-07,e,4.0,o,5.0,-4.71,32400.0,0.001
2.0199580000000002e-07,e,3.0,o,2.0,-4.09,134000.0,0.047
2.020994e-07,o,5.0,e,4.0,-5.48,5460.0,-0.022
2.021223e-07,e,3.0,o,4.0,-5.84,2350.0,0.0
2.0215380000000001e-07,o,3.0,e,2.0,-5.03,15400.0,-0.028
2.0224980000000002e-07,o,2.0,e,3.0,-4.34,75800.0,0.029
2.0225760000000002e-07,o,2.0,e,3.0,-2.8,2540000.0,0.139
2.023304e-07,o,3.0,e,3.0,-4.37,70900.0,-0.021
2.0238370000000002e-07,o,4.0,e,4.0,-3.97,176000.0,-0.035
2.024518e-07,o,3.0,e,3.0,-4.46,56600.0,-0.002
2.024903e-07,o,1.0,e,2.0,-3.55,443000.0,-0.011
2.024973e-07,e,4.0,o,3.0,-3.75,292000.0,0.021
2.0264580000000002e-07,o,4.0,e,4.0,-3.79,267000.0,0.0
2.026909e-07,e,2.0,o,3.0,-1.71,31500000.0,-0.405
2.027637e-07,e,4.0,o,4.0,-3.28,853000.0,-0.015
2.028546e-07,o,3.0,e,2.0,-4.76,28300.0,-0.001
2.029724e-07,o,4.0,e,4.0,-3.44,589000.0,-0.047
2.030041e-07,o,4.0,e,4.0,-4.46,55300.0,-0.04
2.0303130000000002e-07,o,2.0,e,3.0,-2.24,8750000.0,-0.205
2.030899e-07,e,3.0,o,2.0,-3.27,869000.0,0.168
2.032417e-07,o,2.0,e,1.0,-3.34,754000.0,0.067
2.033016e-07,o,3.0,e,3.0,-4.63,38200.0,-0.031
2.0350510000000001e-07,o,3.0,e,3.0,-5.52,4820.0,0.039
2.035624e-07,e,3.0,o,3.0,-2.21,9860000.0,-0.317
2.0363450000000002e-07,o,3.0,e,3.0,-3.02,1550000.0,0.002
2.03681e-07,o,3.0,e,3.0,-3.3,805000.0,-0.091
2.03781e-07,o,1.0,e,1.0,-2.74,3000000.0,-0.203
2.039559e-07,o,2.0,e,3.0,-5.48,5310.0,0.003
2.039613e-07,o,4.0,e,3.0,-4.68,32800.0,-0.001
2.040358e-07,o,2.0,e,3.0,-4.26,88200.0,0.002
2.041446e-07,e,2.0,o,2.0,-1.77,27800000.0,0.355
2.041684e-07,e,3.0,o,3.0,-1.57,44100000.0,0.649
2.042897e-07,o,2.0,e,2.0,-4.17,110000.0,-0.01
2.043945e-07,o,4.0,e,3.0,-3.43,594000.0,-0.073
2.044212e-07,o,2.0,e,2.0,-5.22,9720.0,-0.014
2.046908e-07,o,3.0,e,3.0,-3.18,1040000.0,-0.005
2.0470080000000002e-07,e,2.0,o,3.0,-2.22,9710000.0,-0.328
2.0474310000000001e-07,o,2.0,e,3.0,-4.41,61400.0,-0.015
2.049529e-07,e,3.0,o,3.0,-2.88,2110000.0,-0.391
2.049865e-07,e,4.0,o,3.0,-3.86,219000.0,-0.015
2.0504870000000002e-07,o,3.0,e,3.0,-4.28,83100.0,-0.027
2.050844e-07,o,4.0,e,3.0,-5.53,4630.0,0.002
2.0514589999999998e-07,o,1.0,e,2.0,-4.66,34500.0,0.002
2.0527689999999997e-07,o,3.0,e,4.0,-4.98,16700.0,-0.002
2.053359e-07,o,2.0,e,3.0,-3.83,236000.0,0.051
2.0539409999999998e-07,e,5.0,o,4.0,-3.62,386000.0,0.011
2.054776e-07,e,3.0,o,4.0,-1.72,30200000.0,0.45
2.055089e-07,e,2.0,o,2.0,-2.35,7000000.0,0.391
2.055663e-07,o,4.0,e,5.0,-3.98,165000.0,-0.016
2.057419e-07,o,3.0,e,2.0,-2.74,2860000.0,0.103
2.0588249999999998e-07,o,3.0,e,4.0,-4.35,69900.0,-0.004
2.0589899999999998e-07,o,2.0,e,1.0,-5.29,8130.0,0.019
2.059113e-07,e,2.0,o,1.0,-2.01,15600000.0,-0.653
2.059245e-07,e,2.0,o,3.0,-2.85,2240000.0,0.101
2.0596260000000003e-07,e,3.0,o,3.0,-5.62,3840.0,-0.001
2.0604670000000002e-07,o,4.0,e,5.0,-3.54,449000.0,-0.047
2.061575e-07,o,4.0,e,5.0,-4.12,119000.0,0.001
2.0620169999999998e-07,o,3.0,e,3.0,-4.94,18100.0,0.017
2.062354e-07,e,3.0,o,2.0,-3.66,351000.0,-0.06
2.0633750000000002e-07,e,4.0,o,5.0,-5.56,4380.0,0.0
2.064048e-07,e,3.0,o,2.0,-3.17,1060000.0,0.099
2.064052e-07,o,2.0,e,2.0,-4.27,84200.0,-0.001
2.0664490000000002e-07,e,1.0,o,2.0,-5.52,4650.0,0.005
2.0680259999999998e-07,o,3.0,e,3.0,-4.72,30000.0,-0.011
2.0682399999999997e-07,e,3.0,o,3.0,-2.77,2620000.0,0.099
2.069288e-07,e,4.0,o,4.0,-2.55,4430000.0,0.115
2.069545e-07,e,1.0,o,2.0,-3.09,1250000.0,-0.121
2.071603e-07,o,3.0,e,2.0,-5.21,9590.0,-0.003
2.071689e-07,o,4.0,e,3.0,-4.62,37600.0,-0.018
2.0725e-07,e,3.0,o,3.0,-3.36,681000.0,-0.122
2.073459e-07,o,3.0,e,3.0,-2.54,4550000.0,-0.114
2.074306e-07,o,2.0,e,2.0,-2.55,4410000.0,-0.163
2.074883e-07,e,4.0,o,5.0,-3.01,1510000.0,-0.083
2.0749090000000002e-07,o,4.0,e,5.0,-4.64,34900.0,0.006
2.075305e-07,o,2.0,e,2.0,-1.93,18100000.0,-0.158
2.078208e-07,o,4.0,e,5.0,-3.48,502000.0,-0.069
2.0782600000000002e-07,o,3.0,e,4.0,-4.15,108000.0,-0.006
2.078821e-07,e,2.0,o,1.0,-3.25,862000.0,-0.54
2.0789810000000002e-07,o,2.0,e,3.0,-4.95,17400.0,-0.024
2.079418e-07,e,2.0,o,2.0,-4.6,38700.0,-0.021
2.0794560000000003e-07,e,1.0,o,1.0,-1.82,23000000.0,-0.323
2.0799229999999998e-07,o,1.0,e,2.0,-3.87,212000.0,-0.027
2.080252e-07,e,2.0,o,3.0,-3.56,426000.0,0.115
2.0807020000000002e-07,o,3.0,e,3.0,-3.53,450000.0,0.003
2.0823350000000002e-07,o,3.0,e,4.0,-4.47,52400.0,-0.015
2.08234e-07,o,3.0,e,4.0,-3.5,493000.0,0.076
2.0827820000000002e-07,e,4.0,o,3.0,-5.35,6840.0,-0.002
2.0829430000000003e-07,e,4.0,o,3.0,-3.99,156000.0,0.017
2.0829430000000003e-07,o,3.0,e,4.0,-4.24,88100.0,0.0
2.0832390000000001e-07,e,1.0,o,0.0,-4.05,137000.0,0.077
2.085028e-07,e,2.0,o,2.0,-2.66,3330000.0,-0.344
2.085102e-07,e,1.0,o,2.0,-2.37,6500000.0,0.236
2.0856060000000004e-07,e,2.0,o,1.0,-5.24,8980.0,-0.003
2.087412e-07,o,2.0,e,3.0,-2.81,2320000.0,-0.031
2.0878049999999998e-07,e,1.0,o,2.0,-4.38,63100.0,-0.023
2.088573e-07,o,3.0,e,4.0,-2.8,2400000.0,0.159
2.0888690000000002e-07,o,2.0,e,2.0,-3.77,256000.0,0.004
2.0894319999999998e-07,e,3.0,o,3.0,-3.35,671000.0,0.087
2.089594e-07,o,4.0,e,3.0,-4.47,51700.0,0.029
2.090301e-07,o,2.0,e,2.0,-2.61,3610000.0,0.08
2.090511e-07,e,2.0,o,3.0,-3.24,897000.0,-0.032
2.0917220000000003e-07,e,2.0,o,3.0,-4.38,63800.0,-0.019
2.091853e-07,e,2.0,o,1.0,-2.33,6980000.0,-0.173
2.0931010000000003e-07,o,3.0,e,4.0,-4.53,46200.0,0.0
2.0933110000000003e-07,e,3.0,o,2.0,-4.01,152000.0,0.022
2.0934250000000004e-07,o,5.0,e,4.0,-5.77,2580.0,0.002
2.0940439999999998e-07,e,1.0,o,1.0,-4.29,77200.0,0.017
2.09425e-07,e,3.0,o,2.0,-2.03,14200000.0,0.481
2.0966080000000003e-07,o,1.0,e,1.0,-4.83,22600.0,-0.024
2.0970120000000002e-07,o,4.0,e,4.0,-3.67,327000.0,-0.098
2.097566e-07,e,2.0,o,2.0,-1.75,26600000.0,-0.236
2.0980720000000003e-07,e,1.0,o,1.0,-2.59,3880000.0,-0.155
2.0982660000000002e-07,o,2.0,e,2.0,-4.73,28300.0,0.017
2.099725e-07,o,5.0,e,4.0,-5.31,7360.0,0.002
2.099839e-07,o,3.0,e,4.0,-4.49,48900.0,-0.01
2.1015870000000002e-07,e,2.0,o,2.0,-4.78,25100.0,-0.013
2.1017240000000003e-07,o,3.0,e,2.0,-4.01,149000.0,0.04
2.1018960000000004e-07,o,1.0,e,1.0,-3.95,167000.0,0.003
2.102015e-07,o,3.0,e,3.0,-3.5,475000.0,-0.051
2.1021210000000002e-07,o,4.0,e,3.0,-3.57,403000.0,-0.015
2.1023240000000002e-07,e,3.0,o,4.0,-3.03,1440000.0,-0.576
2.102846e-07,e,2.0,o,3.0,-4.34,67600.0,-0.112
2.103279e-07,e,3.0,o,4.0,-1.69,30500000.0,-0.332
2.103332e-07,o,4.0,e,4.0,-3.04,1370000.0,-0.14
2.103633e-07,o,3.0,e,3.0,-2.66,3320000.0,-0.103
2.104205e-07,o,4.0,e,4.0,-4.06,132000.0,-0.028
2.10444e-07,e,4.0,o,3.0,-2.15,10500000.0,-0.432
2.105299e-07,o,2.0,e,1.0,-5.01,14700.0,0.028
2.1074589999999998e-07,e,0.0,o,1.0,-4.36,65900.0,-0.074
2.1077480000000002e-07,o,2.0,e,3.0,-5.09,11500.0,0.001
2.1105729999999999e-07,e,4.0,o,5.0,-1.75,26800000.0,0.425
2.1109560000000003e-07,e,3.0,o,2.0,-4.81,23500.0,-0.008
2.1111700000000002e-07,e,3.0,o,3.0,-2.59,3860000.0,-0.103
2.111964e-07,e,2.0,o,2.0,-3.64,344000.0,-0.062
2.112187e-07,e,2.0,o,2.0,-3.06,1310000.0,-0.072
2.1122269999999998e-07,e,3.0,o,3.0,-4.17,101000.0,0.057
2.1135880000000002e-07,o,3.0,e,2.0,-5.04,13500.0,-0.019
2.1137179999999998e-07,o,3.0,e,2.0,-4.54,42700.0,0.001
2.114863e-07,e,4.0,o,3.0,-2.12,11200000.0,-0.399
2.115118e-07,o,2.0,e,1.0,-4.36,64800.0,-0.002
2.1151219999999998e-07,e,2.0,o,3.0,-1.99,15300000.0,-0.141
2.1170430000000003e-07,o,4.0,e,4.0,-4.38,62100.0,-0.038
2.117056e-07,o,3.0,e,2.0,-3.41,584000.0,0.018
2.117428e-07,o,2.0,e,3.0,-4.77,25200.0,0.008
2.117832e-07,e,1.0,o,2.0,-1.84,21400000.0,-0.315
2.1186080000000004e-07,o,4.0,e,3.0,-3.24,872000.0,0.102
2.1189310000000002e-07,o,5.0,e,6.0,-3.22,894000.0,-0.054
2.11935e-07,o,2.0,e,2.0,-3.81,232000.0,-0.054
2.120131e-07,e,3.0,o,4.0,-3.93,176000.0,-0.047
2.120392e-07,e,3.0,o,2.0,-4.05,135000.0,-0.049
2.120451e-07,o,3.0,e,3.0,-3.44,540000.0,0.064
2.1206170000000003e-07,e,1.0,o,2.0,-4.57,39500.0,-0.008
2.120743e-07,e,3.0,o,2.0,-2.44,5310000.0,-0.104
2.1212910000000003e-07,o,2.0,e,3.0,-4.95,16800.0,-0.002
2.1226149999999998e-07,o,3.0,e,4.0,-5.14,10900.0,0.013
2.1228310000000001e-07,e,2.0,o,3.0,-4.43,55400.0,-0.005
2.1232230000000002e-07,o,2.0,e,2.0,-4.61,36200.0,-0.001
2.123431e-07,e,3.0,o,4.0,-1.66,32600000.0,-0.373
2.1234850000000003e-07,o,4.0,e,4.0,-3.81,227000.0,-0.04
2.1249250000000003e-07,o,2.0,e,3.0,-4.47,50200.0,-0.061
2.125214e-07,o,1.0,e,2.0,-4.5,47200.0,-0.033
2.125444e-07,o,3.0,e,3.0,-3.34,664000.0,0.01
2.12548e-07,o,3.0,e,2.0,-5.19,9670.0,0.004
2.1257240000000003e-07,e,2.0,o,1.0,-3.35,676000.0,0.171
2.12708e-07,e,4.0,o,3.0,-3.5,471000.0,-0.032
2.1270850000000002e-07,e,2.0,o,3.0,-1.85,20700000.0,-0.664
2.1275650000000002e-07,e,4.0,o,3.0,-5.81,2260.0,-0.001
2.1276640000000004e-07,o,3.0,e,3.0,-5.86,2060.0,-0.004
2.128991e-07,e,3.0,o,4.0,-3.71,288000.0,-0.014
2.129658e-07,o,3.0,e,3.0,-1.84,21100000.0,-0.118
2.1298170000000002e-07,o,3.0,e,4.0,-4.03,138000.0,0.001
2.1306930000000002e-07,e,2.0,o,2.0,-1.99,15200000.0,-0.305
2.131133e-07,e,2.0,o,2.0,-4.9,18200.0,0.004
2.131415e-07,o,2.0,e,2.0,-4.83,21900.0,0.021
2.1318690000000002e-07,e,3.0,o,2.0,-3.97,158000.0,0.049
2.132169e-07,e,5.0,o,4.0,-2.06,12700000.0,-0.464
2.1326419999999998e-07,o,5.0,e,5.0,-4.31,71700.0,-0.034
2.132665e-07,o,3.0,e,2.0,-3.36,616000.0,0.019
2.132928e-07,e,1.0,o,2.0,-2.78,2440000.0,0.097
2.133033e-07,o,3.0,e,3.0,-3.63,344000.0,-0.04
2.135211e-07,o,1.0,e,2.0,-3.42,549000.0,-0.016
2.1354980000000002e-07,o,3.0,e,4.0,-3.94,169000.0,-0.036
2.1355839999999998e-07,e,4.0,o,4.0,-2.39,5920000.0,0.28
2.135899e-07,e,3.0,o,3.0,-4.87,20400.0,0.008
2.136136e-07,o,2.0,e,3.0,-4.4,59100.0,0.022
2.1366840000000003e-07,e,3.0,o,3.0,-2.88,1900000.0,0.058
2.137346e-07,o,1.0,e,2.0,-4.88,19600.0,-0.012
2.137634e-07,e,2.0,o,1.0,-4.0,143000.0,0.02
2.1377800000000002e-07,o,4.0,e,3.0,-3.44,526000.0,0.004
2.1385659999999999e-07,o,2.0,e,3.0,-4.26,80800.0,-0.008
2.1386900000000002e-07,e,3.0,o,3.0,-1.54,42000000.0,-0.274
2.139055e-07,o,4.0,e,3.0,-3.26,806000.0,0.16
2.1411860000000002e-07,o,2.0,e,1.0,-5.06,12700.0,0.0
2.142089e-07,e,4.0,o,3.0,-5.76,2520.0,-0.003
2.143944e-07,o,3.0,e,4.0,-4.78,24200.0,0.0
2.1439810000000003e-07,o,3.0,e,4.0,-3.39,585000.0,0.015
2.1440590000000003e-07,e,2.0,o,3.0,-5.59,3710.0,-0.001
2.1441840000000003e-07,o,2.0,e,2.0,-5.54,4150.0,0.001
2.144249e-07,e,2.0,o,2.0,-3.87,200000.0,0.109
2.1446439999999998e-07,o,1.0,e,1.0,-4.63,34700.0,-0.032
2.1453429999999998e-07,o,4.0,e,4.0,-4.56,40600.0,0.017
2.146531e-07,e,2.0,o,3.0,-1.63,34200000.0,0.32
2.148431e-07,o,4.0,e,3.0,-3.99,149000.0,0.086
2.148504e-07,o,4.0,e,5.0,-4.03,134000.0,-0.023
2.1505010000000003e-07,o,4.0,e,3.0,-5.9,1810.0,-0.001
2.1508290000000003e-07,o,3.0,e,3.0,-4.19,87600.0,0.007
2.1508710000000002e-07,o,4.0,e,4.0,-4.14,109000.0,0.0
2.151107e-07,e,5.0,o,4.0,-3.02,1380000.0,-0.03
2.15119e-07,o,2.0,e,3.0,-4.19,93700.0,-0.027
2.1516529999999998e-07,o,5.0,e,5.0,-2.97,1550000.0,-0.182
2.1520189999999998e-07,o,3.0,e,3.0,-3.77,248000.0,0.032
2.152306e-07,e,5.0,o,5.0,-4.12,110000.0,0.002
2.15238e-07,e,4.0,o,3.0,-3.53,425000.0,0.031
2.154002e-07,e,3.0,o,2.0,-3.91,179000.0,-0.037
2.154611e-07,e,3.0,o,2.0,-3.34,664000.0,-0.037
2.155145e-07,e,4.0,o,3.0,-3.07,1230000.0,0.282
2.155368e-07,e,2.0,o,3.0,-3.08,1190000.0,-0.176
2.155442e-07,o,4.0,e,5.0,-3.07,1220000.0,0.14
2.156665e-07,o,2.0,e,3.0,-5.56,3920.0,0.0
2.1571579999999999e-07,o,4.0,e,5.0,-4.34,66100.0,0.027
2.157199e-07,o,3.0,e,2.0,-4.83,21200.0,-0.008
2.1582979999999998e-07,e,2.0,o,2.0,-5.44,5320.0,0.002
2.1586750000000002e-07,o,3.0,e,3.0,-3.26,765000.0,0.013
2.1603180000000003e-07,o,3.0,e,3.0,-4.92,17300.0,0.003
2.161471e-07,e,1.0,o,0.0,-4.71,27800.0,0.007
2.1634200000000002e-07,e,2.0,o,3.0,-3.07,1230000.0,-0.06
2.165332e-07,e,2.0,o,2.0,-3.52,424000.0,0.031
2.1653510000000002e-07,e,3.0,o,3.0,-4.21,89000.0,0.016
2.1663870000000004e-07,e,1.0,o,2.0,-5.52,4250.0,0.001
2.1672890000000004e-07,o,1.0,e,2.0,-3.94,164000.0,0.004
2.167519e-07,o,3.0,e,4.0,-4.19,91700.0,0.018
2.1676930000000003e-07,o,4.0,e,3.0,-4.1,115000.0,-0.072
2.1694609999999998e-07,o,4.0,e,3.0,-4.12,107000.0,0.103
2.1700920000000002e-07,o,2.0,e,3.0,-4.1,113000.0,0.0
2.170502e-07,o,2.0,e,3.0,-5.36,6300.0,0.002
2.170808e-07,e,3.0,o,3.0,-2.0,14000000.0,-0.079
2.1709780000000002e-07,o,2.0,e,2.0,-4.67,29900.0,-0.01
2.1717130000000004e-07,o,3.0,e,4.0,-4.92,17200.0,0.0
2.1724250000000002e-07,o,3.0,e,4.0,-2.91,1760000.0,-0.035
2.1731050000000002e-07,e,1.0,o,1.0,-3.69,283000.0,0.035
2.17372e-07,e,4.0,o,4.0,-3.41,545000.0,0.193
2.175772e-07,o,2.0,e,2.0,-4.61,34700.0,0.017
2.1762500000000002e-07,o,3.0,e,2.0,-5.1,11200.0,-0.004
2.176397e-07,e,3.0,o,4.0,-2.76,2450000.0,-0.164
2.1766100000000003e-07,o,4.0,e,5.0,-3.22,841000.0,0.126
2.179533e-07,o,5.0,e,4.0,-5.14,10100.0,0.016
2.179718e-07,e,5.0,o,4.0,-2.71,2750000.0,0.586
2.180317e-07,o,2.0,e,2.0,-4.16,96000.0,0.007
2.181953e-07,o,1.0,e,2.0,-4.91,17500.0,0.025
2.183187e-07,e,4.0,o,4.0,-3.83,207000.0,0.01
2.183196e-07,o,3.0,e,3.0,-5.41,5440.0,-0.002
2.183421e-07,o,4.0,e,4.0,-4.21,86100.0,-0.03
2.183774e-07,o,2.0,e,3.0,-5.32,6540.0,0.0
2.184422e-07,e,4.0,o,5.0,-5.36,6160.0,-0.001
2.184647e-07,o,5.0,e,6.0,-3.44,503000.0,-0.05
2.1880729999999998e-07,e,6.0,o,5.0,-1.99,14200000.0,-0.594
2.18829e-07,e,2.0,o,1.0,-5.42,5310.0,-0.007
2.189104e-07,o,4.0,e,3.0,-4.18,92500.0,-0.097
2.1894920000000002e-07,o,4.0,e,3.0,-4.04,124000.0,0.004
2.192819e-07,e,2.0,o,1.0,-3.65,316000.0,-0.014
2.192959e-07,o,1.0,e,2.0,-3.64,315000.0,-0.017
2.1963440000000001e-07,o,2.0,e,1.0,-5.65,3120.0,0.0
2.1975410000000002e-07,o,2.0,e,3.0,-3.81,214000.0,0.0
2.19758e-07,e,1.0,o,1.0,-4.12,105000.0,-0.075
2.197832e-07,o,3.0,e,2.0,-4.75,24500.0,-0.012
2.1985610000000003e-07,e,3.0,o,2.0,-5.58,3640.0,-0.003
2.199828e-07,o,2.0,e,3.0,-5.61,3390.0,0.008
2.19992e-07,e,3.0,o,4.0,-4.44,49200.0,-0.004
2.201736e-07,e,1.0,o,2.0,-3.52,416000.0,0.051
2.203066e-07,e,2.0,o,3.0,-2.18,9000000.0,0.249
2.204129e-07,e,3.0,o,4.0,-1.9,17400000.0,0.273
2.204634e-07,o,4.0,e,4.0,-2.52,4110000.0,0.076
2.205145e-07,o,4.0,e,4.0,-5.63,3230.0,-0.002
2.2075740000000002e-07,o,2.0,e,2.0,-4.94,15700.0,0.008
2.208057e-07,o,2.0,e,2.0,-5.35,6020.0,-0.001
2.2081100000000003e-07,o,3.0,e,4.0,-3.79,224000.0,-0.078
2.2091740000000001e-07,o,1.0,e,1.0,-3.51,423000.0,-0.008
2.2098960000000003e-07,o,2.0,e,3.0,-4.09,111000.0,-0.002
2.210272e-07,e,1.0,o,2.0,-4.83,20200.0,0.003
2.210946e-07,o,3.0,e,3.0,-4.8,21500.0,0.001
2.2109810000000003e-07,e,2.0,o,3.0,-3.74,244000.0,0.017
2.211196e-07,o,3.0,e,4.0,-4.25,78600.0,-0.026
2.2118750000000002e-07,o,4.0,e,3.0,-3.13,963000.0,-0.084
2.212361e-07,e,0.0,o,1.0,-3.95,153000.0,-0.624
2.216562e-07,e,4.0,o,4.0,-3.07,1150000.0,-0.105
2.2166750000000004e-07,o,3.0,e,3.0,-4.68,28600.0,-0.01
2.2184020000000002e-07,o,2.0,e,2.0,-3.16,937000.0,-0.034
2.2192880000000002e-07,o,3.0,e,4.0,-5.85,1940.0,0.004
2.220692e-07,o,1.0,e,1.0,-5.15,9700.0,0.007
2.2210720000000003e-07,e,5.0,o,5.0,-3.45,477000.0,0.256
2.222154e-07,e,1.0,o,2.0,-1.96,14800000.0,-0.404
2.223161e-07,e,4.0,o,4.0,-4.46,47100.0,-0.009
2.223522e-07,e,3.0,o,4.0,-5.28,7220.0,-0.004
2.2237e-07,o,5.0,e,4.0,-5.01,13200.0,0.016
2.2245410000000003e-07,o,3.0,e,2.0,-5.0,13700.0,-0.006
2.2246100000000002e-07,o,0.0,e,1.0,-3.24,786000.0,0.018
2.2246550000000004e-07,o,2.0,e,3.0,-5.1,10800.0,0.002
2.22506e-07,o,3.0,e,3.0,-3.31,660000.0,-0.003
2.2264180000000003e-07,o,3.0,e,4.0,-4.89,17300.0,-0.001
2.227098e-07,o,5.0,e,5.0,-3.52,405000.0,-0.085
2.227747e-07,o,4.0,e,4.0,-4.93,16100.0,0.008
2.2286460000000004e-07,e,3.0,o,3.0,-3.32,635000.0,0.055
2.2288200000000002e-07,o,3.0,e,3.0,-2.78,2230000.0,0.014
2.229401e-07,e,3.0,o,4.0,-1.96,14800000.0,-0.506
2.2300970000000003e-07,o,3.0,e,3.0,-4.63,31500.0,0.007
2.2309229999999997e-07,e,2.0,o,2.0,-3.11,1070000.0,-0.038
2.2311570000000002e-07,o,4.0,e,5.0,-3.68,280000.0,0.057
2.2314360000000003e-07,o,2.0,e,3.0,-3.97,143000.0,0.02
2.231491e-07,o,1.0,e,2.0,-2.81,2060000.0,0.051
2.231586e-07,e,1.0,o,2.0,-3.76,231000.0,-0.247
2.2347220000000004e-07,o,4.0,e,4.0,-1.82,20500000.0,-0.134
2.236292e-07,o,2.0,e,3.0,-4.91,16400.0,0.013
2.236317e-07,e,2.0,o,2.0,-3.96,145000.0,0.004
2.2419670000000003e-07,o,2.0,e,3.0,-2.61,3290000.0,0.096
2.242379e-07,o,2.0,e,2.0,-3.86,185000.0,0.026
2.243591e-07,e,3.0,o,3.0,-2.12,10200000.0,0.414
2.2442959999999998e-07,o,2.0,e,2.0,-4.33,62300.0,0.022
2.2456370000000002e-07,e,2.0,o,1.0,-5.3,6490.0,-0.004
2.246495e-07,e,4.0,o,4.0,-2.77,2210000.0,0.065
2.2474540000000001e-07,o,2.0,e,3.0,-5.62,3150.0,-0.003
2.2508739999999998e-07,o,1.0,e,2.0,-5.24,7740.0,-0.004
2.253846e-07,o,4.0,e,5.0,-3.81,205000.0,0.058
2.25495e-07,e,2.0,o,1.0,-4.6,32900.0,-0.093
2.255382e-07,o,3.0,e,2.0,-2.91,1590000.0,-0.12
2.257301e-07,o,3.0,e,3.0,-3.84,190000.0,0.012
2.2578150000000002e-07,o,4.0,e,5.0,-5.55,3680.0,0.005
2.26161e-07,e,4.0,o,5.0,-2.59,3360000.0,-0.156
2.262679e-07,e,3.0,o,2.0,-4.4,51600.0,0.003
2.265042e-07,o,3.0,e,3.0,-4.02,124000.0,0.024
2.2661970000000002e-07,e,4.0,o,5.0,-5.6,3290.0,-0.001
2.2668800000000002e-07,e,3.0,o,4.0,-3.01,1280000.0,0.302
2.268783e-07,o,2.0,e,3.0,-4.91,15800.0,0.002
2.2689479999999998e-07,o,3.0,e,3.0,-4.52,38900.0,0.0
2.26987e-07,o,2.0,e,2.0,-3.27,696000.0,0.026
2.270612e-07,e,3.0,o,4.0,-3.61,314000.0,-0.4
2.271426e-07,e,2.0,o,3.0,-4.03,122000.0,0.112
2.271571e-07,o,2.0,e,3.0,-5.0,12800.0,0.0
2.2727010000000001e-07,o,3.0,e,3.0,-4.29,66200.0,0.006
2.27817e-07,e,3.0,o,2.0,-4.37,55100.0,-0.01
2.279774e-07,o,3.0,e,4.0,-4.45,45900.0,-0.017
2.2799510000000002e-07,o,2.0,e,1.0,-5.61,3160.0,-0.004
2.2808139999999998e-07,o,3.0,e,4.0,-5.15,9080.0,0.0
2.2809389999999999e-07,o,3.0,e,4.0,-4.68,26600.0,0.027
2.281058e-07,o,1.0,e,2.0,-5.29,6660.0,0.0
2.2811570000000003e-07,e,2.0,o,2.0,-4.03,119000.0,-0.03
2.2824130000000002e-07,o,4.0,e,3.0,-4.78,21200.0,-0.014
2.283277e-07,e,3.0,o,3.0,-2.22,7760000.0,0.258
2.2837e-07,o,3.0,e,4.0,-5.27,7130.0,0.0
2.284816e-07,e,1.0,o,1.0,-5.9,1580.0,-0.001
2.285526e-07,o,2.0,e,3.0,-4.64,29300.0,-0.01
2.287247e-07,o,2.0,e,1.0,-2.45,4560000.0,-0.195
2.288346e-07,e,4.0,o,4.0,-4.34,57000.0,0.051
2.28965e-07,e,2.0,o,3.0,-4.51,39700.0,-0.004
2.2897130000000002e-07,o,3.0,e,4.0,-4.19,82900.0,0.004
2.2899960000000003e-07,o,2.0,e,2.0,-4.59,32700.0,0.014
2.2912020000000004e-07,o,3.0,e,2.0,-2.65,2850000.0,0.194
2.2918960000000003e-07,o,4.0,e,4.0,-4.29,64600.0,0.023
2.293662e-07,e,2.0,o,3.0,-4.69,25500.0,-0.193
2.293778e-07,o,1.0,e,1.0,-4.34,58700.0,0.023
2.297172e-07,e,1.0,o,0.0,-4.99,12700.0,-0.003
2.298301e-07,o,3.0,e,4.0,-4.32,61200.0,-0.001
2.299189e-07,o,1.0,e,2.0,-4.09,99200.0,-0.001
2.300544e-07,e,2.0,o,2.0,-3.65,279000.0,0.447
2.301147e-07,o,2.0,e,3.0,-4.31,62400.0,-0.02
2.3027260000000002e-07,e,1.0,o,2.0,-4.39,50900.0,-0.004
2.303946e-07,o,1.0,e,2.0,-4.07,108000.0,-0.035
2.3048270000000004e-07,e,3.0,o,3.0,-3.87,168000.0,0.188
2.306162e-07,o,4.0,e,3.0,-5.23,7420.0,-0.01
2.309133e-07,e,3.0,o,3.0,-3.03,1160000.0,-0.275
2.309571e-07,o,2.0,e,3.0,-3.35,536000.0,0.008
2.309795e-07,e,2.0,o,1.0,-3.27,669000.0,-0.555
2.310424e-07,o,0.0,e,1.0,-4.14,90300.0,-0.036
2.3111770000000002e-07,o,2.0,e,2.0,-3.24,726000.0,-0.035
2.3117750000000002e-07,e,3.0,o,2.0,-2.91,1520000.0,-0.587
2.312246e-07,o,3.0,e,2.0,-3.05,1140000.0,-0.072
2.3150189999999999e-07,e,3.0,o,2.0,-4.2,79100.0,0.032
2.315678e-07,e,2.0,o,2.0,-3.86,175000.0,0.007
2.3163060000000002e-07,o,3.0,e,4.0,-4.33,59100.0,-0.02
2.316316e-07,e,2.0,o,1.0,-4.32,59800.0,0.008
2.318777e-07,o,3.0,e,3.0,-3.4,497000.0,-0.02
2.3199110000000002e-07,o,3.0,e,2.0,-2.18,8110000.0,0.23
2.3215970000000003e-07,e,1.0,o,2.0,-3.97,132000.0,-0.077
2.323101e-07,e,4.0,o,3.0,-3.02,1180000.0,-0.374
2.3233240000000001e-07,e,2.0,o,2.0,-2.3,6240000.0,-0.387
2.3246360000000001e-07,o,4.0,e,3.0,-4.55,34700.0,-0.032
2.3248359999999998e-07,o,4.0,e,5.0,-4.79,20100.0,-0.009
2.3253270000000003e-07,o,2.0,e,3.0,-5.96,1360.0,0.0
2.3272860000000002e-07,o,3.0,e,3.0,-4.32,58600.0,0.001
2.328479e-07,e,2.0,o,3.0,-5.88,1660.0,0.0
2.3300300000000004e-07,o,5.0,e,4.0,-5.27,6750.0,-0.005
2.330877e-07,o,3.0,e,2.0,-2.37,5110000.0,-0.091
2.3309430000000004e-07,e,4.0,o,3.0,-4.85,17300.0,0.025
2.3315079999999998e-07,o,3.0,e,3.0,-4.62,29200.0,0.023
2.331872e-07,o,3.0,e,3.0,-4.25,68000.0,0.0
2.333276e-07,e,2.0,o,3.0,-3.4,478000.0,-0.159
2.3344740000000003e-07,o,4.0,e,4.0,-4.48,41500.0,0.021
2.3351830000000002e-07,e,3.0,o,4.0,-3.92,148000.0,-0.011
2.33545e-07,e,3.0,o,2.0,-4.24,71600.0,0.067
2.3367660000000001e-07,o,2.0,e,3.0,-4.78,20100.0,-0.006
2.337006e-07,e,3.0,o,3.0,-4.89,15700.0,0.032
2.3371370000000002e-07,o,3.0,e,4.0,-3.58,324000.0,-0.001
2.339006e-07,e,5.0,o,4.0,-3.25,689000.0,-0.318
2.3395320000000001e-07,e,5.0,o,4.0,-4.02,116000.0,0.129
2.340687e-07,o,2.0,e,3.0,-3.1,942000.0,-0.011
2.3409720000000002e-07,o,4.0,e,3.0,-3.66,267000.0,-0.06
2.3410210000000003e-07,e,6.0,o,5.0,-2.75,2170000.0,-0.58
2.342705e-07,e,1.0,o,2.0,-4.93,14000.0,-0.002
2.344402e-07,o,3.0,e,4.0,-5.17,8280.0,0.0
2.3447700000000002e-07,o,5.0,e,5.0,-4.77,20800.0,0.032
2.3448800000000003e-07,e,2.0,o,3.0,-5.52,3660.0,-0.001
2.3466860000000003e-07,e,3.0,o,4.0,-3.33,574000.0,-0.087
2.352593e-07,o,3.0,e,3.0,-4.46,39400.0,0.007
2.35416e-07,o,3.0,e,4.0,-5.74,2220.0,0.0
2.3585520000000003e-07,o,3.0,e,2.0,-4.48,40200.0,0.03
2.3590239999999999e-07,o,4.0,e,4.0,-4.06,104000.0,0.007
2.359326e-07,o,4.0,e,4.0,-4.97,13100.0,0.011
2.361504e-07,e,4.0,o,3.0,-3.82,181000.0,-0.203
2.3626640000000003e-07,e,6.0,o,6.0,-4.85,16700.0,0.318
2.3630770000000002e-07,o,3.0,e,2.0,-2.02,11500000.0,-0.242
2.3635859999999998e-07,e,2.0,o,1.0,-5.56,3320.0,0.0
2.364033e-07,e,2.0,o,2.0,-2.07,10300000.0,0.403
2.3669810000000004e-07,e,3.0,o,3.0,-5.25,6790.0,-0.002
2.3681430000000002e-07,o,4.0,e,4.0,-3.76,210000.0,0.018
2.368507e-07,o,3.0,e,4.0,-4.44,43100.0,-0.002
2.371017e-07,o,4.0,e,5.0,-4.06,104000.0,0.004
2.3714440000000002e-07,e,2.0,o,3.0,-3.98,125000.0,-0.006
2.371933e-07,o,3.0,e,3.0,-4.37,48800.0,-0.001
2.3744400000000002e-07,o,4.0,e,5.0,-5.83,1770.0,-0.004
2.3778730000000001e-07,o,3.0,e,3.0,-4.44,42400.0,-0.001
2.37806e-07,o,2.0,e,1.0,-4.13,88000.0,0.071
2.378455e-07,o,3.0,e,4.0,-3.93,140000.0,-0.001
2.3788339999999998e-07,e,5.0,o,5.0,-4.0,116000.0,0.178
2.383546e-07,e,2.0,o,3.0,-3.29,607000.0,0.12
2.386595e-07,e,3.0,o,3.0,-5.08,9920.0,0.001
2.388254e-07,e,3.0,o,2.0,-4.13,88300.0,-0.073
2.38899e-07,o,2.0,e,2.0,-4.19,75000.0,0.058
2.389104e-07,e,4.0,o,4.0,-4.43,42800.0,0.096
2.389834e-07,o,3.0,e,3.0,-3.0,1180000.0,-0.056
2.389886e-07,o,4.0,e,3.0,-2.52,3490000.0,-0.227
2.3900459999999997e-07,o,2.0,e,3.0,-3.4,458000.0,0.002
2.391361e-07,o,3.0,e,4.0,-5.32,5590.0,0.009
2.394706e-07,o,4.0,e,5.0,-4.12,89100.0,-0.002
2.396903e-07,e,5.0,o,4.0,-5.29,5940.0,0.001
2.39849e-07,e,4.0,o,4.0,-5.09,9420.0,-0.004
2.399584e-07,o,3.0,e,4.0,-5.14,8390.0,0.005
2.399981e-07,e,4.0,o,5.0,-5.81,1830.0,0.001
2.4011280000000004e-07,o,2.0,e,3.0,-5.22,6930.0,0.003
2.401185e-07,e,5.0,o,6.0,-5.81,1780.0,-0.002
2.419486e-07,o,3.0,e,3.0,-4.22,69300.0,-0.066
2.420089e-07,o,2.0,e,3.0,-4.0,115000.0,0.01
2.4233850000000005e-07,o,2.0,e,3.0,-3.02,1060000.0,-0.004
2.430672e-07,e,4.0,o,5.0,-5.76,1960.0,-0.001
2.43625e-07,o,2.0,e,3.0,-3.23,651000.0,-0.003
2.436992e-07,e,1.0,o,1.0,-4.02,106000.0,0.017
2.440781e-07,o,2.0,e,2.0,-4.76,19400.0,-0.002
2.442462e-07,o,1.0,e,2.0,-4.7,22000.0,-0.002
2.442748e-07,o,4.0,e,4.0,-3.36,479000.0,-0.021
2.442946e-07,e,4.0,o,3.0,-4.71,21600.0,0.062
2.443328e-07,o,3.0,e,4.0,-5.63,2660.0,0.004
2.444486e-07,o,3.0,e,2.0,-4.49,35700.0,0.026
2.4448330000000004e-07,e,3.0,o,4.0,-3.68,233000.0,-0.027
2.452712e-07,o,4.0,e,3.0,-3.92,132000.0,0.021
2.453458e-07,e,2.0,o,3.0,-4.15,78100.0,0.01
2.4535850000000003e-07,e,2.0,o,3.0,-4.1,88600.0,-0.01
2.454271e-07,o,2.0,e,2.0,-5.71,2160.0,-0.007
2.4566350000000003e-07,o,1.0,e,2.0,-5.12,8270.0,0.001
2.457196e-07,o,3.0,e,3.0,-4.01,107000.0,0.019
2.458458e-07,o,3.0,e,3.0,-5.46,3910.0,-0.014
2.465441e-07,o,4.0,e,3.0,-1.65,24900000.0,-0.363
2.467059e-07,o,3.0,e,4.0,-5.59,2780.0,0.0
2.4678200000000005e-07,o,1.0,e,1.0,-5.34,4960.0,-0.001
2.46785e-07,e,3.0,o,4.0,-4.2,70600.0,-0.02
2.46799e-07,o,1.0,e,2.0,-2.98,1150000.0,0.021
2.468569e-07,e,3.0,o,2.0,-4.59,28800.0,0.006
2.470301e-07,o,1.0,e,2.0,-5.23,6480.0,0.011
2.470899e-07,o,2.0,e,3.0,-4.54,31400.0,0.0
2.472121e-07,e,5.0,o,4.0,-4.26,59500.0,0.072
2.478254e-07,o,3.0,e,2.0,-4.73,20400.0,-0.004
2.478297e-07,e,1.0,o,2.0,-4.72,20300.0,0.003
2.4788800000000003e-07,e,1.0,o,2.0,-5.34,4940.0,0.002
2.480571e-07,o,3.0,e,3.0,-4.55,31100.0,-0.007
2.481297e-07,e,3.0,o,4.0,-3.65,246000.0,0.071
2.4837130000000005e-07,o,3.0,e,3.0,-4.99,11300.0,0.047
2.4845279999999997e-07,o,1.0,e,2.0,-4.09,89100.0,0.009
2.486238e-07,o,2.0,e,2.0,-3.26,605000.0,-0.016
2.4892280000000003e-07,o,1.0,e,2.0,-3.96,113000.0,-0.003
2.494767e-07,e,2.0,o,2.0,-1.81,16700000.0,-0.422
2.496337e-07,e,2.0,o,1.0,-4.44,39200.0,0.008
2.499181e-07,o,3.0,e,3.0,-4.95,12200.0,-0.008
2.503637e-07,o,2.0,e,3.0,-3.1,838000.0,0.008
2.505745e-07,o,3.0,e,3.0,-2.68,2230000.0,-0.01
2.518321e-07,o,1.0,e,2.0,-3.58,274000.0,-0.033
2.521464e-07,o,2.0,e,3.0,-4.96,11600.0,0.013
2.521573e-07,o,3.0,e,2.0,-5.52,3190.0,0.001
2.522336e-07,o,2.0,e,2.0,-4.48,35000.0,0.001
2.523748e-07,o,3.0,e,4.0,-4.04,99100.0,0.0
2.5246660000000004e-07,e,1.0,o,2.0,-4.9,13100.0,0.004
2.5281509999999997e-07,e,4.0,o,4.0,-5.39,4200.0,-0.023
2.529718e-07,e,3.0,o,3.0,-4.24,60700.0,0.011
2.532453e-07,e,3.0,o,4.0,-5.15,7390.0,0.059
2.532947e-07,o,2.0,e,3.0,-5.34,4480.0,0.001
2.537195e-07,o,4.0,e,3.0,-5.22,6200.0,0.004
2.5397280000000004e-07,o,1.0,e,1.0,-5.14,7570.0,-0.001
2.540244e-07,o,2.0,e,3.0,-3.09,819000.0,0.009
2.540308e-07,e,2.0,o,2.0,-4.03,96800.0,0.011
2.5445230000000004e-07,o,2.0,e,2.0,-4.31,48300.0,0.001
2.5477130000000005e-07,o,4.0,e,4.0,-4.04,93300.0,0.012
2.552688e-07,o,4.0,e,5.0,-5.48,3410.0,0.0
2.55501e-07,o,3.0,e,3.0,-3.08,862000.0,-0.026
2.556388e-07,o,3.0,e,2.0,-3.86,141000.0,-0.039
2.5586570000000005e-07,o,3.0,e,2.0,-5.82,1560.0,0.0
2.568331e-07,o,2.0,e,2.0,-3.62,243000.0,-0.064
2.569268e-07,o,1.0,e,2.0,-4.83,15000.0,-0.002
2.570364e-07,e,6.0,o,5.0,-3.87,136000.0,0.398
2.570423e-07,o,2.0,e,3.0,-3.79,152000.0,-0.019
2.57509e-07,e,3.0,o,3.0,-5.27,5400.0,-0.031
2.5770880000000004e-07,o,3.0,e,3.0,-3.73,185000.0,-0.009
2.583766e-07,e,3.0,o,2.0,-5.25,5670.0,-0.061
2.590929e-07,e,5.0,o,4.0,-5.08,8270.0,0.059
2.59312e-07,e,4.0,o,3.0,-4.81,15400.0,0.114
2.593294e-07,o,3.0,e,3.0,-5.89,1270.0,-0.001
2.598091e-07,o,3.0,e,4.0,-3.47,335000.0,-0.009
2.605109e-07,e,2.0,o,3.0,-5.1,7920.0,0.002
2.608154e-07,o,3.0,e,3.0,-3.5,293000.0,0.031
2.6089020000000004e-07,o,3.0,e,2.0,-5.8,1590.0,0.0
2.609474e-07,e,3.0,o,4.0,-4.7,20000.0,0.006
2.61425e-07,e,5.0,o,4.0,-4.3,49300.0,0.103
2.615521e-07,o,3.0,e,4.0,-5.11,7650.0,-0.001
2.616021e-07,e,5.0,o,5.0,-5.0,9740.0,-0.017
2.617068e-07,o,3.0,e,2.0,-5.18,6430.0,-0.008
2.6269479999999997e-07,o,3.0,e,3.0,-4.07,83800.0,-0.002
2.631026e-07,e,2.0,o,3.0,-5.8,1550.0,0.001
2.632584e-07,o,3.0,e,2.0,-4.81,14800.0,0.007
2.634511e-07,e,1.0,o,1.0,-4.73,17600.0,-0.005
2.635491e-07,o,3.0,e,3.0,-5.97,1050.0,0.008
2.639979e-07,o,3.0,e,4.0,-2.83,1440000.0,0.016
2.641554e-07,o,3.0,e,3.0,-4.06,85100.0,0.011
2.642008e-07,o,2.0,e,3.0,-4.24,54200.0,-0.077
2.65219e-07,o,1.0,e,1.0,-5.05,8450.0,0.02
2.65944e-07,o,2.0,e,3.0,-5.95,1070.0,0.003
2.665793e-07,o,1.0,e,2.0,-4.63,22100.0,-0.03
2.6769899999999997e-07,e,4.0,o,4.0,-5.65,2100.0,-0.007
2.6792130000000004e-07,o,2.0,e,2.0,-5.33,4280.0,0.0
2.681922e-07,o,2.0,e,3.0,-4.64,21300.0,-0.006
2.682562e-07,o,4.0,e,3.0,-4.42,35200.0,-0.015
2.6835340000000004e-07,e,1.0,o,2.0,-5.4,3700.0,0.003
2.703689e-07,o,2.0,e,3.0,-4.75,16100.0,-0.002
2.705152e-07,o,3.0,e,4.0,-5.87,1260.0,-0.018
2.707928e-07,o,1.0,e,2.0,-5.12,7000.0,-0.001
2.71005e-07,o,3.0,e,3.0,-3.58,240000.0,-0.064
2.720141e-07,o,3.0,e,4.0,-5.49,2910.0,-0.006
2.721177e-07,o,2.0,e,2.0,-4.77,15000.0,0.001
2.7239720000000004e-07,o,2.0,e,3.0,-5.57,2440.0,0.0
2.724098e-07,o,3.0,e,3.0,-5.92,1100.0,-0.001
2.732517e-07,e,2.0,o,3.0,-5.25,5110.0,0.004
2.732711e-07,o,2.0,e,2.0,-5.41,3430.0,-0.007
2.748121e-07,o,1.0,e,2.0,-5.35,3960.0,0.0
2.7634989999999996e-07,o,3.0,e,2.0,-3.71,168000.0,-0.013
2.766382e-07,o,3.0,e,3.0,-5.05,7900.0,0.01
2.769148e-07,o,2.0,e,3.0,-3.75,156000.0,-0.008
2.770766e-07,o,2.0,e,2.0,-4.0,87000.0,-0.005
2.773495e-07,o,2.0,e,2.0,-4.25,48500.0,-0.005
2.773633e-07,o,1.0,e,1.0,-4.52,26300.0,0.001
2.785648e-07,e,2.0,o,1.0,-5.99,903.0,-0.002
2.7895490000000003e-07,o,3.0,e,3.0,-5.06,7510.0,0.001
2.79389e-07,o,2.0,e,3.0,-4.98,8950.0,-0.057
2.796703e-07,o,2.0,e,1.0,-4.53,25200.0,0.002
2.807687e-07,o,4.0,e,3.0,-4.82,12800.0,0.007
2.8099130000000003e-07,e,1.0,o,1.0,-4.11,64100.0,0.024
2.814001e-07,o,2.0,e,3.0,-3.05,747000.0,0.029
2.81522e-07,o,3.0,e,4.0,-4.82,12700.0,-0.001
2.815672e-07,o,2.0,e,2.0,-5.3,4170.0,0.0
2.817473e-07,o,3.0,e,2.0,-3.33,393000.0,0.025
2.828214e-07,o,3.0,e,4.0,-4.77,14300.0,-0.007
2.832564e-07,o,2.0,e,2.0,-5.47,2820.0,0.0
2.832596e-07,e,2.0,o,1.0,-3.72,156000.0,-0.012
2.833777e-07,o,3.0,e,4.0,-4.29,42900.0,-0.076
2.840514e-07,e,2.0,o,2.0,-5.16,5850.0,-0.007
2.84246e-07,o,2.0,e,1.0,-3.99,84900.0,0.012
2.853849e-07,o,2.0,e,3.0,-4.45,29300.0,-0.001
2.8592840000000004e-07,o,3.0,e,3.0,-4.35,36100.0,0.004
2.859455e-07,e,1.0,o,0.0,-3.27,431000.0,0.007
2.8610090000000004e-07,o,3.0,e,2.0,-5.35,3650.0,0.001
2.8700920000000004e-07,o,3.0,e,3.0,-4.91,10000.0,-0.016
2.871097e-07,o,2.0,e,3.0,-5.3,4030.0,0.0
2.879513e-07,o,2.0,e,2.0,-4.42,30900.0,0.003
2.89106e-07,o,1.0,e,2.0,-5.26,4340.0,-0.004
2.892381e-07,o,3.0,e,3.0,-5.82,1210.0,0.002
2.901511e-07,o,2.0,e,3.0,-3.83,116000.0,0.003
2.908313e-07,o,1.0,e,1.0,-4.77,13500.0,0.014
2.910124e-07,e,1.0,o,1.0,-3.98,81200.0,-0.001
2.9193420000000004e-07,o,2.0,e,3.0,-5.99,808.0,0.0
2.921781e-07,e,2.0,o,3.0,-5.36,3480.0,-0.01
2.924678e-07,o,1.0,e,2.0,-5.61,1900.0,0.002
2.926947e-07,o,3.0,e,2.0,-5.93,925.0,0.0
2.933687e-07,o,2.0,e,1.0,-5.11,6060.0,-0.011
2.934462e-07,e,2.0,o,1.0,-3.16,533000.0,0.004
2.935281e-07,o,3.0,e,4.0,-4.17,51800.0,0.005
2.94071e-07,o,4.0,e,4.0,-3.46,269000.0,-0.109
2.949679e-07,o,3.0,e,3.0,-4.32,36400.0,-0.004
2.95034e-07,o,2.0,e,2.0,-4.84,11000.0,0.009
2.965072e-07,o,3.0,e,4.0,-4.4,30000.0,-0.092
2.968108e-07,o,3.0,e,3.0,-4.04,69000.0,0.003
2.979836e-07,o,4.0,e,3.0,-5.74,1370.0,0.003
2.9840770000000006e-07,o,2.0,e,1.0,-5.02,7130.0,-0.024
3.001309e-07,o,2.0,e,2.0,-4.89,9530.0,0.01
3.01272e-07,e,2.0,o,3.0,-3.42,274000.0,-0.006
3.020491e-07,o,2.0,e,3.0,-5.54,2090.0,-0.001
3.023615e-07,e,2.0,o,1.0,-2.79,1200000.0,-0.348
3.038378e-07,o,3.0,e,3.0,-5.11,5690.0,0.027
3.045002e-07,e,1.0,o,2.0,-5.14,5150.0,0.001
3.0528760000000003e-07,o,3.0,e,2.0,-5.04,6460.0,-0.015
3.060763e-07,e,3.0,o,3.0,-3.69,143000.0,0.018
3.069707e-07,e,3.0,o,4.0,-4.42,27000.0,-0.187
3.071659e-07,e,2.0,o,2.0,-4.25,38900.0,-0.001
3.0727260000000003e-07,o,3.0,e,3.0,-4.79,11400.0,0.005
3.082348e-07,o,4.0,e,4.0,-4.3,35400.0,-0.051
3.0881640000000005e-07,o,3.0,e,4.0,-5.18,4640.0,-0.001
3.096541e-07,e,2.0,o,2.0,-3.98,73300.0,0.04
3.116925e-07,e,3.0,o,2.0,-2.61,1690000.0,-0.343
3.121615e-07,e,3.0,o,2.0,-3.18,442000.0,0.003
3.151145e-07,o,2.0,e,1.0,-3.19,432000.0,-0.088
3.1698730000000003e-07,o,2.0,e,3.0,-5.42,2480.0,-0.002
3.175198e-07,o,1.0,e,2.0,-5.91,813.0,-0.002
3.177619e-07,o,1.0,e,1.0,-3.35,292000.0,0.084
3.184257e-07,e,3.0,o,4.0,-4.74,12100.0,0.594
3.1854740000000005e-07,o,4.0,e,5.0,-4.55,18800.0,-0.069
3.188989e-07,o,2.0,e,2.0,-4.41,25400.0,0.031
3.198066e-07,o,1.0,e,2.0,-4.76,11200.0,-0.013
3.2054670000000004e-07,o,2.0,e,2.0,-5.6,1610.0,-0.001
3.2096550000000003e-07,o,0.0,e,1.0,-3.3,322000.0,0.124
3.2108510000000004e-07,e,2.0,o,3.0,-5.94,753.0,0.004
3.214814e-07,e,1.0,o,2.0,-5.11,4860.0,0.0
3.2161060000000004e-07,o,1.0,e,2.0,-4.6,16100.0,0.014
3.224538e-07,o,2.0,e,1.0,-5.78,1060.0,0.002
3.2287750000000003e-07,o,2.0,e,2.0,-4.97,6870.0,0.007
3.232773e-07,e,3.0,o,3.0,-4.58,17200.0,0.009
3.244541e-07,e,2.0,o,2.0,-4.36,27100.0,0.001
3.255654e-07,o,2.0,e,3.0,-5.39,2570.0,0.002
3.26043e-07,e,2.0,o,1.0,-2.49,2010000.0,0.015
3.2622710000000005e-07,e,2.0,o,2.0,-2.58,1660000.0,-0.312
3.265723e-07,o,2.0,e,2.0,-5.8,977.0,-0.001
3.268839e-07,e,4.0,o,3.0,-2.48,2090000.0,-0.336
3.284903e-07,e,3.0,o,2.0,-4.15,44200.0,-0.027
3.287733e-07,e,2.0,o,3.0,-4.51,19100.0,0.011
3.288543e-07,o,3.0,e,3.0,-4.46,21200.0,-0.006
3.291975e-07,o,2.0,e,2.0,-2.74,1120000.0,0.188
3.2996660000000004e-07,e,1.0,o,1.0,-5.38,2600.0,0.0
3.3003300000000003e-07,e,3.0,o,2.0,-3.52,182000.0,-0.002
3.310721e-07,e,3.0,o,3.0,-4.61,15100.0,-0.03
3.320881e-07,o,1.0,e,2.0,-3.3,298000.0,0.108
3.326868e-07,o,3.0,e,2.0,-5.1,4790.0,0.003
3.330991e-07,e,2.0,o,1.0,-3.71,119000.0,0.02
3.341688e-07,o,2.0,e,1.0,-5.89,764.0,-0.004
3.346082e-07,o,2.0,e,3.0,-4.45,21200.0,-0.028
3.348559e-07,e,4.0,o,3.0,-4.81,9120.0,0.051
3.3507800000000006e-07,o,2.0,e,2.0,-4.4,23900.0,-0.032
3.351982e-07,o,3.0,e,2.0,-5.99,606.0,-0.004
3.366493e-07,e,1.0,o,1.0,-3.63,144000.0,-0.004
3.380732e-07,o,1.0,e,2.0,-4.99,5970.0,-0.012
3.384278e-07,o,2.0,e,2.0,-3.47,195000.0,0.014
3.386123e-07,e,2.0,o,3.0,-3.38,242000.0,0.265
3.3961280000000005e-07,e,2.0,o,1.0,-3.36,251000.0,-0.016
3.3991070000000003e-07,e,2.0,o,1.0,-3.78,100000.0,0.003
3.399303e-07,e,1.0,o,2.0,-3.44,206000.0,0.001
3.410513e-07,e,3.0,o,3.0,-2.54,1670000.0,-0.328
3.432557e-07,e,2.0,o,2.0,-3.84,80500.0,0.001
3.45068e-07,e,4.0,o,3.0,-5.17,3760.0,-0.002
3.457265e-07,e,3.0,o,4.0,-4.39,22900.0,0.021
3.4594540000000004e-07,o,2.0,e,3.0,-4.29,28000.0,0.009
3.4785880000000003e-07,o,3.0,e,3.0,-4.7,10900.0,0.016
3.481846e-07,e,2.0,o,3.0,-3.15,382000.0,0.002
3.495062e-07,e,3.0,o,2.0,-3.75,96000.0,-0.004
3.496736e-07,o,3.0,e,2.0,-5.22,3280.0,-0.001
3.4985470000000003e-07,e,4.0,o,4.0,-4.22,32400.0,-0.067
3.5004940000000003e-07,o,2.0,e,2.0,-5.09,4330.0,-0.006
3.501389e-07,e,2.0,o,3.0,-3.04,487000.0,0.002
3.546175e-07,e,3.0,o,3.0,-3.96,56800.0,-0.001
3.57705e-07,o,3.0,e,3.0,-3.44,186000.0,0.012
3.5812510000000006e-07,e,2.0,o,2.0,-4.97,5520.0,0.0
3.584037e-07,e,3.0,o,4.0,-3.45,184000.0,0.273
3.5934899999999997e-07,o,2.0,e,3.0,-5.68,1080.0,-0.007
3.5946920000000004e-07,o,2.0,e,1.0,-5.47,1790.0,0.004
3.6065410000000004e-07,e,3.0,o,4.0,-3.02,476000.0,0.001
3.628421e-07,e,4.0,o,4.0,-2.51,1580000.0,-0.355
3.632494e-07,e,3.0,o,2.0,-5.41,2040.0,-0.004
3.671032e-07,o,0.0,e,1.0,-4.54,14400.0,-0.019
3.6741610000000003e-07,e,1.0,o,2.0,-3.55,140000.0,-0.003
3.685114e-07,o,3.0,e,4.0,-4.28,26000.0,-0.054
3.7045410000000003e-07,e,1.0,o,0.0,-3.63,118000.0,-0.27
3.710011e-07,o,3.0,e,4.0,-4.29,24400.0,0.01
3.7130410000000005e-07,e,2.0,o,2.0,-3.02,459000.0,0.006
3.716008e-07,e,1.0,o,1.0,-3.7,96200.0,0.003
3.7278380000000005e-07,o,2.0,e,2.0,-4.43,18000.0,-0.01
3.7444780000000003e-07,e,4.0,o,5.0,-4.98,4950.0,0.004
3.749138e-07,o,4.0,e,3.0,-5.94,541.0,0.0
3.755784e-07,e,2.0,o,1.0,-4.05,42100.0,0.002
3.764947e-07,o,1.0,e,2.0,-4.21,29200.0,-0.021
3.775794e-07,e,2.0,o,3.0,-3.81,71700.0,0.009
3.790809e-07,e,3.0,o,3.0,-5.19,3090.0,0.019
3.81847e-07,e,2.0,o,2.0,-5.04,4130.0,0.0
3.844779e-07,o,2.0,e,1.0,-3.76,78200.0,0.131
3.8515610000000003e-07,e,3.0,o,3.0,-4.75,7890.0,0.002
3.862689e-07,e,3.0,o,2.0,-5.15,3220.0,-0.022
3.866752e-07,e,2.0,o,3.0,-4.58,11300.0,0.0
3.881912e-07,e,2.0,o,2.0,-4.23,26400.0,-0.154
3.882379e-07,o,2.0,e,3.0,-5.03,4150.0,-0.004
3.895462e-07,o,4.0,e,4.0,-3.41,172000.0,0.015
3.898439e-07,e,3.0,o,3.0,-4.78,7450.0,-0.115
3.9035360000000003e-07,e,2.0,o,1.0,-5.62,1070.0,-0.028
3.909518e-07,o,1.0,e,1.0,-5.71,849.0,0.001
3.910283e-07,o,3.0,e,4.0,-5.08,3620.0,-0.027
3.914002e-07,e,3.0,o,2.0,-4.66,9630.0,-0.182
3.920323e-07,o,3.0,e,4.0,-5.34,1960.0,0.001
3.9204160000000004e-07,o,2.0,e,3.0,-4.09,34700.0,0.012
3.924277e-07,e,1.0,o,1.0,-4.36,18600.0,-0.001
3.9250160000000003e-07,e,2.0,o,3.0,-4.89,5630.0,0.016
3.927113e-07,e,2.0,o,2.0,-3.93,51400.0,-0.001
3.938776e-07,e,2.0,o,1.0,-2.5,1390000.0,-0.145
3.9409960000000005e-07,o,2.0,e,1.0,-5.62,1050.0,0.003
3.946252e-07,e,3.0,o,3.0,-3.83,60500.0,0.0
3.957826e-07,e,3.0,o,3.0,-4.24,24700.0,-0.075
3.96794e-07,o,1.0,e,2.0,-4.74,7670.0,-0.004
3.9686640000000005e-07,e,2.0,o,1.0,-2.9,527000.0,0.037
3.982493e-07,o,1.0,e,1.0,-6.0,430.0,-0.001
3.996898e-07,e,2.0,o,2.0,-4.8,6670.0,0.11
3.997489e-07,o,2.0,e,2.0,-5.36,1850.0,0.003
4.009141e-07,e,3.0,o,2.0,-3.04,386000.0,-0.024
4.01202e-07,e,4.0,o,3.0,-4.71,8020.0,-0.14
4.014888e-07,o,2.0,e,3.0,-5.17,2780.0,-0.001
4.0184850000000003e-07,e,1.0,o,2.0,-4.5,12900.0,-0.001
4.030925e-07,e,3.0,o,2.0,-5.78,678.0,-0.006
4.032942e-07,o,0.0,e,1.0,-5.59,1080.0,-0.003
4.034373e-07,e,2.0,o,1.0,-2.46,1490000.0,0.474
4.0359679999999997e-07,e,3.0,o,4.0,-4.82,6160.0,0.011
4.0375500000000003e-07,e,3.0,o,3.0,-4.71,8220.0,-0.017
4.0423310000000004e-07,e,3.0,o,4.0,-3.23,239000.0,0.514
4.0650410000000004e-07,e,2.0,o,2.0,-4.29,20500.0,0.001
4.068845e-07,o,2.0,e,2.0,-4.95,4530.0,0.016
4.072126e-07,o,3.0,e,3.0,-4.67,8550.0,-0.006
4.079718e-07,e,2.0,o,3.0,-5.71,795.0,0.0
4.081583e-07,e,2.0,o,2.0,-3.17,272000.0,-0.01
4.09234e-07,e,4.0,o,4.0,-4.24,22500.0,-0.07
4.095323e-07,e,1.0,o,1.0,-3.23,233000.0,0.032
4.1130940000000004e-07,o,1.0,e,2.0,-5.21,2460.0,0.009
4.127985e-07,o,4.0,e,4.0,-5.43,1450.0,-0.004
4.1286490000000005e-07,o,1.0,e,2.0,-5.41,1520.0,0.004
4.143687e-07,e,2.0,o,1.0,-3.27,206000.0,-0.034
4.151463e-07,e,2.0,o,3.0,-3.36,167000.0,0.01
4.1529970000000004e-07,e,3.0,o,2.0,-2.87,520000.0,-0.126
4.155258e-07,e,2.0,o,3.0,-5.75,691.0,-0.012
4.1553440000000004e-07,o,3.0,e,2.0,-3.65,86800.0,0.122
4.1683170000000003e-07,e,3.0,o,3.0,-2.76,681000.0,0.011
4.1721250000000003e-07,o,3.0,e,3.0,-5.03,3620.0,-0.002
4.174146e-07,o,3.0,e,3.0,-5.92,458.0,0.001
4.181914e-07,o,4.0,e,4.0,-5.49,1240.0,0.012
4.1920460000000006e-07,e,3.0,o,3.0,-4.66,8260.0,0.059
4.2158350000000004e-07,e,4.0,o,5.0,-5.33,1730.0,0.003
4.231963e-07,o,3.0,e,2.0,-4.98,3910.0,-0.018
4.2436180000000004e-07,o,2.0,e,1.0,-5.49,1210.0,0.024
4.252894e-07,e,4.0,o,3.0,-5.44,1340.0,-0.011
4.2582730000000005e-07,o,3.0,e,4.0,-4.89,4750.0,0.002
4.2621940000000006e-07,e,1.0,o,2.0,-5.0,3630.0,-0.001
4.279375e-07,e,2.0,o,1.0,-4.39,15100.0,-0.153
4.2844170000000007e-07,o,3.0,e,4.0,-4.14,25700.0,0.022
4.293191e-07,o,2.0,e,3.0,-5.79,584.0,0.003
4.296641e-07,o,4.0,e,3.0,-5.92,426.0,-0.003
4.3146040000000005e-07,e,2.0,o,2.0,-3.65,79200.0,0.013
4.3178450000000004e-07,o,4.0,e,5.0,-5.02,3390.0,0.003
4.3401270000000006e-07,o,3.0,e,2.0,-5.07,3080.0,0.014
4.345201e-07,e,1.0,o,0.0,-3.25,210000.0,-0.497
4.3541300000000004e-07,o,3.0,e,4.0,-5.68,746.0,0.001
4.3650400000000003e-07,o,1.0,e,2.0,-5.64,800.0,0.004
4.3708010000000004e-07,o,2.0,e,3.0,-5.69,725.0,0.004
4.4138230000000003e-07,e,3.0,o,2.0,-3.04,310000.0,-0.023
4.451706e-07,e,3.0,o,2.0,-4.38,14200.0,-0.082
4.470293e-07,o,2.0,e,3.0,-5.89,430.0,0.003
4.484385e-07,e,2.0,o,2.0,-3.41,132000.0,-0.032
4.491516e-07,e,2.0,o,3.0,-2.97,348000.0,0.242
4.492746e-07,o,1.0,e,1.0,-5.27,1750.0,0.003
4.504404000000001e-07,o,4.0,e,4.0,-5.36,1430.0,-0.004
4.517977e-07,e,4.0,o,4.0,-4.76,5700.0,0.046
4.5336670000000004e-07,o,4.0,e,4.0,-4.71,6190.0,-0.006
4.5468810000000005e-07,e,2.0,o,1.0,-2.92,393000.0,0.295
4.5520760000000004e-07,o,2.0,e,1.0,-5.75,576.0,-0.006
4.5535900000000005e-07,o,2.0,e,1.0,-5.46,1090.0,0.001
4.570071e-07,o,1.0,e,2.0,-3.85,44700.0,-0.009
4.5719089999999996e-07,e,1.0,o,2.0,-2.25,1740000.0,-0.635
4.5762410000000004e-07,e,2.0,o,3.0,-3.75,56800.0,0.006
4.583539e-07,o,3.0,e,2.0,-4.98,3360.0,-0.031
4.591875e-07,e,1.0,o,1.0,-3.42,119000.0,0.074
4.5991400000000005e-07,e,3.0,o,3.0,-4.13,23400.0,0.057
4.6052389999999996e-07,o,4.0,e,3.0,-3.71,61900.0,0.085
4.609293e-07,e,2.0,o,3.0,-5.25,1810.0,0.046
4.616187e-07,o,1.0,e,1.0,-5.57,861.0,-0.002
4.6303800000000005e-07,o,3.0,e,4.0,-5.08,2570.0,0.007
4.632267e-07,e,2.0,o,2.0,-3.06,263000.0,-0.229
4.633041e-07,o,2.0,e,2.0,-4.73,5720.0,0.002
4.6527650000000006e-07,e,2.0,o,1.0,-4.12,23000.0,0.014
4.653436e-07,e,2.0,o,3.0,-3.31,149000.0,-0.057
4.6546049999999995e-07,e,3.0,o,3.0,-4.9,3900.0,-0.018
4.6899700000000005e-07,o,4.0,e,5.0,-5.3,1510.0,0.003
4.691048e-07,e,1.0,o,1.0,-4.88,3850.0,0.013
4.698079e-07,e,3.0,o,4.0,-4.0,30000.0,-0.157
4.710538e-07,e,2.0,o,3.0,-5.01,2850.0,-0.001
4.7227730000000004e-07,e,1.0,o,2.0,-4.6,7290.0,0.002
4.7297430000000007e-07,e,4.0,o,3.0,-4.6,7570.0,-0.052
4.746829e-07,e,3.0,o,2.0,-4.02,27500.0,-0.066
4.7485190000000006e-07,o,4.0,e,3.0,-4.65,6700.0,0.024
4.754615e-07,e,2.0,o,1.0,-4.67,6130.0,0.012
4.7599780000000004e-07,o,2.0,e,2.0,-5.5,909.0,0.001
4.7621090000000004e-07,e,2.0,o,3.0,-5.55,796.0,0.0
4.769059000000001e-07,e,3.0,o,3.0,-4.32,13700.0,-0.011
4.775093e-07,o,2.0,e,3.0,-3.74,52400.0,-0.009
4.782904e-07,o,4.0,e,5.0,-4.04,26100.0,0.06
4.784575e-07,o,1.0,e,2.0,-5.01,2810.0,0.008
4.787209e-07,e,2.0,o,2.0,-3.09,230000.0,-0.032
4.800423e-07,e,2.0,o,2.0,-3.14,213000.0,0.013
4.808594e-07,e,1.0,o,2.0,-4.45,10200.0,0.005
4.827933e-07,e,3.0,o,3.0,-5.99,297.0,-0.021
4.834375e-07,o,3.0,e,4.0,-5.56,812.0,-0.008
4.838094e-07,o,1.0,e,2.0,-5.48,948.0,-0.003
4.843647e-07,o,4.0,e,3.0,-4.8,4600.0,-0.023
4.860646e-07,o,3.0,e,3.0,-5.69,584.0,-0.006
4.862654000000001e-07,e,2.0,o,1.0,-4.14,20600.0,-0.046
4.875409e-07,e,2.0,o,2.0,-4.7,5660.0,0.001
4.883266e-07,e,3.0,o,3.0,-3.38,114000.0,0.037
4.898623e-07,o,3.0,e,2.0,-5.14,2030.0,-0.016
4.909663e-07,e,3.0,o,2.0,-3.23,161000.0,0.016
4.910048e-07,o,2.0,e,3.0,-4.44,9780.0,-0.004
4.922883e-07,o,4.0,e,4.0,-5.63,653.0,-0.003
4.931964e-07,e,3.0,o,4.0,-4.75,4900.0,0.085
4.936858000000001e-07,e,1.0,o,1.0,-3.73,52400.0,-0.006
4.980576e-07,o,3.0,e,2.0,-6.0,280.0,-0.002
4.993135000000001e-07,o,2.0,e,2.0,-4.91,3210.0,0.009
5.002476e-07,e,3.0,o,2.0,-3.35,121000.0,-0.024
5.007311e-07,e,2.0,o,1.0,-3.14,198000.0,0.016
5.008139000000001e-07,e,2.0,o,2.0,-3.14,198000.0,-0.017
5.009618000000001e-07,e,3.0,o,3.0,-5.03,2390.0,0.0
5.01487e-07,e,2.0,o,3.0,-2.25,1450000.0,-0.524
5.016404000000001e-07,e,4.0,o,4.0,-4.19,17100.0,-0.081
5.022930000000001e-07,e,4.0,o,5.0,-5.11,2050.0,0.029
5.030435e-07,e,2.0,o,3.0,-4.69,5650.0,-0.004
5.037936e-07,e,1.0,o,2.0,-4.44,9800.0,-0.007
5.049587e-07,o,3.0,e,3.0,-5.12,1960.0,0.001
5.054309e-07,e,3.0,o,4.0,-2.57,695000.0,-0.63
5.099413e-07,o,3.0,e,3.0,-5.73,484.0,0.002
5.108453e-07,e,1.0,o,0.0,-3.5,83700.0,0.02
5.111325e-07,e,2.0,o,2.0,-4.77,4430.0,-0.001
5.128048e-07,e,2.0,o,1.0,-4.58,6720.0,0.037
5.137505000000001e-07,o,3.0,e,2.0,-5.0,2500.0,0.003
5.149411e-07,e,3.0,o,3.0,-3.27,132000.0,-0.13
5.154108000000001e-07,o,4.0,e,4.0,-5.58,678.0,-0.005
5.167158000000001e-07,o,3.0,e,4.0,-5.78,418.0,-0.003
5.172397e-07,o,4.0,e,5.0,-4.65,5570.0,0.02
5.183979999999999e-07,o,4.0,e,3.0,-5.1,2010.0,-0.015
5.251163999999999e-07,e,3.0,o,2.0,-3.11,194000.0,0.018
5.318669e-07,o,3.0,e,4.0,-3.59,59800.0,-0.016
5.392405e-07,e,2.0,o,2.0,-4.02,21900.0,0.051
5.451849000000001e-07,o,1.0,e,1.0,-4.61,5620.0,-0.017
5.45646e-07,o,4.0,e,3.0,-4.87,3060.0,-0.029
5.532688000000001e-07,e,3.0,o,4.0,-3.18,139000.0,0.511
5.541701e-07,o,2.0,e,1.0,-5.07,1860.0,0.007
5.671603e-07,e,2.0,o,3.0,-3.13,157000.0,-0.014
5.694793e-07,e,1.0,o,1.0,-5.19,1330.0,-0.002
5.700215e-07,o,2.0,e,3.0,-5.71,391.0,0.001
5.723018e-07,e,3.0,o,4.0,-2.35,891000.0,-0.514
5.761796000000001e-07,o,3.0,e,4.0,-5.99,203.0,0.001
5.763756e-07,o,4.0,e,4.0,-5.12,1600.0,0.008
5.788746000000001e-07,e,2.0,o,1.0,-4.11,15600.0,0.01
5.855281e-07,e,1.0,o,0.0,-4.39,7610.0,-0.239
5.864622e-07,o,2.0,e,2.0,-4.32,9300.0,-0.024
5.867408e-07,o,3.0,e,4.0,-5.83,290.0,-0.011
5.897895000000001e-07,e,2.0,o,2.0,-5.21,1170.0,-0.006
5.931162999999999e-07,e,2.0,o,1.0,-4.45,6890.0,-0.033
5.932254e-07,e,2.0,o,3.0,-3.07,163000.0,-0.025
5.994844e-07,e,1.0,o,2.0,-4.7,3530.0,-0.081
6.00269e-07,e,3.0,o,4.0,-3.67,38200.0,-0.045
6.050924e-07,e,2.0,o,3.0,-4.37,7410.0,-0.016
6.058073000000001e-07,e,1.0,o,1.0,-4.06,15600.0,0.056
6.069508e-07,o,2.0,e,2.0,-5.19,1170.0,-0.005
6.097673e-07,e,2.0,o,1.0,-5.26,959.0,-0.02
6.099048e-07,e,2.0,o,2.0,-4.15,12200.0,0.085
6.110005000000001e-07,e,2.0,o,3.0,-4.09,14300.0,0.005
6.151386000000001e-07,e,2.0,o,2.0,-3.44,63900.0,-0.02
6.164506000000001e-07,e,2.0,o,1.0,-4.05,15500.0,-0.033
6.239549000000001e-07,o,2.0,e,2.0,-5.62,416.0,-0.002
6.247891e-07,e,3.0,o,3.0,-4.48,5430.0,0.007
6.28417e-07,o,3.0,e,2.0,-5.37,730.0,0.003
6.297785e-07,e,2.0,o,2.0,-4.32,8230.0,-0.013
6.299213e-07,e,3.0,o,2.0,-4.64,3780.0,-0.051
6.490135e-07,o,2.0,e,3.0,-6.0,161.0,0.002
6.519627000000001e-07,e,2.0,o,1.0,-4.88,2250.0,0.012
6.532447e-07,e,2.0,o,3.0,-5.42,593.0,-0.003
6.584146e-07,o,3.0,e,4.0,-5.63,354.0,0.001
6.697072e-07,e,2.0,o,2.0,-4.74,2900.0,0.026
6.736185000000001e-07,o,3.0,e,3.0,-4.17,10100.0,-0.037
7.047216000000001e-07,o,3.0,e,3.0,-5.07,1150.0,-0.007
7.258790000000001e-07,o,3.0,e,3.0,-5.22,791.0,0.008
7.909891e-07,e,2.0,o,1.0,-4.66,2410.0,0.049
8.500872e-07,e,2.0,o,2.0,-5.03,861.0,0.02
8.628575000000001e-07,e,2.0,o,1.0,-4.91,1120.0,-0.071
8.727755999999999e-07,o,3.0,e,3.0,-5.99,91.8,0.003
9.541439000000001e-07,o,3.0,e,4.0,-5.89,102.0,-0.004
1.4072813e-06,o,4.0,e,3.0,-4.96,368.0,0.055
1.4857959000000002e-06,e,2.0,o,2.0,-5.91,37.0,-0.009
1.6104617e-06,e,3.0,o,2.0,-5.21,162.0,0.012
1.8598769e-06,o,3.0,e,2.0,-5.69,40.4,0.022
1.9149385e-06,e,2.0,o,2.0,-5.54,53.8,0.001
2.0380297e-06,o,4.0,e,3.0,-5.55,45.5,-0.048
2.5863184000000004e-06,e,1.0,o,2.0,-4.13,706.0,0.113
2.7921263e-06,e,2.0,o,2.0,-4.88,108.0,0.023
2.815791e-06,e,3.0,o,3.0,-5.14,65.2,0.004
2.9903413000000003e-06,e,2.0,o,3.0,-5.68,14.8,0.012
3.8393613e-06,o,4.0,e,3.0,-5.94,5.51,0.008
4.0645452e-06,e,2.0,o,3.0,-4.22,234.0,0.096
5.1565000000000005e-06,e,3.0,o,3.0,-5.23,14.9,0.012
6.4817217e-06,e,3.0,o,4.0,-5.65,3.48,0.024
1.9241871e-05,e,3.0,o,4.0,-4.8,2.82,0.175
