obs_wl_vac(nm)	unc_obs_wl	ritz_wl_vac(nm)	unc_ritz_wl	intens	Aki(s^-1)	fik	log_gf	Acc	Ei(cm-1)	Ek(cm-1)	conf_i	term_i	J_i	conf_k	term_k	J_k	g_i	g_k	Type	tp_ref	line_ref	
"40.1374"	"0.0005"	"40.13764"	"0.00004"	"1"	"4.8e+08"	"1.7e-01"	"-0.89"	D+	"2345.35"	"251488.07"	"4d2"	"3F"	"4"	"4d.6f"	"3G*"	"5"	9	11		"T2192"	"L12094"	
"40.2659"	"0.0005"	"40.26620"	"0.00003"	"2"	"2.7e+08"	"8.e-02"	"-1.23"	D	"1086.91"	"249434.14"	"4d2"	"3F"	"3"	"4d.6f"	"1G*"	"4"	7	9		"T2192"	"L12094"	
"40.3151"	"0.0005"	"40.31537"	"0.00004"	"2"	"2.5e+08"	"9.e-02"	"-1.17"	D	"2345.35"	"250389.69"	"4d2"	"3F"	"4"	"4d.6f"	"3H*"	"5"	9	11		"T2192"	"L12094"	
"40.7725"	"0.0005"	"40.7728"	"0.0003"	"3"	"2.9e+08"	"7.e-02"	"-1.29"	D	"8369.14"	"253630.7"	"4d2"	"1D"	"2"	"5s.4f"	"1F*"	"3"	5	7		"T2192"	"L12094"	
"41.6409"	"0.0005"	"41.64124"	"0.00004"	"15"	"3.3e+09"	"1.3e+00"	"-0.03"	C	"13803.54"	"253950.09"	"4d2"	"1G"	"4"	"4d.6f"	"1H*"	"5"	9	11		"T2192"	"L12094"	
"42.2679"	"0.0005"	"42.26790"	"0.00004"	"2"	"2.3e+08"	"9.e-02"	"-1.17"	D+	"13803.54"	"250389.69"	"4d2"	"1G"	"4"	"4d.6f"	"3H*"	"5"	9	11		"T2192"	"L12094"	
"42.7577"	"0.0005"	"42.75772"	"0.00023"	"1"	"8.e+07"	"2.1e-02"	"-1.8"	E	"1086.91"	"234962.8"	"4d2"	"3F"	"3"	"4d.(2D<5/2>).7p"	"2[5/2]*"	"3"	7	7		"T2192"	"L12094"	
"42.8539"	"0.0005"	"42.85380"	"0.00025"	"2"	"5.e+07"	"1.4e-02"	"-2.0"	E	"2345.35"	"235696.9"	"4d2"	"3F"	"4"	"4d.(2D<5/2>).7p"	"2[7/2]*"	"3"	9	7		"T2192"	"L12094"	
"42.8768"	"0.0005"	"42.87692"	"0.00006"	"5"	"9.e+07"	"3.1e-02"	"-1.7"	E	"2345.35"	"235571.05"	"4d2"	"3F"	"4"	"4d.(2D<5/2>).7p"	"2[7/2]*"	"4"	9	9		"T2192"	"L12094"	
"42.9890"	"0.0005"	"42.98904"	"0.00024"	"5"	"2.1e+08"	"6.e-02"	"-1.39"	D	"2345.35"	"234962.8"	"4d2"	"3F"	"4"	"4d.(2D<5/2>).7p"	"2[5/2]*"	"3"	9	7		"T2192"	"L12094"	
"43.8057"	"0.0005"	"43.80676"	"0.00004"	"1"	"8.e+07"	"2.2e-02"	"-1.8"	E	"0.00"	"228275.29"	"4d2"	"3F"	"2"	"4d.5f"	"3D*"	"3"	5	7		"T2192"	"L12094"	
"43.8282"	"0.0005"	"43.82710"	"0.00005"	"1"	"1.0e+08"	"2.1e-02"	"-1.8"	E	"1086.91"	"229256.26"	"4d2"	"3F"	"3"	"4d.5f"	"3P*"	"2"	7	5		"T2192"	"L12094"	
"44.0155"	"0.0005"	"44.01634"	"0.00004"	"2"	"1.2e+08"	"3.5e-02"	"-1.6"	D	"1086.91"	"228275.29"	"4d2"	"3F"	"3"	"4d.5f"	"3D*"	"3"	7	7		"T2192"	"L12094"	
"44.0521"	"0.0005"	"44.05196"	"0.00006"	"1"	"7.e+07"	"2.1e-02"	"-1.8"	E	"2345.35"	"229350.03"	"4d2"	"3F"	"4"	"4d.5f"	"1F*"	"3"	9	7		"T2192"	"L12094"	
"44.0701"	"0.0005"	"44.07015"	"0.00006"	"2"	"2.5e+08"	"5.e-02"	"-1.44"	D	"1086.91"	"227997.87"	"4d2"	"3F"	"3"	"4d.5f"	"3D*"	"2"	7	5		"T2192"	"L12094"	
"44.1067"	"0.0005"	"44.10725"	"0.00005"	"2"	"1.2e+08"	"2.5e-02"	"-1.8"	E	"0.00"	"226720.10"	"4d2"	"3F"	"2"	"4d.5f"	"1D*"	"2"	5	5		"T2192"	"L12094"	
"44.1692"	"0.0005"	"44.16811"	"0.00004"	"70"	"1.7e+09"	"5.1e-01"	"-0.45"	D+	"0.00"	"226407.69"	"4d2"	"3F"	"2"	"4d.5f"	"3G*"	"3"	5	7		"T2192"	"L12094"	
"44.1705"	"0.0005"	"44.17021"	"0.00004"	"130"	"2.2e+09"	"8.3e-01"	"-0.24"	D+	"1086.91"	"227483.82"	"4d2"	"3F"	"3"	"4d.5f"	"3G*"	"4"	7	9		"T2192"	"L12094"	
"44.2612"	"0.0005"	"44.26151"	"0.00006"	"3"	"3.2e+08"	"9.e-02"	"-1.19"	D+	"2345.35"	"228275.29"	"4d2"	"3F"	"4"	"4d.5f"	"3D*"	"3"	9	7		"T2192"	"L12094"	
"44.3076"	"0.0005"	"44.30767"	"0.00004"	"3"	"2.2e+08"	"8.e-02"	"-1.24"	D	"1086.91"	"226781.46"	"4d2"	"3F"	"3"	"4d.5f"	"3F*"	"4"	7	9		"T2192"	"L12094"	
"44.3143"	"0.0005"	"44.31456"	"0.00005"	"45"	"1.5e+09"	"4.6e-01"	"-0.50"	D+	"0.00"	"225659.45"	"4d2"	"3F"	"2"	"4d.5f"	"3F*"	"3"	5	7		"T2192"	"L12094"	
"44.3377"	"0.0005"	"44.33798"	"0.00006"	"150"	"3.4e+09"	"1.6e+00"	"0.04"	C	"2345.35"	"227885.64"	"4d2"	"3F"	"4"	"4d.5f"	"3G*"	"5"	9	11		"T2192"	"L12094"	
"44.3715"	"0.0005"	"44.37189"	"0.00005"	"13"	"8.e+08"	"1.7e-01"	"-0.93"	D+	"0.00"	"225367.89"	"4d2"	"3F"	"2"	"4d.5f"	"3F*"	"2"	5	5		"T2192"	"L12094"	
"44.3806"	"0.0005"	"44.38117"	"0.00004"	"13"	"8.e+08"	"2.3e-01"	"-0.81"	D+	"1086.91"	"226407.69"	"4d2"	"3F"	"3"	"4d.5f"	"3G*"	"3"	7	7		"T2192"	"L12094"	
"44.4166"	"0.0005"	"44.41711"	"0.00006"	"15"	"6.4e+08"	"2.5e-01"	"-0.77"	D+	"2345.35"	"227483.82"	"4d2"	"3F"	"4"	"4d.5f"	"3G*"	"4"	9	9		"T2192"	"L12094"	
"44.5239"	"0.0005"	"44.52381"	"0.00005"	"25"	"8.e+08"	"2.9e-01"	"-0.70"	D+	"1086.91"	"225685.84"	"4d2"	"3F"	"3"	"4d.5f"	"3H*"	"4"	7	9		"T2192"	"L12094"	
"44.5284"	"0.0005"	"44.52904"	"0.00005"	"4"	"2.2e+08"	"7.e-02"	"-1.33"	D	"1086.91"	"225659.45"	"4d2"	"3F"	"3"	"4d.5f"	"3F*"	"3"	7	7		"T2192"	"L12094"	
"44.5558"	"0.0005"	"44.55611"	"0.00006"	"12"	"4.1e+08"	"1.6e-01"	"-0.95"	D+	"2345.35"	"226781.46"	"4d2"	"3F"	"4"	"4d.5f"	"3F*"	"4"	9	9		"T2192"	"L12094"	
"44.6584"	"0.0021"	"44.65842"	"0.00004"	"35c*"	"3.8e+08"	"1.5e-01"	"-0.99"	D+	"1086.91"	"225008.83"	"4d2"	"3F"	"3"	"4d.5f"	"1G*"	"4"	7	9		"T2192"	"L12094"	
"44.6584"	"0.0021"	"44.65907"	"0.00006"	"35c*"	"4.3e+08"	"2.1e-01"	"-0.85"	D+	"2345.35"	"226264.03"	"4d2"	"3F"	"4"	"4d.5f"	"3H*"	"5"	9	11		"T2192"	"L12094"	
"44.7873"	"0.0005"	"44.78768"	"0.00006"	"1"	"3.5e+08"	"4.7e-02"	"-1.50"	D	"8369.14"	"231644.82"	"4d2"	"1D"	"2"	"4d.5f"	"1P*"	"1"	5	3		"T2192"	"L12094"	
"44.9110"	"0.0005"	"44.91082"	"0.00006"	"1"	"7.e+07"	"3.0e-02"	"-1.7"	E	"2345.35"	"225008.83"	"4d2"	"3F"	"4"	"4d.5f"	"1G*"	"4"	9	9		"T2192"	"L12094"	
"45.0670"	"0.0005"	"45.0667"	"0.0003"	"1"	"2.3e+08"	"7.e-02"	"-1.31"	D	"13803.54"	"235696.9"	"4d2"	"1G"	"4"	"4d.(2D<5/2>).7p"	"2[7/2]*"	"3"	9	7		"T2192"	"L12094"	
"45.2142"	"0.0005"	"45.21389"	"0.00005"	"1"	"2.1e+08"	"2.9e-02"	"-1.7"	E	"8369.14"	"229540.13"	"4d2"	"1D"	"2"	"4d.5f"	"3P*"	"1"	5	3		"T2192"	"L12094"	
"45.2526"	"0.0005"	"45.25278"	"0.00004"	"35"	"1.5e+09"	"4.8e-01"	"-0.49"	D+	"8369.14"	"229350.03"	"4d2"	"1D"	"2"	"4d.5f"	"1F*"	"3"	5	7		"T2192"	"L12094"	
"45.3461"	"0.0005"	"45.34641"	"0.00005"	"1"	"1.6e+08"	"2.2e-02"	"-1.8"	E	"11120.18"	"231644.82"	"4d2"	"3P"	"2"	"4d.5f"	"1P*"	"1"	5	3		"T2192"	"L12094"	
"45.4737"	"0.0005"	"45.47394"	"0.00004"	"30"	"1.6e+09"	"5.3e-01"	"-0.45"	D+	"8369.14"	"228275.29"	"4d2"	"1D"	"2"	"4d.5f"	"3D*"	"3"	5	7		"T2192"	"L12094"	
"45.5370"	"0.0005"	"45.53703"	"0.00006"	"2"	"2.3e+09"	"1.1e-01"	"-1.15"	D+	"10124.99"	"229726.47"	"4d2"	"3P"	"1"	"4d.5f"	"3P*"	"0"	3	1		"T2192"	"L12094"	
"45.5755"	"0.0005"	"45.57571"	"0.00006"	"5"	"1.2e+09"	"1.7e-01"	"-0.95"	D+	"10124.99"	"229540.13"	"4d2"	"3P"	"1"	"4d.5f"	"3P*"	"1"	3	3		"T2192"	"L12094"	
"45.7979"	"0.0005"	"45.79783"	"0.00005"	"10"	"9.e+08"	"2.0e-01"	"-0.87"	D+	"8369.14"	"226720.10"	"4d2"	"1D"	"2"	"4d.5f"	"1D*"	"2"	5	5		"T2192"	"L12094"	
"45.8231"	"0.0005"	"45.82325"	"0.00004"	"35"	"2.0e+09"	"6.5e-01"	"-0.37"	D+	"11120.18"	"229350.03"	"4d2"	"3P"	"2"	"4d.5f"	"1F*"	"3"	5	7		"T2192"	"L12094"	
"45.8434"	"0.0005"	"45.84294"	"0.00005"	"20"	"2.2e+09"	"5.1e-01"	"-0.47"	D+	"11120.18"	"229256.26"	"4d2"	"3P"	"2"	"4d.5f"	"3P*"	"2"	5	5		"T2192"	"L12094"	
"45.8452"	"0.0005"	"45.84519"	"0.00006"	"200"	"7.8e+09"	"4.1e+00"	"0.43"	C+	"13803.54"	"231928.95"	"4d2"	"1G"	"4"	"4d.5f"	"1H*"	"5"	9	11		"T2192"	"L12094"	
"45.8495"	"0.0005"	"45.84939"	"0.00007"	"12"	"2.0e+09"	"2.8e-01"	"-0.73"	D+	"9693.66"	"227799.09"	"4d2"	"3P"	"0"	"4d.5f"	"3D*"	"1"	1	3		"T2192"	"L12094"	
"45.8632"	"0.0005"	"45.86345"	"0.00004"	"7"	"4.3e+08"	"1.4e-01"	"-1.02"	D+	"8369.14"	"226407.69"	"4d2"	"1D"	"2"	"4d.5f"	"3G*"	"3"	5	7		"T2192"	"L12094"	
"45.8988"	"0.0005"	"45.89832"	"0.00007"	"35"	"1.9e+09"	"4.5e-01"	"-0.53"	D+	"10124.99"	"227997.87"	"4d2"	"3P"	"1"	"4d.5f"	"3D*"	"2"	3	5		"T2192"	"L12094"	
"46.0216"	"0.0005"	"46.02138"	"0.00005"	"3"	"8.e+07"	"2.8e-02"	"-1.7"	E	"8369.14"	"225659.45"	"4d2"	"1D"	"2"	"4d.5f"	"3F*"	"3"	5	7		"T2192"	"L12094"	
"46.0501"	"0.0005"	"46.05003"	"0.00004"	"18"	"6.8e+08"	"2.3e-01"	"-0.82"	D+	"11120.18"	"228275.29"	"4d2"	"3P"	"2"	"4d.5f"	"3D*"	"3"	5	7		"T2192"	"L12094"	
"46.0833"	"0.0005"	"46.08321"	"0.00005"	"1"	"2.5e+08"	"6.e-02"	"-1.40"	D	"8369.14"	"225367.89"	"4d2"	"1D"	"2"	"4d.5f"	"3F*"	"2"	5	5		"T2192"	"L12094"	
"46.1690"	"0.0005"	"46.16909"	"0.00005"	"7"	"5.4e+08"	"1.3e-01"	"-1.07"	D+	"10124.99"	"226720.10"	"4d2"	"3P"	"1"	"4d.5f"	"1D*"	"2"	3	5		"T2192"	"L12094"	
"46.3935"	"0.0005"	"46.39370"	"0.00005"	"2"	"1.7e+08"	"6.e-02"	"-1.41"	D	"13803.54"	"229350.03"	"4d2"	"1G"	"4"	"4d.5f"	"1F*"	"3"	9	7		"T2192"	"L12094"	
"46.6123"	"0.0021"	"46.61151"	"0.00005"	"4w"	"7.e+07"	"2.5e-02"	"-1.8"	E	"11120.18"	"225659.45"	"4d2"	"3P"	"2"	"4d.5f"	"3F*"	"3"	5	7		"T2192"	"L12094"	
"46.9528"	"0.0005"	"46.95322"	"0.00005"	"2"	"1.4e+08"	"6.e-02"	"-1.38"	D	"13803.54"	"226781.46"	"4d2"	"1G"	"4"	"4d.5f"	"3F*"	"4"	9	9		"T2192"	"L12094"	
"47.0672"	"0.0005"	"47.06757"	"0.00005"	"5"	"1.8e+08"	"1.0e-01"	"-1.19"	D+	"13803.54"	"226264.03"	"4d2"	"1G"	"4"	"4d.5f"	"3H*"	"5"	9	11		"T2192"	"L12094"	
"47.3471"	"0.0005"	"47.34730"	"0.00005"	"7"	"2.2e+08"	"1.0e-01"	"-1.18"	D+	"13803.54"	"225008.83"	"4d2"	"1G"	"4"	"4d.5f"	"1G*"	"4"	9	9		"T2192"	"L12094"	
"50.0219"	"0.0005"	"50.02200"	"0.00008"	"4"	"1.9e+09"	"3.6e-01"	"-0.67"	D+	"31732.77"	"231644.82"	"4d2"	"1S"	"0"	"4d.5f"	"1P*"	"1"	1	3		"T2192"	"L12094"	
"50.4702"	"0.0005"	"50.4702"	"0.0004"	"50"	"7.4e+09"	"2.4e+00"	"0.15"	C	"52064.67"	"250201.2"	"4d.5s"	"3D"	"1"	"5s.4f"	"3F*"	"2"	3	5		"T2192"	"L12094"	
"50.5972"	"0.0005"	"50.5973"	"0.0004"	"75"	"7.5e+09"	"3.3e+00"	"0.30"	C+	"52629.96"	"250268.8"	"4d.5s"	"3D"	"2"	"5s.4f"	"3F*"	"3"	5	7		"T2192"	"L12094"	
"50.6147"	"0.0005"	"50.6147"	"0.0004"	"5"	"1.3e+09"	"4.3e-01"	"-0.59"	D+	"52629.96"	"250201.2"	"4d.5s"	"3D"	"2"	"5s.4f"	"3F*"	"2"	5	5		"T2192"	"L12094"	
"50.9015"	"0.0005"	"50.9014"	"0.0004"	"4"	"1.0e+09"	"4.3e-01"	"-0.59"	D+	"53810.47"	"250268.8"	"4d.5s"	"3D"	"3"	"5s.4f"	"3F*"	"3"	7	7		"T2192"	"L12094"	
"50.9074"	"0.0005"	"50.9074"	"0.0005"	"120"	"9.4e+09"	"5.5e+00"	"0.52"	C+	"53810.47"	"250245.6"	"4d.5s"	"3D"	"3"	"5s.4f"	"3F*"	"4"	7	9		"T2192"	"L12094"	
"51.2654"	"0.0005"	"51.2652"	"0.0005"	"50"	"8.1e+09"	"3.8e+00"	"0.35"	C+	"58566.68"	"253630.7"	"4d.5s"	"1D"	"2"	"5s.4f"	"1F*"	"3"	5	7		"T2192"	"L12094"	
"51.4458"	"0.0005"	"51.44562"	"0.00005"	"2"	"1.7e+07"	"1.0e-02"	"-2.2"	E	"1086.91"	"195466.91"	"4d2"	"3F"	"3"	"4d.6p"	"3F*"	"4"	7	9		"T2192"	"L12094"	
"51.5355"	"0.0005"	"51.53532"	"0.00007"	"5"	"6.e+07"	"2.9e-02"	"-1.8"	E	"2345.35"	"196387.02"	"4d2"	"3F"	"4"	"4d.6p"	"1F*"	"3"	9	7		"T2192"	"L12094"	
"51.5499"	"0.0021"	"51.54848"	"0.00005"	"25l"	"1.2e+08"	"4.0e-02"	"-1.6"	D	"0.00"	"193992.14"	"4d2"	"3F"	"2"	"4d.6p"	"3D*"	"2"	5	5		"T2192"	"L12094"	
"51.7325"	"0.0005"	"51.73237"	"0.00005"	"20"	"1.2e+08"	"6.e-02"	"-1.46"	D	"1086.91"	"194389.46"	"4d2"	"3F"	"3"	"4d.6p"	"3D*"	"3"	7	7		"T2192"	"L12094"	
"51.7808"	"0.0005"	"51.78086"	"0.00007"	"90"	"2.5e+08"	"1.6e-01"	"-1.04"	D+	"2345.35"	"195466.91"	"4d2"	"3F"	"4"	"4d.6p"	"3F*"	"4"	9	9		"T2192"	"L12094"	
"51.8381"	"0.0005"	"51.83809"	"0.00005"	"150"	"7.e+08"	"1.4e-01"	"-1.09"	D+	"0.00"	"192908.33"	"4d2"	"3F"	"2"	"4d.6p"	"3D*"	"1"	5	3		"T2192"	"L12094"	
"51.8679"	"0.0005"	"51.86814"	"0.00005"	"40"	"1.7e+08"	"8.e-02"	"-1.32"	D	"1086.91"	"193883.50"	"4d2"	"3F"	"3"	"4d.6p"	"3F*"	"3"	7	7		"T2192"	"L12094"	
"52.0460"	"0.0005"	"52.04632"	"0.00005"	"90"	"5.5e+08"	"1.9e-01"	"-0.95"	D+	"1086.91"	"193223.45"	"4d2"	"3F"	"3"	"4d.6p"	"3F*"	"2"	7	5		"T2192"	"L12094"	
"52.0600"	"0.0005"	"52.06001"	"0.00005"	"30"	"2.1e+08"	"7.e-02"	"-1.36"	D	"0.00"	"192086.01"	"4d2"	"3F"	"2"	"4d.6p"	"1D*"	"2"	5	5		"T2192"	"L12094"	
"52.0714"	"0.0005"	"52.07137"	"0.00007"	"90"	"6.7e+08"	"3.3e-01"	"-0.72"	D+	"2345.35"	"194389.46"	"4d2"	"3F"	"4"	"4d.6p"	"3D*"	"3"	9	7		"T2192"	"L12094"	
"52.1312"	"0.0005"	"52.13135"	"0.00006"	"12"	"2.7e+08"	"6.e-02"	"-1.48"	D	"0.00"	"191823.16"	"4d2"	"3F"	"2"	"4d.6p"	"1P*"	"1"	5	3		"T2192"	"L12094"	
"52.2090"	"0.0005"	"52.20892"	"0.00007"	"27"	"1.1e+08"	"5.e-02"	"-1.50"	D	"2345.35"	"193883.50"	"4d2"	"3F"	"4"	"4d.6p"	"3F*"	"3"	9	7		"T2192"	"L12094"	
"52.2201"	"0.0005"	"52.22010"	"0.00005"	"30"	"7.e+08"	"1.6e-01"	"-1.04"	D+	"8369.14"	"199866.28"	"4d2"	"1D"	"2"	"4d.6p"	"1P*"	"1"	5	3		"T2192"	"L12094"	
"52.3562"	"0.0005"	"52.35627"	"0.00005"	"4"	"3.1e+07"	"1.1e-02"	"-2.2"	E	"1086.91"	"192086.01"	"4d2"	"3F"	"3"	"4d.6p"	"1D*"	"2"	7	5		"T2192"	"L12094"	
"52.9813"	"0.0005"	"52.98123"	"0.00005"	"12"	"2.4e+08"	"5.e-02"	"-1.51"	D	"11120.18"	"199866.28"	"4d2"	"3P"	"2"	"4d.6p"	"1P*"	"1"	5	3		"T2192"	"L12094"	
"53.0442"	"0.0005"	"53.04427"	"0.00006"	"3"	"5.e+07"	"1.0e-02"	"-2.2"	E	"0.00"	"188521.79"	"4d2"	"3F"	"2"	"4d.4f"	"3P*"	"1"	5	3		"T2192"	"L12094"	
"53.1865"	"0.0005"	"53.18643"	"0.00005"	"75"	"2.6e+08"	"1.3e-01"	"-1.12"	D+	"8369.14"	"196387.02"	"4d2"	"1D"	"2"	"4d.6p"	"1F*"	"3"	5	7		"T2192"	"L12094"	
"53.2675"	"0.0005"	"53.26753"	"0.00007"	"5"	"6.e+07"	"3.0e-02"	"-1.8"	E	"0.00"	"187731.63"	"4d2"	"3F"	"2"	"4d.4f"	"1F*"	"3"	5	7		"T2192"	"L12094"	
"53.4608"	"0.0005"	"53.46071"	"0.00005"	"18"	"2.5e+08"	"6.e-02"	"-1.49"	D	"8369.14"	"195422.41"	"4d2"	"1D"	"2"	"4d.6p"	"3P*"	"1"	5	3		"T2192"	"L12094"	
"53.4655"	"0.0005"	"53.46543"	"0.00008"	"4"	"1.3e+08"	"4.8e-02"	"-1.56"	D	"1086.91"	"188123.66"	"4d2"	"3F"	"3"	"4d.4f"	"3P*"	"2"	7	5		"T2192"	"L12094"	
"53.5776"	"0.0005"	"53.57773"	"0.00007"	"5"	"8.e+07"	"4.5e-02"	"-1.59"	D	"1086.91"	"187731.63"	"4d2"	"3F"	"3"	"4d.4f"	"1F*"	"3"	7	7		"T2192"	"L12094"	
"53.6156"	"0.0005"	"53.61575"	"0.00006"	"15"	"1.4e+08"	"8.e-02"	"-1.37"	D	"0.00"	"186512.36"	"4d2"	"3F"	"2"	"4d.4f"	"3D*"	"3"	5	7		"T2192"	"L12094"	
"53.6566"	"0.0005"	"53.65654"	"0.00006"	"25"	"7.e+08"	"1.6e-01"	"-1.03"	D+	"0.00"	"186370.57"	"4d2"	"3F"	"2"	"4d.4f"	"3D*"	"1"	5	3		"T2192"	"L12094"	
"53.6876"	"0.0005"	"53.68745"	"0.00007"	"30"	"2.0e+08"	"8.e-02"	"-1.36"	D	"10124.99"	"196388.25"	"4d2"	"3P"	"1"	"4d.6p"	"3P*"	"2"	3	5		"T2192"	"L12094"	
"53.7576"	"0.0005"	"53.75757"	"0.00005"	"35"	"1.6e+08"	"9.e-02"	"-1.31"	D	"8369.14"	"194389.46"	"4d2"	"1D"	"2"	"4d.6p"	"3D*"	"3"	5	7		"T2192"	"L12094"	
"53.8419"	"0.0005"	"53.84196"	"0.00008"	"25"	"2.84e+08"	"6.56e-02"	"-1.43"	C+	"9693.66"	"195422.41"	"4d2"	"3P"	"0"	"4d.6p"	"3P*"	"1"	1	3		"T7653"	"L12094"	
"53.8726"	"0.0005"	"53.87263"	"0.00005"	"25"	"1.6e+08"	"6.e-02"	"-1.45"	D	"8369.14"	"193992.14"	"4d2"	"1D"	"2"	"4d.6p"	"3D*"	"2"	5	5		"T2192"	"L12094"	
"53.9300"	"0.0005"	"53.93003"	"0.00006"	"8"	"8.e+07"	"4.1e-02"	"-1.63"	D	"1086.91"	"186512.36"	"4d2"	"3F"	"3"	"4d.4f"	"3D*"	"3"	7	7		"T2192"	"L12094"	
"53.9414"	"0.0005"	"53.94142"	"0.00008"	"8"	"1.8e+08"	"1.0e-01"	"-1.26"	D+	"2345.35"	"187731.63"	"4d2"	"3F"	"4"	"4d.4f"	"1F*"	"3"	9	7		"T2192"	"L12094"	
"53.9591"	"0.0005"	"53.95990"	"0.00007"	"15"	"7.e+08"	"2.8e-01"	"-0.80"	D+	"1086.91"	"186409.72"	"4d2"	"3F"	"3"	"4d.4f"	"3D*"	"2"	7	5		"T2192"	"L12094"	
"53.9673"	"0.0005"	"53.96729"	"0.00007"	"15"	"3.1e+08"	"7.e-02"	"-1.39"	D	"10124.99"	"195422.41"	"4d2"	"3P"	"1"	"4d.6p"	"3P*"	"1"	3	3		"T2192"	"L12094"	
"53.9760"	"0.0021"	"53.97584"	"0.00005"	"100c*"	"8.e+08"	"3.0e-01"	"-0.78"	D+	"11120.18"	"196388.25"	"4d2"	"3P"	"2"	"4d.6p"	"3P*"	"2"	5	5		"T2192"	"L12094"	
"53.9760"	"0.0021"	"53.97620"	"0.00005"	"100c*"	"1.8e+08"	"1.0e-01"	"-1.26"	D+	"11120.18"	"196387.02"	"4d2"	"3P"	"2"	"4d.6p"	"1F*"	"3"	5	7		"T2192"	"L12094"	
"54.0440"	"0.0005"	"54.04404"	"0.00007"	"45"	"1.2e+09"	"1.0e-01"	"-1.27"	D+	"10124.99"	"195159.26"	"4d2"	"3P"	"1"	"4d.6p"	"3P*"	"0"	3	1		"T2192"	"L12094"	
"54.0968"	"0.0005"	"54.09666"	"0.00005"	"20"	"1.1e+08"	"4.2e-02"	"-1.63"	D	"8369.14"	"193223.45"	"4d2"	"1D"	"2"	"4d.6p"	"3F*"	"2"	5	5		"T2192"	"L12094"	
"54.2391"	"0.0005"	"54.23908"	"0.00006"	"14000"	"1.08e+10"	"5.9e+00"	"0.52"	C+	"0.00"	"184368.90"	"4d2"	"3F"	"2"	"4d.4f"	"3G*"	"3"	5	7		"T2192"	"L12094"	
"54.2579"	"0.0005"	"54.25870"	"0.00005"	"35"	"2.6e+08"	"6.e-02"	"-1.47"	D	"11120.18"	"195422.41"	"4d2"	"3P"	"2"	"4d.6p"	"3P*"	"1"	5	3		"T2192"	"L12094"	
"54.2988"	"0.0005"	"54.29854"	"0.00008"	"100"	"7.6e+08"	"4.2e-01"	"-0.63"	D+	"2345.35"	"186512.36"	"4d2"	"3F"	"4"	"4d.4f"	"3D*"	"3"	9	7		"T2192"	"L12094"	
"54.3099"	"0.0005"	"54.30978"	"0.00006"	"14000"	"1.10e+10"	"7.8e+00"	"0.64"	C+	"1086.91"	"185215.82"	"4d2"	"3F"	"3"	"4d.4f"	"3G*"	"4"	7	9		"T2192"	"L12094"	
"54.3873"	"0.0005"	"54.38709"	"0.00007"	"90"	"2.2e+08"	"9.e-02"	"-1.30"	D	"10124.99"	"193992.14"	"4d2"	"3P"	"1"	"4d.6p"	"3D*"	"2"	3	5		"T2192"	"L12094"	
"54.4317"	"0.0005"	"54.43158"	"0.00005"	"90"	"2.4e+08"	"1.0e-01"	"-1.27"	D+	"8369.14"	"192086.01"	"4d2"	"1D"	"2"	"4d.6p"	"1D*"	"2"	5	5		"T2192"	"L12094"	
"54.5110"	"0.0005"	"54.50957"	"0.00006"	"5"	"1.0e+08"	"2.4e-02"	"-1.9"	E	"8369.14"	"191823.16"	"4d2"	"1D"	"2"	"4d.6p"	"1P*"	"1"	5	3		"T2192"	"L12094"	
"54.5217"	"0.0005"	"54.52144"	"0.00008"	"15000"	"1.27e+10"	"1.12e+01"	"0.80"	C+	"2345.35"	"185759.43"	"4d2"	"3F"	"4"	"4d.4f"	"3G*"	"5"	9	11		"T2192"	"L12094"	
"54.5614"	"0.0021"	"54.56073"	"0.00006"	"300u"	"1.5e+09"	"8.7e-01"	"-0.32"	D+	"1086.91"	"184368.90"	"4d2"	"3F"	"3"	"4d.4f"	"3G*"	"3"	7	7		"T2192"	"L12094"	
"54.5643"	"0.0005"	"54.56452"	"0.00005"	"60"	"2.3e+08"	"1.3e-01"	"-1.15"	D+	"11120.18"	"194389.46"	"4d2"	"3P"	"2"	"4d.6p"	"3D*"	"3"	5	7		"T2192"	"L12094"	
"54.5725"	"0.0005"	"54.57275"	"0.00008"	"20"	"1.6e+08"	"6.e-02"	"-1.45"	D	"0.00"	"183241.63"	"4d2"	"3F"	"2"	"4d.4f"	"1D*"	"2"	5	5		"T2192"	"L12094"	
"54.5807"	"0.0005"	"54.58078"	"0.00009"	"12"	"9.7e+07"	"2.34e-02"	"-1.89"	C+	"9693.66"	"192908.33"	"4d2"	"3P"	"0"	"4d.6p"	"3D*"	"1"	1	3		"T7653"	"L12094"	
"54.6154"	"0.0005"	"54.61542"	"0.00007"	"40"	"1.4e+08"	"6.e-02"	"-1.50"	D	"10124.99"	"193223.45"	"4d2"	"3P"	"1"	"4d.6p"	"3F*"	"2"	3	5		"T2192"	"L12094"	
"54.6837"	"0.0005"	"54.68351"	"0.00008"	"1500"	"1.4e+09"	"1.0e+00"	"-0.23"	C	"2345.35"	"185215.82"	"4d2"	"3F"	"4"	"4d.4f"	"3G*"	"4"	9	9		"T2192"	"L12094"	
"54.7094"	"0.0005"	"54.70958"	"0.00007"	"35"	"2.1e+08"	"5.0e-02"	"-1.56"	D	"10124.99"	"192908.33"	"4d2"	"3P"	"1"	"4d.6p"	"3D*"	"1"	3	3		"T2192"	"L12094"	
"54.7696"	"0.0005"	"54.76947"	"0.00006"	"1000"	"1.0e+09"	"5.7e-01"	"-0.50"	D+	"13803.54"	"196387.02"	"4d2"	"1G"	"4"	"4d.6p"	"1F*"	"3"	9	7		"T2192"	"L12094"	
"54.9062"	"0.0005"	"54.90599"	"0.00009"	"30"	"3.54e+08"	"8.7e-02"	"-1.32"	C+	"9693.66"	"191823.16"	"4d2"	"3P"	"0"	"4d.6p"	"1P*"	"1"	1	3		"T7653"	"L12094"	
"54.9141"	"0.0005"	"54.91390"	"0.00005"	"12"	"6.e+07"	"2.4e-02"	"-1.9"	E	"11120.18"	"193223.45"	"4d2"	"3P"	"2"	"4d.6p"	"3F*"	"2"	5	5		"T2192"	"L12094"	
"54.9569"	"0.0005"	"54.95683"	"0.00007"	"3"	"1.8e+07"	"7.e-03"	"-2.4"	E	"10124.99"	"192086.01"	"4d2"	"3P"	"1"	"4d.6p"	"1D*"	"2"	3	5		"T2192"	"L12094"	
"55.0091"	"0.0005"	"55.00909"	"0.00005"	"8"	"1.0e+08"	"2.5e-02"	"-1.9"	E	"11120.18"	"192908.33"	"4d2"	"3P"	"2"	"4d.6p"	"3D*"	"1"	5	3		"T2192"	"L12094"	
"55.0173"	"0.0005"	"55.01743"	"0.00007"	"15"	"1.6e+08"	"1.2e-01"	"-1.18"	D+	"53810.47"	"235571.05"	"4d.5s"	"3D"	"3"	"4d.(2D<5/2>).7p"	"2[7/2]*"	"4"	7	9		"T2192"	"L12094"	
"55.0362"	"0.0005"	"55.03633"	"0.00007"	"2"	"4.e+07"	"1.0e-02"	"-2.3"	E	"10124.99"	"191823.16"	"4d2"	"3P"	"1"	"4d.6p"	"1P*"	"1"	3	3		"T2192"	"L12094"	
"55.0855"	"0.0005"	"55.08550"	"0.00007"	"1000"	"1.2e+09"	"6.8e-01"	"-0.43"	D+	"0.00"	"181535.98"	"4d2"	"3F"	"2"	"4d.4f"	"3F*"	"3"	5	7		"T2192"	"L12094"	
"55.1962"	"0.0005"	"55.19634"	"0.00007"	"2500"	"3.7e+09"	"1.5e+00"	"-0.07"	C	"0.00"	"181171.43"	"4d2"	"3F"	"2"	"4d.4f"	"3F*"	"2"	5	5		"T2192"	"L12094"	
"55.2022"	"0.0005"	"55.2022"	"0.0004"	"20"	"1.2e+08"	"7.e-02"	"-1.43"	D	"53810.47"	"234962.8"	"4d.5s"	"3D"	"3"	"4d.(2D<5/2>).7p"	"2[5/2]*"	"3"	7	7		"T2192"	"L12094"	
"55.2232"	"0.0005"	"55.22317"	"0.00006"	"1000"	"7.5e+08"	"5.6e-01"	"-0.51"	D+	"1086.91"	"182170.31"	"4d2"	"3F"	"3"	"4d.4f"	"3F*"	"4"	7	9		"T2192"	"L12094"	
"55.3393"	"0.0005"	"55.33943"	"0.00005"	"7"	"9.e+07"	"2.1e-02"	"-1.9"	E	"11120.18"	"191823.16"	"4d2"	"3P"	"2"	"4d.6p"	"1P*"	"1"	5	3		"T2192"	"L12094"	
"55.3754"	"0.0005"	"55.37530"	"0.00006"	"7"	"5.e+07"	"3.2e-02"	"-1.8"	D	"13803.54"	"194389.46"	"4d2"	"1G"	"4"	"4d.6p"	"3D*"	"3"	9	7		"T2192"	"L12094"	
"55.4173"	"0.0005"	"55.41730"	"0.00007"	"2500"	"2.9e+09"	"1.7e+00"	"-0.03"	C	"1086.91"	"181535.98"	"4d2"	"3F"	"3"	"4d.4f"	"3F*"	"3"	7	7		"T2192"	"L12094"	
"55.5011"	"0.0005"	"55.50076"	"0.00006"	"300"	"4.0e+08"	"3.0e-01"	"-0.78"	D+	"1086.91"	"181264.62"	"4d2"	"3F"	"3"	"4d.4f"	"3H*"	"4"	7	9		"T2192"	"L12094"	
"55.5298"	"0.0005"	"55.52948"	"0.00007"	"60"	"3.1e+08"	"1.3e-01"	"-1.14"	D+	"1086.91"	"181171.43"	"4d2"	"3F"	"3"	"4d.4f"	"3F*"	"2"	7	5		"T2192"	"L12094"	
"55.6096"	"0.0005"	"55.60963"	"0.00009"	"3500"	"3.0e+09"	"2.3e+00"	"0.09"	C	"2345.35"	"182170.31"	"4d2"	"3F"	"4"	"4d.4f"	"3F*"	"4"	9	9		"T2192"	"L12094"	
"55.6315"	"0.0005"	"55.63142"	"0.00008"	"35"	"5.3e+08"	"2.3e-01"	"-0.91"	D+	"8369.14"	"188123.66"	"4d2"	"1D"	"2"	"4d.4f"	"3P*"	"2"	5	5		"T2192"	"L12094"	
"55.7213"	"0.0005"	"55.72146"	"0.00009"	"200"	"1.8e+08"	"1.7e-01"	"-1.04"	D+	"2345.35"	"181809.42"	"4d2"	"3F"	"4"	"4d.4f"	"3H*"	"5"	9	11		"T2192"	"L12094"	
"55.7527"	"0.0005"	"55.75302"	"0.00007"	"2000"	"3.7e+09"	"2.2e+00"	"0.08"	C	"8369.14"	"187731.63"	"4d2"	"1D"	"2"	"4d.4f"	"1F*"	"3"	5	7		"T2192"	"L12094"	
"55.8066"	"0.0005"	"55.80649"	"0.00009"	"275"	"1.8e+08"	"1.1e-01"	"-1.23"	D+	"2345.35"	"181535.98"	"4d2"	"3F"	"4"	"4d.4f"	"3F*"	"3"	9	7		"T2192"	"L12094"	
"55.8911"	"0.0005"	"55.89113"	"0.00009"	"250"	"8.e+07"	"7.e-02"	"-1.45"	D	"2345.35"	"181264.62"	"4d2"	"3F"	"4"	"4d.4f"	"3H*"	"4"	9	9		"T2192"	"L12094"	
"55.9196"	"0.0005"	"55.91961"	"0.00009"	"35"	"4.98e+08"	"1.29e-01"	"-1.15"	B	"9693.66"	"188521.79"	"4d2"	"3P"	"0"	"4d.4f"	"3P*"	"1"	1	3		"T7653"	"L12094"	
"55.9434"	"0.0005"	"55.94355"	"0.00007"	"325"	"2.1e+08"	"1.6e-01"	"-1.06"	D+	"1086.91"	"179838.54"	"4d2"	"3F"	"3"	"4d.4f"	"1G*"	"4"	7	9		"T2192"	"L12094"	
"55.9784"	"0.0005"	"55.97848"	"0.00009"	"350"	"6.5e+09"	"5.6e-01"	"-0.52"	D+	"10124.99"	"188765.06"	"4d2"	"3P"	"1"	"4d.4f"	"3P*"	"0"	3	1		"T2192"	"L12094"	
"56.0010"	"0.0005"	"56.00091"	"0.00007"	"16000"	"1.46e+10"	"1.40e+01"	"0.88"	C+	"13803.54"	"192372.07"	"4d2"	"1G"	"4"	"4d.4f"	"1H*"	"5"	9	11		"T2192"	"L12094"	
"56.0547"	"0.0005"	"56.05482"	"0.00008"	"250"	"3.0e+09"	"7.7e-01"	"-0.38"	D+	"10124.99"	"188521.79"	"4d2"	"3P"	"1"	"4d.4f"	"3P*"	"1"	3	3		"T2192"	"L12094"	
"56.1344"	"0.0005"	"56.13461"	"0.00006"	"2000"	"5.5e+09"	"3.4e+00"	"0.26"	C+	"8369.14"	"186512.36"	"4d2"	"1D"	"2"	"4d.4f"	"3D*"	"3"	5	7		"T2192"	"L12094"	
"56.1668"	"0.0005"	"56.16697"	"0.00007"	"4"	"1.0e+08"	"4.4e-02"	"-1.62"	D	"8369.14"	"186409.72"	"4d2"	"1D"	"2"	"4d.4f"	"3D*"	"2"	5	5		"T2192"	"L12094"	
"56.3400"	"0.0005"	"56.34019"	"0.00009"	"200"	"2.0e+08"	"1.6e-01"	"-1.08"	D+	"2345.35"	"179838.54"	"4d2"	"3F"	"4"	"4d.4f"	"1G*"	"4"	9	9		"T2192"	"L12094"	
"56.3692"	"0.0005"	"56.36927"	"0.00006"	"350"	"2.4e+09"	"6.4e-01"	"-0.47"	D+	"11120.18"	"188521.79"	"4d2"	"3P"	"2"	"4d.4f"	"3P*"	"1"	5	3		"T2192"	"L12094"	
"56.4554"	"0.0005"	"56.4556"	"0.0004"	"5"	"2.8e+08"	"1.7e-01"	"-1.03"	D+	"58566.68"	"235696.9"	"4d.5s"	"1D"	"2"	"4d.(2D<5/2>).7p"	"2[7/2]*"	"3"	5	7		"T2192"	"L12094"	
"56.4961"	"0.0005"	"56.49606"	"0.00008"	"1800"	"6.2e+09"	"2.8e+00"	"0.17"	C+	"11120.18"	"188123.66"	"4d2"	"3P"	"2"	"4d.4f"	"3P*"	"2"	5	5		"T2192"	"L12094"	
"56.6003"	"0.0005"	"56.60049"	"0.00009"	"900"	"5.03e+09"	"1.35e+00"	"-0.14"	B+	"9693.66"	"186370.57"	"4d2"	"3P"	"0"	"4d.4f"	"3D*"	"1"	1	3		"T7653"	"L12094"	
"56.6214"	"0.0005"	"56.62147"	"0.00007"	"2000"	"5.5e+09"	"3.4e+00"	"0.27"	C+	"11120.18"	"187731.63"	"4d2"	"3P"	"2"	"4d.4f"	"1F*"	"3"	5	7		"T2192"	"L12094"	
"56.7260"	"0.0005"	"56.72641"	"0.00008"	"2000"	"7.4e+09"	"3.3e+00"	"0.25"	C+	"10124.99"	"186409.72"	"4d2"	"3P"	"1"	"4d.4f"	"3D*"	"2"	3	5		"T2192"	"L12094"	
"56.7387"	"0.0005"	"56.73901"	"0.00008"	"250"	"1.9e+09"	"5.2e-01"	"-0.55"	D+	"10124.99"	"186370.57"	"4d2"	"3P"	"1"	"4d.4f"	"3D*"	"1"	3	3		"T2192"	"L12094"	
"56.8179"	"0.0005"	"56.81826"	"0.00006"	"8"	"2.0e+08"	"1.2e-01"	"-1.18"	D+	"8369.14"	"184368.90"	"4d2"	"1D"	"2"	"4d.4f"	"3G*"	"3"	5	7		"T2192"	"L12094"	
"57.0149"	"0.0005"	"57.01508"	"0.00006"	"1200"	"2.6e+09"	"1.7e+00"	"-0.05"	C	"11120.18"	"186512.36"	"4d2"	"3P"	"2"	"4d.4f"	"3D*"	"3"	5	7		"T2192"	"L12094"	
"57.1844"	"0.0005"	"57.18452"	"0.00008"	"2000"	"4.5e+09"	"2.1e+00"	"0.04"	C	"8369.14"	"183241.63"	"4d2"	"1D"	"2"	"4d.4f"	"1D*"	"2"	5	5		"T2192"	"L12094"	
"57.4950"	"0.0005"	"57.49503"	"0.00008"	"7"	"3.3e+08"	"2.1e-01"	"-0.95"	D+	"13803.54"	"187731.63"	"4d2"	"1G"	"4"	"4d.4f"	"1F*"	"3"	9	7		"T2192"	"L12094"	
"57.7202"	"0.0005"	"57.72048"	"0.00006"	"1"	"7.e+06"	"4.e-03"	"-2.6"	E	"11120.18"	"184368.90"	"4d2"	"3P"	"2"	"4d.4f"	"3G*"	"3"	5	7		"T2192"	"L12094"	
"57.7475"	"0.0005"	"57.74778"	"0.00007"	"35"	"1.4e+08"	"1.0e-01"	"-1.30"	D+	"8369.14"	"181535.98"	"4d2"	"1D"	"2"	"4d.4f"	"3F*"	"3"	5	7		"T2192"	"L12094"	
"57.7643"	"0.0005"	"57.76452"	"0.00009"	"7"	"1.2e+08"	"5.e-02"	"-1.54"	D	"10124.99"	"183241.63"	"4d2"	"3P"	"1"	"4d.4f"	"1D*"	"2"	3	5		"T2192"	"L12094"	
"57.8693"	"0.0005"	"57.86960"	"0.00007"	"35"	"3.3e+08"	"1.6e-01"	"-1.08"	D+	"8369.14"	"181171.43"	"4d2"	"1D"	"2"	"4d.4f"	"3F*"	"2"	5	5		"T2192"	"L12094"	
"58.4634"	"0.0005"	"58.46365"	"0.00008"	"3"	"3.8e+07"	"1.9e-02"	"-2.0"	E	"10124.99"	"181171.43"	"4d2"	"3P"	"1"	"4d.4f"	"3F*"	"2"	3	5		"T2192"	"L12094"	
"58.6797"	"0.0005"	"58.68001"	"0.00006"	"7"	"6.e+07"	"4.1e-02"	"-1.67"	D	"11120.18"	"181535.98"	"4d2"	"3P"	"2"	"4d.4f"	"3F*"	"3"	5	7		"T2192"	"L12094"	
"59.1181"	"0.0005"	"59.11832"	"0.00007"	"30"	"5.8e+08"	"1.8e-01"	"-1.04"	D+	"8369.14"	"177521.44"	"4d2"	"1D"	"2"	"5s.5p"	"1P*"	"1"	5	3		"T2192"	"L12094"	
"59.3939"	"0.0005"	"59.39414"	"0.00007"	"250"	"2.5e+08"	"2.4e-01"	"-0.92"	D+	"13803.54"	"182170.31"	"4d2"	"1G"	"4"	"4d.4f"	"3F*"	"4"	9	9		"T2192"	"L12094"	
"59.4763"	"0.0005"	"59.47654"	"0.00009"	"350"	"1.90e+09"	"5.91e-01"	"-0.52"	B	"31732.77"	"199866.28"	"4d2"	"1S"	"0"	"4d.6p"	"1P*"	"1"	1	3		"T7653"	"L12094"	
"59.5215"	"0.0005"	"59.52173"	"0.00007"	"80"	"7.e+07"	"7.e-02"	"-1.42"	D	"13803.54"	"181809.42"	"4d2"	"1G"	"4"	"4d.4f"	"3H*"	"5"	9	11		"T2192"	"L12094"	
"59.7152"	"0.0005"	"59.71537"	"0.00007"	"35"	"9.e+07"	"8.e-02"	"-1.38"	D	"13803.54"	"181264.62"	"4d2"	"1G"	"4"	"4d.4f"	"3H*"	"4"	9	9		"T2192"	"L12094"	
"60.0955"	"0.0005"	"60.09570"	"0.00007"	"8"	"9.e+07"	"3.0e-02"	"-1.8"	E	"11120.18"	"177521.44"	"4d2"	"3P"	"2"	"5s.5p"	"1P*"	"1"	5	3		"T2192"	"L12094"	
"60.2282"	"0.0005"	"60.22827"	"0.00008"	"2000"	"1.6e+09"	"1.6e+00"	"-0.10"	C	"13803.54"	"179838.54"	"4d2"	"1G"	"4"	"4d.4f"	"1G*"	"4"	9	9		"T2192"	"L12094"	
"61.0910"	"0.0005"	"61.09122"	"0.00009"	"12"	"2.3e+08"	"8.e-02"	"-1.41"	D	"31732.77"	"195422.41"	"4d2"	"1S"	"0"	"4d.6p"	"3P*"	"1"	1	3		"T2192"	"L12094"	
"62.0436"	"0.0005"	"62.04415"	"0.00010"	"35"	"6.41e+08"	"2.27e-01"	"-0.95"	B	"31732.77"	"192908.33"	"4d2"	"1S"	"0"	"4d.6p"	"3D*"	"1"	1	3		"T7653"	"L12094"	
"62.4641"	"0.0005"	"62.46471"	"0.00010"	"50"	"1.40e+09"	"5.04e-01"	"-0.61"	B	"31732.77"	"191823.16"	"4d2"	"1S"	"0"	"4d.6p"	"1P*"	"1"	1	3		"T7653"	"L12094"	
"66.5477"	"0.0005"	"66.54853"	"0.00012"	"5"	"1.0e+07"	"7.e-03"	"-2.5"	E	"10124.99"	"160391.26"	"4d2"	"3P"	"1"	"5s.5p"	"3P*"	"2"	3	5		"T2192"	"L12094"	
"67.5339"	"0.0005"	"67.53339"	"0.00013"	"5"	"2.3e+08"	"1.8e-01"	"-1.10"	D+	"97061.43"	"245136.34"	"4d.5p"	"1D*"	"2"	"5s.5d"	"1D"	"2"	5	5		"T2192"	"L12094"	
"68.5920"	"0.0005"	"68.59244"	"0.00012"	"45"	"1.22e+09"	"5.85e-01"	"-0.59"	B	"31732.77"	"177521.44"	"4d2"	"1S"	"0"	"5s.5p"	"1P*"	"1"	1	3		"T7653"	"L12094"	
"70.5928"	"0.0005"	"70.59333"	"0.00004"	"35"	"9.e+07"	"1.4e-01"	"-1.21"	D+	"53810.47"	"195466.91"	"4d.5s"	"3D"	"3"	"4d.6p"	"3F*"	"4"	7	9		"T2192"	"L12094"	
"70.7395"	"0.0005"	"70.74028"	"0.00003"	"8"	"1.9e+07"	"1.7e-02"	"-2.1"	E	"52629.96"	"193992.14"	"4d.5s"	"3D"	"2"	"4d.6p"	"3D*"	"2"	5	5		"T2192"	"L12094"	
"70.7708"	"0.0005"	"70.77161"	"0.00003"	"20"	"5.2e+08"	"2.7e-01"	"-0.93"	D+	"58566.68"	"199866.28"	"4d.5s"	"1D"	"2"	"4d.6p"	"1P*"	"1"	5	3		"T2192"	"L12094"	
"70.7941"	"0.0005"	"70.79469"	"0.00003"	"30"	"9.e+07"	"1.0e-01"	"-1.35"	D+	"52629.96"	"193883.50"	"4d.5s"	"3D"	"2"	"4d.6p"	"3F*"	"3"	5	7		"T2192"	"L12094"	
"70.8416"	"0.0005"	"70.84221"	"0.00003"	"15"	"6.e+07"	"5.e-02"	"-1.63"	D	"52064.67"	"193223.45"	"4d.5s"	"3D"	"1"	"4d.6p"	"3F*"	"2"	3	5		"T2192"	"L12094"	
"71.0001"	"0.0005"	"71.00071"	"0.00003"	"5"	"3.6e+07"	"1.9e-02"	"-2.1"	E	"52064.67"	"192908.33"	"4d.5s"	"3D"	"1"	"4d.6p"	"3D*"	"1"	3	3		"T2192"	"L12094"	
"71.1259"	"0.0005"	"71.12705"	"0.00003"	"22"	"9.e+06"	"8.e-03"	"-2.5"	E	"52629.96"	"193223.45"	"4d.5s"	"3D"	"2"	"4d.6p"	"3F*"	"2"	5	5		"T2192"	"L12094"	
"71.1338"	"0.0005"	"71.13439"	"0.00004"	"20"	"7.e+07"	"8.e-02"	"-1.45"	D	"53810.47"	"194389.46"	"4d.5s"	"3D"	"3"	"4d.6p"	"3D*"	"3"	7	7		"T2192"	"L12094"	
"71.3354"	"0.0005"	"71.33600"	"0.00004"	"6"	"9.e+06"	"8.e-03"	"-2.5"	E	"53810.47"	"193992.14"	"4d.5s"	"3D"	"3"	"4d.6p"	"3D*"	"2"	7	5		"T2192"	"L12094"	
"71.7075"	"0.0005"	"71.70718"	"0.00003"	"18"	"3.4e+07"	"3.1e-02"	"-1.9"	E	"52629.96"	"192086.01"	"4d.5s"	"3D"	"2"	"4d.6p"	"1D*"	"2"	5	5		"T2192"	"L12094"	
"72.5576"	"0.0005"	"72.55823"	"0.00003"	"20"	"6.e+07"	"8.e-02"	"-1.47"	D	"58566.68"	"196387.02"	"4d.5s"	"1D"	"2"	"4d.6p"	"1F*"	"3"	5	7		"T2192"	"L12094"	
"72.8514"	"0.0005"	"72.85246"	"0.00015"	"12"	"1.5e+09"	"1.4e+00"	"-0.23"	C	"107872.61"	"245136.34"	"4d.5p"	"1F*"	"3"	"5s.5d"	"1D"	"2"	7	5		"T2192"	"L12094"	
"73.1528"	"0.0005"	"73.15268"	"0.00009"	"15"	"7.e+07"	"1.3e-02"	"-2.3"	E	"52064.67"	"188765.06"	"4d.5s"	"3D"	"1"	"4d.4f"	"3P*"	"0"	3	1		"T2192"	"L12094"	
"73.4984"	"0.0005"	"73.49753"	"0.00011"	"25"	"4.e+06"	"4.e-03"	"-2.8"	E	"52064.67"	"188123.66"	"4d.5s"	"3D"	"1"	"4d.4f"	"3P*"	"2"	3	5		"T2192"	"L12094"	
"73.5188"	"0.0005"	"73.51945"	"0.00016"	"7"	"5.e+07"	"5.e-02"	"-1.66"	D	"109117.91"	"245136.34"	"4d.5p"	"1P*"	"1"	"5s.5d"	"1D"	"2"	3	5		"T2192"	"L12094"	
"73.8424"	"0.0005"	"73.84136"	"0.00003"	"15"	"9.e+07"	"9.e-02"	"-1.42"	D	"58566.68"	"193992.14"	"4d.5s"	"1D"	"2"	"4d.6p"	"3D*"	"2"	5	5		"T2192"	"L12094"	
"74.4365"	"0.0005"	"74.43708"	"0.00003"	"12"	"3.0e+08"	"1.8e-01"	"-1.12"	D+	"58566.68"	"192908.33"	"4d.5s"	"1D"	"2"	"4d.6p"	"3D*"	"1"	5	3		"T2192"	"L12094"	
"74.8948"	"0.0005"	"74.89552"	"0.00003"	"20"	"8.e+07"	"9.e-02"	"-1.45"	D	"58566.68"	"192086.01"	"4d.5s"	"1D"	"2"	"4d.6p"	"1D*"	"2"	5	5		"T2192"	"L12094"	
"74.9314"	"0.0021"	"74.93107"	"0.00013"	"25p"	"7.0e+09"	"1.4e+00"	"-0.23"	C	"109117.91"	"242573.89"	"4d.5p"	"1P*"	"1"	"5p2"	"1S"	"0"	3	1		"T2192"	"L12094"	
"75.0427"	"0.0005"	"75.04325"	"0.00004"	"30"	"5.1e+08"	"3.2e-01"	"-0.89"	D+	"58566.68"	"191823.16"	"4d.5s"	"1D"	"2"	"4d.6p"	"1P*"	"1"	5	3		"T2192"	"L12094"	
"75.4152"	"0.0005"	"75.41521"	"0.00009"	"5"	"3.1e+07"	"3.3e-02"	"-1.9"	D	"53810.47"	"186409.72"	"4d.5s"	"3D"	"3"	"4d.4f"	"3D*"	"2"	7	5		"T2192"	"L12094"	
"75.9231"	"0.0005"	"75.92399"	"0.00023"	"3"	"2.1e+07"	"3.1e-02"	"-1.9"	E	"105828.53"	"237539.2"	"4d.5p"	"3P*"	"2"	"5s.5d"	"3D"	"3"	5	7		"T2192"	"L12094"	
"78.4921"	"0.0005"	"78.49294"	"0.00004"	"30"	"4.4e+08"	"5.2e-01"	"-0.69"	D+	"97061.43"	"224461.43"	"4d.5p"	"1D*"	"2"	"4d.6d"	"1D"	"2"	5	5		"T2192"	"L12094"	
"78.6148"	"0.0005"	"78.61512"	"0.00004"	"3"	"1.2e+06"	"1.5e-03"	"-3.2"	E	"97061.43"	"224263.42"	"4d.5p"	"1D*"	"2"	"4d.(2D<3/2>).7s"	"2[3/2]"	"2"	5	5		"T2192"	"L12094"	
"78.6694"	"0.0005"	"78.66998"	"0.00004"	"3"	"1.3e+08"	"9.e-02"	"-1.45"	D	"97061.43"	"224174.72"	"4d.5p"	"1D*"	"2"	"4d.(2D<3/2>).7s"	"2[3/2]"	"1"	5	3		"T2192"	"L12094"	
"79.0395"	"0.0005"	"79.04013"	"0.00004"	"12"	"3.0e+08"	"3.7e-01"	"-0.85"	D+	"99725.06"	"226243.07"	"4d.5p"	"3F*"	"2"	"4d.(2D<5/2>).7s"	"2[5/2]"	"2"	5	5		"T2192"	"L12094"	
"79.2224"	"0.0005"	"79.22235"	"0.00004"	"5"	"1.3e+08"	"1.0e-01"	"-1.43"	D+	"98992.67"	"225219.67"	"4d.5p"	"3D*"	"1"	"4d.6d"	"3P"	"1"	3	3		"T2192"	"L12094"	
"79.4548"	"0.0005"	"79.45540"	"0.00004"	"6"	"1.1e+08"	"1.4e-01"	"-1.27"	D+	"100386.30"	"226243.07"	"4d.5p"	"3F*"	"3"	"4d.(2D<5/2>).7s"	"2[5/2]"	"2"	7	5		"T2192"	"L12094"	
"79.5989"	"0.0005"	"79.59914"	"0.00004"	"12"	"1.3e+08"	"2.3e-01"	"-1.06"	D+	"100386.30"	"226015.80"	"4d.5p"	"3F*"	"3"	"4d.(2D<5/2>).7s"	"2[5/2]"	"3"	7	7		"T2192"	"L12094"	
"79.6841"	"0.0005"	"79.68470"	"0.00004"	"7"	"2.7e+08"	"2.0e-01"	"-1.11"	D+	"99725.06"	"225219.67"	"4d.5p"	"3F*"	"2"	"4d.6d"	"3P"	"1"	5	3		"T2192"	"L12094"	
"79.7374"	"0.0005"	"79.73796"	"0.00005"	"6"	"9.e+07"	"1.2e-01"	"-1.35"	D+	"100386.30"	"225797.08"	"4d.5p"	"3F*"	"3"	"4d.6d"	"3P"	"2"	7	5		"T2192"	"L12094"	
"79.8831"	"0.0005"	"79.88366"	"0.00005"	"6"	"1.3e+08"	"1.0e-01"	"-1.43"	D+	"98992.67"	"224174.72"	"4d.5p"	"3D*"	"1"	"4d.(2D<3/2>).7s"	"2[3/2]"	"1"	3	3		"T2192"	"L12094"	
"79.9030"	"0.0021"	"79.90312"	"0.00004"	"20l"	"2.8e+08"	"3.5e-01"	"-0.88"	D+	"97061.43"	"222212.99"	"4d.5p"	"1D*"	"2"	"4d.6d"	"3F"	"2"	5	5		"T2192"	"L12094"	
"80.0693"	"0.0005"	"80.06951"	"0.00006"	"4"	"7.e+06"	"5.e-03"	"-2.7"	E	"52629.96"	"177521.44"	"4d.5s"	"3D"	"2"	"5s.5p"	"1P*"	"1"	5	3		"T2192"	"L12094"	
"80.1093"	"0.0005"	"80.10957"	"0.00005"	"10"	"5.5e+08"	"4.2e-01"	"-0.80"	D+	"100390.64"	"225219.67"	"4d.5p"	"3D*"	"2"	"4d.6d"	"3P"	"1"	5	3		"T2192"	"L12094"	
"80.1688"	"0.0005"	"80.16908"	"0.00004"	"8"	"1.5e+08"	"1.9e-01"	"-1.15"	D+	"99725.06"	"224461.43"	"4d.5p"	"3F*"	"2"	"4d.6d"	"1D"	"2"	5	5		"T2192"	"L12094"	
"80.2962"	"0.0005"	"80.29654"	"0.00004"	"3"	"1.4e+08"	"1.8e-01"	"-1.17"	D+	"99725.06"	"224263.42"	"4d.5p"	"3F*"	"2"	"4d.(2D<3/2>).7s"	"2[3/2]"	"2"	5	5		"T2192"	"L12094"	
"80.4904"	"0.0005"	"80.49117"	"0.00005"	"8"	"1.0e+08"	"1.8e-01"	"-1.16"	D+	"101778.57"	"226015.80"	"4d.5p"	"3D*"	"3"	"4d.(2D<5/2>).7s"	"2[5/2]"	"3"	7	7		"T2192"	"L12094"	
"80.5963"	"0.0005"	"80.59633"	"0.00004"	"7"	"2.3e+08"	"2.9e-01"	"-0.96"	D+	"100386.30"	"224461.43"	"4d.5p"	"3F*"	"3"	"4d.6d"	"1D"	"2"	7	5		"T2192"	"L12094"	
"80.6327"	"0.0005"	"80.63312"	"0.00005"	"35"	"6.5e+08"	"8.4e-01"	"-0.50"	D+	"101778.57"	"225797.08"	"4d.5p"	"3D*"	"3"	"4d.6d"	"3P"	"2"	7	5		"T2192"	"L12094"	
"80.7253"	"0.0005"	"80.72516"	"0.00004"	"10"	"6.e+06"	"7.e-03"	"-2.6"	E	"100386.30"	"224263.42"	"4d.5p"	"3F*"	"3"	"4d.(2D<3/2>).7s"	"2[3/2]"	"2"	7	5		"T2192"	"L12094"	
"80.7856"	"0.0005"	"80.78583"	"0.00005"	"12"	"2.5e+08"	"1.9e-01"	"-1.14"	D+	"100390.64"	"224174.72"	"4d.5p"	"3D*"	"2"	"4d.(2D<3/2>).7s"	"2[3/2]"	"1"	5	3		"T2192"	"L12094"	
"80.8775"	"0.0005"	"80.87810"	"0.00005"	"25"	"2.2e+08"	"3.9e-01"	"-0.83"	D+	"97061.43"	"220704.30"	"4d.5p"	"1D*"	"2"	"4d.6d"	"1F"	"3"	5	7		"T2192"	"L12094"	
"80.9194"	"0.0005"	"80.92022"	"0.00004"	"4"	"9.e+07"	"1.6e-01"	"-1.23"	D+	"99725.06"	"223303.56"	"4d.5p"	"3F*"	"2"	"4d.6d"	"3F"	"3"	5	7		"T2192"	"L12094"	
"81.0531"	"0.0005"	"81.05382"	"0.00004"	"7"	"1.1e+08"	"2.5e-01"	"-1.03"	D+	"100386.30"	"223761.12"	"4d.5p"	"3F*"	"3"	"4d.6d"	"3F"	"4"	7	9		"T2192"	"L12094"	
"81.1547"	"0.0005"	"81.15545"	"0.00004"	"7"	"2.3e+08"	"3.1e-01"	"-0.94"	D+	"98992.67"	"222212.99"	"4d.5p"	"3D*"	"1"	"4d.6d"	"3F"	"2"	3	5		"T2192"	"L12094"	
"81.2871"	"0.0005"	"81.28739"	"0.00008"	"50"	"3.6e+08"	"6.8e-01"	"-0.60"	D+	"102995.49"	"226015.80"	"4d.5p"	"3F*"	"4"	"4d.(2D<5/2>).7s"	"2[5/2]"	"3"	9	7		"T2192"	"L12094"	
"81.3553"	"0.0021"	"81.35554"	"0.00004"	"18l"	"2.5e+08"	"4.6e-01"	"-0.77"	D+	"100386.30"	"223303.56"	"4d.5p"	"3F*"	"3"	"4d.6d"	"3F"	"3"	7	7		"T2192"	"L12094"	
"81.4371"	"0.0005"	"81.43748"	"0.00004"	"4"	"6.e+07"	"1.1e-01"	"-1.38"	D+	"99725.06"	"222518.65"	"4d.5p"	"3F*"	"2"	"4d.6d"	"3D"	"3"	5	7		"T2192"	"L12094"	
"81.6429"	"0.0005"	"81.64275"	"0.00005"	"18"	"2.8e+08"	"3.8e-01"	"-0.85"	D+	"101778.57"	"224263.42"	"4d.5p"	"3D*"	"3"	"4d.(2D<3/2>).7s"	"2[3/2]"	"2"	7	5		"T2192"	"L12094"	
"81.7145"	"0.0005"	"81.71468"	"0.00004"	"6"	"1.2e+08"	"1.6e-01"	"-1.23"	D+	"98992.67"	"221369.70"	"4d.5p"	"3D*"	"1"	"4d.6d"	"3D"	"2"	3	5		"T2192"	"L12094"	
"81.9788"	"0.0005"	"81.97894"	"0.00005"	"15"	"2.7e+08"	"6.6e-01"	"-0.61"	D+	"101778.57"	"223761.12"	"4d.5p"	"3D*"	"3"	"4d.6d"	"3F"	"4"	7	9		"T2192"	"L12094"	
"82.1020"	"0.0005"	"82.10208"	"0.00004"	"30"	"1.7e+08"	"1.4e-01"	"-1.29"	D+	"98992.67"	"220792.27"	"4d.5p"	"3D*"	"1"	"4d.6d"	"3D"	"1"	3	3		"T2192"	"L12094"	
"82.2592"	"0.0005"	"82.25913"	"0.00004"	"6"	"8.e+07"	"1.6e-01"	"-1.22"	D+	"99725.06"	"221292.11"	"4d.5p"	"3F*"	"2"	"4d.6d"	"3G"	"3"	5	7		"T2192"	"L12094"	
"82.3145"	"0.0005"	"82.31467"	"0.00007"	"3"	"1.7e+07"	"2.4e-02"	"-2.1"	E	"97061.43"	"218546.46"	"4d.5p"	"1D*"	"2"	"5p2"	"3P"	"2"	5	5		"T2192"	"L12094"	
"82.3747"	"0.0005"	"82.37467"	"0.00005"	"15"	"1.5e+08"	"3.8e-01"	"-0.85"	D+	"100386.30"	"221782.84"	"4d.5p"	"3F*"	"3"	"4d.6d"	"3G"	"4"	7	9		"T2192"	"L12094"	
"82.6588"	"0.0005"	"82.65893"	"0.00005"	"10"	"1.4e+08"	"2.0e-01"	"-1.13"	D+	"100390.64"	"221369.70"	"4d.5p"	"3D*"	"2"	"4d.6d"	"3D"	"2"	5	5		"T2192"	"L12094"	
"82.7118"	"0.0005"	"82.71198"	"0.00005"	"15"	"2.2e+08"	"4.3e-01"	"-0.80"	D+	"100390.64"	"221292.11"	"4d.5p"	"3D*"	"2"	"4d.6d"	"3G"	"3"	5	7		"T2192"	"L12094"	
"82.8052"	"0.0005"	"82.80502"	"0.00008"	"15"	"2.0e+08"	"4.9e-01"	"-0.74"	D+	"102995.49"	"223761.12"	"4d.5p"	"3F*"	"4"	"4d.6d"	"3F"	"4"	9	9		"T2192"	"L12094"	
"82.8225"	"0.0005"	"82.82254"	"0.00005"	"7"	"9.e+07"	"1.8e-01"	"-1.19"	D+	"101778.57"	"222518.65"	"4d.5p"	"3D*"	"3"	"4d.6d"	"3D"	"3"	7	7		"T2192"	"L12094"	
"83.0462"	"0.0005"	"83.04645"	"0.00005"	"4"	"1.7e+08"	"2.4e-01"	"-1.06"	D+	"105828.53"	"226243.07"	"4d.5p"	"3P*"	"2"	"4d.(2D<5/2>).7s"	"2[5/2]"	"2"	5	5		"T2192"	"L12094"	
"83.2032"	"0.0005"	"83.20349"	"0.00005"	"15"	"1.6e+08"	"3.1e-01"	"-0.94"	D+	"105828.53"	"226015.80"	"4d.5p"	"3P*"	"2"	"4d.(2D<5/2>).7s"	"2[5/2]"	"3"	5	7		"T2192"	"L12094"	
"83.2547"	"0.0005"	"83.25466"	"0.00008"	"40"	"3.1e+08"	"9.7e-01"	"-0.45"	C	"102995.49"	"223108.89"	"4d.5p"	"3F*"	"4"	"4d.6d"	"3G"	"5"	9	11		"T2192"	"L12094"	
"83.3551"	"0.0005"	"83.35518"	"0.00005"	"40"	"7.4e+08"	"1.1e+00"	"-0.42"	C	"105828.53"	"225797.08"	"4d.5p"	"3P*"	"2"	"4d.6d"	"3P"	"2"	5	5		"T2192"	"L12094"	
"83.7581"	"0.0005"	"83.75831"	"0.00005"	"12"	"3.8e+08"	"3.3e-01"	"-0.92"	D+	"105828.53"	"225219.67"	"4d.5p"	"3P*"	"2"	"4d.6d"	"3P"	"1"	5	3		"T2192"	"L12094"	
"83.8251"	"0.0005"	"83.82484"	"0.00005"	"15"	"1.8e+08"	"2.6e-01"	"-1.03"	D+	"104967.04"	"224263.42"	"4d.5p"	"3P*"	"1"	"4d.(2D<3/2>).7s"	"2[3/2]"	"2"	3	5		"T2192"	"L12094"	
"84.0653"	"0.0005"	"84.06557"	"0.00006"	"2000"	"1.8e+09"	"1.6e+00"	"-0.25"	C	"58566.68"	"177521.44"	"4d.5s"	"1D"	"2"	"5s.5p"	"1P*"	"1"	5	3		"T2192"	"L12094"	
"84.0853"	"0.0005"	"84.08609"	"0.00005"	"8"	"3.3e+07"	"7.e-02"	"-1.61"	D	"101778.57"	"220704.30"	"4d.5p"	"3D*"	"3"	"4d.6d"	"1F"	"3"	7	7		"T2192"	"L12094"	
"84.1039"	"0.0005"	"84.10405"	"0.00006"	"8"	"1.0e+08"	"9.e-02"	"-1.48"	D	"105274.38"	"224174.72"	"4d.5p"	"3P*"	"0"	"4d.(2D<3/2>).7s"	"2[3/2]"	"1"	1	3		"T2192"	"L12094"	
"84.1600"	"0.0005"	"84.15992"	"0.00007"	"12"	"1.4e+08"	"2.0e-01"	"-1.14"	D+	"99725.06"	"218546.46"	"4d.5p"	"3F*"	"2"	"5p2"	"3P"	"2"	5	5		"T2192"	"L12094"	
"84.1765"	"0.0005"	"84.17657"	"0.00008"	"30"	"3.6e+08"	"5.3e-01"	"-0.72"	D+	"97061.43"	"215859.33"	"4d.5p"	"1D*"	"2"	"5p2"	"1D"	"2"	5	5		"T2192"	"L12094"	
"84.2935"	"0.0005"	"84.29365"	"0.00005"	"8"	"9.e+07"	"1.3e-01"	"-1.32"	D+	"105828.53"	"224461.43"	"4d.5p"	"3P*"	"2"	"4d.6d"	"1D"	"2"	5	5		"T2192"	"L12094"	
"84.3542"	"0.0005"	"84.35363"	"0.00012"	"1"	"3.9e+07"	"3.4e-02"	"-1.9"	D	"97061.43"	"215609.97"	"4d.5p"	"1D*"	"2"	"5p2"	"3P"	"1"	5	3		"T2192"	"L12094"	
"84.4805"	"0.0005"	"84.48054"	"0.00005"	"12"	"3.6e+07"	"5.e-02"	"-1.71"	D	"107872.61"	"226243.07"	"4d.5p"	"1F*"	"3"	"4d.(2D<5/2>).7s"	"2[5/2]"	"2"	7	5		"T2192"	"L12094"	
"84.6312"	"0.0005"	"84.63089"	"0.00008"	"25"	"2.6e+08"	"3.9e-01"	"-0.85"	D+	"100386.30"	"218546.46"	"4d.5p"	"3F*"	"3"	"5p2"	"3P"	"2"	7	5		"T2192"	"L12094"	
"84.8000"	"0.0005"	"84.80004"	"0.00006"	"12"	"1.9e+08"	"2.9e-01"	"-0.98"	D+	"107872.61"	"225797.08"	"4d.5p"	"1F*"	"3"	"4d.6d"	"3P"	"2"	7	5		"T2192"	"L12094"	
"85.2832"	"0.0005"	"85.28297"	"0.00005"	"5"	"1.4e+08"	"1.2e-01"	"-1.35"	D+	"104967.04"	"222223.75"	"4d.5p"	"3P*"	"1"	"4d.6d"	"1P"	"1"	3	3		"T2192"	"L12094"	
"85.3785"	"0.0005"	"85.37875"	"0.00005"	"12"	"8.e+07"	"1.2e-01"	"-1.35"	D+	"109117.91"	"226243.07"	"4d.5p"	"1P*"	"1"	"4d.(2D<5/2>).7s"	"2[5/2]"	"2"	3	5		"T2192"	"L12094"	
"85.4207"	"0.0005"	"85.42030"	"0.00006"	"20"	"5.5e+08"	"1.5e+00"	"-0.27"	C	"107872.61"	"224940.80"	"4d.5p"	"1F*"	"3"	"4d.6d"	"1G"	"4"	7	9		"T2192"	"L12094"	
"85.5072"	"0.0005"	"85.50709"	"0.00006"	"2"	"1.1e+08"	"1.1e-01"	"-1.43"	D+	"105274.38"	"222223.75"	"4d.5p"	"3P*"	"0"	"4d.6d"	"1P"	"1"	1	3		"T2192"	"L12094"	
"85.6401"	"0.0005"	"85.63998"	"0.00008"	"100"	"1.11e+09"	"1.7e+00"	"-0.22"	C	"101778.57"	"218546.46"	"4d.5p"	"3D*"	"3"	"5p2"	"3P"	"2"	7	5		"T2192"	"L12094"	
"85.6969"	"0.0005"	"85.69706"	"0.00005"	"4"	"7.e+07"	"1.6e-01"	"-1.26"	D+	"105828.53"	"222518.65"	"4d.5p"	"3P*"	"2"	"4d.6d"	"3D"	"3"	5	7		"T2192"	"L12094"	
"85.7055"	"0.0005"	"85.70510"	"0.00006"	"4"	"1.4e+08"	"2.2e-01"	"-1.10"	D+	"109117.91"	"225797.08"	"4d.5p"	"1P*"	"1"	"4d.6d"	"3P"	"2"	3	5		"T2192"	"L12094"	
"85.7508"	"0.0005"	"85.75057"	"0.00012"	"20"	"7.5e+08"	"7.0e-01"	"-0.60"	D+	"98992.67"	"215609.97"	"4d.5p"	"3D*"	"1"	"5p2"	"3P"	"1"	3	3		"T2192"	"L12094"	
"85.9087"	"0.0005"	"85.90869"	"0.00005"	"6"	"1.3e+08"	"2.0e-01"	"-1.16"	D+	"104967.04"	"221369.70"	"4d.5p"	"3P*"	"1"	"4d.6d"	"3D"	"2"	3	5		"T2192"	"L12094"	
"85.9171"	"0.0005"	"85.91744"	"0.00006"	"10"	"1.2e+08"	"1.8e-01"	"-1.19"	D+	"107872.61"	"224263.42"	"4d.5p"	"1F*"	"3"	"4d.(2D<3/2>).7s"	"2[3/2]"	"2"	7	5		"T2192"	"L12094"	
"86.1077"	"0.0005"	"86.10723"	"0.00008"	"3"	"9.e+07"	"1.4e-01"	"-1.30"	D+	"99725.06"	"215859.33"	"4d.5p"	"3F*"	"2"	"5p2"	"1D"	"2"	5	5		"T2192"	"L12094"	
"86.2924"	"0.0005"	"86.29251"	"0.00012"	"20"	"7.2e+08"	"6.9e-01"	"-0.62"	D+	"99725.06"	"215609.97"	"4d.5p"	"3F*"	"2"	"5p2"	"3P"	"1"	5	3		"T2192"	"L12094"	
"86.6012"	"0.0021"	"86.60031"	"0.00008"	"20p"	"3.5e+08"	"5.7e-01"	"-0.70"	D+	"100386.30"	"215859.33"	"4d.5p"	"3F*"	"3"	"5p2"	"1D"	"2"	7	5		"T2192"	"L12094"	
"86.7910"	"0.0005"	"86.79099"	"0.00013"	"80"	"2.3e+09"	"2.2e+00"	"-0.11"	C	"100390.64"	"215609.97"	"4d.5p"	"3D*"	"2"	"5p2"	"3P"	"1"	5	3		"T2192"	"L12094"	
"86.8030"	"0.0005"	"86.80311"	"0.00014"	"20"	"4.2e+09"	"1.3e+00"	"-0.33"	C	"98992.67"	"214195.92"	"4d.5p"	"3D*"	"1"	"5p2"	"3P"	"0"	3	1		"T2192"	"L12094"	
"87.4200"	"0.0005"	"87.42063"	"0.00009"	"1"	"1.0e+08"	"9.e-02"	"-1.48"	D+	"109117.91"	"223507.39"	"4d.5p"	"1P*"	"1"	"4d.6d"	"3S"	"1"	3	3		"T2192"	"L12094"	
"87.6574"	"0.0005"	"87.65720"	"0.00009"	"100"	"1.22e+09"	"2.0e+00"	"-0.15"	C	"101778.57"	"215859.33"	"4d.5p"	"3D*"	"3"	"5p2"	"1D"	"2"	7	5		"T2192"	"L12094"	
"87.7880"	"0.0005"	"87.78843"	"0.00006"	"50"	"3.4e+07"	"1.0e-01"	"-1.46"	D+	"107872.61"	"221782.84"	"4d.5p"	"1F*"	"3"	"4d.6d"	"3G"	"4"	7	9		"T2192"	"L12094"	
"88.0442"	"0.0005"	"88.04412"	"0.00008"	"10"	"1.3e+08"	"2.2e-01"	"-1.12"	D+	"104967.04"	"218546.46"	"4d.5p"	"3P*"	"1"	"5p2"	"3P"	"2"	3	5		"T2192"	"L12094"	
"88.6288"	"0.0005"	"88.62758"	"0.00006"	"20"	"2.2e+07"	"5.e-02"	"-1.74"	D	"107872.61"	"220704.30"	"4d.5p"	"1F*"	"3"	"4d.6d"	"1F"	"3"	7	7		"T2192"	"L12094"	
"88.7169"	"0.0005"	"88.71703"	"0.00008"	"20"	"6.7e+08"	"1.2e+00"	"-0.40"	C	"105828.53"	"218546.46"	"4d.5p"	"3P*"	"2"	"5p2"	"3P"	"2"	5	5		"T2192"	"L12094"	
"90.1774"	"0.0005"	"90.17759"	"0.00009"	"10"	"1.0e+08"	"1.8e-01"	"-1.23"	D+	"104967.04"	"215859.33"	"4d.5p"	"3P*"	"1"	"5p2"	"1D"	"2"	3	5		"T2192"	"L12094"	
"90.3567"	"0.0021"	"90.35558"	"0.00009"	"200p(C II)"	"1.5e+09"	"2.8e+00"	"-0.03"	C+	"107872.61"	"218546.46"	"4d.5p"	"1F*"	"3"	"5p2"	"3P"	"2"	7	5		"T2192"	"L12094"	
"90.3806"	"0.0005"	"90.38083"	"0.00014"	"100"	"4.0e+08"	"4.4e-01"	"-0.83"	D+	"104967.04"	"215609.97"	"4d.5p"	"3P*"	"1"	"5p2"	"3P"	"1"	3	3		"T2192"	"L12094"	
"90.6325"	"0.0005"	"90.63259"	"0.00015"	"15"	"3.4e+08"	"3.7e-01"	"-0.90"	D+	"105274.38"	"215609.97"	"4d.5p"	"3P*"	"0"	"5p2"	"3P"	"1"	1	3		"T2192"	"L12094"	
"90.8835"	"0.0005"	"90.88364"	"0.00009"	"20"	"2.0e+08"	"3.7e-01"	"-0.91"	D+	"105828.53"	"215859.33"	"4d.5p"	"3P*"	"2"	"5p2"	"1D"	"2"	5	5		"T2192"	"L12094"	
"91.0901"	"0.0005"	"91.09008"	"0.00014"	"10"	"2.1e+08"	"2.3e-01"	"-1.11"	D+	"105828.53"	"215609.97"	"4d.5p"	"3P*"	"2"	"5p2"	"3P"	"1"	5	3		"T2192"	"L12094"	
"91.5513"	"0.0005"	"91.55088"	"0.00016"	"6"	"5.0e+08"	"1.9e-01"	"-1.21"	D+	"104967.04"	"214195.92"	"4d.5p"	"3P*"	"1"	"5p2"	"3P"	"0"	3	1		"T2192"	"L12094"	
"91.6453"	"0.0021"	"91.64398"	"0.00017"	"1000s"	"1.5e+07"	"1.7e-02"	"-2.3"	E	"0.00"	"109117.91"	"4d2"	"3F"	"2"	"4d.5p"	"1P*"	"1"	5	3		"T2192"	"L12094"	
"92.3136"	"0.0005"	"92.31344"	"0.00014"	"25"	"2.4e+07"	"4.6e-02"	"-1.82"	D	"52064.67"	"160391.26"	"4d.5s"	"3D"	"1"	"5s.5p"	"3P*"	"2"	3	5		"T2192"	"L12094"	
"92.6043"	"0.0005"	"92.60398"	"0.00010"	"400"	"1.50e+09"	"2.9e+00"	"-0.01"	C+	"107872.61"	"215859.33"	"4d.5p"	"1F*"	"3"	"5p2"	"1D"	"2"	7	5		"T2192"	"L12094"	
"92.7025"	"0.0005"	"92.70194"	"0.00018"	"8"	"8.e+04"	"2.1e-04"	"-4.2"	E	"0.00"	"107872.61"	"4d2"	"3F"	"2"	"4d.5p"	"1F*"	"3"	5	7		"T2192"	"L12094"	
"92.7980"	"0.0005"	"92.79769"	"0.00014"	"2000"	"3.4e+08"	"6.8e-01"	"-0.65"	D+	"52629.96"	"160391.26"	"4d.5s"	"3D"	"2"	"5s.5p"	"3P*"	"2"	5	5		"T2192"	"L12094"	
"93.6460"	"0.0021"	"93.64550"	"0.00018"	"40p"	"9.e+06"	"2.7e-02"	"-2.1"	E	"1086.91"	"107872.61"	"4d2"	"3F"	"3"	"4d.5p"	"1F*"	"3"	7	7		"T2192"	"L12094"	
"93.8259"	"0.0005"	"93.82554"	"0.00015"	"200000"	"1.9e+09"	"3.9e+00"	"0.10"	C+	"53810.47"	"160391.26"	"4d.5s"	"3D"	"3"	"5s.5p"	"3P*"	"2"	7	5		"T2192"	"L12094"	
"94.2670"	"0.0005"	"94.26618"	"0.00010"	"2000"	"5.6e+08"	"6.9e-01"	"-0.65"	D+	"52064.67"	"158147.25"	"4d.5s"	"3D"	"1"	"5s.5p"	"3P*"	"1"	3	3		"T2192"	"L12094"	
"94.4927"	"0.0005"	"94.49248"	"0.00018"	"100"	"5.e+06"	"1.1e-02"	"-2.5"	E	"0.00"	"105828.53"	"4d2"	"3F"	"2"	"4d.5p"	"3P*"	"2"	5	5		"T2192"	"L12094"	
"94.7630"	"0.0005"	"94.76224"	"0.00025"	"700"	"2.4e+07"	"7.e-02"	"-1.65"	D	"2345.35"	"107872.61"	"4d2"	"3F"	"4"	"4d.5p"	"1F*"	"3"	9	7		"T2192"	"L12094"	
"94.7715"	"0.0005"	"94.77120"	"0.00010"	"3000"	"1.6e+09"	"2.1e+00"	"-0.18"	C	"52629.96"	"158147.25"	"4d.5s"	"3D"	"2"	"5s.5p"	"3P*"	"1"	5	3		"T2192"	"L12094"	
"95.1459"	"0.0005"	"95.14595"	"0.00022"	"3000"	"2.2e+09"	"9.3e-01"	"-0.53"	D+	"52064.67"	"157166.36"	"4d.5s"	"3D"	"1"	"5s.5p"	"3P*"	"0"	3	1		"T2192"	"L12094"	
"95.2682"	"0.0005"	"95.26800"	"0.00019"	"1000"	"6.e+07"	"7.e-02"	"-1.64"	D	"0.00"	"104967.04"	"4d2"	"3F"	"2"	"4d.5p"	"3P*"	"1"	5	3		"T2192"	"L12094"	
"95.4734"	"0.0005"	"95.47303"	"0.00019"	"1000"	"3.4e+07"	"7.e-02"	"-1.64"	D	"1086.91"	"105828.53"	"4d2"	"3F"	"3"	"4d.5p"	"3P*"	"2"	7	5		"T2192"	"L12094"	
"98.1270"	"0.0005"	"98.12716"	"0.00022"	"35000"	"5.3e+07"	"2.2e-01"	"-1.16"	D+	"1086.91"	"102995.49"	"4d2"	"3F"	"3"	"4d.5p"	"3F*"	"4"	7	9		"T2192"	"L12094"	
"98.2088"	"0.0005"	"98.20811"	"0.00016"	"4"	"6.e+06"	"1.4e-02"	"-2.3"	E	"58566.68"	"160391.26"	"4d.5s"	"1D"	"2"	"5s.5p"	"3P*"	"2"	5	5		"T2192"	"L12094"	
"98.2523"	"0.0005"	"98.25251"	"0.00020"	"400"	"3.1e+06"	"1.0e-02"	"-2.5"	E	"0.00"	"101778.57"	"4d2"	"3F"	"2"	"4d.5p"	"3D*"	"3"	5	7		"T2192"	"L12094"	
"99.2567"	"0.0005"	"99.25679"	"0.00019"	"50000"	"4.2e+08"	"6.0e-01"	"-0.73"	D+	"8369.14"	"109117.91"	"4d2"	"1D"	"2"	"4d.5p"	"1P*"	"1"	5	3		"T2192"	"L12094"	
"99.3130"	"0.0005"	"99.31309"	"0.00020"	"500"	"8.e+04"	"3.e-04"	"-4.1"	E	"1086.91"	"101778.57"	"4d2"	"3F"	"3"	"4d.5p"	"3D*"	"3"	7	7		"T2192"	"L12094"	
"99.3538"	"0.0005"	"99.3541"	"0.0003"	"10000"	"7.6e+08"	"3.3e+00"	"0.01"	C+	"2345.35"	"102995.49"	"4d2"	"3F"	"4"	"4d.5p"	"3F*"	"4"	9	9		"T2192"	"L12094"	
"99.6152"	"0.0005"	"99.61519"	"0.00021"	"40000"	"6.4e+07"	"2.2e-01"	"-1.18"	D+	"0.00"	"100386.30"	"4d2"	"3F"	"2"	"4d.5p"	"3F*"	"3"	5	7		"T2192"	"L12094"	
"100.2756"	"0.0005"	"100.27570"	"0.00021"	"2000000"	"4.2e+08"	"1.0e+00"	"-0.50"	C	"0.00"	"99725.06"	"4d2"	"3F"	"2"	"4d.5p"	"3F*"	"2"	5	5		"T2192"	"L12094"	
"100.5700"	"0.0005"	"100.5700"	"0.0003"	"3000000"	"1.77e+09"	"6.2e+00"	"0.27"	C+	"2345.35"	"101778.57"	"4d2"	"3F"	"4"	"4d.5p"	"3D*"	"3"	9	7		"T2192"	"L12094"	
"100.5781"	"0.0021"	"100.5791"	"0.0003"	"50000p"	"4.18e+07"	"6.29e-02"	"-1.72"	C+	"9693.66"	"109117.91"	"4d2"	"3P"	"0"	"4d.5p"	"1P*"	"1"	1	3		"T7653"	"L12094"	
"100.7015"	"0.0005"	"100.70115"	"0.00021"	"15000000"	"1.71e+09"	"4.3e+00"	"0.11"	C+	"1086.91"	"100390.64"	"4d2"	"3F"	"3"	"4d.5p"	"3D*"	"2"	7	5		"T2192"	"L12094"	
"100.7051"	"0.0005"	"100.70555"	"0.00021"	"12000000"	"8.1e+08"	"2.8e+00"	"-0.07"	C+	"1086.91"	"100386.30"	"4d2"	"3F"	"3"	"4d.5p"	"3F*"	"3"	7	7		"T2192"	"L12094"	
"101.0178"	"0.0005"	"101.01758"	"0.00021"	"7000000"	"1.9e+09"	"2.9e+00"	"-0.05"	C+	"0.00"	"98992.67"	"4d2"	"3F"	"2"	"4d.5p"	"3D*"	"1"	5	3		"T2192"	"L12094"	
"101.3808"	"0.0005"	"101.38065"	"0.00021"	"300000"	"1.4e+08"	"3.6e-01"	"-0.97"	D+	"1086.91"	"99725.06"	"4d2"	"3F"	"3"	"4d.5p"	"3F*"	"2"	7	5		"T2192"	"L12094"	
"101.9979"	"0.0005"	"101.9982"	"0.0003"	"500000"	"1.4e+08"	"5.0e-01"	"-0.83"	D+	"2345.35"	"100386.30"	"4d2"	"3F"	"4"	"4d.5p"	"3F*"	"3"	9	7		"T2192"	"L12094"	
"102.0425"	"0.0005"	"102.04318"	"0.00019"	"50000"	"2.9e+08"	"4.5e-01"	"-0.87"	D+	"11120.18"	"109117.91"	"4d2"	"3P"	"2"	"4d.5p"	"1P*"	"1"	5	3		"T2192"	"L12094"	
"102.6069"	"0.0005"	"102.60684"	"0.00020"	"2000"	"2.6e+07"	"7.e-02"	"-1.68"	D	"8369.14"	"105828.53"	"4d2"	"1D"	"2"	"4d.5p"	"3P*"	"2"	5	5		"T2192"	"L12094"	
"103.0271"	"0.0005"	"103.02754"	"0.00022"	"3000000"	"4.8e+08"	"1.3e+00"	"-0.42"	C	"0.00"	"97061.43"	"4d2"	"3F"	"2"	"4d.5p"	"1D*"	"2"	5	5		"T2192"	"L12094"	
"103.3566"	"0.0005"	"103.35658"	"0.00019"	"400"	"1.2e+06"	"5.e-03"	"-2.9"	E	"11120.18"	"107872.61"	"4d2"	"3P"	"2"	"4d.5p"	"1F*"	"3"	5	7		"T2192"	"L12094"	
"103.5216"	"0.0005"	"103.52192"	"0.00021"	"50000"	"2.9e+08"	"4.8e-01"	"-0.85"	D+	"8369.14"	"104967.04"	"4d2"	"1D"	"2"	"4d.5p"	"3P*"	"1"	5	3		"T2192"	"L12094"	
"104.1945"	"0.0005"	"104.19432"	"0.00022"	"200"	"9.e+05"	"2.5e-03"	"-3.1"	E	"1086.91"	"97061.43"	"4d2"	"3F"	"3"	"4d.5p"	"1D*"	"2"	7	5		"T2192"	"L12094"	
"104.4904"	"0.0021"	"104.4893"	"0.0003"	"20000p"	"2.9e+08"	"8.2e-01"	"-0.62"	D+	"10124.99"	"105828.53"	"4d2"	"3P"	"1"	"4d.5p"	"3P*"	"2"	3	5		"T2192"	"L12094"	
"104.9610"	"0.0005"	"104.9611"	"0.0003"	"50000"	"3.39e+08"	"5.81e-01"	"-0.77"	B	"9693.66"	"104967.04"	"4d2"	"3P"	"0"	"4d.5p"	"3P*"	"1"	1	3		"T7653"	"L12094"	
"105.0976"	"0.0005"	"105.0979"	"0.0003"	"100000"	"1.5e+09"	"8.3e-01"	"-0.62"	D+	"10124.99"	"105274.38"	"4d2"	"3P"	"1"	"4d.5p"	"3P*"	"0"	3	1		"T2192"	"L12094"	
"105.4384"	"0.0005"	"105.4385"	"0.0003"	"50000"	"3.7e+08"	"6.5e-01"	"-0.73"	D+	"10124.99"	"104967.04"	"4d2"	"3P"	"1"	"4d.5p"	"3P*"	"1"	3	3		"T2192"	"L12094"	
"105.5874"	"0.0005"	"105.58731"	"0.00020"	"5000000"	"1.12e+09"	"3.2e+00"	"-0.03"	C+	"11120.18"	"105828.53"	"4d2"	"3P"	"2"	"4d.5p"	"3P*"	"2"	5	5		"T2192"	"L12094"	
"106.3050"	"0.0005"	"106.30487"	"0.00024"	"50000000"	"2.4e+09"	"1.01e+01"	"0.46"	C+	"13803.54"	"107872.61"	"4d2"	"1G"	"4"	"4d.5p"	"1F*"	"3"	9	7		"T2192"	"L12094"	
"106.5569"	"0.0005"	"106.55658"	"0.00020"	"50000"	"3.3e+08"	"5.9e-01"	"-0.78"	D+	"11120.18"	"104967.04"	"4d2"	"3P"	"2"	"4d.5p"	"3P*"	"1"	5	3		"T2192"	"L12094"	
"107.0557"	"0.0005"	"107.05557"	"0.00022"	"2000"	"1.6e+07"	"7.e-02"	"-1.72"	D	"8369.14"	"101778.57"	"4d2"	"1D"	"2"	"4d.5p"	"3D*"	"3"	5	7		"T2192"	"L12094"	
"108.6715"	"0.0021"	"108.67538"	"0.00023"	"2000u"	"8.e+06"	"3.7e-02"	"-2.0"	D	"8369.14"	"100386.30"	"4d2"	"1D"	"2"	"4d.5p"	"3F*"	"3"	5	7		"T2192"	"L12094"	
"108.6748"	"0.0021"	"108.67026"	"0.00023"	"500u"	"6.4e+07"	"2.0e-01"	"-1.25"	D+	"8369.14"	"100390.64"	"4d2"	"1D"	"2"	"4d.5p"	"3D*"	"2"	5	5		"T2192"	"L12094"	
"109.4622"	"0.0005"	"109.46198"	"0.00023"	"300000"	"6.5e+08"	"2.1e+00"	"-0.24"	C	"8369.14"	"99725.06"	"4d2"	"1D"	"2"	"4d.5p"	"3F*"	"2"	5	5		"T2192"	"L12094"	
"110.3044"	"0.0005"	"110.30419"	"0.00022"	"50000"	"1.3e+08"	"6.0e-01"	"-0.78"	D+	"11120.18"	"101778.57"	"4d2"	"3P"	"2"	"4d.5p"	"3D*"	"3"	5	7		"T2192"	"L12094"	
"110.7844"	"0.0005"	"110.7841"	"0.0003"	"25000"	"1.4e+08"	"4.5e-01"	"-0.91"	D+	"10124.99"	"100390.64"	"4d2"	"3P"	"1"	"4d.5p"	"3D*"	"2"	3	5		"T2192"	"L12094"	
"111.6081"	"0.0021"	"111.6071"	"0.0003"	"50000p"	"6.7e+07"	"2.3e-01"	"-1.20"	D+	"10124.99"	"99725.06"	"4d2"	"3P"	"1"	"4d.5p"	"3F*"	"2"	3	5		"T2192"	"L12094"	
"111.9835"	"0.0005"	"111.9833"	"0.0004"	"50000"	"1.35e+08"	"2.80e-01"	"-1.12"	B	"9693.66"	"98992.67"	"4d2"	"3P"	"0"	"4d.5p"	"3D*"	"1"	1	3		"T7653"	"L12094"	
"112.0243"	"0.0005"	"112.02458"	"0.00022"	"50000"	"2.7e+07"	"1.3e-01"	"-1.45"	D+	"11120.18"	"100386.30"	"4d2"	"3P"	"2"	"4d.5p"	"3F*"	"3"	5	7		"T2192"	"L12094"	
"112.1176"	"0.0005"	"112.1177"	"0.0003"	"200"	"1.6e+06"	"1.0e-02"	"-2.6"	E	"13803.54"	"102995.49"	"4d2"	"1G"	"4"	"4d.5p"	"3F*"	"4"	9	9		"T2192"	"L12094"	
"112.5274"	"0.0005"	"112.5268"	"0.0003"	"2000"	"3.8e+07"	"8.e-02"	"-1.66"	D	"10124.99"	"98992.67"	"4d2"	"3P"	"1"	"4d.5p"	"3D*"	"1"	3	3		"T2192"	"L12094"	
"112.7498"	"0.0005"	"112.7494"	"0.0003"	"5000000"	"7.1e+08"	"2.5e+00"	"-0.17"	C+	"8369.14"	"97061.43"	"4d2"	"1D"	"2"	"4d.5p"	"1D*"	"2"	5	5		"T2192"	"L12094"	
"112.8611"	"0.0005"	"112.86060"	"0.00022"	"10000"	"4.5e+07"	"1.6e-01"	"-1.37"	D+	"11120.18"	"99725.06"	"4d2"	"3P"	"2"	"4d.5p"	"3F*"	"2"	5	5		"T2192"	"L12094"	
"113.6689"	"0.0005"	"113.6686"	"0.0003"	"8000"	"2.3e+07"	"1.2e-01"	"-1.50"	D+	"13803.54"	"101778.57"	"4d2"	"1G"	"4"	"4d.5p"	"3D*"	"3"	9	7		"T2192"	"L12094"	
"115.4965"	"0.0005"	"115.4964"	"0.0003"	"50000"	"1.4e+07"	"7.e-02"	"-1.72"	D	"13803.54"	"100386.30"	"4d2"	"1G"	"4"	"4d.5p"	"3F*"	"3"	9	7		"T2192"	"L12094"	
"116.1019"	"0.0005"	"116.1019"	"0.0004"	"20"	"1.07e+09"	"2.5e+00"	"-0.19"	C+	"158147.25"	"244278.47"	"5s.5p"	"3P*"	"1"	"5s.6s"	"3S"	"1"	3	3		"T2192"	"L12094"	
"116.3587"	"0.0005"	"116.35856"	"0.00024"	"100000"	"3.9e+07"	"1.5e-01"	"-1.40"	D+	"11120.18"	"97061.43"	"4d2"	"3P"	"2"	"4d.5p"	"1D*"	"2"	5	5		"T2192"	"L12094"	
"119.2077"	"0.0005"	"119.2077"	"0.0004"	"100"	"1.65e+09"	"4.1e+00"	"0.02"	C+	"160391.26"	"244278.47"	"5s.5p"	"3P*"	"2"	"5s.6s"	"3S"	"1"	5	3		"T2192"	"L12094"	
"119.5437"	"0.0005"	"119.54398"	"0.00009"	"100"	"5.8e+08"	"6.4e+00"	"0.21"	C+	"168228.11"	"251879.33"	"4d.5d"	"3G"	"5"	"4d.6f"	"3H*"	"6"	11	13		"T2192"	"L12094"	
"119.5600"	"0.0005"	"119.56023"	"0.00007"	"10"	"4.0e+08"	"3.0e+00"	"-0.11"	C+	"166289.90"	"249929.75"	"4d.5d"	"3G"	"3"	"4d.6f"	"3H*"	"4"	7	9		"T2192"	"L12094"	
"119.9562"	"0.0021"	"119.95787"	"0.00009"	"100p(Nb I-III)"	"4.3e+08"	"4.0e+00"	"0.01"	C+	"167027.09"	"250389.69"	"4d.5d"	"3G"	"4"	"4d.6f"	"3H*"	"5"	9	11		"T2192"	"L12094"	
"120.5617"	"0.0005"	"120.56215"	"0.00023"	"4000"	"4.28e+08"	"1.11e+00"	"-0.55"	B	"116921.51"	"199866.28"	"5s2"	"1S"	"0"	"4d.6p"	"1P*"	"1"	1	3		"T7653"	"L12094"	
"123.3303"	"0.0005"	"123.32978"	"0.00009"	"10"	"1.1e+08"	"9.4e-01"	"-0.64"	C	"170114.71"	"251198.13"	"4d.5d"	"3F"	"3"	"4d.6f"	"1G*"	"4"	7	9		"T2192"	"L12094"	
"124.0314"	"0.0021"	"124.03244"	"0.00007"	"100p(Nb I-III)"	"2.2e+08"	"2.3e+00"	"-0.24"	C	"170864.00"	"251488.07"	"4d.5d"	"3F"	"4"	"4d.6f"	"3G*"	"5"	9	11		"T2192"	"L12094"	
"124.7647"	"0.0005"	"124.7647"	"0.0005"	"2000"	"1.29e+09"	"3.7e+00"	"-0.04"	C+	"157166.36"	"237317.24"	"5s.5p"	"3P*"	"0"	"5s.5d"	"3D"	"1"	1	3		"T2192"	"L12094"	
"125.0314"	"0.0005"	"125.03127"	"0.00021"	"20000"	"1.0e+08"	"5.0e-01"	"-0.91"	D+	"97061.43"	"177041.42"	"4d.5p"	"1D*"	"2"	"4d.(2D<5/2>).6s"	"2[5/2]"	"2"	5	5		"T2192"	"L12094"	
"125.1747"	"0.0005"	"125.17399"	"0.00019"	"100"	"3.1e+08"	"3.3e+00"	"-0.10"	C+	"174061.29"	"253950.09"	"4d.5d"	"1G"	"4"	"4d.6f"	"1H*"	"5"	9	11		"T2192"	"L12094"	
"126.2005"	"0.0005"	"126.2005"	"0.0005"	"35000"	"1.82e+09"	"9.0e+00"	"0.34"	C+	"158147.25"	"237386.24"	"5s.5p"	"3P*"	"1"	"5s.5d"	"3D"	"2"	3	5		"T2192"	"L12094"	
"126.3106"	"0.0005"	"126.3105"	"0.0004"	"1000"	"9.3e+08"	"2.8e+00"	"-0.18"	C+	"158147.25"	"237317.24"	"5s.5p"	"3P*"	"1"	"5s.5d"	"3D"	"1"	3	3		"T2192"	"L12094"	
"127.3879"	"0.0005"	"127.3871"	"0.0003"	"20"	"2.88e+07"	"8.8e-02"	"-1.68"	C+	"116921.51"	"195422.41"	"5s2"	"1S"	"0"	"4d.6p"	"3P*"	"1"	1	3		"T7653"	"L12094"	
"128.1251"	"0.0005"	"128.12505"	"0.00022"	"20"	"1.5e+06"	"8.e-03"	"-2.7"	E	"98992.67"	"177041.42"	"4d.5p"	"3D*"	"1"	"4d.(2D<5/2>).6s"	"2[5/2]"	"2"	3	5		"T2192"	"L12094"	
"128.6631"	"0.0005"	"128.66267"	"0.00012"	"60000"	"2.7e+08"	"1.4e+00"	"-0.47"	C	"97061.43"	"174784.05"	"4d.5p"	"1D*"	"2"	"4d.(2D<3/2>).6s"	"2[3/2]"	"2"	5	5		"T2192"	"L12094"	
"128.9252"	"0.0005"	"128.9252"	"0.0004"	"300"	"5.4e+08"	"1.7e+00"	"-0.39"	C	"157166.36"	"234730.74"	"5s.5p"	"3P*"	"0"	"4d.(2D<5/2>).5g"	"2[3/2]"	"1"	1	3		"T2192"	"L12094"	
"129.1605"	"0.0005"	"129.16017"	"0.00022"	"35000"	"3.3e+08"	"1.1e+00"	"-0.60"	C	"97061.43"	"174484.68"	"4d.5p"	"1D*"	"2"	"4d.(2D<3/2>).6s"	"2[3/2]"	"1"	5	3		"T2192"	"L12094"	
"129.2244"	"0.0005"	"129.2238"	"0.0004"	"1000000"	"2.70e+08"	"8.64e-01"	"-0.69"	B	"31732.77"	"109117.91"	"4d2"	"1S"	"0"	"4d.5p"	"1P*"	"1"	1	3		"T7653"	"L12094"	
"129.3390"	"0.0005"	"129.33873"	"0.00022"	"60000"	"3.0e+08"	"1.6e+00"	"-0.42"	C	"99725.06"	"177041.42"	"4d.5p"	"3F*"	"2"	"4d.(2D<5/2>).6s"	"2[5/2]"	"2"	5	5		"T2192"	"L12094"	
"129.6214"	"0.0005"	"129.6211"	"0.0007"	"60000"	"2.5e+09"	"1.85e+01"	"0.64"	C+	"160391.26"	"237539.2"	"5s.5p"	"3P*"	"2"	"5s.5d"	"3D"	"3"	5	7		"T2192"	"L12094"	
"129.8784"	"0.0021"	"129.8786"	"0.0006"	"15000u"	"5.5e+08"	"3.0e+00"	"-0.15"	C+	"160391.26"	"237386.24"	"5s.5p"	"3P*"	"2"	"5s.5d"	"3D"	"2"	5	5		"T2192"	"L12094"	
"130.4275"	"0.0005"	"130.42687"	"0.00013"	"25000"	"8.0e+07"	"4.4e-01"	"-0.99"	D+	"97061.43"	"173732.75"	"4d.5p"	"1D*"	"2"	"4d.5d"	"3P"	"2"	5	5		"T2192"	"L12094"	
"130.4545"	"0.0005"	"130.45443"	"0.00023"	"40000"	"1.8e+08"	"9.8e-01"	"-0.64"	C	"100386.30"	"177041.42"	"4d.5p"	"3F*"	"3"	"4d.(2D<5/2>).6s"	"2[5/2]"	"2"	7	5		"T2192"	"L12094"	
"130.5540"	"0.0005"	"130.5533"	"0.0003"	"40000"	"7.9e+07"	"6.1e-01"	"-0.85"	D+	"99725.06"	"176322.12"	"4d.5p"	"3F*"	"2"	"4d.(2D<5/2>).6s"	"2[5/2]"	"3"	5	7		"T2192"	"L12094"	
"130.5772"	"0.0005"	"130.5764"	"0.0003"	"80"	"3.9e+08"	"1.3e+00"	"-0.52"	C	"158147.25"	"234730.74"	"5s.5p"	"3P*"	"1"	"4d.(2D<5/2>).5g"	"2[3/2]"	"1"	3	3		"T2192"	"L12094"	
"131.6012"	"0.0005"	"131.6018"	"0.0003"	"2000"	"7.06e+07"	"2.38e-01"	"-1.26"	B	"116921.51"	"192908.33"	"5s2"	"1S"	"0"	"4d.6p"	"3D*"	"1"	1	3		"T7653"	"L12094"	
"131.6906"	"0.0005"	"131.6902"	"0.0003"	"75000"	"3.2e+08"	"2.5e+00"	"-0.23"	C+	"100386.30"	"176322.12"	"4d.5p"	"3F*"	"3"	"4d.(2D<5/2>).6s"	"2[5/2]"	"3"	7	7		"T2192"	"L12094"	
"131.6971"	"0.0005"	"131.6977"	"0.0003"	"10000"	"7.0e+07"	"5.5e-01"	"-0.90"	D+	"100390.64"	"176322.12"	"4d.5p"	"3D*"	"2"	"4d.(2D<5/2>).6s"	"2[5/2]"	"3"	5	7		"T2192"	"L12094"	
"131.9413"	"0.0005"	"131.94113"	"0.00012"	"45000"	"1.5e+08"	"8.7e-01"	"-0.70"	D+	"98992.67"	"174784.05"	"4d.5p"	"3D*"	"1"	"4d.(2D<3/2>).6s"	"2[3/2]"	"2"	3	5		"T2192"	"L12094"	
"132.4645"	"0.0005"	"132.46435"	"0.00023"	"50000"	"3.4e+08"	"1.2e+00"	"-0.58"	C	"98992.67"	"174484.68"	"4d.5p"	"3D*"	"1"	"4d.(2D<3/2>).6s"	"2[3/2]"	"1"	3	3		"T2192"	"L12094"	
"132.8678"	"0.0005"	"132.8677"	"0.0003"	"3000"	"2.7e+07"	"1.6e-01"	"-1.45"	D+	"101778.57"	"177041.42"	"4d.5p"	"3D*"	"3"	"4d.(2D<5/2>).6s"	"2[5/2]"	"2"	7	5		"T2192"	"L12094"	
"133.0601"	"0.0005"	"133.06003"	"0.00016"	"300000"	"6.4e+08"	"3.7e+00"	"-0.07"	C+	"97061.43"	"172215.48"	"4d.5p"	"1D*"	"2"	"4d.5d"	"1D"	"2"	5	5		"T2192"	"L12094"	
"133.2289"	"0.0005"	"133.22854"	"0.00011"	"45000"	"5.4e+07"	"3.2e-01"	"-1.14"	D+	"99725.06"	"174784.05"	"4d.5p"	"3F*"	"2"	"4d.(2D<3/2>).6s"	"2[3/2]"	"2"	5	5		"T2192"	"L12094"	
"133.5086"	"0.0005"	"133.5084"	"0.0003"	"300"	"9.60e+07"	"3.38e-01"	"-1.11"	B	"116921.51"	"191823.16"	"5s2"	"1S"	"0"	"4d.6p"	"1P*"	"1"	1	3		"T7653"	"L12094"	
"133.7621"	"0.0005"	"133.76205"	"0.00023"	"50000"	"2.8e+08"	"9.8e-01"	"-0.65"	C	"99725.06"	"174484.68"	"4d.5p"	"3F*"	"2"	"4d.(2D<3/2>).6s"	"2[3/2]"	"1"	5	3		"T2192"	"L12094"	
"134.1488"	"0.0005"	"134.1498"	"0.0003"	"300000"	"2.4e+08"	"2.0e+00"	"-0.34"	C	"101778.57"	"176322.12"	"4d.5p"	"3D*"	"3"	"4d.(2D<5/2>).6s"	"2[5/2]"	"3"	7	7		"T2192"	"L12094"	
"134.4130"	"0.0005"	"134.41267"	"0.00012"	"70000"	"3.7e+08"	"2.2e+00"	"-0.30"	C	"100386.30"	"174784.05"	"4d.5p"	"3F*"	"3"	"4d.(2D<3/2>).6s"	"2[3/2]"	"2"	7	5		"T2192"	"L12094"	
"134.4224"	"0.0021"	"134.42051"	"0.00014"	"15000p"	"1.4e+08"	"8.5e-01"	"-0.71"	D+	"100390.64"	"174784.05"	"4d.5p"	"3D*"	"2"	"4d.(2D<3/2>).6s"	"2[3/2]"	"2"	5	5		"T2192"	"L12094"	
"134.9634"	"0.0005"	"134.96362"	"0.00025"	"125000"	"5.3e+08"	"1.9e+00"	"-0.36"	C	"100390.64"	"174484.68"	"4d.5p"	"3D*"	"2"	"4d.(2D<3/2>).6s"	"2[3/2]"	"1"	5	3		"T2192"	"L12094"	
"135.0019"	"0.0005"	"135.00130"	"0.00023"	"500"	"2.8e+07"	"1.0e-01"	"-1.64"	D+	"98992.67"	"173066.03"	"4d.5p"	"3D*"	"1"	"4d.5d"	"3P"	"1"	3	3		"T2192"	"L12094"	
"135.1211"	"0.0005"	"135.12109"	"0.00012"	"15000"	"6.0e+07"	"3.7e-01"	"-1.09"	D+	"99725.06"	"173732.75"	"4d.5p"	"3F*"	"2"	"4d.5d"	"3P"	"2"	5	5		"T2192"	"L12094"	
"135.7310"	"0.0005"	"135.73127"	"0.00021"	"15000"	"6.6e+07"	"7.3e-01"	"-0.79"	D+	"100386.30"	"174061.29"	"4d.5p"	"3F*"	"3"	"4d.5d"	"1G"	"4"	7	9		"T2192"	"L12094"	
"136.0482"	"0.0005"	"136.04839"	"0.00025"	"60000"	"6.7e+08"	"8.3e-01"	"-0.73"	D+	"98992.67"	"172495.93"	"4d.5p"	"3D*"	"1"	"4d.5d"	"3P"	"0"	3	1		"T2192"	"L12094"	
"136.3401"	"0.0005"	"136.33925"	"0.00013"	"2000"	"3.5e+07"	"2.2e-01"	"-1.31"	D+	"100386.30"	"173732.75"	"4d.5p"	"3F*"	"3"	"4d.5d"	"3P"	"2"	7	5		"T2192"	"L12094"	
"136.3485"	"0.0021"	"136.34732"	"0.00015"	"75000c*"	"2.9e+06"	"1.8e-02"	"-2.4"	E	"100390.64"	"173732.75"	"4d.5p"	"3D*"	"2"	"4d.5d"	"3P"	"2"	5	5		"T2192"	"L12094"	
"136.3485"	"0.0021"	"136.34944"	"0.00023"	"75000c*"	"2.3e+08"	"8.6e-01"	"-0.72"	D+	"99725.06"	"173066.03"	"4d.5p"	"3F*"	"2"	"4d.5d"	"3P"	"1"	5	3		"T2192"	"L12094"	
"136.3762"	"0.0005"	"136.3761"	"0.0004"	"250000"	"8.6e+08"	"7.6e+00"	"0.23"	C+	"102995.49"	"176322.12"	"4d.5p"	"3F*"	"4"	"4d.(2D<5/2>).6s"	"2[5/2]"	"3"	9	7		"T2192"	"L12094"	
"136.5480"	"0.0005"	"136.5481"	"0.0005"	"75000"	"1.31e+07"	"4.94e-02"	"-1.96"	C+	"31732.77"	"104967.04"	"4d2"	"1S"	"0"	"4d.5p"	"3P*"	"1"	1	3		"T7653"	"L12094"	
"136.5695"	"0.0005"	"136.56947"	"0.00017"	"50"	"3.8e+06"	"2.4e-02"	"-2.3"	E	"98992.67"	"172215.48"	"4d.5p"	"3D*"	"1"	"4d.5d"	"1D"	"2"	3	5		"T2192"	"L12094"	
"136.9762"	"0.0005"	"136.97602"	"0.00014"	"125000"	"3.9e+08"	"2.5e+00"	"-0.26"	C+	"101778.57"	"174784.05"	"4d.5p"	"3D*"	"3"	"4d.(2D<3/2>).6s"	"2[3/2]"	"2"	7	5		"T2192"	"L12094"	
"137.5976"	"0.0005"	"137.59816"	"0.00025"	"75000"	"3.4e+08"	"1.3e+00"	"-0.54"	C	"100390.64"	"173066.03"	"4d.5p"	"3D*"	"2"	"4d.5d"	"3P"	"1"	5	3		"T2192"	"L12094"	
"137.9492"	"0.0005"	"137.94926"	"0.00016"	"175000"	"9.0e+08"	"5.8e+00"	"0.11"	C+	"99725.06"	"172215.48"	"4d.5p"	"3F*"	"2"	"4d.5d"	"1D"	"2"	5	5		"T2192"	"L12094"	
"138.6238"	"0.0005"	"138.62404"	"0.00013"	"175000"	"7.7e+08"	"5.1e+00"	"0.05"	C+	"97061.43"	"169198.99"	"4d.5p"	"1D*"	"2"	"4d.5d"	"3F"	"2"	5	5		"T2192"	"L12094"	
"138.9773"	"0.0005"	"138.97733"	"0.00015"	"125000"	"2.5e+08"	"1.6e+00"	"-0.44"	C	"101778.57"	"173732.75"	"4d.5p"	"3D*"	"3"	"4d.5d"	"3P"	"2"	7	5		"T2192"	"L12094"	
"139.2190"	"0.0005"	"139.21919"	"0.00017"	"25000"	"6.5e+07"	"4.3e-01"	"-1.03"	D+	"100386.30"	"172215.48"	"4d.5p"	"3F*"	"3"	"4d.5d"	"1D"	"2"	7	5		"T2192"	"L12094"	
"139.2271"	"0.0005"	"139.22760"	"0.00019"	"10000"	"1.5e+07"	"1.0e-01"	"-1.68"	D+	"100390.64"	"172215.48"	"4d.5p"	"3D*"	"2"	"4d.5d"	"1D"	"2"	5	5		"T2192"	"L12094"	
"140.4231"	"0.0005"	"140.4240"	"0.0003"	"35000"	"7.0e+07"	"4.8e-01"	"-0.98"	D+	"105828.53"	"177041.42"	"4d.5p"	"3P*"	"2"	"4d.(2D<5/2>).6s"	"2[5/2]"	"2"	5	5		"T2192"	"L12094"	
"140.7146"	"0.0005"	"140.7147"	"0.0003"	"300"	"5.e+06"	"7.e-02"	"-1.83"	D	"102995.49"	"174061.29"	"4d.5p"	"3F*"	"4"	"4d.5d"	"1G"	"4"	9	9		"T2192"	"L12094"	
"141.2763"	"0.0005"	"141.27684"	"0.00013"	"1"	"7.e+06"	"3.1e-02"	"-2.2"	E	"98992.67"	"169775.68"	"4d.5p"	"3D*"	"1"	"4d.5d"	"3S"	"1"	3	3		"T2192"	"L12094"	
"141.8561"	"0.0005"	"141.8569"	"0.0004"	"175000"	"3.8e+08"	"3.7e+00"	"-0.10"	C+	"105828.53"	"176322.12"	"4d.5p"	"3P*"	"2"	"4d.(2D<5/2>).6s"	"2[5/2]"	"3"	5	7		"T2192"	"L12094"	
"141.8884"	"0.0005"	"141.88885"	"0.00013"	"200000"	"2.7e+08"	"3.4e+00"	"-0.14"	C+	"100386.30"	"170864.00"	"4d.5p"	"3F*"	"3"	"4d.5d"	"3F"	"4"	7	9		"T2192"	"L12094"	
"141.9710"	"0.0005"	"141.97102"	"0.00019"	"35000"	"5.1e+07"	"3.6e-01"	"-1.11"	D+	"101778.57"	"172215.48"	"4d.5p"	"3D*"	"3"	"4d.5d"	"1D"	"2"	7	5		"T2192"	"L12094"	
"142.0662"	"0.0005"	"142.06634"	"0.00012"	"200000"	"2.6e+08"	"2.6e+00"	"-0.26"	C+	"99725.06"	"170114.71"	"4d.5p"	"3F*"	"2"	"4d.5d"	"3F"	"3"	5	7		"T2192"	"L12094"	
"142.1336"	"0.0005"	"142.13403"	"0.00013"	"75000"	"2.1e+08"	"9.0e-01"	"-0.72"	D+	"97061.43"	"167417.56"	"4d.5p"	"1D*"	"2"	"4d.5d"	"1P"	"1"	5	3		"T2192"	"L12094"	
"142.4368"	"0.0005"	"142.43732"	"0.00013"	"600000"	"1.25e+09"	"8.9e+00"	"0.28"	C+	"98992.67"	"169198.99"	"4d.5p"	"3D*"	"1"	"4d.5d"	"3F"	"2"	3	5		"T2192"	"L12094"	
"143.2312"	"0.0005"	"143.23157"	"0.00015"	"125000"	"2.6e+08"	"1.9e+00"	"-0.39"	C	"104967.04"	"174784.05"	"4d.5p"	"3P*"	"1"	"4d.(2D<3/2>).6s"	"2[3/2]"	"2"	3	5		"T2192"	"L12094"	
"143.4140"	"0.0005"	"143.41357"	"0.00014"	"500000"	"1.10e+09"	"1.12e+01"	"0.38"	C+	"100386.30"	"170114.71"	"4d.5p"	"3F*"	"3"	"4d.5d"	"3F"	"3"	7	7		"T2192"	"L12094"	
"143.4223"	"0.0005"	"143.42249"	"0.00016"	"500000"	"1.06e+09"	"1.08e+01"	"0.36"	C+	"100390.64"	"170114.71"	"4d.5p"	"3D*"	"2"	"4d.5d"	"3F"	"3"	5	7		"T2192"	"L12094"	
"143.5779"	"0.0005"	"143.5779"	"0.0005"	"45000"	"1.4e+09"	"2.0e+00"	"-0.37"	C	"109117.91"	"178766.52?"	"4d.5p"	"1P*"	"1"	"4d.5d"	"1S"	"0"	3	1		"T2192"	"L12094"	
"143.8479"	"0.0005"	"143.8484"	"0.0003"	"60000"	"2.5e+08"	"1.1e+00"	"-0.63"	C	"104967.04"	"174484.68"	"4d.5p"	"3P*"	"1"	"4d.(2D<3/2>).6s"	"2[3/2]"	"1"	3	3		"T2192"	"L12094"	
"143.9386"	"0.0005"	"143.93888"	"0.00011"	"175000"	"4.1e+08"	"3.0e+00"	"-0.20"	C+	"99725.06"	"169198.99"	"4d.5p"	"3F*"	"2"	"4d.5d"	"3F"	"2"	5	5		"T2192"	"L12094"	
"144.4491"	"0.0005"	"144.44924"	"0.00013"	"200000"	"4.0e+08"	"4.2e+00"	"-0.05"	C+	"97061.43"	"166289.90"	"4d.5p"	"1D*"	"2"	"4d.5d"	"3G"	"3"	5	7		"T2192"	"L12094"	
"144.4871"	"0.0005"	"144.4872"	"0.0003"	"60000"	"2.3e+08"	"1.01e+00"	"-0.67"	C	"105274.38"	"174484.68"	"4d.5p"	"3P*"	"0"	"4d.(2D<3/2>).6s"	"2[3/2]"	"1"	1	3		"T2192"	"L12094"	
"144.5740"	"0.0005"	"144.5738"	"0.0003"	"250000"	"7.4e+08"	"5.5e+00"	"0.06"	C+	"107872.61"	"177041.42"	"4d.5p"	"1F*"	"3"	"4d.(2D<5/2>).6s"	"2[5/2]"	"2"	7	5		"T2192"	"L12094"	
"144.7491"	"0.0005"	"144.74832"	"0.00015"	"1000000"	"1.31e+09"	"1.77e+01"	"0.57"	C+	"101778.57"	"170864.00"	"4d.5p"	"3D*"	"3"	"4d.5d"	"3F"	"4"	7	9		"T2192"	"L12094"	
"145.0213"	"0.0005"	"145.02102"	"0.00015"	"75000"	"1.5e+08"	"1.1e+00"	"-0.64"	C	"105828.53"	"174784.05"	"4d.5p"	"3P*"	"2"	"4d.(2D<3/2>).6s"	"2[3/2]"	"2"	5	5		"T2192"	"L12094"	
"145.3225"	"0.0005"	"145.32203"	"0.00013"	"40000"	"1.1e+08"	"8.3e-01"	"-0.76"	D+	"100386.30"	"169198.99"	"4d.5p"	"3F*"	"3"	"4d.5d"	"3F"	"2"	7	5		"T2192"	"L12094"	
"145.3313"	"0.0005"	"145.33120"	"0.00015"	"300"	"3.9e+07"	"3.0e-01"	"-1.21"	D+	"100390.64"	"169198.99"	"4d.5p"	"3D*"	"2"	"4d.5d"	"3F"	"2"	5	5		"T2192"	"L12094"	
"145.4215"	"0.0005"	"145.42132"	"0.00016"	"100000"	"1.7e+08"	"1.3e+00"	"-0.56"	C	"104967.04"	"173732.75"	"4d.5p"	"3P*"	"1"	"4d.5d"	"3P"	"2"	3	5		"T2192"	"L12094"	
"145.6541"	"0.0005"	"145.6534"	"0.0003"	"300"	"1.9e+07"	"9.e-02"	"-1.75"	D	"105828.53"	"174484.68"	"4d.5p"	"3P*"	"2"	"4d.(2D<3/2>).6s"	"2[3/2]"	"1"	5	3		"T2192"	"L12094"	
"145.8918"	"0.0021"	"145.8918"	"0.0005"	"10c"	"5.2e+06"	"7.e-02"	"-1.83"	D	"167027.09"	"235571.05"	"4d.5d"	"3G"	"4"	"4d.(2D<5/2>).7p"	"2[7/2]*"	"4"	9	9		"T2192"	"L12094"	
"146.0941"	"0.0005"	"146.0931"	"0.0004"	"300"	"1.2e+07"	"1.3e-01"	"-1.57"	D+	"107872.61"	"176322.12"	"4d.5p"	"1F*"	"3"	"4d.(2D<5/2>).6s"	"2[5/2]"	"3"	7	7		"T2192"	"L12094"	
"146.1471"	"0.0005"	"146.14565"	"0.00014"	"2000"	"3.0e+07"	"1.4e-01"	"-1.54"	D+	"98992.67"	"167417.56"	"4d.5p"	"3D*"	"1"	"4d.5d"	"1P"	"1"	3	3		"T2192"	"L12094"	
"146.6015"	"0.0005"	"146.60100"	"0.00014"	"200000"	"2.6e+08"	"1.2e+00"	"-0.61"	C	"97061.43"	"165273.79"	"4d.5p"	"1D*"	"2"	"4d.5d"	"3D"	"1"	5	3		"T2192"	"L12094"	
"146.8452"	"0.0005"	"146.8451"	"0.0003"	"175000"	"2.2e+08"	"1.03e+00"	"-0.67"	C	"104967.04"	"173066.03"	"4d.5p"	"3P*"	"1"	"4d.5d"	"3P"	"1"	3	3		"T2192"	"L12094"	
"147.2246"	"0.0005"	"147.2244"	"0.0003"	"450000"	"4.4e+08"	"3.4e+00"	"-0.15"	C+	"109117.91"	"177041.42"	"4d.5p"	"1P*"	"1"	"4d.(2D<5/2>).6s"	"2[5/2]"	"2"	3	5		"T2192"	"L12094"	
"147.2664"	"0.0005"	"147.26625"	"0.00016"	"1500000"	"1.13e+09"	"8.9e+00"	"0.27"	C+	"105828.53"	"173732.75"	"4d.5p"	"3P*"	"2"	"4d.5d"	"3P"	"2"	5	5		"T2192"	"L12094"	
"147.3441"	"0.0005"	"147.34374"	"0.00024"	"2000000"	"8.3e+08"	"1.19e+01"	"0.39"	C+	"102995.49"	"170864.00"	"4d.5p"	"3F*"	"4"	"4d.5d"	"3F"	"4"	9	9		"T2192"	"L12094"	
"147.5106"	"0.0005"	"147.5108"	"0.0003"	"225000"	"3.4e+08"	"1.6e+00"	"-0.48"	C	"105274.38"	"173066.03"	"4d.5p"	"3P*"	"0"	"4d.5d"	"3P"	"1"	1	3		"T2192"	"L12094"	
"147.6974"	"0.0005"	"147.69770"	"0.00014"	"3000000"	"1.36e+09"	"1.51e+01"	"0.49"	C+	"97061.43"	"164767.29"	"4d.5p"	"1D*"	"2"	"4d.5d"	"1F"	"3"	5	7		"T2192"	"L12094"	
"147.7269"	"0.0005"	"147.72685"	"0.00012"	"225000"	"3.9e+08"	"1.8e+00"	"-0.42"	C	"99725.06"	"167417.56"	"4d.5p"	"3F*"	"2"	"4d.5d"	"1P"	"1"	5	3		"T2192"	"L12094"	
"147.8967"	"0.0005"	"147.8964"	"0.0006"	"70000"	"3.3e+09"	"2.6e+01"	"0.73"	C+	"177521.44"	"245136.34"	"5s.5p"	"1P*"	"1"	"5s.5d"	"1D"	"2"	3	5		"T2192"	"L12094"	
"148.0850"	"0.0005"	"148.0848"	"0.0003"	"250000"	"1.21e+09"	"1.9e+00"	"-0.40"	C	"104967.04"	"172495.93"	"4d.5p"	"3P*"	"1"	"4d.5d"	"3P"	"0"	3	1		"T2192"	"L12094"	
"148.3235"	"0.0005"	"148.32302"	"0.00015"	"50"	"3.3e+06"	"2.7e-02"	"-2.3"	E	"101778.57"	"169198.99"	"4d.5p"	"3D*"	"3"	"4d.5d"	"3F"	"2"	7	5		"T2192"	"L12094"	
"148.4937"	"0.0005"	"148.4937"	"0.0005"	"60"	"1.22e+08"	"1.8e+00"	"-0.44"	C	"168228.11"	"235571.05"	"4d.5d"	"3G"	"5"	"4d.(2D<5/2>).7p"	"2[7/2]*"	"4"	11	9		"T2192"	"L12094"	
"148.7024"	"0.0005"	"148.70233"	"0.00020"	"90000"	"1.9e+08"	"1.5e+00"	"-0.51"	C	"104967.04"	"172215.48"	"4d.5p"	"3P*"	"1"	"4d.5d"	"1D"	"2"	3	5		"T2192"	"L12094"	
"148.7218"	"0.0021"	"148.72042"	"0.00012"	"300000p"	"2.9e+08"	"3.3e+00"	"-0.17"	C+	"99725.06"	"166965.32"	"4d.5p"	"3F*"	"2"	"4d.5d"	"3D"	"3"	5	7		"T2192"	"L12094"	
"148.7260"	"0.0021"	"148.7265"	"0.0003"	"250000p"	"8.2e+08"	"4.0e+00"	"-0.09"	C+	"105828.53"	"173066.03"	"4d.5p"	"3P*"	"2"	"4d.5d"	"3P"	"1"	5	3		"T2192"	"L12094"	
"148.9890"	"0.0005"	"148.9886"	"0.0003"	"100000"	"8.4e+07"	"9.6e-01"	"-0.71"	C	"102995.49"	"170114.71"	"4d.5p"	"3F*"	"4"	"4d.5d"	"3F"	"3"	9	7		"T2192"	"L12094"	
"149.2575"	"0.0005"	"149.25750"	"0.00014"	"250000"	"2.2e+08"	"1.8e+00"	"-0.43"	C	"98992.67"	"165990.98"	"4d.5p"	"3D*"	"1"	"4d.5d"	"3D"	"2"	3	5		"T2192"	"L12094"	
"149.4515"	"0.0005"	"149.45127"	"0.00017"	"100000"	"1.4e+08"	"1.2e+00"	"-0.62"	C	"107872.61"	"174784.05"	"4d.5p"	"1F*"	"3"	"4d.(2D<3/2>).6s"	"2[3/2]"	"2"	7	5		"T2192"	"L12094"	
"150.0579"	"0.0005"	"150.05825"	"0.00014"	"3000000"	"1.51e+09"	"2.3e+01"	"0.66"	C+	"100386.30"	"167027.09"	"4d.5p"	"3F*"	"3"	"4d.5d"	"3G"	"4"	7	9		"T2192"	"L12094"	
"150.2292"	"0.0005"	"150.22946"	"0.00012"	"1000000"	"8.e+02"	"1.0e-05"	"-5.7"	E	"99725.06"	"166289.90"	"4d.5p"	"3F*"	"2"	"4d.5d"	"3G"	"3"	5	7		"T2192"	"L12094"	
"150.6318"	"0.0005"	"150.63201"	"0.00020"	"60000"	"8.2e+07"	"6.9e-01"	"-0.86"	D+	"105828.53"	"172215.48"	"4d.5p"	"3P*"	"2"	"4d.5d"	"1D"	"2"	5	5		"T2192"	"L12094"	
"150.8721"	"0.0005"	"150.87253"	"0.00015"	"1000000"	"1.29e+09"	"6.6e+00"	"0.12"	C+	"98992.67"	"165273.79"	"4d.5p"	"3D*"	"1"	"4d.5d"	"3D"	"1"	3	3		"T2192"	"L12094"	
"150.9072"	"0.0005"	"150.90713"	"0.00013"	"75000"	"1.0e+08"	"8.5e-01"	"-0.77"	D+	"99725.06"	"165990.98"	"4d.5p"	"3F*"	"2"	"4d.5d"	"3D"	"2"	5	5		"T2192"	"L12094"	
"151.0832"	"0.0005"	"151.0832"	"0.0003"	"3000000"	"2.1e+09"	"3.2e+01"	"0.81"	C+	"107872.61"	"174061.29"	"4d.5p"	"1F*"	"3"	"4d.5d"	"1G"	"4"	7	9		"T2192"	"L12094"	
"151.7461"	"0.0021"	"151.74677"	"0.00016"	"1000000p"	"7.1e+08"	"8.6e+00"	"0.24"	C+	"100390.64"	"166289.90"	"4d.5p"	"3D*"	"2"	"4d.5d"	"3G"	"3"	5	7		"T2192"	"L12094"	
"151.8369"	"0.0005"	"151.83691"	"0.00019"	"200"	"7.e+06"	"6.e-02"	"-1.90"	D	"107872.61"	"173732.75"	"4d.5p"	"1F*"	"3"	"4d.5d"	"3P"	"2"	7	5		"T2192"	"L12094"	
"152.2857"	"0.0005"	"152.28549"	"0.00017"	"200"	"1.3e+07"	"1.1e-01"	"-1.66"	D+	"109117.91"	"174784.05"	"4d.5p"	"1P*"	"1"	"4d.(2D<3/2>).6s"	"2[3/2]"	"2"	3	5		"T2192"	"L12094"	
"152.4284"	"0.0005"	"152.42815"	"0.00014"	"125000"	"1.8e+08"	"1.6e+00"	"-0.51"	C	"100386.30"	"165990.98"	"4d.5p"	"3F*"	"3"	"4d.5d"	"3D"	"2"	7	5		"T2192"	"L12094"	
"152.4383"	"0.0005"	"152.43823"	"0.00017"	"500000"	"9.4e+08"	"8.2e+00"	"0.21"	C+	"100390.64"	"165990.98"	"4d.5p"	"3D*"	"2"	"4d.5d"	"3D"	"2"	5	5		"T2192"	"L12094"	
"152.5581"	"0.0005"	"152.55826"	"0.00013"	"50000"	"6.8e+07"	"3.6e-01"	"-1.15"	D+	"99725.06"	"165273.79"	"4d.5p"	"3F*"	"2"	"4d.5d"	"3D"	"1"	5	3		"T2192"	"L12094"	
"152.9825"	"0.0005"	"152.9829"	"0.0003"	"1"	"6.e+06"	"3.0e-02"	"-2.2"	E	"109117.91"	"174484.68"	"4d.5p"	"1P*"	"1"	"4d.(2D<3/2>).6s"	"2[3/2]"	"1"	3	3		"T2192"	"L12094"	
"153.2606"	"0.0005"	"153.26018"	"0.00017"	"1000000"	"5.6e+08"	"9.0e+00"	"0.25"	C+	"101778.57"	"167027.09"	"4d.5p"	"3D*"	"3"	"4d.5d"	"3G"	"4"	7	9		"T2192"	"L12094"	
"153.2981"	"0.0005"	"153.2975"	"0.0003"	"5000000"	"2.1e+09"	"4.1e+01"	"0.91"	C+	"102995.49"	"168228.11"	"4d.5p"	"3F*"	"4"	"4d.5d"	"3G"	"5"	9	11		"T2192"	"L12094"	
"153.4059"	"0.0005"	"153.40541"	"0.00016"	"1000000"	"8.3e+08"	"1.03e+01"	"0.31"	C+	"101778.57"	"166965.32"	"4d.5p"	"3D*"	"3"	"4d.5d"	"3D"	"3"	7	7		"T2192"	"L12094"	
"153.7221"	"0.0021"	"153.7221"	"0.0006"	"25i"	"1.9e+09"	"3.5e+00"	"-0.17"	C+	"177521.44"	"242573.89"	"5s.5p"	"1P*"	"1"	"5p2"	"1S"	"0"	3	1		"T2192"	"L12094"	
"153.7458"	"0.0021"	"153.74627"	"0.00013"	"50000u"	"1.2e+08"	"1.5e+00"	"-0.54"	C	"99725.06"	"164767.29"	"4d.5p"	"3F*"	"2"	"4d.5d"	"1F"	"3"	5	7		"T2192"	"L12094"	
"154.1232"	"0.0005"	"154.12322"	"0.00017"	"50000"	"1.6e+08"	"8.5e-01"	"-0.77"	D+	"100390.64"	"165273.79"	"4d.5p"	"3D*"	"2"	"4d.5d"	"3D"	"1"	5	3		"T2192"	"L12094"	
"154.3003"	"0.0005"	"154.30041"	"0.00016"	"400000"	"5.7e+08"	"3.1e+00"	"-0.21"	C+	"104967.04"	"169775.68"	"4d.5p"	"3P*"	"1"	"4d.5d"	"3S"	"1"	3	3		"T2192"	"L12094"	
"154.7635"	"0.0005"	"154.76321"	"0.00018"	"250000"	"2.2e+08"	"2.0e+00"	"-0.40"	C	"109117.91"	"173732.75"	"4d.5p"	"1P*"	"1"	"4d.5d"	"3P"	"2"	3	5		"T2192"	"L12094"	
"154.8406"	"0.0005"	"154.8401"	"0.0003"	"80"	"5.1e+07"	"6.5e-01"	"-0.90"	D+	"164767.29"	"229350.03"	"4d.5d"	"1F"	"3"	"4d.5f"	"1F*"	"3"	7	7		"T2192"	"L12094"	
"155.0115"	"0.0005"	"155.01153"	"0.00016"	"15000"	"4.4e+07"	"5.6e-01"	"-0.96"	D+	"101778.57"	"166289.90"	"4d.5p"	"3D*"	"3"	"4d.5d"	"3G"	"3"	7	7		"T2192"	"L12094"	
"155.0357"	"0.0005"	"155.03563"	"0.00021"	"80000"	"2.9e+08"	"1.6e+00"	"-0.51"	C	"105274.38"	"169775.68"	"4d.5p"	"3P*"	"0"	"4d.5d"	"3S"	"1"	1	3		"T2192"	"L12094"	
"155.3357"	"0.0005"	"155.33582"	"0.00017"	"50000"	"4.2e+07"	"5.5e-01"	"-0.97"	D+	"100390.64"	"164767.29"	"4d.5p"	"3D*"	"2"	"4d.5d"	"1F"	"3"	5	7		"T2192"	"L12094"	
"155.4175"	"0.0005"	"155.41738"	"0.00023"	"80"	"5.e+05"	"5.e-03"	"-3.0"	E	"107872.61"	"172215.48"	"4d.5p"	"1F*"	"3"	"4d.5d"	"1D"	"2"	7	5		"T2192"	"L12094"	
"155.5548"	"0.0005"	"155.55443"	"0.00016"	"70"	"2.9e+06"	"3.8e-02"	"-2.1"	D	"105828.53"	"170114.71"	"4d.5p"	"3P*"	"2"	"4d.5d"	"3F"	"3"	5	7		"T2192"	"L12094"	
"155.6972"	"0.0005"	"155.6971"	"0.0005"	"80"	"1.7e+08"	"9.5e-01"	"-0.73"	C	"167417.56"	"231644.82"	"4d.5d"	"1P"	"1"	"4d.5f"	"1P*"	"1"	3	3		"T2192"	"L12094"	
"155.7331"	"0.0005"	"155.73314"	"0.00017"	"40000"	"6.1e+07"	"5.7e-01"	"-0.95"	D+	"101778.57"	"165990.98"	"4d.5p"	"3D*"	"3"	"4d.5d"	"3D"	"2"	7	5		"T2192"	"L12094"	
"156.1732"	"0.0005"	"156.1729"	"0.0003"	"120000"	"7.0e+07"	"1.2e+00"	"-0.64"	C	"102995.49"	"167027.09"	"4d.5p"	"3F*"	"4"	"4d.5d"	"3G"	"4"	9	9		"T2192"	"L12094"	
"156.3238"	"0.0005"	"156.3237"	"0.0003"	"80000"	"5.6e+07"	"7.4e-01"	"-0.84"	D+	"102995.49"	"166965.32"	"4d.5p"	"3F*"	"4"	"4d.5d"	"3D"	"3"	9	7		"T2192"	"L12094"	
"156.3800"	"0.0021"	"156.37913"	"0.00016"	"1000000p"	"8.8e+08"	"5.0e+00"	"-0.02"	C+	"105828.53"	"169775.68"	"4d.5p"	"3P*"	"2"	"4d.5d"	"3S"	"1"	5	3		"T2192"	"L12094"	
"157.4604"	"0.0005"	"157.46048"	"0.00024"	"80"	"6.7e+07"	"9.1e-01"	"-0.76"	D+	"164767.29"	"228275.29"	"4d.5d"	"1F"	"3"	"4d.5f"	"3D*"	"3"	7	7		"T2192"	"L12094"	
"157.7835"	"0.0005"	"157.7834"	"0.0003"	"200"	"8.e+07"	"1.6e-01"	"-1.51"	D+	"109117.91"	"172495.93"	"4d.5p"	"1P*"	"1"	"4d.5d"	"3P"	"0"	3	1		"T2192"	"L12094"	
"157.8019"	"0.0005"	"157.80223"	"0.00016"	"2"	"3.1e+06"	"3.0e-02"	"-2.2"	E	"105828.53"	"169198.99"	"4d.5p"	"3P*"	"2"	"4d.5d"	"3F"	"2"	5	5		"T2192"	"L12094"	
"158.4846"	"0.0005"	"158.48471"	"0.00023"	"300000"	"3.3e+08"	"3.3e+00"	"-0.20"	C+	"109117.91"	"172215.48"	"4d.5p"	"1P*"	"1"	"4d.5d"	"1D"	"2"	3	5		"T2192"	"L12094"	
"158.7585"	"0.0005"	"158.75858"	"0.00017"	"300000"	"2.1e+08"	"2.9e+00"	"-0.26"	C+	"101778.57"	"164767.29"	"4d.5p"	"3D*"	"3"	"4d.5d"	"1F"	"3"	7	7		"T2192"	"L12094"	
"159.9351"	"0.0005"	"159.9353"	"0.0004"	"100"	"2.0e+08"	"1.2e+00"	"-0.64"	C	"165273.79"	"227799.09"	"4d.5d"	"3D"	"1"	"4d.5f"	"3D*"	"1"	3	3		"T2192"	"L12094"	
"160.1262"	"0.0005"	"160.12677"	"0.00017"	"100000"	"2.7e+08"	"1.7e+00"	"-0.50"	C	"104967.04"	"167417.56"	"4d.5p"	"3P*"	"1"	"4d.5d"	"1P"	"1"	3	3		"T2192"	"L12094"	
"160.2959"	"0.0005"	"160.2957"	"0.0003"	"300"	"1.4e+08"	"2.0e+00"	"-0.43"	C	"166965.32"	"229350.03"	"4d.5d"	"3D"	"3"	"4d.5f"	"1F*"	"3"	7	7		"T2192"	"L12094"	
"160.9185"	"0.0005"	"160.91870"	"0.00022"	"100000"	"1.7e+08"	"1.0e+00"	"-0.71"	C	"105274.38"	"167417.56"	"4d.5p"	"3P*"	"0"	"4d.5d"	"1P"	"1"	1	3		"T2192"	"L12094"	
"161.2540"	"0.0005"	"161.25347"	"0.00025"	"5"	"2.7e+07"	"5.0e-01"	"-1.03"	D+	"164767.29"	"226781.46"	"4d.5d"	"1F"	"3"	"4d.5f"	"3F*"	"4"	7	9		"T2192"	"L12094"	
"161.2778"	"0.0021"	"161.2724"	"0.0006"	"300bl"	"1.7e+08"	"1.7e+00"	"-0.49"	C	"165990.98"	"227997.87"	"4d.5d"	"3D"	"2"	"4d.5f"	"3D*"	"2"	5	5		"T2192"	"L12094"	
"161.8862"	"0.0005"	"161.8862"	"0.0003"	"70"	"2.1e+06"	"3.1e-02"	"-2.2"	E	"102995.49"	"164767.29"	"4d.5p"	"3F*"	"4"	"4d.5d"	"1F"	"3"	9	7		"T2192"	"L12094"	
"162.2312"	"0.0005"	"162.2313"	"0.0003"	"150"	"6.6e+07"	"9.7e-01"	"-0.74"	C	"164767.29"	"226407.69"	"4d.5d"	"1F"	"3"	"4d.5f"	"3G*"	"3"	7	7		"T2192"	"L12094"	
"162.3661"	"0.0005"	"162.36658"	"0.00016"	"200"	"1.5e+07"	"1.0e-01"	"-1.75"	D+	"105828.53"	"167417.56"	"4d.5p"	"3P*"	"2"	"4d.5d"	"1P"	"1"	5	3		"T2192"	"L12094"	
"163.0623"	"0.0005"	"163.06196"	"0.00019"	"10"	"2.0e+06"	"2.1e-02"	"-2.4"	E	"107872.61"	"169198.99"	"4d.5p"	"1F*"	"3"	"4d.5d"	"3F"	"2"	7	5		"T2192"	"L12094"	
"163.1053"	"0.0005"	"163.1056"	"0.0003"	"200"	"9.6e+07"	"1.4e+00"	"-0.57"	C	"166965.32"	"228275.29"	"4d.5d"	"3D"	"3"	"4d.5f"	"3D*"	"3"	7	7		"T2192"	"L12094"	
"163.4153"	"0.0005"	"163.4149"	"0.0003"	"30"	"2.9e+07"	"5.6e-01"	"-0.99"	D+	"166289.90"	"227483.82"	"4d.5d"	"3G"	"3"	"4d.5f"	"3G*"	"4"	7	9		"T2192"	"L12094"	
"163.5686"	"0.0005"	"163.56763"	"0.00017"	"800000"	"6.5e+08"	"9.8e+00"	"0.26"	C+	"105828.53"	"166965.32"	"4d.5p"	"3P*"	"2"	"4d.5d"	"3D"	"3"	5	7		"T2192"	"L12094"	
"163.8707"	"0.0005"	"163.87011"	"0.00018"	"500000"	"5.9e+08"	"6.4e+00"	"0.07"	C+	"104967.04"	"165990.98"	"4d.5p"	"3P*"	"1"	"4d.5d"	"3D"	"2"	3	5		"T2192"	"L12094"	
"164.3152"	"0.0005"	"164.3154"	"0.0003"	"10"	"1.8e+07"	"4.2e-01"	"-1.11"	D+	"167027.09"	"227885.64"	"4d.5d"	"3G"	"4"	"4d.5f"	"3G*"	"5"	9	11		"T2192"	"L12094"	
"164.8596"	"0.0005"	"164.85934"	"0.00019"	"150000"	"4.0e+08"	"2.6e+00"	"-0.31"	C+	"109117.91"	"169775.68"	"4d.5p"	"1P*"	"1"	"4d.5d"	"3S"	"1"	3	3		"T2192"	"L12094"	
"165.0167"	"0.0005"	"165.0167"	"0.0005"	"500000"	"1.32e+09"	"8.75e+00"	"0.21"	B+	"116921.51"	"177521.44"	"5s2"	"1S"	"0"	"5s.5p"	"1P*"	"1"	1	3		"T7653"	"L12094"	
"165.3948"	"0.0005"	"165.39486"	"0.00017"	"30000"	"5.3e+07"	"8.2e-01"	"-0.82"	D+	"105828.53"	"166289.90"	"4d.5p"	"3P*"	"2"	"4d.5d"	"3G"	"3"	5	7		"T2192"	"L12094"	
"165.4071"	"0.0005"	"165.4076"	"0.0003"	"250"	"7.2e+07"	"1.4e+00"	"-0.58"	C	"167027.09"	"227483.82"	"4d.5d"	"3G"	"4"	"4d.5f"	"3G*"	"4"	9	9		"T2192"	"L12094"	
"165.5169"	"0.0005"	"165.5171"	"0.0003"	"250"	"1.03e+08"	"1.6e+00"	"-0.53"	C	"165990.98"	"226407.69"	"4d.5d"	"3D"	"2"	"4d.5f"	"3G*"	"3"	5	7		"T2192"	"L12094"	
"165.5650"	"0.0005"	"165.5651"	"0.0004"	"300"	"2.9e+08"	"3.2e+00"	"-0.22"	C+	"158147.25"	"218546.46"	"5s.5p"	"3P*"	"1"	"5p2"	"3P"	"2"	3	5		"T2192"	"L12094"	
"165.8185"	"0.0005"	"165.81892"	"0.00018"	"200000"	"2.0e+08"	"1.3e+00"	"-0.62"	C	"104967.04"	"165273.79"	"4d.5p"	"3P*"	"1"	"4d.5d"	"3D"	"1"	3	3		"T2192"	"L12094"	
"165.9984"	"0.0005"	"165.9984"	"0.0003"	"100000"	"5.9e+08"	"1.20e+01"	"0.34"	C+	"164767.29"	"225008.83"	"4d.5d"	"1F"	"3"	"4d.5f"	"1G*"	"4"	7	9		"T2192"	"L12094"	
"166.2163"	"0.0005"	"166.21664"	"0.00017"	"18000"	"4.0e+07"	"4.5e-01"	"-1.08"	D+	"105828.53"	"165990.98"	"4d.5p"	"3P*"	"2"	"4d.5d"	"3D"	"2"	5	5		"T2192"	"L12094"	
"166.4056"	"0.0005"	"166.4057"	"0.0003"	"20000"	"4.4e+08"	"5.0e+00"	"-0.04"	C+	"165273.79"	"225367.89"	"4d.5d"	"3D"	"1"	"4d.5f"	"3F*"	"2"	3	5		"T2192"	"L12094"	
"166.6683"	"0.0005"	"166.66831"	"0.00023"	"250000"	"2.7e+08"	"1.9e+00"	"-0.47"	C	"105274.38"	"165273.79"	"4d.5p"	"3P*"	"0"	"4d.5d"	"3D"	"1"	1	3		"T2192"	"L12094"	
"167.1788"	"0.0005"	"167.1790"	"0.0003"	"100000"	"5.1e+08"	"1.05e+01"	"0.28"	C+	"166965.32"	"226781.46"	"4d.5d"	"3D"	"3"	"4d.5f"	"3F*"	"4"	7	9		"T2192"	"L12094"	
"167.3240"	"0.0005"	"167.3236"	"0.0004"	"20"	"1.4e+08"	"9.8e-01"	"-0.75"	C	"169775.68"	"229540.13"	"4d.5d"	"3S"	"1"	"4d.5f"	"3P*"	"1"	3	3		"T2192"	"L12094"	
"167.5922"	"0.0005"	"167.5927"	"0.0004"	"50000"	"4.0e+08"	"6.6e+00"	"0.07"	C+	"165990.98"	"225659.45"	"4d.5d"	"3D"	"2"	"4d.5f"	"3F*"	"3"	5	7		"T2192"	"L12094"	
"167.6234"	"0.0005"	"167.6234"	"0.0003"	"12000"	"1.38e+08"	"3.5e+00"	"-0.19"	C+	"168228.11"	"227885.64"	"4d.5d"	"3G"	"5"	"4d.5f"	"3G*"	"5"	11	11		"T2192"	"L12094"	
"168.1220"	"0.0005"	"168.1221"	"0.0005"	"1300"	"1.8e+08"	"2.1e+00"	"-0.41"	C	"169775.68"	"229256.26"	"4d.5d"	"3S"	"1"	"4d.5f"	"3P*"	"2"	3	5		"T2192"	"L12094"	
"168.3615"	"0.0005"	"168.3617"	"0.0004"	"45000"	"6.7e+08"	"1.41e+01"	"0.41"	C+	"166289.90"	"225685.84"	"4d.5d"	"3G"	"3"	"4d.5f"	"3H*"	"4"	7	9		"T2192"	"L12094"	
"168.6269"	"0.0005"	"168.6268"	"0.0003"	"20000"	"4.0e+08"	"4.8e+00"	"-0.06"	C+	"167417.56"	"226720.10"	"4d.5d"	"1P"	"1"	"4d.5f"	"1D*"	"2"	3	5		"T2192"	"L12094"	
"168.8133"	"0.0005"	"168.8136"	"0.0004"	"60000"	"6.9e+08"	"1.81e+01"	"0.51"	C+	"167027.09"	"226264.03"	"4d.5d"	"3G"	"4"	"4d.5f"	"3H*"	"5"	9	11		"T2192"	"L12094"	
"168.9642"	"0.0005"	"168.9642"	"0.0005"	"100000"	"7.2e+08"	"2.2e+01"	"0.60"	C+	"168228.11"	"227412.25"	"4d.5d"	"3G"	"5"	"4d.5f"	"3H*"	"6"	11	13		"T2192"	"L12094"	
"169.0491"	"0.0005"	"169.04890"	"0.00021"	"20000"	"1.7e+07"	"3.6e-01"	"-1.18"	D+	"107872.61"	"167027.09"	"4d.5p"	"1F*"	"3"	"4d.5d"	"3G"	"4"	7	9		"T2192"	"L12094"	
"169.2257"	"0.0005"	"169.22561"	"0.00021"	"500000"	"2.0e+08"	"3.4e+00"	"-0.21"	C+	"107872.61"	"166965.32"	"4d.5p"	"1F*"	"3"	"4d.5d"	"3D"	"3"	7	7		"T2192"	"L12094"	
"169.6672"	"0.0005"	"169.66763"	"0.00018"	"1000"	"6.e+06"	"1.1e-01"	"-1.72"	D+	"105828.53"	"164767.29"	"4d.5p"	"3P*"	"2"	"4d.5d"	"1F"	"3"	5	7		"T2192"	"L12094"	
"171.1059"	"0.0021"	"171.1051"	"0.0008"	"10000u"	"6.2e+08"	"4.6e+00"	"-0.09"	C+	"157166.36"	"215609.97"	"5s.5p"	"3P*"	"0"	"5p2"	"3P"	"1"	1	3		"T2192"	"L12094"	
"171.1820"	"0.0005"	"171.18220"	"0.00021"	"1000"	"7.e+06"	"1.2e-01"	"-1.68"	D+	"107872.61"	"166289.90"	"4d.5p"	"1F*"	"3"	"4d.5d"	"3G"	"3"	7	7		"T2192"	"L12094"	
"171.5280"	"0.0005"	"171.52762"	"0.00019"	"500000"	"1.01e+09"	"7.5e+00"	"0.12"	C+	"109117.91"	"167417.56"	"4d.5p"	"1P*"	"1"	"4d.5d"	"1P"	"1"	3	3		"T2192"	"L12094"	
"171.9381"	"0.0005"	"171.9378"	"0.0003"	"10"	"8.0e+07"	"1.4e+00"	"-0.61"	C	"170114.71"	"228275.29"	"4d.5d"	"3F"	"3"	"4d.5f"	"3D*"	"3"	7	7		"T2192"	"L12094"	
"171.9538"	"0.0005"	"171.9537"	"0.0005"	"50000"	"8.6e+08"	"1.08e+01"	"0.28"	C+	"160391.26"	"218546.46"	"5s.5p"	"3P*"	"2"	"5p2"	"3P"	"2"	5	5		"T2192"	"L12094"	
"172.4681"	"0.0005"	"172.4681"	"0.0003"	"30"	"4.4e+07"	"1.01e+00"	"-0.75"	C	"167027.09"	"225008.83"	"4d.5d"	"3G"	"4"	"4d.5f"	"1G*"	"4"	9	9		"T2192"	"L12094"	
"172.8081"	"0.0005"	"172.8081"	"0.0006"	"100000"	"6.5e+08"	"1.82e+01"	"0.50"	C+	"174061.29"	"231928.95"	"4d.5d"	"1G"	"4"	"4d.5f"	"1H*"	"5"	9	11		"T2192"	"L12094"	
"173.2741"	"0.0005"	"173.2739"	"0.0004"	"30"	"1.8e+08"	"2.3e+00"	"-0.39"	C	"158147.25"	"215859.33"	"5s.5p"	"3P*"	"1"	"5p2"	"1D"	"2"	3	5		"T2192"	"L12094"	
"174.0258"	"0.0005"	"174.0259"	"0.0006"	"1000"	"4.4e+08"	"3.4e+00"	"-0.22"	C+	"158147.25"	"215609.97"	"5s.5p"	"3P*"	"1"	"5p2"	"3P"	"1"	3	3		"T2192"	"L12094"	
"174.1822"	"0.0005"	"174.1818"	"0.0003"	"20"	"4.0e+07"	"7.2e-01"	"-0.90"	D+	"170864.00"	"228275.29"	"4d.5d"	"3F"	"4"	"4d.5f"	"3D*"	"3"	9	7		"T2192"	"L12094"	
"174.3098"	"0.0005"	"174.3098"	"0.0003"	"10000"	"4.6e+08"	"1.09e+01"	"0.28"	C+	"170114.71"	"227483.82"	"4d.5d"	"3F"	"3"	"4d.5f"	"3G*"	"4"	7	9		"T2192"	"L12094"	
"174.7989"	"0.0005"	"174.7986"	"0.0003"	"5000"	"3.8e+08"	"7.1e+00"	"0.09"	C+	"169198.99"	"226407.69"	"4d.5d"	"3F"	"2"	"4d.5f"	"3G*"	"3"	5	7		"T2192"	"L12094"	
"175.0252"	"0.0005"	"175.0254"	"0.0004"	"700"	"1.7e+08"	"3.2e+00"	"-0.26"	C+	"172215.48"	"229350.03"	"4d.5d"	"1D"	"2"	"4d.5f"	"1F*"	"3"	5	7		"T2192"	"L12094"	
"175.2747"	"0.0005"	"175.2749"	"0.0003"	"2000"	"2.4e+06"	"1.9e-02"	"-2.5"	E	"52064.67"	"109117.91"	"4d.5s"	"3D"	"1"	"4d.5p"	"1P*"	"1"	3	3		"T2192"	"L12094"	
"175.3723"	"0.0005"	"175.3720"	"0.0004"	"80000"	"6.2e+08"	"1.82e+01"	"0.50"	C+	"170864.00"	"227885.64"	"4d.5d"	"3F"	"4"	"4d.5f"	"3G*"	"5"	9	11		"T2192"	"L12094"	
"175.7642"	"0.0005"	"175.76336"	"0.00022"	"800000"	"4.3e+08"	"8.1e+00"	"0.15"	C+	"107872.61"	"164767.29"	"4d.5p"	"1F*"	"3"	"4d.5d"	"1F"	"3"	7	7		"T2192"	"L12094"	
"176.4705"	"0.0005"	"176.4703"	"0.0003"	"20"	"4.7e+07"	"1.2e+00"	"-0.70"	C	"170114.71"	"226781.46"	"4d.5d"	"3F"	"3"	"4d.5f"	"3F*"	"4"	7	9		"T2192"	"L12094"	
"176.4900"	"0.0005"	"176.4900"	"0.0007"	"20"	"5.1e+08"	"1.4e+00"	"-0.62"	C	"173066.03"	"229726.47"	"4d.5d"	"3P"	"1"	"4d.5f"	"3P*"	"0"	3	1		"T2192"	"L12094"	
"176.6168"	"0.0005"	"176.6166"	"0.0003"	"500"	"1.78e+08"	"4.4e+00"	"-0.13"	C+	"170864.00"	"227483.82"	"4d.5d"	"3F"	"4"	"4d.5f"	"3G*"	"4"	9	9		"T2192"	"L12094"	
"177.0291"	"0.0005"	"177.0289"	"0.0003"	"500000"	"4.7e+07"	"3.9e-01"	"-1.18"	D+	"52629.96"	"109117.91"	"4d.5s"	"3D"	"2"	"4d.5p"	"1P*"	"1"	5	3		"T2192"	"L12094"	
"177.0726"	"0.0005"	"177.0723"	"0.0006"	"100"	"2.9e+08"	"2.4e+00"	"-0.38"	C+	"173066.03"	"229540.13"	"4d.5d"	"3P"	"1"	"4d.5f"	"3P*"	"1"	3	3		"T2192"	"L12094"	
"177.1149"	"0.0005"	"177.1151"	"0.0004"	"800"	"2.3e+08"	"4.5e+00"	"-0.12"	C+	"169198.99"	"225659.45"	"4d.5d"	"3F"	"2"	"4d.5f"	"3F*"	"3"	5	7		"T2192"	"L12094"	
"177.6420"	"0.0005"	"177.6420"	"0.0003"	"600"	"1.7e+08"	"3.2e+00"	"-0.26"	C+	"170114.71"	"226407.69"	"4d.5d"	"3F"	"3"	"4d.5f"	"3G*"	"3"	7	7		"T2192"	"L12094"	
"178.0346"	"0.0005"	"178.0345"	"0.0004"	"600"	"2.5e+08"	"3.5e+00"	"-0.23"	C+	"169198.99"	"225367.89"	"4d.5d"	"3F"	"2"	"4d.5f"	"3F*"	"2"	5	5		"T2192"	"L12094"	
"178.0760"	"0.0005"	"178.07574"	"0.00021"	"200"	"2.2e+07"	"1.8e-01"	"-1.51"	D+	"109117.91"	"165273.79"	"4d.5p"	"1P*"	"1"	"4d.5d"	"3D"	"1"	3	3		"T2192"	"L12094"	
"178.3807"	"0.0005"	"178.3809"	"0.0004"	"10"	"2.9e+08"	"5.8e+00"	"-0.01"	C+	"172215.48"	"228275.29"	"4d.5d"	"1D"	"2"	"4d.5f"	"3D*"	"3"	5	7		"T2192"	"L12094"	
"178.4163"	"0.0005"	"178.4164"	"0.0006"	"300"	"1.64e+09"	"4.6e+00"	"-0.11"	C+	"158147.25"	"214195.92"	"5s.5p"	"3P*"	"1"	"5p2"	"3P"	"0"	3	1		"T2192"	"L12094"	
"178.8352"	"0.0005"	"178.8350"	"0.0003"	"400"	"9.3e+07"	"2.4e+00"	"-0.40"	C	"170864.00"	"226781.46"	"4d.5d"	"3F"	"4"	"4d.5f"	"3F*"	"4"	9	9		"T2192"	"L12094"	
"179.1871"	"0.0005"	"179.1878"	"0.0005"	"7"	"1.3e+08"	"1.1e+00"	"-0.72"	C	"173732.75"	"229540.13"	"4d.5d"	"3P"	"2"	"4d.5f"	"3P*"	"1"	5	3		"T2192"	"L12094"	
"179.8000"	"0.0005"	"179.8002"	"0.0004"	"800"	"3.3e+08"	"6.6e+00"	"0.05"	C+	"173732.75"	"229350.03"	"4d.5d"	"3P"	"2"	"4d.5f"	"1F*"	"3"	5	7		"T2192"	"L12094"	
"179.9497"	"0.0005"	"179.9496"	"0.0004"	"100"	"7.0e+07"	"1.8e+00"	"-0.52"	C	"170114.71"	"225685.84"	"4d.5d"	"3F"	"3"	"4d.5f"	"3H*"	"4"	7	9		"T2192"	"L12094"	
"180.0357"	"0.0005"	"180.0350"	"0.0004"	"30"	"6.2e+07"	"1.3e+00"	"-0.67"	C	"170114.71"	"225659.45"	"4d.5d"	"3F"	"3"	"4d.5f"	"3F*"	"3"	7	7		"T2192"	"L12094"	
"180.2843"	"0.0021"	"180.2839"	"0.0006"	"500000p(Nb III)"	"4.0e+08"	"5.7e+00"	"-0.02"	C+	"160391.26"	"215859.33"	"5s.5p"	"3P*"	"2"	"5p2"	"1D"	"2"	5	5		"T2192"	"L12094"	
"180.5056"	"0.0005"	"180.5053"	"0.0004"	"50"	"3.4e+07"	"1.1e+00"	"-0.74"	C	"170864.00"	"226264.03"	"4d.5d"	"3F"	"4"	"4d.5f"	"3H*"	"5"	9	11		"T2192"	"L12094"	
"180.8216"	"0.0005"	"180.8215"	"0.0006"	"300"	"3.6e+08"	"3.2e+00"	"-0.27"	C+	"172495.93"	"227799.09"	"4d.5d"	"3P"	"0"	"4d.5f"	"3D*"	"1"	1	3		"T2192"	"L12094"	
"181.0202"	"0.0005"	"181.0196"	"0.0003"	"300000"	"8.e+06"	"1.6e-01"	"-1.57"	D+	"52629.96"	"107872.61"	"4d.5s"	"3D"	"2"	"4d.5p"	"1F*"	"3"	5	7		"T2192"	"L12094"	
"182.0435"	"0.0005"	"182.0438"	"0.0008"	"2000"	"2.8e+08"	"4.2e+00"	"-0.15"	C+	"173066.03"	"227997.87"	"4d.5d"	"3P"	"1"	"4d.5f"	"3D*"	"2"	3	5		"T2192"	"L12094"	
"183.4257"	"0.0005"	"183.4259"	"0.0006"	"3000"	"1.58e+08"	"5.3e+00"	"-0.06"	C+	"179838.54"	"234356.47"	"4d.4f"	"1G*"	"4"	"4d.(2D<5/2>).5g"	"2[11/2]"	"5"	9	11		"T2192"	"L12094"	
"183.4707"	"0.0005"	"183.4707"	"0.0005"	"2000"	"2.3e+08"	"3.4e+00"	"-0.24"	C+	"172215.48"	"226720.10"	"4d.5d"	"1D"	"2"	"4d.5f"	"1D*"	"2"	5	5		"T2192"	"L12094"	
"184.9723"	"0.0005"	"184.9723"	"0.0004"	"800000"	"2.4e+07"	"5.3e-01"	"-1.06"	D+	"53810.47"	"107872.61"	"4d.5s"	"3D"	"3"	"4d.5p"	"1F*"	"3"	7	7		"T2192"	"L12094"	
"185.9982"	"0.0005"	"185.9985"	"0.0003"	"300000"	"1.2e+07"	"1.9e-01"	"-1.51"	D+	"52064.67"	"105828.53"	"4d.5s"	"3D"	"1"	"4d.5p"	"3P*"	"2"	3	5		"T2192"	"L12094"	
"187.9355"	"0.0005"	"187.9356"	"0.0004"	"1500000"	"7.1e+08"	"2.3e+00"	"-0.42"	C	"52064.67"	"105274.38"	"4d.5s"	"3D"	"1"	"4d.5p"	"3P*"	"0"	3	1		"T2192"	"L12094"	
"187.9601"	"0.0005"	"187.9598"	"0.0005"	"25000"	"4.7e+08"	"2.0e+01"	"0.51"	C+	"181809.42"	"235012.29"	"4d.4f"	"3H*"	"5"	"4d.(2D<5/2>).5g"	"2[13/2]"	"6"	11	13		"T2192"	"L12094"	
"187.9749"	"0.0005"	"187.9750"	"0.0003"	"1500000"	"1.6e+08"	"2.6e+00"	"-0.37"	C+	"52629.96"	"105828.53"	"4d.5s"	"3D"	"2"	"4d.5p"	"3P*"	"2"	5	5		"T2192"	"L12094"	
"188.0387"	"0.0005"	"188.0381"	"0.0005"	"200"	"5.5e+07"	"1.3e+00"	"-0.69"	C	"181535.98"	"234716.68"	"4d.4f"	"3F*"	"3"	"4d.(2D<5/2>).5g"	"2[5/2]"	"3"	7	7		"T2192"	"L12094"	
"188.3881"	"0.0005"	"188.3882"	"0.0005"	"20000"	"4.2e+08"	"1.54e+01"	"0.40"	C+	"179838.54"	"232920.41"	"4d.4f"	"1G*"	"4"	"4d.(2D<3/2>).5g"	"2[11/2]"	"5"	9	11		"T2192"	"L12094"	
"189.0276"	"0.0005"	"189.0274"	"0.0003"	"2000000"	"2.8e+08"	"2.8e+00"	"-0.35"	C+	"52064.67"	"104967.04"	"4d.5s"	"3D"	"1"	"4d.5p"	"3P*"	"1"	3	3		"T2192"	"L12094"	
"189.4439"	"0.0005"	"189.4440"	"0.0004"	"500"	"2.6e+08"	"7.7e+00"	"0.09"	C+	"181535.98"	"234322.02"	"4d.4f"	"3F*"	"3"	"4d.(2D<5/2>).5g"	"2[9/2]"	"4"	7	9		"T2192"	"L12094"	
"189.6802"	"0.0005"	"189.6807"	"0.0005"	"200"	"7.6e+07"	"2.3e+00"	"-0.43"	C	"174061.29"	"226781.46"	"4d.5d"	"1G"	"4"	"4d.5f"	"3F*"	"4"	9	9		"T2192"	"L12094"	
"190.1586"	"0.0005"	"190.1586"	"0.0005"	"500"	"1.54e+08"	"6.8e+00"	"0.04"	C+	"181809.42"	"234397.10"	"4d.4f"	"3H*"	"5"	"4d.(2D<5/2>).5g"	"2[11/2]"	"6"	11	13		"T2192"	"L12094"	
"190.2850"	"0.0005"	"190.2853"	"0.0004"	"50000"	"6.9e+08"	"2.6e+01"	"0.62"	C+	"179838.54"	"232391.22"	"4d.4f"	"1G*"	"4"	"4d.(2D<3/2>).5g"	"2[9/2]"	"5"	9	11		"T2192"	"L12094"	
"190.9970"	"0.0005"	"190.9974"	"0.0004"	"10000"	"3.2e+08"	"9.8e+00"	"0.19"	C+	"182170.31"	"234527.04"	"4d.4f"	"3F*"	"4"	"4d.(2D<5/2>).5g"	"2[7/2]"	"4"	9	9		"T2192"	"L12094"	
"191.0693"	"0.0021"	"191.0691"	"0.0003"	"1500000p(Nb III)"	"3.8e+08"	"3.9e+00"	"-0.20"	C+	"52629.96"	"104967.04"	"4d.5s"	"3D"	"2"	"4d.5p"	"3P*"	"1"	5	3		"T2192"	"L12094"	
"191.6589"	"0.0005"	"191.6589"	"0.0007"	"300000"	"1.47e+09"	"7.7e+01"	"1.09"	C+	"182746.93"	"234922.96"	"4d.4f"	"3H*"	"6"	"4d.(2D<5/2>).5g"	"2[13/2]"	"7"	13	15		"T2192"	"L12094"	
"191.8576"	"0.0005"	"191.8578"	"0.0005"	"45000"	"1.05e+09"	"4.0e+01"	"0.80"	C+	"182170.31"	"234292.25"	"4d.4f"	"3F*"	"4"	"4d.(2D<5/2>).5g"	"2[9/2]"	"5"	9	11		"T2192"	"L12094"	
"192.2408"	"0.0005"	"192.2409"	"0.0004"	"3000000"	"4.7e+08"	"8.2e+00"	"0.11"	C+	"53810.47"	"105828.53"	"4d.5s"	"3D"	"3"	"4d.5p"	"3P*"	"2"	7	5		"T2192"	"L12094"	
"193.5893"	"0.0005"	"193.5891"	"0.0005"	"50000"	"9.0e+08"	"3.5e+01"	"0.75"	C+	"181264.62"	"232920.41"	"4d.4f"	"3H*"	"4"	"4d.(2D<3/2>).5g"	"2[11/2]"	"5"	9	11		"T2192"	"L12094"	
"193.6104"	"0.0005"	"193.6102"	"0.0005"	"3000"	"1.62e+08"	"7.5e+00"	"0.07"	C+	"182746.93"	"234397.10"	"4d.4f"	"3H*"	"6"	"4d.(2D<5/2>).5g"	"2[11/2]"	"6"	13	13		"T2192"	"L12094"	
"194.4882"	"0.0005"	"194.4888"	"0.0005"	"40000"	"1.05e+09"	"2.7e+01"	"0.62"	C+	"181171.43"	"232588.26"	"4d.4f"	"3F*"	"2"	"4d.(2D<3/2>).5g"	"2[7/2]"	"3"	5	7		"T2192"	"L12094"	
"195.0500"	"0.0005"	"195.0505"	"0.0008"	"10000"	"5.6e+08"	"1.42e+01"	"0.35"	C+	"183241.63"	"234510.41"	"4d.4f"	"1D*"	"2"	"4d.(2D<5/2>).5g"	"2[7/2]"	"3"	5	7		"T2192"	"L12094"	
"195.4252"	"0.0005"	"195.4247"	"0.0004"	"100000"	"8.2e+08"	"3.9e+01"	"0.79"	C+	"181809.42"	"232980.02"	"4d.4f"	"3H*"	"5"	"4d.(2D<3/2>).5g"	"2[11/2]"	"6"	11	13		"T2192"	"L12094"	
"195.5931"	"0.0005"	"195.5929"	"0.0004"	"2000"	"1.58e+08"	"6.4e+00"	"1.76"	C+	"181264.62"	"232391.22"	"4d.4f"	"3H*"	"4"	"4d.(2D<3/2>).5g"	"2[9/2]"	"5"	9	11		"T2192"	"L12094"	
"195.8105"	"0.0005"	"195.8100"	"0.0005"	"30000"	"6.0e+08"	"2.0e+01"	"0.49"	C+	"181535.98"	"232605.89"	"4d.4f"	"3F*"	"3"	"4d.(2D<3/2>).5g"	"2[7/2]"	"4"	7	9		"T2192"	"L12094"	
"196.2804"	"0.0005"	"196.2803"	"0.0005"	"200"	"7.9e+07"	"2.7e+00"	"-0.39"	C+	"174061.29"	"225008.83"	"4d.5d"	"1G"	"4"	"4d.5f"	"1G*"	"4"	9	9		"T2192"	"L12094"	
"196.5254"	"0.0005"	"196.5252"	"0.0005"	"6000"	"2.9e+08"	"9.8e+00"	"0.18"	C+	"181535.98"	"232420.05"	"4d.4f"	"3F*"	"3"	"4d.(2D<3/2>).5g"	"2[9/2]"	"4"	7	9		"T2192"	"L12094"	
"197.8196"	"0.0005"	"197.8191"	"0.0003"	"5000000"	"6.0e+08"	"6.9e+00"	"0.03"	C+	"58566.68"	"109117.91"	"4d.5s"	"1D"	"2"	"4d.5p"	"1P*"	"1"	5	3		"T2192"	"L12094"	
"199.1208"	"0.0005"	"199.1202"	"0.0005"	"2000"	"1.47e+08"	"6.3e+00"	"-0.02"	C+	"182170.31"	"232391.22"	"4d.4f"	"3F*"	"4"	"4d.(2D<3/2>).5g"	"2[9/2]"	"5"	9	11		"T2192"	"L12094"	
"200.1880"	"0.0005"	"200.1877"	"0.0003"	"1000"	"1.40e+08"	"5.0e+00"	"-0.12"	C+	"184368.90"	"234322.02"	"4d.4f"	"3G*"	"3"	"4d.(2D<5/2>).5g"	"2[9/2]"	"4"	7	9		"T2192"	"L12094"	
"200.8994"	"0.0005"	"200.8989"	"0.0009"	"10000"	"3.2e+08"	"9.1e+00"	"0.14"	C+	"183241.63"	"233017.91"	"4d.4f"	"1D*"	"2"	"4d.(2D<3/2>).5g"	"2[5/2]"	"3"	5	7		"T2192"	"L12094"	
"202.8162"	"0.0005"	"202.8154"	"0.0003"	"15000000"	"5.3e+08"	"1.54e+01"	"0.36"	C+	"58566.68"	"107872.61"	"4d.5s"	"1D"	"2"	"4d.5p"	"1F*"	"3"	5	7		"T2192"	"L12094"	
"203.3151"	"0.0005"	"203.3139"	"0.0005"	"100M"	"5.9e+08"	"2.2e+01"	"0.52"	C+	"53810.47"	"102995.49"	"4d.5s"	"3D"	"3"	"4d.5p"	"3F*"	"4"	7	9		"T2192"	"L12094"	
"203.4650"	"0.0005"	"203.4646"	"0.0004"	"10000000"	"3.2e+08"	"9.2e+00"	"0.14"	C+	"52629.96"	"101778.57"	"4d.5s"	"3D"	"2"	"4d.5p"	"3D*"	"3"	5	7		"T2192"	"L12094"	
"203.5000"	"0.0021"	"203.4975"	"0.0008"	"50000p(Nb III)"	"6.6e+08"	"3.0e+01"	"0.65"	C+	"185215.82"	"234356.47"	"4d.4f"	"3G*"	"4"	"4d.(2D<5/2>).5g"	"2[11/2]"	"5"	9	11		"T2192"	"L12094"	
"203.6404"	"0.0005"	"203.6403"	"0.0004"	"5000"	"2.2e+08"	"8.3e+00"	"0.09"	C+	"185215.82"	"234322.02"	"4d.4f"	"3G*"	"4"	"4d.(2D<5/2>).5g"	"2[9/2]"	"4"	9	9		"T2192"	"L12094"	
"205.6030"	"0.0005"	"205.6020"	"0.0006"	"50000"	"9.1e+08"	"5.1e+01"	"0.87"	C+	"185759.43"	"234397.10"	"4d.4f"	"3G*"	"5"	"4d.(2D<5/2>).5g"	"2[11/2]"	"6"	11	13		"T2192"	"L12094"	
"206.0463"	"0.0005"	"206.0461"	"0.0006"	"5000"	"2.0e+08"	"9.4e+00"	"0.14"	C+	"185759.43"	"234292.25"	"4d.4f"	"3G*"	"5"	"4d.(2D<5/2>).5g"	"2[9/2]"	"5"	11	11		"T2192"	"L12094"	
"206.9286"	"0.0005"	"206.9281"	"0.0004"	"10000000"	"3.0e+08"	"6.6e+00"	"-0.01"	C+	"52064.67"	"100390.64"	"4d.5s"	"3D"	"1"	"4d.5p"	"3D*"	"2"	3	5		"T2192"	"L12094"	
"206.9978"	"0.0005"	"206.9967"	"0.0009"	"600"	"1.63e+08"	"3.6e+00"	"-0.28"	C+	"186409.72"	"234719.68"	"4d.4f"	"3D*"	"2"	"4d.(2D<5/2>).5g"	"2[5/2]"	"2"	5	5		"T2192"	"L12094"	
"207.3097"	"0.0005"	"207.3098"	"0.0004"	"400"	"8.6e+07"	"3.4e+00"	"-0.30"	C+	"184368.90"	"232605.89"	"4d.4f"	"3G*"	"3"	"4d.(2D<3/2>).5g"	"2[7/2]"	"4"	7	9		"T2192"	"L12094"	
"207.3858"	"0.0005"	"207.3856"	"0.0005"	"600"	"2.0e+08"	"6.0e+00"	"-0.05"	C+	"184368.90"	"232588.26"	"4d.4f"	"3G*"	"3"	"4d.(2D<3/2>).5g"	"2[7/2]"	"3"	7	7		"T2192"	"L12094"	
"207.4502"	"0.0005"	"207.4503"	"0.0006"	"1000"	"1.13e+08"	"3.5e+00"	"-0.29"	C+	"186512.36"	"234716.68"	"4d.4f"	"3D*"	"3"	"4d.(2D<5/2>).5g"	"2[5/2]"	"3"	7	7		"T2192"	"L12094"	
"207.8979"	"0.0005"	"207.8972"	"0.0008"	"10000"	"3.0e+08"	"9.4e+00"	"0.14"	C+	"186409.72"	"234510.41"	"4d.4f"	"3D*"	"2"	"4d.(2D<5/2>).5g"	"2[7/2]"	"3"	5	7		"T2192"	"L12094"	
"208.1114"	"0.0005"	"208.1116"	"0.0005"	"50000"	"8.8e+08"	"3.5e+01"	"0.71"	C+	"184368.90"	"232420.05"	"4d.4f"	"3G*"	"3"	"4d.(2D<3/2>).5g"	"2[9/2]"	"4"	7	9		"T2192"	"L12094"	
"208.2695"	"0.0005"	"208.2696"	"0.0005"	"8000"	"2.0e+08"	"7.9e+00"	"0.06"	C+	"186512.36"	"234527.04"	"4d.4f"	"3D*"	"3"	"4d.(2D<5/2>).5g"	"2[7/2]"	"4"	7	9		"T2192"	"L12094"	
"208.3415"	"0.0005"	"208.3418"	"0.0006"	"2000"	"1.63e+08"	"5.1e+00"	"-0.13"	C+	"186512.36"	"234510.41"	"4d.4f"	"3D*"	"3"	"4d.(2D<5/2>).5g"	"2[7/2]"	"3"	7	7		"T2192"	"L12094"	
"208.4717"	"0.0005"	"208.4719"	"0.0004"	"10000000"	"2.7e+08"	"8.4e+00"	"0.09"	C+	"53810.47"	"101778.57"	"4d.5s"	"3D"	"3"	"4d.5p"	"3D*"	"3"	7	7		"T2192"	"L12094"	
"209.1623"	"0.0005"	"209.1628"	"0.0004"	"10000"	"3.2e+08"	"1.30e+01"	"0.27"	C+	"186512.36"	"234322.02"	"4d.4f"	"3D*"	"3"	"4d.(2D<5/2>).5g"	"2[9/2]"	"4"	7	9		"T2192"	"L12094"	
"209.3768"	"0.0005"	"209.3773"	"0.0004"	"5000000"	"1.7e+08"	"4.0e+00"	"-0.24"	C+	"52629.96"	"100390.64"	"4d.5s"	"3D"	"2"	"4d.5p"	"3D*"	"2"	5	5		"T2192"	"L12094"	
"209.3966"	"0.0005"	"209.3963"	"0.0003"	"12000000"	"2.5e+08"	"7.8e+00"	"0.05"	C+	"52629.96"	"100386.30"	"4d.5s"	"3D"	"2"	"4d.5p"	"3F*"	"3"	5	7		"T2192"	"L12094"	
"209.8173"	"0.0005"	"209.8178"	"0.0003"	"2000000"	"1.08e+08"	"2.5e+00"	"-0.45"	C+	"52064.67"	"99725.06"	"4d.5s"	"3D"	"1"	"4d.5p"	"3F*"	"2"	3	5		"T2192"	"L12094"	
"211.5866"	"0.0005"	"211.5871"	"0.0003"	"500000"	"3.1e+07"	"7.2e-01"	"-0.98"	D+	"58566.68"	"105828.53"	"4d.5s"	"1D"	"2"	"4d.5p"	"3P*"	"2"	5	5		"T2192"	"L12094"	
"211.7719"	"0.0005"	"211.7720"	"0.0005"	"10000"	"2.7e+08"	"1.63e+01"	"0.37"	C+	"185759.43"	"232980.02"	"4d.4f"	"3G*"	"5"	"4d.(2D<3/2>).5g"	"2[11/2]"	"6"	11	13		"T2192"	"L12094"	
"211.9744"	"0.0005"	"211.9749"	"0.0005"	"12000"	"2.9e+08"	"1.51e+01"	"0.34"	C+	"185215.82"	"232391.22"	"4d.4f"	"3G*"	"4"	"4d.(2D<3/2>).5g"	"2[9/2]"	"5"	9	11		"T2192"	"L12094"	
"212.3363"	"0.0005"	"212.3363"	"0.0003"	"8000000"	"1.09e+08"	"2.6e+00"	"-0.43"	C+	"52629.96"	"99725.06"	"4d.5s"	"3D"	"2"	"4d.5p"	"3F*"	"2"	5	5		"T2192"	"L12094"	
"212.8344"	"0.0005"	"212.8337"	"0.0008"	"5000"	"2.2e+08"	"7.2e+00"	"0.01"	C+	"187731.63"	"234716.68"	"4d.4f"	"1F*"	"3"	"4d.(2D<5/2>).5g"	"2[5/2]"	"3"	7	7		"T2192"	"L12094"	
"213.0926"	"0.0005"	"213.0924"	"0.0004"	"10000000"	"3.3e+08"	"4.7e+00"	"-0.18"	C+	"52064.67"	"98992.67"	"4d.5s"	"3D"	"1"	"4d.5p"	"3D*"	"1"	3	3		"T2192"	"L12094"	
"213.6966"	"0.0005"	"213.6962"	"0.0007"	"500000"	"6.8e+08"	"2.9e+01"	"0.62"	C+	"187731.63"	"234527.04"	"4d.4f"	"1F*"	"3"	"4d.(2D<5/2>).5g"	"2[7/2]"	"4"	7	9		"T2192"	"L12094"	
"214.1758"	"0.0005"	"214.1758"	"0.0006"	"300000"	"6.6e+08"	"1.60e+01"	"0.36"	C+	"186370.57"	"233061.19"	"4d.4f"	"3D*"	"1"	"4d.(2D<3/2>).5g"	"2[5/2]"	"2"	3	5		"T2192"	"L12094"	
"214.5555"	"0.0005"	"214.5546"	"0.0010"	"250000"	"5.8e+08"	"2.0e+01"	"0.45"	C+	"186409.72"	"233017.91"	"4d.4f"	"3D*"	"2"	"4d.(2D<3/2>).5g"	"2[5/2]"	"3"	5	7		"T2192"	"L12094"	
"214.6099"	"0.0005"	"214.6106"	"0.0011"	"8000"	"2.6e+08"	"6.4e+00"	"-0.04"	C+	"188123.66"	"234719.68"	"4d.4f"	"3P*"	"2"	"4d.(2D<5/2>).5g"	"2[5/2]"	"2"	5	5		"T2192"	"L12094"	
"214.6233"	"0.0005"	"214.6244"	"0.0011"	"100000"	"5.3e+08"	"1.82e+01"	"0.41"	C+	"188123.66"	"234716.68"	"4d.4f"	"3P*"	"2"	"4d.(2D<5/2>).5g"	"2[5/2]"	"3"	5	7		"T2192"	"L12094"	
"214.6368"	"0.0005"	"214.6365"	"0.0006"	"50000"	"2.8e+08"	"1.24e+01"	"0.24"	C+	"187731.63"	"234322.02"	"4d.4f"	"1F*"	"3"	"4d.(2D<5/2>).5g"	"2[9/2]"	"4"	7	9		"T2192"	"L12094"	
"214.6824"	"0.0005"	"214.6836"	"0.0005"	"1000000"	"7.7e+07"	"1.9e+00"	"-0.57"	C	"53810.47"	"100390.64"	"4d.5s"	"3D"	"3"	"4d.5p"	"3D*"	"2"	7	5		"T2192"	"L12094"	
"214.7039"	"0.0005"	"214.7036"	"0.0004"	"80000000"	"2.6e+08"	"8.8e+00"	"0.09"	C+	"53810.47"	"100386.30"	"4d.5s"	"3D"	"3"	"4d.5p"	"3F*"	"3"	7	7		"T2192"	"L12094"	
"215.5152"	"0.0005"	"215.5156"	"0.0004"	"1000000"	"2.4e+07"	"3.6e-01"	"-1.30"	D+	"58566.68"	"104967.04"	"4d.5s"	"1D"	"2"	"4d.5p"	"3P*"	"1"	5	3		"T2192"	"L12094"	
"215.6899"	"0.0005"	"215.6906"	"0.0004"	"8000000"	"1.9e+08"	"2.8e+00"	"-0.40"	C+	"52629.96"	"98992.67"	"4d.5s"	"3D"	"2"	"4d.5p"	"3D*"	"1"	5	3		"T2192"	"L12094"	
"216.4080"	"0.0005"	"216.4083"	"0.0006"	"8000"	"3.7e+08"	"5.6e+00"	"-0.10"	C+	"188521.79"	"234730.74"	"4d.4f"	"3P*"	"1"	"4d.(2D<5/2>).5g"	"2[3/2]"	"1"	3	3		"T2192"	"L12094"	
"216.4596"	"0.0005"	"216.4601"	"0.0008"	"25000"	"4.2e+08"	"1.05e+01"	"0.17"	C+	"188521.79"	"234719.68"	"4d.4f"	"3P*"	"1"	"4d.(2D<5/2>).5g"	"2[5/2]"	"2"	3	5		"T2192"	"L12094"	
"216.5511"	"0.0005"	"216.5508"	"0.0008"	"1000"	"7.1e+07"	"2.5e+00"	"-0.46"	C+	"186409.72"	"232588.26"	"4d.4f"	"3D*"	"2"	"4d.(2D<3/2>).5g"	"2[7/2]"	"3"	5	7		"T2192"	"L12094"	
"216.9499"	"0.0005"	"216.9502"	"0.0005"	"100000"	"4.3e+08"	"2.0e+01"	"0.44"	C+	"186512.36"	"232605.89"	"4d.4f"	"3D*"	"3"	"4d.(2D<3/2>).5g"	"2[7/2]"	"4"	7	9		"T2192"	"L12094"	
"217.5537"	"0.0005"	"217.5536"	"0.0009"	"12000"	"3.6e+08"	"5.5e+00"	"-0.11"	C+	"188765.06"	"234730.74"	"4d.4f"	"3P*"	"0"	"4d.(2D<5/2>).5g"	"2[3/2]"	"1"	1	3		"T2192"	"L12094"	
"217.7959"	"0.0005"	"217.7957"	"0.0004"	"4000000"	"7.0e+07"	"1.8e+00"	"-0.60"	C	"53810.47"	"99725.06"	"4d.5s"	"3D"	"3"	"4d.5p"	"3F*"	"2"	7	5		"T2192"	"L12094"	
"222.2383"	"0.0005"	"222.2382"	"0.0004"	"8000000"	"1.13e+08"	"3.1e+00"	"-0.38"	C+	"52064.67"	"97061.43"	"4d.5s"	"3D"	"1"	"4d.5p"	"1D*"	"2"	3	5		"T2192"	"L12094"	
"222.7445"	"0.0005"	"222.7457"	"0.0013"	"50"	"1.28e+08"	"4.9e+00"	"-0.18"	C+	"188123.66"	"233017.91"	"4d.4f"	"3P*"	"2"	"4d.(2D<3/2>).5g"	"2[5/2]"	"3"	5	7		"T2192"	"L12094"	
"225.0656"	"0.0005"	"225.0657"	"0.0004"	"8000000"	"1.19e+08"	"3.4e+00"	"-0.34"	C+	"52629.96"	"97061.43"	"4d.5s"	"3D"	"2"	"4d.5p"	"1D*"	"2"	5	5		"T2192"	"L12094"	
"231.5329"	"0.0005"	"231.5331"	"0.0004"	"50000"	"3.0e+08"	"9.2e+00"	"0.08"	C+	"191823.16"	"235013.52"	"4d.6p"	"1P*"	"1"	"4d.(2D<5/2>).5g"	"2[3/2]"	"2"	3	5		"T2192"	"L12094"	
"234.5202"	"0.0005"	"234.5204"	"0.0007"	"200000"	"8.2e+08"	"6.7e+01"	"0.94"	C+	"192372.07"	"235012.29"	"4d.4f"	"1H*"	"5"	"4d.(2D<5/2>).5g"	"2[13/2]"	"6"	11	13		"T2192"	"L12094"	
"237.9525"	"0.0005"	"237.9534"	"0.0008"	"100000"	"1.27e+08"	"1.10e+01"	"0.15"	C+	"192372.07"	"234397.10"	"4d.4f"	"1H*"	"5"	"4d.(2D<5/2>).5g"	"2[11/2]"	"6"	11	13		"T2192"	"L12094"	
"239.0974"	"0.0005"	"239.0974"	"0.0005"	"400000"	"3.1e+06"	"1.1e-01"	"-1.87"	D+	"58566.68"	"100390.64"	"4d.5s"	"1D"	"2"	"4d.5p"	"3D*"	"2"	5	5		"T2192"	"L12094"	
"239.1222"	"0.0005"	"239.1222"	"0.0004"	"1600000"	"1.3e+07"	"6.4e-01"	"-1.09"	D+	"58566.68"	"100386.30"	"4d.5s"	"1D"	"2"	"4d.5p"	"3F*"	"3"	5	7		"T2192"	"L12094"	
"242.9639"	"0.0005"	"242.9639"	"0.0004"	"8000000"	"1.48e+08"	"5.3e+00"	"-0.18"	C+	"58566.68"	"99725.06"	"4d.5s"	"1D"	"2"	"4d.5p"	"3F*"	"2"	5	5		"T2192"	"L12094"	
"243.7536"	"0.0005"	"243.7537"	"0.0007"	"100000"	"5.2e+07"	"1.9e+00"	"-0.63"	C	"177521.44"	"218546.46"	"5s.5p"	"1P*"	"1"	"5p2"	"3P"	"2"	3	5		"T2192"	"L12094"	
"244.7040"	"0.0005"	"244.7036"	"0.0005"	"200000"	"2.9e+07"	"1.5e+00"	"-0.73"	C	"179838.54"	"220704.30"	"4d.4f"	"1G*"	"4"	"4d.6d"	"1F"	"3"	9	7		"T2192"	"L12094"	
"246.2570"	"0.0005"	"246.2572"	"0.0007"	"200000"	"2.5e+08"	"2.4e+01"	"0.47"	C+	"192372.07"	"232980.02"	"4d.4f"	"1H*"	"5"	"4d.(2D<3/2>).5g"	"2[11/2]"	"6"	11	13		"T2192"	"L12094"	
"247.3653"	"0.0005"	"247.3656"	"0.0005"	"400000"	"3.4e+06"	"8.e-02"	"-2.02"	D	"58566.68"	"98992.67"	"4d.5s"	"1D"	"2"	"4d.5p"	"3D*"	"1"	5	3		"T2192"	"L12094"	
"247.7579"	"0.0005"	"247.7580"	"0.0005"	"100000"	"3.7e+07"	"3.0e+00"	"-0.43"	C+	"182746.93"	"223108.89"	"4d.4f"	"3H*"	"6"	"4d.6d"	"3G"	"5"	13	11		"T2192"	"L12094"	
"247.8416"	"0.0005"	"247.8417"	"0.0005"	"60000"	"2.8e+07"	"1.5e+00"	"-0.75"	C	"182170.31"	"222518.65"	"4d.4f"	"3F*"	"4"	"4d.6d"	"3D"	"3"	9	7		"T2192"	"L12094"	
"249.8281"	"0.0005"	"249.8283"	"0.0005"	"75000"	"3.4e+07"	"1.8e+00"	"-0.65"	C	"181264.62"	"221292.11"	"4d.4f"	"3H*"	"4"	"4d.6d"	"3G"	"3"	9	7		"T2192"	"L12094"	
"250.1658"	"0.0005"	"250.1662"	"0.0005"	"45000"	"3.5e+07"	"2.4e+00"	"-0.53"	C+	"181809.42"	"221782.84"	"4d.4f"	"3H*"	"5"	"4d.6d"	"3G"	"4"	11	9		"T2192"	"L12094"	
"251.0429"	"0.0005"	"251.0436"	"0.0005"	"65000"	"3.0e+07"	"1.2e+00"	"-0.84"	C	"181535.98"	"221369.70"	"4d.4f"	"3F*"	"3"	"4d.6d"	"3D"	"2"	7	5		"T2192"	"L12094"	
"252.3928"	"0.0005"	"252.3924"	"0.0006"	"50000"	"3.0e+07"	"7.0e-01"	"-1.07"	D+	"181171.43"	"220792.27"	"4d.4f"	"3F*"	"2"	"4d.6d"	"3D"	"1"	5	3		"T2192"	"L12094"	
"259.7759"	"0.0021"	"259.7757"	"0.0005"	"7000000p"	"1.26e+08"	"5.5e+00"	"-0.19"	C+	"58566.68"	"97061.43"	"4d.5s"	"1D"	"2"	"4d.5p"	"1D*"	"2"	5	5		"T2192"	"L12094"	
"260.8384"	"0.0005"	"260.8386"	"0.0008"	"300000"	"7.9e+07"	"3.4e+00"	"-0.40"	C+	"177521.44"	"215859.33"	"5s.5p"	"1P*"	"1"	"5p2"	"1D"	"2"	3	5		"T2192"	"L12094"	
"262.5518"	"0.0005"	"262.5517"	"0.0005"	"80000"	"2.5e+07"	"1.6e+00"	"-0.74"	C	"185215.82"	"223303.56"	"4d.4f"	"3G*"	"4"	"4d.6d"	"3F"	"3"	9	7		"T2192"	"L12094"	
"262.7066"	"0.0005"	"262.7054"	"0.0009"	"50000"	"2.2e+07"	"9.9e-01"	"-0.94"	C	"187731.63"	"225797.08"	"4d.4f"	"1F*"	"3"	"4d.6d"	"3P"	"2"	7	5		"T2192"	"L12094"	
"263.1455"	"0.0005"	"263.1462"	"0.0006"	"125000"	"2.8e+07"	"2.3e+00"	"-0.58"	C	"185759.43"	"223761.12"	"4d.4f"	"3G*"	"5"	"4d.6d"	"3F"	"4"	11	9		"T2192"	"L12094"	
"264.1564"	"0.0005"	"264.1565"	"0.0006"	"70000"	"6.7e+07"	"6.1e-01"	"-1.16"	D+	"186370.57"	"224226.91"	"4d.4f"	"3D*"	"1"	"4d.6d"	"3P"	"0"	3	1		"T2192"	"L12094"	
"264.2419"	"0.0005"	"264.2421"	"0.0004"	"75000"	"2.9e+07"	"1.3e+00"	"-0.82"	C	"184368.90"	"222212.99"	"4d.4f"	"3G*"	"3"	"4d.6d"	"3F"	"2"	7	5		"T2192"	"L12094"	
"265.4371"	"0.0021"	"265.4391"	"0.0014"	"70000"	"2.2e+07"	"1.02e+00"	"-0.93"	C	"188123.66"	"225797.08"	"4d.4f"	"3P*"	"2"	"4d.6d"	"3P"	"2"	5	5		"T2192"	"L12094"	
"268.4655"	"0.0005"	"268.4653"	"0.0004"	"75000"	"1.3e+07"	"1.1e+00"	"-0.89"	C	"186512.36"	"223761.12"	"4d.4f"	"3D*"	"3"	"4d.6d"	"3F"	"4"	7	9		"T2192"	"L12094"	
"268.7490"	"0.0021"	"268.7510"	"0.0009"	"75000"	"2.5e+07"	"2.2e+00"	"-0.61"	C	"187731.63"	"224940.80"	"4d.4f"	"1F*"	"3"	"4d.6d"	"1G"	"4"	7	9		"T2192"	"L12094"	
"271.0459"	"0.0021"	"271.0480"	"0.0010"	"40000"	"1.1e+07"	"7.4e-01"	"-1.08"	D+	"186409.72"	"223303.56"	"4d.4f"	"3D*"	"2"	"4d.6d"	"3F"	"3"	5	7		"T2192"	"L12094"	
"272.4958"	"0.0005"	"272.4953"	"0.0006"	"15000"	"2.0e+07"	"5.8e-01"	"-1.19"	D+	"188521.79"	"225219.67"	"4d.4f"	"3P*"	"1"	"4d.6d"	"3P"	"1"	3	3		"T2192"	"L12094"	
"275.2137"	"0.0005"	"275.2137"	"0.0004"	"5000"	"3.7e+06"	"2.7e-01"	"-1.53"	D+	"184368.90"	"220704.30"	"4d.4f"	"3G*"	"3"	"4d.6d"	"1F"	"3"	7	7		"T2192"	"L12094"	
"278.9992"	"0.0005"	"278.9990"	"0.0005"	"40000"	"1.6e+07"	"8.6e-01"	"-1.03"	D+	"186370.57"	"222212.99"	"4d.4f"	"3D*"	"1"	"4d.6d"	"3F"	"2"	3	5		"T2192"	"L12094"	
"282.6193"	"0.0021"	"282.6158"	"0.0017"	"3000"	"9.e+06"	"3.1e-01"	"-1.48"	D+	"188123.66"	"223507.39"	"4d.4f"	"3P*"	"2"	"4d.6d"	"3S"	"1"	5	3		"T2192"	"L12094"	
"283.5236"	"0.0005"	"283.5232"	"0.0005"	"10000"	"2.0e+06"	"2.0e-01"	"-1.67"	D+	"186512.36"	"221782.84"	"4d.4f"	"3D*"	"3"	"4d.6d"	"3G"	"4"	7	9		"T2192"	"L12094"	
"284.2614"	"0.0021"	"284.2532"	"0.0016"	"3000w"	"2.2e+06"	"1.7e-01"	"-1.73"	D+	"188123.66"	"223303.56"	"4d.4f"	"3P*"	"2"	"4d.6d"	"3F"	"3"	5	7		"T2192"	"L12094c153"	
"284.5175"	"0.0005"	"284.5174"	"0.0005"	"100000"	"1.15e+08"	"6.5e+00"	"-0.16"	C+	"199866.28"	"235013.52"	"4d.6p"	"1P*"	"1"	"4d.(2D<5/2>).5g"	"2[3/2]"	"2"	3	5		"T2192"	"L12094"	
"289.0800"	"0.0005"	"289.0801"	"0.0003"	"60000"	"1.8e+07"	"6.6e-01"	"-1.16"	D+	"165273.79"	"199866.28"	"4d.5d"	"3D"	"1"	"4d.6p"	"1P*"	"1"	3	3		"T2192"	"L12094"	
"307.0438"	"0.0005"	"307.0430"	"0.0009"	"100000"	"5.8e+07"	"7.5e+00"	"-0.13"	C+	"192372.07"	"224940.80"	"4d.4f"	"1H*"	"5"	"4d.6d"	"1G"	"4"	11	9		"T2192"	"L12094"	
"308.1787"	"0.0005"	"308.1786"	"0.0003"	"800000"	"2.3e+08"	"9.9e+00"	"-0.01"	C+	"167417.56"	"199866.28"	"4d.5d"	"1P"	"1"	"4d.6p"	"1P*"	"1"	3	3		"T2192"	"L12094"	
"309.0277"	"0.0005"	"309.0276"	"0.0003"	"40000"	"2.5e+07"	"1.8e+00"	"-0.75"	C	"193883.50"	"226243.07"	"4d.6p"	"3F*"	"3"	"4d.(2D<5/2>).7s"	"2[5/2]"	"2"	7	5		"T2192"	"L12094"	
"310.0695"	"0.0005"	"310.0686"	"0.0003"	"175000"	"1.57e+08"	"1.15e+01"	"0.05"	C+	"193992.14"	"226243.07"	"4d.6p"	"3D*"	"2"	"4d.(2D<5/2>).7s"	"2[5/2]"	"2"	5	5		"T2192"	"L12094"	
"310.7798"	"0.0021"	"310.7770"	"0.0003"	"50000p(Nb II)"	"1.4e+07"	"1.01e+00"	"-1.00"	C	"192086.01"	"224263.42"	"4d.6p"	"1D*"	"2"	"4d.(2D<3/2>).7s"	"2[3/2]"	"2"	5	5		"T2192"	"L12094"	
"311.6387"	"0.0021"	"311.6361"	"0.0004"	"40000bl(Nb II)"	"7.7e+07"	"3.5e+00"	"-0.47"	C+	"192086.01"	"224174.72"	"4d.6p"	"1D*"	"2"	"4d.(2D<3/2>).7s"	"2[3/2]"	"1"	5	3		"T2192"	"L12094"	
"312.2682"	"0.0005"	"312.2691"	"0.0004"	"50000"	"3.1e+07"	"3.3e+00"	"-0.49"	C+	"193992.14"	"226015.80"	"4d.6p"	"3D*"	"2"	"4d.(2D<5/2>).7s"	"2[5/2]"	"3"	5	7		"T2192"	"L12094"	
"313.9265"	"0.0005"	"313.9362"	"0.0003"	"75000"	"2.1e+07"	"1.6e+00"	"-0.81"	C	"194389.46"	"226243.07"	"4d.6p"	"3D*"	"3"	"4d.(2D<5/2>).7s"	"2[5/2]"	"2"	7	5		"T2192"	"L12094c153"	
"316.1922"	"0.0005"	"316.1921"	"0.0004"	"200000"	"1.47e+08"	"1.61e+01"	"0.19"	C+	"194389.46"	"226015.80"	"4d.6p"	"3D*"	"3"	"4d.(2D<5/2>).7s"	"2[5/2]"	"3"	7	7		"T2192"	"L12094"	
"316.2582"	"0.0005"	"316.2582"	"0.0003"	"300000"	"5.7e+07"	"6.2e+00"	"-0.23"	C+	"164767.29"	"196387.02"	"4d.5d"	"1F"	"3"	"4d.6p"	"1F*"	"3"	7	7		"T2192"	"L12094"	
"318.3938"	"0.0005"	"318.3941"	"0.0005"	"40000"	"5.4e+07"	"4.3e+00"	"-0.39"	C+	"194389.46"	"225797.08"	"4d.6p"	"3D*"	"3"	"4d.6d"	"3P"	"2"	7	5		"T2192"	"L12094"	
"320.2303"	"0.0005"	"320.2303"	"0.0003"	"60000"	"1.15e+08"	"5.6e+00"	"-0.28"	C+	"193992.14"	"225219.67"	"4d.6p"	"3D*"	"2"	"4d.6d"	"3P"	"1"	5	3		"T2192"	"L12094"	
"322.1650"	"0.0005"	"322.1653"	"0.0004"	"4000"	"2.2e+06"	"1.8e-01"	"-1.77"	D+	"193223.45"	"224263.42"	"4d.6p"	"3F*"	"2"	"4d.(2D<3/2>).7s"	"2[3/2]"	"2"	5	5		"T2192"	"L12094"	
"323.0883"	"0.0005"	"323.0885"	"0.0004"	"150000"	"2.3e+08"	"1.15e+01"	"0.03"	C+	"193223.45"	"224174.72"	"4d.6p"	"3F*"	"2"	"4d.(2D<3/2>).7s"	"2[3/2]"	"1"	5	3		"T2192"	"L12094"	
"327.0338"	"0.0005"	"327.0333"	"0.0004"	"50000"	"1.11e+08"	"9.5e+00"	"-0.05"	C+	"193883.50"	"224461.43"	"4d.6p"	"3F*"	"3"	"4d.6d"	"1D"	"2"	7	5		"T2192"	"L12094"	
"327.3451"	"0.0005"	"327.3441"	"0.0005"	"300000"	"2.3e+08"	"2.8e+01"	"0.42"	C+	"195466.91"	"226015.80"	"4d.6p"	"3F*"	"4"	"4d.(2D<5/2>).7s"	"2[5/2]"	"3"	9	7		"T2192"	"L12094"	
"328.1998"	"0.0005"	"328.1993"	"0.0004"	"100000"	"7.9e+07"	"6.9e+00"	"-0.20"	C+	"193992.14"	"224461.43"	"4d.6p"	"3D*"	"2"	"4d.6d"	"1D"	"2"	5	5		"T2192"	"L12094"	
"328.9779"	"0.0005"	"328.9769"	"0.0003"	"30000"	"7.4e+06"	"6.5e-01"	"-1.22"	D+	"165990.98"	"196388.25"	"4d.5d"	"3D"	"2"	"4d.6p"	"3P*"	"2"	5	5		"T2192"	"L12094"	
"329.0582"	"0.0005"	"329.0575"	"0.0006"	"125000"	"9.1e+07"	"8.0e+00"	"-0.13"	C+	"191823.16"	"222212.99"	"4d.6p"	"1P*"	"1"	"4d.6d"	"3F"	"2"	3	5		"T2192"	"L12094"	
"329.1652"	"0.0005"	"329.1648"	"0.0004"	"200000"	"1.07e+08"	"9.4e+00"	"-0.06"	C+	"193883.50"	"224263.42"	"4d.6p"	"3F*"	"3"	"4d.(2D<3/2>).7s"	"2[3/2]"	"2"	7	5		"T2192"	"L12094"	
"329.2217"	"0.0005"	"329.2217"	"0.0005"	"50000"	"6.4e+07"	"5.6e+00"	"-0.29"	C+	"195422.41"	"225797.08"	"4d.6p"	"3P*"	"1"	"4d.6d"	"3P"	"2"	3	5		"T2192"	"L12094"	
"331.6908"	"0.0005"	"331.6901"	"0.0003"	"75000"	"3.1e+07"	"1.7e+00"	"-0.82"	C	"165273.79"	"195422.41"	"4d.5d"	"3D"	"1"	"4d.6p"	"3P*"	"1"	3	3		"T2192"	"L12094"	
"331.9282"	"0.0005"	"331.9284"	"0.0003"	"250000"	"2.0e+08"	"1.82e+01"	"0.22"	C+	"192086.01"	"222212.99"	"4d.6p"	"1D*"	"2"	"4d.6d"	"3F"	"2"	5	5		"T2192"	"L12094"	
"332.2447"	"0.0005"	"332.2441"	"0.0003"	"10000"	"4.3e+06"	"3.9e-01"	"-1.45"	D+	"166289.90"	"196388.25"	"4d.5d"	"3G"	"3"	"4d.6p"	"3P*"	"2"	7	5		"T2192"	"L12094"	
"332.3291"	"0.0005"	"332.3297"	"0.0004"	"125000"	"4.2e+07"	"2.3e+00"	"-0.68"	C	"169775.68"	"199866.28"	"4d.5d"	"3S"	"1"	"4d.6p"	"1P*"	"1"	3	3		"T2192"	"L12094"	
"332.4464"	"0.0005"	"332.4456"	"0.0004"	"90000"	"4.4e+07"	"5.6e+00"	"-0.29"	C+	"193223.45"	"223303.56"	"4d.6p"	"3F*"	"2"	"4d.6d"	"3F"	"3"	5	7		"T2192"	"L12094"	
"332.5349"	"0.0005"	"332.5356"	"0.0004"	"25000"	"1.5e+07"	"1.3e+00"	"-0.92"	C	"194389.46"	"224461.43"	"4d.6p"	"3D*"	"3"	"4d.6d"	"1D"	"2"	7	5		"T2192"	"L12094"	
"332.6633"	"0.0005"	"332.6635"	"0.0005"	"10000"	"3.6e+07"	"2.0e+00"	"-0.75"	C	"195159.26"	"225219.67"	"4d.6p"	"3P*"	"0"	"4d.6d"	"3P"	"1"	1	3		"T2192"	"L12094"	
"334.6106"	"0.0005"	"334.6108"	"0.0004"	"100000"	"8.9e+07"	"1.6e+00"	"-0.82"	C	"165273.79"	"195159.26"	"4d.5d"	"3D"	"1"	"4d.6p"	"3P*"	"0"	3	1		"T2192"	"L12094"	
"334.9401"	"0.0005"	"334.9405"	"0.0004"	"200000"	"1.72e+08"	"1.59e+01"	"0.16"	C+	"196387.02"	"226243.07"	"4d.6p"	"1F*"	"3"	"4d.(2D<5/2>).7s"	"2[5/2]"	"2"	7	5		"T2192"	"L12094"	
"334.9535"	"0.0021"	"334.9543"	"0.0004"	"90000p"	"6.8e+07"	"6.3e+00"	"-0.24"	C+	"196388.25"	"226243.07"	"4d.6p"	"3P*"	"2"	"4d.(2D<5/2>).7s"	"2[5/2]"	"2"	5	5		"T2192"	"L12094"	
"335.6008"	"0.0005"	"335.6013"	"0.0004"	"10000"	"2.6e+07"	"1.5e+00"	"-0.88"	C	"195422.41"	"225219.67"	"4d.6p"	"3P*"	"1"	"4d.6d"	"3P"	"1"	3	3		"T2192"	"L12094"	
"337.5237"	"0.0005"	"337.5237"	"0.0005"	"225000"	"1.08e+08"	"1.44e+01"	"0.11"	C+	"196388.25"	"226015.80"	"4d.6p"	"3P*"	"2"	"4d.(2D<5/2>).7s"	"2[5/2]"	"3"	5	7		"T2192"	"L12094"	
"337.5854"	"0.0005"	"337.5850"	"0.0003"	"200000"	"2.2e+07"	"3.0e+00"	"-0.57"	C+	"164767.29"	"194389.46"	"4d.5d"	"1F"	"3"	"4d.6p"	"3D*"	"3"	7	7		"T2192"	"L12094"	
"338.8146"	"0.0005"	"338.8079"	"0.0011"	"10000"	"2.0e+07"	"1.1e+00"	"-0.99"	C	"193992.14"	"223507.39"	"4d.6p"	"3D*"	"2"	"4d.6d"	"3S"	"1"	5	3		"T2192"	"L12094c153"	
"339.7729"	"0.0005"	"339.7728"	"0.0003"	"350000"	"8.5e+07"	"5.0e+00"	"-0.35"	C+	"165990.98"	"195422.41"	"4d.5d"	"3D"	"2"	"4d.6p"	"3P*"	"1"	5	3		"T2192"	"L12094"	
"339.8715"	"0.0005"	"339.8710"	"0.0004"	"450000"	"9.3e+07"	"9.0e+00"	"-0.10"	C+	"166965.32"	"196388.25"	"4d.5d"	"3D"	"3"	"4d.6p"	"3P*"	"2"	7	5		"T2192"	"L12094"	
"339.8851"	"0.0005"	"339.8852"	"0.0004"	"400000"	"5.1e+07"	"6.9e+00"	"-0.21"	C+	"166965.32"	"196387.02"	"4d.5d"	"3D"	"3"	"4d.6p"	"1F*"	"3"	7	7		"T2192"	"L12094"	
"339.9039"	"0.0005"	"339.9041"	"0.0004"	"90000"	"6.7e+07"	"9.1e+00"	"-0.09"	C+	"193883.50"	"223303.56"	"4d.6p"	"3F*"	"3"	"4d.6d"	"3F"	"3"	7	7		"T2192"	"L12094"	
"340.0194"	"0.0021"	"340.0197"	"0.0006"	"30000u"	"4.5e+07"	"4.4e+00"	"-0.41"	C+	"196387.02"	"225797.08"	"4d.6p"	"1F*"	"3"	"4d.6d"	"3P"	"2"	7	5		"T2192"	"L12094"	
"340.0334"	"0.0021"	"340.0339"	"0.0006"	"325000u"	"2.1e+08"	"2.0e+01"	"0.26"	C+	"196388.25"	"225797.08"	"4d.6p"	"3P*"	"2"	"4d.6d"	"3P"	"2"	5	5		"T2192"	"L12094"	
"340.4640"	"0.0005"	"340.4642"	"0.0004"	"900000"	"3.1e+08"	"5.4e+01"	"0.68"	C+	"194389.46"	"223761.12"	"4d.6p"	"3D*"	"3"	"4d.6d"	"3F"	"4"	7	9		"T2192"	"L12094"	
"340.6008"	"0.0005"	"340.6003"	"0.0004"	"8000"	"1.8e+06"	"2.5e-01"	"-1.66"	D+	"167027.09"	"196387.02"	"4d.5d"	"3G"	"4"	"4d.6p"	"1F*"	"3"	9	7		"T2192"	"L12094"	
"341.1169"	"0.0005"	"341.1174"	"0.0005"	"50000"	"8.4e+07"	"5.0e+00"	"-0.36"	C+	"192908.33"	"222223.75"	"4d.6p"	"3D*"	"1"	"4d.6d"	"1P"	"1"	3	3		"T2192"	"L12094"	
"341.1641"	"0.0005"	"341.1640"	"0.0004"	"400000"	"1.63e+08"	"2.2e+01"	"0.30"	C+	"193992.14"	"223303.56"	"4d.6p"	"3D*"	"2"	"4d.6d"	"3F"	"3"	5	7		"T2192"	"L12094"	
"341.2420"	"0.0005"	"341.2427"	"0.0004"	"100000"	"7.9e+07"	"7.7e+00"	"-0.16"	C+	"192908.33"	"222212.99"	"4d.6p"	"3D*"	"1"	"4d.6d"	"3F"	"2"	3	5		"T2192"	"L12094"	
"342.1733"	"0.0021"	"342.1746"	"0.0003"	"60000p"	"2.1e+07"	"2.1e+00"	"-0.73"	C	"164767.29"	"193992.14"	"4d.5d"	"1F"	"3"	"4d.6p"	"3D*"	"2"	7	5		"T2192"	"L12094"	
"342.3938"	"0.0005"	"342.3942"	"0.0003"	"30000"	"3.1e+07"	"4.3e+00"	"-0.41"	C+	"192086.01"	"221292.11"	"4d.6p"	"1D*"	"2"	"4d.6d"	"3G"	"3"	5	7		"T2192"	"L12094"	
"343.4514"	"0.0005"	"343.4513"	"0.0003"	"200000"	"2.3e+07"	"3.2e+00"	"-0.55"	C+	"164767.29"	"193883.50"	"4d.5d"	"1F"	"3"	"4d.6p"	"3F*"	"3"	7	7		"T2192"	"L12094"	
"344.6188"	"0.0005"	"344.6188"	"0.0006"	"125000"	"6.7e+07"	"1.22e+01"	"0.03"	C+	"222518.65"	"251536.22?"	"4d.6d"	"3D"	"3"	"4d.6f"	"3F*"	"4"	7	9		"T2192"	"L12094"	
"344.6436"	"0.0005"	"344.6439"	"0.0006"	"35000"	"6.4e+07"	"3.9e+00"	"-0.47"	C+	"195159.26"	"224174.72"	"4d.6p"	"3P*"	"0"	"4d.(2D<3/2>).7s"	"2[3/2]"	"1"	1	3		"T2192"	"L12094"	
"344.7171"	"0.0005"	"344.7172"	"0.0011"	"80000"	"1.08e+08"	"2.4e+01"	"0.33"	C+	"224940.80"	"253950.09"	"4d.6d"	"1G"	"4"	"4d.6f"	"1H*"	"5"	9	11		"T2192"	"L12094"	
"345.1946"	"0.0005"	"345.1953"	"0.0006"	"200000"	"1.54e+08"	"9.4e+00"	"-0.08"	C+	"191823.16"	"220792.27"	"4d.6p"	"1P*"	"1"	"4d.6d"	"3D"	"1"	3	3		"T2192"	"L12094"	
"345.8531"	"0.0005"	"345.8520"	"0.0004"	"350000"	"2.0e+08"	"2.8e+01"	"0.40"	C+	"194389.46"	"223303.56"	"4d.6p"	"3D*"	"3"	"4d.6d"	"3F"	"3"	7	7		"T2192"	"L12094"	
"346.7288"	"0.0005"	"346.7285"	"0.0004"	"35000"	"3.6e+07"	"3.7e+00"	"-0.49"	C+	"195422.41"	"224263.42"	"4d.6p"	"3P*"	"1"	"4d.(2D<3/2>).7s"	"2[3/2]"	"2"	3	5		"T2192"	"L12094"	
"346.8444"	"0.0005"	"346.8438"	"0.0004"	"100000"	"2.5e+08"	"1.53e+01"	"0.13"	C+	"196388.25"	"225219.67"	"4d.6p"	"3P*"	"2"	"4d.6d"	"3P"	"1"	5	3		"T2192"	"L12094"	
"347.0164"	"0.0005"	"347.0163"	"0.0006"	"70000"	"1.15e+08"	"1.18e+01"	"0.02"	C+	"220792.27"	"249609.36?"	"4d.6d"	"3D"	"1"	"4d.6f"	"3F*"	"2"	3	5		"T2192"	"L12094"	
"347.1683"	"0.0021"	"347.1680"	"0.0008"	"100000w"	"2.0e+08"	"4.2e+00"	"-0.44"	C+	"195422.41"	"224226.91"	"4d.6p"	"3P*"	"1"	"4d.6d"	"3P"	"0"	3	1		"T2192"	"L12094"	
"347.5791"	"0.0005"	"347.5790"	"0.0007"	"400000"	"1.9e+08"	"5.2e+01"	"0.66"	C+	"223108.89"	"251879.33"	"4d.6d"	"3G"	"5"	"4d.6f"	"3H*"	"6"	11	13		"T2192"	"L12094"	
"347.7988"	"0.0005"	"347.7981"	"0.0005"	"35000"	"5.2e+07"	"3.2e+00"	"-0.55"	C+	"195422.41"	"224174.72"	"4d.6p"	"3P*"	"1"	"4d.(2D<3/2>).7s"	"2[3/2]"	"1"	3	3		"T2192"	"L12094"	
"348.0704"	"0.0005"	"348.0702"	"0.0006"	"35000"	"1.11e+08"	"2.1e+01"	"0.26"	C+	"220704.30"	"249434.14"	"4d.6d"	"1F"	"3"	"4d.6f"	"1G*"	"4"	7	9		"T2192"	"L12094"	
"348.2103"	"0.0005"	"348.2094"	"0.0003"	"25000"	"5.1e+06"	"5.3e-01"	"-1.33"	D+	"165273.79"	"193992.14"	"4d.5d"	"3D"	"1"	"4d.6p"	"3D*"	"2"	3	5		"T2192"	"L12094"	
"348.3564"	"0.0005"	"348.3561"	"0.0003"	"80000"	"7.8e+07"	"4.9e+00"	"-0.37"	C+	"192086.01"	"220792.27"	"4d.6p"	"1D*"	"2"	"4d.6d"	"3D"	"1"	5	3		"T2192"	"L12094"	
"349.1909"	"0.0005"	"349.1908"	"0.0006"	"150000"	"1.23e+08"	"2.3e+01"	"0.31"	C+	"221292.11"	"249929.75"	"4d.6d"	"3G"	"3"	"4d.6f"	"3H*"	"4"	7	9		"T2192"	"L12094"	
"349.2209"	"0.0005"	"349.2211"	"0.0003"	"30000"	"1.9e+07"	"2.9e+00"	"-0.60"	C+	"193883.50"	"222518.65"	"4d.6p"	"3F*"	"3"	"4d.6d"	"3D"	"3"	7	7		"T2192"	"L12094"	
"349.4278"	"0.0005"	"349.4269"	"0.0005"	"1400000"	"3.4e+08"	"5.0e+01"	"0.64"	C+	"192086.01"	"220704.30"	"4d.6p"	"1D*"	"2"	"4d.6d"	"1F"	"3"	5	7		"T2192"	"L12094"	
"349.5666"	"0.0005"	"349.5666"	"0.0008"	"175000"	"1.66e+08"	"3.9e+01"	"0.53"	C+	"221782.84"	"250389.69"	"4d.6d"	"3G"	"4"	"4d.6f"	"3H*"	"5"	9	11		"T2192"	"L12094"	
"349.9569"	"0.0005"	"349.9569"	"0.0008"	"50000"	"3.2e+07"	"2.0e+00"	"-0.76"	C	"225617.55"	"254192.50?"	"4d.6d"	"1S"	"0"	"4d.6f"	"1P*"	"1"	1	3		"T2192"	"L12094"	
"350.2168"	"0.0005"	"350.2163"	"0.0007"	"2000000"	"4.4e+08"	"8.5e+01"	"0.87"	C+	"196387.02"	"224940.80"	"4d.6p"	"1F*"	"3"	"4d.6d"	"1G"	"4"	7	9		"T2192"	"L12094"	
"350.5513"	"0.0005"	"350.5511"	"0.0003"	"150000"	"9.4e+07"	"1.39e+01"	"0.08"	C+	"193992.14"	"222518.65"	"4d.6p"	"3D*"	"2"	"4d.6d"	"3D"	"3"	5	7		"T2192"	"L12094"	
"350.8581"	"0.0005"	"350.8576"	"0.0004"	"15000"	"2.2e+06"	"4.3e-01"	"-1.43"	D+	"166965.32"	"195466.91"	"4d.5d"	"3D"	"3"	"4d.6p"	"3F*"	"4"	7	9		"T2192"	"L12094"	
"351.3532"	"0.0005"	"351.3534"	"0.0004"	"200000"	"1.40e+08"	"1.50e+01"	"0.11"	C+	"192908.33"	"221369.70"	"4d.6p"	"3D*"	"1"	"4d.6d"	"3D"	"2"	3	5		"T2192"	"L12094"	
"351.4174"	"0.0005"	"351.4178"	"0.0003"	"40000"	"8.5e+06"	"9.1e-01"	"-1.10"	D+	"164767.29"	"193223.45"	"4d.5d"	"1F"	"3"	"4d.6p"	"3F*"	"2"	7	5		"T2192"	"L12094"	
"351.6200"	"0.0005"	"351.6197"	"0.0004"	"60000"	"6.6e+06"	"1.3e+00"	"-0.96"	C	"167027.09"	"195466.91"	"4d.5d"	"3G"	"4"	"4d.6p"	"3F*"	"4"	9	9		"T2192"	"L12094"	
"352.1314"	"0.0005"	"352.1315"	"0.0004"	"90000"	"1.5e+07"	"2.3e+00"	"-0.70"	C	"165990.98"	"194389.46"	"4d.5d"	"3D"	"2"	"4d.6p"	"3D*"	"3"	5	7		"T2192"	"L12094"	
"352.3709"	"0.0005"	"352.3710"	"0.0006"	"15000"	"3.6e+07"	"8.6e+00"	"-0.13"	C+	"223108.89"	"251488.07"	"4d.6d"	"3G"	"5"	"4d.6f"	"3G*"	"5"	11	11		"T2192"	"L12094"	
"352.7556"	"0.0005"	"352.7570"	"0.0013"	"35000"	"4.1e+07"	"2.7e+00"	"-0.64"	C+	"195159.26"	"223507.39"	"4d.6p"	"3P*"	"0"	"4d.6d"	"3S"	"1"	1	3		"T2192"	"L12094"	
"353.4299"	"0.0005"	"353.4292"	"0.0005"	"700000"	"1.71e+08"	"3.4e+01"	"0.46"	C+	"195466.91"	"223761.12"	"4d.6p"	"3F*"	"4"	"4d.6d"	"3F"	"4"	9	9		"T2192"	"L12094"	
"353.8136"	"0.0005"	"353.8136"	"0.0007"	"80000"	"7.3e+07"	"1.12e+01"	"-0.02"	C+	"221369.70"	"249633.17?"	"4d.6d"	"3D"	"2"	"4d.6f"	"3G*"	"3"	5	7		"T2192"	"L12094"	
"354.2119"	"0.0005"	"354.2129"	"0.0005"	"25000"	"6.4e+07"	"4.2e+00"	"-0.44"	C+	"193992.14"	"222223.75"	"4d.6p"	"3D*"	"2"	"4d.6d"	"1P"	"1"	5	3		"T2192"	"L12094"	
"354.3474"	"0.0005"	"354.3479"	"0.0004"	"80000"	"6.6e+07"	"7.2e+00"	"-0.21"	C+	"193992.14"	"222212.99"	"4d.6p"	"3D*"	"2"	"4d.6d"	"3F"	"2"	5	5		"T2192"	"L12094"	
"354.5353"	"0.0005"	"354.5353"	"0.0008"	"20000"	"9.4e+07"	"1.03e+01"	"-0.05"	C+	"222223.75"	"250429.69?"	"4d.6d"	"1P"	"1"	"4d.6f"	"3P*"	"2"	3	5		"T2192"	"L12094"	
"355.0674"	"0.0005"	"355.0674"	"0.0018"	"20000"	"4.3e+07"	"4.7e+00"	"-0.39"	C+	"223507.39"	"251671.06?"	"4d.6d"	"3S"	"1"	"4d.6f"	"1D*"	"2"	3	5		"T2192"	"L12094"	
"355.2867"	"0.0005"	"355.2871"	"0.0004"	"200000"	"1.43e+08"	"1.58e+01"	"0.13"	C+	"193223.45"	"221369.70"	"4d.6p"	"3F*"	"2"	"4d.6d"	"3D"	"2"	5	5		"T2192"	"L12094"	
"355.3401"	"0.0005"	"355.3404"	"0.0006"	"30000"	"4.6e+07"	"9.1e+00"	"-0.11"	C+	"221292.11"	"249434.14"	"4d.6d"	"3G"	"3"	"4d.6f"	"1G*"	"4"	7	9		"T2192"	"L12094"	
"355.5024"	"0.0005"	"355.5026"	"0.0003"	"175000"	"8.9e+07"	"1.38e+01"	"0.07"	C+	"194389.46"	"222518.65"	"4d.6p"	"3D*"	"3"	"4d.6d"	"3D"	"3"	7	7		"T2192"	"L12094"	
"355.8772"	"0.0005"	"355.8775"	"0.0003"	"125000"	"1.8e+07"	"2.8e+00"	"-0.63"	C+	"166289.90"	"194389.46"	"4d.5d"	"3G"	"3"	"4d.6p"	"3D*"	"3"	7	7		"T2192"	"L12094"	
"356.2121"	"0.0005"	"356.2119"	"0.0005"	"8000"	"3.3e+07"	"3.6e+00"	"-0.51"	C+	"196388.25"	"224461.43"	"4d.6p"	"3P*"	"2"	"4d.6d"	"1D"	"2"	5	5		"T2192"	"L12094"	
"356.2691"	"0.0005"	"356.2692"	"0.0003"	"1200000"	"3.8e+08"	"5.9e+01"	"0.70"	C+	"193223.45"	"221292.11"	"4d.6p"	"3F*"	"2"	"4d.6d"	"3G"	"3"	5	7		"T2192"	"L12094"	
"357.0809"	"0.0005"	"357.0810"	"0.0003"	"45000"	"1.4e+07"	"9.4e-01"	"-1.10"	C	"167417.56"	"195422.41"	"4d.5d"	"1P"	"1"	"4d.6p"	"3P*"	"1"	3	3		"T2192"	"L12094"	
"357.1273"	"0.0005"	"357.1281"	"0.0004"	"250000"	"3.7e+07"	"4.2e+00"	"-0.45"	C+	"165990.98"	"193992.14"	"4d.5d"	"3D"	"2"	"4d.6p"	"3D*"	"2"	5	5		"T2192"	"L12094"	
"357.7858"	"0.0005"	"357.7861"	"0.0004"	"35000"	"6.7e+06"	"7.6e-01"	"-1.19"	D+	"165273.79"	"193223.45"	"4d.5d"	"3D"	"1"	"4d.6p"	"3F*"	"2"	3	5		"T2192"	"L12094"	
"358.4315"	"0.0005"	"358.4314"	"0.0005"	"1500000"	"4.6e+08"	"9.3e+01"	"0.90"	C+	"193883.50"	"221782.84"	"4d.6p"	"3F*"	"3"	"4d.6d"	"3G"	"4"	7	9		"T2192"	"L12094"	
"358.4926"	"0.0005"	"358.4927"	"0.0007"	"40000"	"6.6e+07"	"1.34e+01"	"0.06"	C+	"223303.56"	"251198.13"	"4d.6d"	"3F"	"3"	"4d.6f"	"1G*"	"4"	7	9		"T2192"	"L12094"	
"358.6295"	"0.0005"	"358.6294"	"0.0004"	"100000"	"1.03e+08"	"7.0e+00"	"-0.23"	C+	"192908.33"	"220792.27"	"4d.6p"	"3D*"	"1"	"4d.6d"	"3D"	"1"	3	3		"T2192"	"L12094"	
"358.7258"	"0.0005"	"358.7264"	"0.0005"	"20000"	"2.7e+07"	"3.1e+00"	"-0.58"	C+	"196387.02"	"224263.42"	"4d.6p"	"1F*"	"3"	"4d.(2D<3/2>).7s"	"2[3/2]"	"2"	7	5		"T2192"	"L12094"	
"359.2383"	"0.0005"	"359.2386"	"0.0005"	"35000"	"2.1e+07"	"3.4e+00"	"-0.54"	C+	"195466.91"	"223303.56"	"4d.6p"	"3F*"	"4"	"4d.6d"	"3F"	"3"	9	7		"T2192"	"L12094"	
"359.3639"	"0.0005"	"359.3640"	"0.0007"	"25000"	"3.5e+07"	"5.7e+00"	"-0.32"	C+	"222212.99"	"250039.93?"	"4d.6d"	"3F"	"2"	"4d.6f"	"3F*"	"3"	5	7		"T2192"	"L12094"	
"359.4083"	"0.0005"	"359.4080"	"0.0004"	"3000"	"8.1e+06"	"9.2e-01"	"-1.11"	D+	"194389.46"	"222212.99"	"4d.6p"	"3D*"	"3"	"4d.6d"	"3F"	"2"	7	5		"T2192"	"L12094"	
"360.4680"	"0.0005"	"360.4682"	"0.0005"	"50000"	"4.7e+07"	"1.1e+00"	"-1.04"	C	"167417.56"	"195159.26"	"4d.5d"	"1P"	"1"	"4d.6p"	"3P*"	"0"	3	1		"T2192"	"L12094"	
"360.6602"	"0.0005"	"360.6599"	"0.0006"	"100000"	"1.28e+08"	"3.3e+01"	"0.44"	C+	"223761.12"	"251488.07"	"4d.6d"	"3F"	"4"	"4d.6f"	"3G*"	"5"	9	11		"T2192"	"L12094"	
"360.9816"	"0.0005"	"360.9816"	"0.0003"	"175000"	"2.6e+07"	"3.1e+00"	"-0.59"	C+	"166289.90"	"193992.14"	"4d.5d"	"3G"	"3"	"4d.6p"	"3D*"	"2"	7	5		"T2192"	"L12094"	
"361.6520"	"0.0021"	"361.6466"	"0.0007"	"40000p"	"2.0e+07"	"4.3e+00"	"-0.45"	C+	"221782.84"	"249434.14"	"4d.6d"	"3G"	"4"	"4d.6f"	"1G*"	"4"	9	9		"T2192"	"L12094"	
"361.6620"	"0.0021"	"361.6532"	"0.0009"	"15000u"	"1.5e+07"	"1.0e+00"	"-1.06"	C	"172215.48"	"199866.28"	"4d.5d"	"1D"	"2"	"4d.6p"	"1P*"	"1"	5	3		"T2192"	"L12094"	
"361.7685"	"0.0005"	"361.7686"	"0.0005"	"1500000"	"4.6e+08"	"1.17e+02"	"0.99"	C+	"195466.91"	"223108.89"	"4d.6p"	"3F*"	"4"	"4d.6d"	"3G"	"5"	9	11		"T2192"	"L12094"	
"361.8655"	"0.0005"	"361.8660"	"0.0004"	"300000"	"7.1e+07"	"5.0e+00"	"-0.38"	C+	"165273.79"	"192908.33"	"4d.5d"	"3D"	"1"	"4d.6p"	"3D*"	"1"	3	3		"T2192"	"L12094"	
"362.7284"	"0.0005"	"362.7286"	"0.0003"	"10000"	"1.5e+07"	"1.1e+00"	"-1.04"	C	"193223.45"	"220792.27"	"4d.6p"	"3F*"	"2"	"4d.6d"	"3D"	"1"	5	3		"T2192"	"L12094"	
"364.6417"	"0.0005"	"364.6422"	"0.0004"	"600000"	"6.3e+07"	"1.05e+01"	"-0.06"	C+	"166965.32"	"194389.46"	"4d.5d"	"3D"	"3"	"4d.6p"	"3D*"	"3"	7	7		"T2192"	"L12094"	
"365.2621"	"0.0005"	"365.2626"	"0.0004"	"40000"	"2.6e+07"	"3.2e+00"	"-0.58"	C+	"193992.14"	"221369.70"	"4d.6p"	"3D*"	"2"	"4d.6d"	"3D"	"2"	5	5		"T2192"	"L12094"	
"365.4646"	"0.0005"	"365.4654"	"0.0004"	"45000"	"4.4e+06"	"7.5e-01"	"-1.21"	D+	"167027.09"	"194389.46"	"4d.5d"	"3G"	"4"	"4d.6p"	"3D*"	"3"	9	7		"T2192"	"L12094"	
"366.0494"	"0.0005"	"366.0494"	"0.0004"	"500000"	"1.31e+08"	"1.59e+01"	"0.12"	C+	"164767.29"	"192086.01"	"4d.5d"	"1F"	"3"	"4d.6p"	"1D*"	"2"	7	5		"T2192"	"L12094"	
"366.3009"	"0.0005"	"366.3008"	"0.0003"	"50000"	"3.0e+07"	"5.1e+00"	"-0.37"	C+	"193992.14"	"221292.11"	"4d.6p"	"3D*"	"2"	"4d.6d"	"3G"	"3"	5	7		"T2192"	"L12094"	
"367.1235"	"0.0005"	"367.1234"	"0.0006"	"2500000"	"2.0e+08"	"4.5e+01"	"0.57"	C+	"168228.11"	"195466.91"	"4d.5d"	"3G"	"5"	"4d.6p"	"3F*"	"4"	11	9		"T2192"	"L12094"	
"367.2086"	"0.0005"	"367.2087"	"0.0004"	"500000"	"6.0e+07"	"7.3e+00"	"-0.22"	C+	"165990.98"	"193223.45"	"4d.5d"	"3D"	"2"	"4d.6p"	"3F*"	"2"	5	5		"T2192"	"L12094"	
"367.9467"	"0.0005"	"367.9468"	"0.0008"	"12000"	"6.9e+07"	"5.1e+00"	"-0.38"	C+	"225219.67"	"252397.51?"	"4d.6d"	"3P"	"1"	"4d.6f"	"3P*"	"1"	3	3		"T2192"	"L12094"	
"368.0944"	"0.0005"	"368.0945"	"0.0008"	"15000"	"3.5e+07"	"6.1e+00"	"-0.30"	C+	"224461.43"	"251628.37?"	"4d.6d"	"1D"	"2"	"4d.6f"	"1F*"	"3"	5	7		"T2192"	"L12094"	
"368.7424"	"0.0005"	"368.7433"	"0.0014"	"75000"	"1.27e+08"	"9.5e+00"	"-0.11"	C+	"196388.25"	"223507.39"	"4d.6p"	"3P*"	"2"	"4d.6d"	"3S"	"1"	5	3		"T2192"	"L12094"	
"369.4891"	"0.0005"	"369.4878"	"0.0006"	"50000"	"9.9e+07"	"7.4e+00"	"-0.21"	C+	"195159.26"	"222223.75"	"4d.6p"	"3P*"	"0"	"4d.6d"	"1P"	"1"	1	3		"T2192"	"L12094"	
"370.0026"	"0.0005"	"370.0028"	"0.0004"	"150000"	"3.5e+07"	"4.3e+00"	"-0.45"	C+	"166965.32"	"193992.14"	"4d.5d"	"3D"	"3"	"4d.6p"	"3D*"	"2"	7	5		"T2192"	"L12094"	
"370.6414"	"0.0005"	"370.6416"	"0.0004"	"25000"	"2.4e+07"	"3.1e+00"	"-0.60"	C+	"194389.46"	"221369.70"	"4d.6p"	"3D*"	"3"	"4d.6d"	"3D"	"2"	7	5		"T2192"	"L12094"	
"371.2842"	"0.0005"	"371.2841"	"0.0004"	"800000"	"1.43e+08"	"1.81e+01"	"0.17"	C+	"166289.90"	"193223.45"	"4d.5d"	"3G"	"3"	"4d.6p"	"3F*"	"2"	7	5		"T2192"	"L12094"	
"371.4989"	"0.0021"	"371.4961"	"0.0004"	"20000u"	"8.3e+06"	"1.5e+00"	"-0.92"	C	"166965.32"	"193883.50"	"4d.5d"	"3D"	"3"	"4d.6p"	"3F*"	"3"	7	7		"T2192"	"L12094"	
"371.5063"	"0.0021"	"371.5076"	"0.0005"	"100000u"	"5.0e+07"	"3.8e+00"	"-0.51"	C+	"165990.98"	"192908.33"	"4d.5d"	"3D"	"2"	"4d.6p"	"3D*"	"1"	5	3		"T2192"	"L12094"	
"371.7107"	"0.0005"	"371.7106"	"0.0004"	"25000"	"1.8e+07"	"3.2e+00"	"-0.58"	C+	"194389.46"	"221292.11"	"4d.6p"	"3D*"	"3"	"4d.6d"	"3G"	"3"	7	7		"T2192"	"L12094"	
"372.1758"	"0.0005"	"372.1758"	"0.0008"	"10000"	"1.13e+08"	"2.9e+00"	"-0.63"	C+	"225219.67"	"252088.69?"	"4d.6d"	"3P"	"1"	"4d.6f"	"3P*"	"0"	3	1		"T2192"	"L12094"	
"372.3511"	"0.0005"	"372.3506"	"0.0005"	"2300000"	"1.9e+08"	"3.4e+01"	"0.45"	C+	"167027.09"	"193883.50"	"4d.5d"	"3G"	"4"	"4d.6p"	"3F*"	"3"	9	7		"T2192"	"L12094"	
"372.9642"	"0.0005"	"372.9643"	"0.0004"	"75000"	"1.3e+07"	"1.6e+00"	"-0.87"	C	"165273.79"	"192086.01"	"4d.5d"	"3D"	"1"	"4d.6p"	"1D*"	"2"	3	5		"T2192"	"L12094"	
"373.1151"	"0.0005"	"373.1157"	"0.0005"	"25000"	"5.0e+07"	"3.9e+00"	"-0.50"	C+	"195422.41"	"222223.75"	"4d.6p"	"3P*"	"1"	"4d.6d"	"1P"	"1"	3	3		"T2192"	"L12094"	
"373.2660"	"0.0005"	"373.2655"	"0.0004"	"8000"	"1.7e+07"	"2.2e+00"	"-0.76"	C	"195422.41"	"222212.99"	"4d.6p"	"3P*"	"1"	"4d.6d"	"3F"	"2"	3	5		"T2192"	"L12094"	
"375.7629"	"0.0005"	"375.7623"	"0.0005"	"200000"	"5.2e+07"	"6.8e+00"	"-0.26"	C+	"169775.68"	"196388.25"	"4d.5d"	"3S"	"1"	"4d.6p"	"3P*"	"2"	3	5		"T2192"	"L12094"	
"376.2991"	"0.0005"	"376.2995"	"0.0004"	"75000"	"1.9e+07"	"2.5e+00"	"-0.70"	C+	"167417.56"	"193992.14"	"4d.5d"	"1P"	"1"	"4d.6p"	"3D*"	"2"	3	5		"T2192"	"L12094"	
"376.6557"	"0.0005"	"376.6556"	"0.0011"	"50000"	"5.7e+07"	"1.06e+01"	"-0.07"	C+	"225797.08"	"252346.53?"	"4d.6d"	"3P"	"2"	"4d.6f"	"3D*"	"3"	5	7		"T2192"	"L12094"	
"377.1056"	"0.0005"	"377.1056"	"0.0014"	"8000"	"5.4e+07"	"4.3e+00"	"-0.46"	C+	"224226.91"	"250744.68?"	"4d.6d"	"3P"	"0"	"4d.6f"	"3D*"	"1"	1	3		"T2192"	"L12094"	
"379.1209"	"0.0005"	"379.1212"	"0.0005"	"25000"	"3.5e+07"	"4.8e+00"	"-0.42"	C+	"199866.28"	"226243.07"	"4d.6p"	"1P*"	"1"	"4d.(2D<5/2>).7s"	"2[5/2]"	"2"	3	5		"T2192"	"L12094"	
"380.0132"	"0.0005"	"380.0137"	"0.0006"	"20000"	"2.3e+07"	"4.4e+00"	"-0.45"	C+	"194389.46"	"220704.30"	"4d.6p"	"3D*"	"3"	"4d.6d"	"1F"	"3"	7	7		"T2192"	"L12094"	
"382.6506"	"0.0005"	"382.6502"	"0.0007"	"5000"	"6.3e+06"	"5.2e-01"	"-1.38"	D+	"173732.75"	"199866.28"	"4d.5d"	"3P"	"2"	"4d.6p"	"1P*"	"1"	5	3		"T2192"	"L12094"	
"382.6783"	"0.0005"	"382.6780"	"0.0004"	"200000"	"1.10e+08"	"2.1e+01"	"0.23"	C+	"196387.02"	"222518.65"	"4d.6p"	"1F*"	"3"	"4d.6d"	"3D"	"3"	7	7		"T2192"	"L12094"	
"382.6963"	"0.0005"	"382.6960"	"0.0004"	"250000"	"1.35e+08"	"2.6e+01"	"0.32"	C+	"196388.25"	"222518.65"	"4d.6p"	"3P*"	"2"	"4d.6d"	"3D"	"3"	5	7		"T2192"	"L12094"	
"383.2152"	"0.0005"	"383.2147"	"0.0004"	"15000"	"4.3e+06"	"5.9e-01"	"-1.33"	D+	"165990.98"	"192086.01"	"4d.5d"	"3D"	"2"	"4d.6p"	"1D*"	"2"	5	5		"T2192"	"L12094"	
"385.3966"	"0.0005"	"385.3967"	"0.0005"	"60000"	"1.00e+08"	"1.42e+01"	"0.05"	C+	"195422.41"	"221369.70"	"4d.6p"	"3P*"	"1"	"4d.6d"	"3D"	"2"	3	5		"T2192"	"L12094"	
"385.6423"	"0.0005"	"385.6418"	"0.0008"	"10000"	"3.3e+07"	"4.7e+00"	"-0.43"	C+	"199866.28"	"225797.08"	"4d.6p"	"1P*"	"1"	"4d.6d"	"3P"	"2"	3	5		"T2192"	"L12094"	
"387.0648"	"0.0005"	"387.0643"	"0.0006"	"8000"	"1.9e+07"	"1.7e+00"	"-0.89"	C	"196388.25"	"222223.75"	"4d.6p"	"3P*"	"2"	"4d.6d"	"1P"	"1"	5	3		"T2192"	"L12094"	
"387.6548"	"0.0005"	"387.6553"	"0.0004"	"100000"	"3.1e+07"	"4.5e+00"	"-0.45"	C+	"166289.90"	"192086.01"	"4d.5d"	"3G"	"3"	"4d.6p"	"1D*"	"2"	7	5		"T2192"	"L12094"	
"388.3303"	"0.0005"	"388.3304"	"0.0007"	"60000"	"7.8e+07"	"2.2e+00"	"-0.76"	C	"199866.28"	"225617.55"	"4d.6p"	"1P*"	"1"	"4d.6d"	"1S"	"0"	3	1		"T2192"	"L12094"	
"389.9132"	"0.0005"	"389.9133"	"0.0005"	"100000"	"5.8e+07"	"5.1e+00"	"-0.40"	C+	"169775.68"	"195422.41"	"4d.5d"	"3S"	"1"	"4d.6p"	"3P*"	"1"	3	3		"T2192"	"L12094"	
"390.1220"	"0.0005"	"390.1220"	"0.0006"	"25000"	"5.0e+07"	"4.4e+00"	"-0.47"	C+	"195159.26"	"220792.27"	"4d.6p"	"3P*"	"0"	"4d.6d"	"3D"	"1"	1	3		"T2192"	"L12094"	
"391.8029"	"0.0005"	"391.8032"	"0.0005"	"8000"	"4.3e+06"	"9.0e-01"	"-1.16"	D+	"170864.00"	"196387.02"	"4d.5d"	"3F"	"4"	"4d.6p"	"1F*"	"3"	9	7		"T2192"	"L12094"	
"392.2988"	"0.0005"	"392.2989"	"0.0005"	"5000"	"6.5e+06"	"5.8e-01"	"-1.35"	D+	"167417.56"	"192908.33"	"4d.5d"	"1P"	"1"	"4d.6p"	"3D*"	"1"	3	3		"T2192"	"L12094"	
"394.1680"	"0.0005"	"394.1685"	"0.0004"	"25000"	"5.7e+07"	"5.1e+00"	"-0.40"	C+	"195422.41"	"220792.27"	"4d.6p"	"3P*"	"1"	"4d.6d"	"3D"	"1"	3	3		"T2192"	"L12094"	
"394.4429"	"0.0005"	"394.4431"	"0.0006"	"20000"	"3.8e+06"	"1.0e+00"	"-1.10"	C	"170114.71"	"195466.91"	"4d.5d"	"3F"	"3"	"4d.6p"	"3F*"	"4"	7	9		"T2192"	"L12094"	
"398.6889"	"0.0005"	"398.6886"	"0.0007"	"5000"	"7.4e+06"	"7.0e-01"	"-1.27"	D+	"174784.05"	"199866.28"	"4d.(2D<3/2>).6s"	"2[3/2]"	"2"	"4d.6p"	"1P*"	"1"	5	3		"T2192"	"L12094"	
"400.2984"	"0.0005"	"400.2970"	"0.0006"	"4000"	"1.07e+07"	"1.7e+00"	"-0.89"	C	"196388.25"	"221369.70"	"4d.6p"	"3P*"	"2"	"4d.6d"	"3D"	"2"	5	5		"T2192"	"L12094"	
"403.3374"	"0.0005"	"403.3372"	"0.0005"	"40000"	"1.5e+07"	"2.5e+00"	"-0.73"	C+	"169198.99"	"193992.14"	"4d.5d"	"3F"	"2"	"4d.6p"	"3D*"	"2"	5	5		"T2192"	"L12094"	
"405.1123"	"0.0005"	"405.1124"	"0.0005"	"10000"	"2.8e+06"	"6.5e-01"	"-1.31"	D+	"169198.99"	"193883.50"	"4d.5d"	"3F"	"2"	"4d.6p"	"3F*"	"3"	5	7		"T2192"	"L12094"	
"405.3769"	"0.0005"	"405.3761"	"0.0005"	"15000"	"6.0e+06"	"9.9e-01"	"-1.13"	C	"167417.56"	"192086.01"	"4d.5d"	"1P"	"1"	"4d.6p"	"1D*"	"2"	3	5		"T2192"	"L12094"	
"406.4561"	"0.0005"	"406.4560"	"0.0006"	"200000"	"4.8e+07"	"1.43e+01"	"0.03"	C+	"170864.00"	"195466.91"	"4d.5d"	"3F"	"4"	"4d.6p"	"3F*"	"4"	9	9		"T2192"	"L12094"	
"406.5830"	"0.0021"	"406.5842"	"0.0006"	"10000w"	"1.6e+07"	"2.6e+00"	"-0.71"	C+	"199866.28"	"224461.43"	"4d.6p"	"1P*"	"1"	"4d.6d"	"1D"	"2"	3	5		"T2192"	"L12094"	
"409.7689"	"0.0005"	"409.7686"	"0.0005"	"7000"	"5.e+04"	"5.e-03"	"-3.4"	E	"196388.25"	"220792.27"	"4d.6p"	"3P*"	"2"	"4d.6d"	"3D"	"1"	5	3		"T2192"	"L12094"	
